locality,tehsil,residential,commercial,agricultural,vcode,serial,category,pargana_hi
अमीर नगर,Sadar-1,10500,38500,,195,1,नगरीय क्षेत्र,ward 022 मोती लाल नेहरू
अशोक नगर,Sadar-1,13000,46000,,177,2,नगरीय क्षेत्र,ward 020 गौतम बुद्धनगर
अडगढ़ा हुसैनगंज,Sadar-1,11500,46000,,190,3,नगरीय क्षेत्र,ward 021 हुसैनगंज
अर्जुननगर,Sadar-1,13000,49500,,168,4,नगरीय क्षेत्र,ward 019 सरदार पटेलनगर
अहाता ख्वाजा गौहर,Sadar-1,11500,46000,,189,5,नगरीय क्षेत्र,ward 021 हुसैनगंज
अहाता सुराव खॉ,Sadar-1,13000,41000,,159,6,नगरीय क्षेत्र,ward 018 बाबू बनारसी दास
अहाता गनी खॉ,Sadar-1,9500,41000,,162,7,नगरीय क्षेत्र,ward 018 बाबू बनारसी दास
आलमबाग,Sadar-1,20000,68000,,127,8,नगरीय क्षेत्र,ward 013 राम जी लाल नगर
आलमबाग थाना,Sadar-1,12500,52000,,48,9,नगरीय क्षेत्र,ward 004 गुरूगोबिन्द सिंह नगर
आदर्शनगर,Sadar-1,13000,50000,,167,10,नगरीय क्षेत्र,ward 019 सरदार पटेलनगर
आर्या नगर,Sadar-1,16000,50000,,198,11,नगरीय क्षेत्र,ward 022 मोती लाल नेहरू
आजाद नगर,Sadar-1,11000,47000,,135,12,नगरीय क्षेत्र,ward 014 गीतापल्ली
आबादी कब्रिस्तान माल एवेन्यू,Sadar-1,19000,64500,,142,13,नगरीय क्षेत्र,ward 016 महात्मा गांधी
ओमनगर,Sadar-1,11000,47000,,139,14,नगरीय क्षेत्र,ward 015 ओमनगर
आनन्द नगर,Sadar-1,12000,41000,,43,15,नगरीय क्षेत्र,ward 004 गुरूगोबिन्द सिंह नगर
उदयगंज,Sadar-1,18000,42000,,160,16,नगरीय क्षेत्र,ward 018 बाबू बनारसी दास
उदयगंज रोड,Sadar-1,18000,42000,,161,17,नगरीय क्षेत्र,ward 018 बाबू बनारसी दास
ए.पी. सेन रोड,Sadar-1,30500,69500,,208,18,नगरीय क्षेत्र,ward 023 चन्द्र भान गुप्त नगर
ऐशबाग रोड,Sadar-1,21500,65000,,192,19,नगरीय क्षेत्र,ward 022 मोती लाल नेहरू
एन.ई.आर. कालोनी,Sadar-1,11500,39000,,214,20,नगरीय क्षेत्र,ward 024 सेवा ग्राम स्टेडियम
कटरा मकबूलगंज,Sadar-1,12500,47000,,178,21,नगरीय क्षेत्र,ward 020 गौतम बुद्धनगर
कोरियाना,Sadar-1,10500,47000,,137,22,नगरीय क्षेत्र,ward 015 ओमनगर
कासिमपुर पकरी,Sadar-1,12500,47000,,232,23,नगरीय क्षेत्र,ward 014 गीतापल्ली
कसाईबाडा,Sadar-1,20000,50000,,179,24,नगरीय क्षेत्र,ward 020 गौतम बुद्धनगर
कसाई बाडा,Sadar-1,12500,46000,,212,25,नगरीय क्षेत्र,ward 024 सेवा ग्राम स्टेडियम
कबीर मार्ग,Sadar-1,15500,50000,,83,26,नगरीय क्षेत्र,ward 008 मुरली नगर
कैन्ट रोड़,Sadar-1,20000,50000,,81,27,नगरीय क्षेत्र,ward 008 मुरली नगर
क्ले स्क्वायर,Sadar-1,16000,50000,,86,28,नगरीय क्षेत्र,ward 008 मुरली नगर
कैण्ट,Sadar-1,16000,67000,,219,29,नगरीय क्षेत्र,ward 025 कैन्ट क्षेत्र
कैलाश तिवारी मार्ग,Sadar-1,25500,64000,,78,30,नगरीय क्षेत्र,ward 006 बिक्रमादित्य
कैलाश पुरी,Sadar-1,10500,46000,,132,31,नगरीय क्षेत्र,ward 014 गीतापल्ली
कैनाल कालोनी,Sadar-1,17500,41000,,163,32,नगरीय क्षेत्र,ward 018 बाबू बनारसी दास
कृष्णा पल्ली,Sadar-1,10500,46000,,230,33,नगरीय क्षेत्र,ward 014 गीतापल्ली
कुरिया मवैईया,Sadar-1,12500,46000,,217,34,नगरीय क्षेत्र,ward 024 सेवा ग्राम स्टेडियम
कुर्मी टोला हुसैनगंज,Sadar-1,12000,46000,,187,35,नगरीय क्षेत्र,ward 021 हुसैनगंज
कान्यकुब्ज कालेज,Sadar-1,20000,53000,,164,36,नगरीय क्षेत्र,ward 018 बाबू बनारसी दास
कायमखेड़ा,Sadar-1,15500,46000,,194,37,नगरीय क्षेत्र,ward 022 मोती लाल नेहरू
खन्दारी पुरवा,Sadar-1,12500,49500,,143,38,नगरीय क्षेत्र,ward 016 महात्मा गांधी
गीता पल्ली,Sadar-1,11000,46000,,131,39,नगरीय क्षेत्र,ward 014 गीतापल्ली
गोपाल पुरी,Sadar-1,10500,46000,,133,40,नगरीय क्षेत्र,ward 014 गीतापल्ली
गौतमबुद्ध मार्ग,Sadar-1,29500,78000,,209,41,नगरीय क्षेत्र,ward 023 चन्द्र भान गुप्त नगर
गौतम पल्ली,Sadar-1,33000,66000,,234,42,नगरीय क्षेत्र,ward 006 बिक्रमादित्य
गौतम बुद्ध मार्ग,Sadar-1,28500,78000,,180,43,नगरीय क्षेत्र,ward 020 गौतम बुद्धनगर
गढइया जोरी मेहतर,Sadar-1,11500,47000,,188,44,नगरीय क्षेत्र,ward 021 हुसैनगंज
गाजीउद्दीन हैदर कालोनी,Sadar-1,16000,50000,,96,45,नगरीय क्षेत्र,ward 009 लालकुआं
ग्रेनडियोसाईड़िग,Sadar-1,10500,41000,,50,46,नगरीय क्षेत्र,ward 004 गुरूगोबिन्द सिंह नगर
गुरूनानक नगर,Sadar-1,11000,42000,,154,47,नगरीय क्षेत्र,ward 017 गुरू नानकनगर
गुरूनानक मार्केट,Sadar-1,25000,78000,,201,48,नगरीय क्षेत्र,ward 023 चन्द्र भान गुप्त नगर
गुरू गोविन्द सिंह मार्ग,Sadar-1,16500,51000,,97,49,नगरीय क्षेत्र,ward 009 लालकुआं
गुलिस्ता कालोनी,Sadar-1,32000,65000,,74,50,नगरीय क्षेत्र,ward 006 बिक्रमादित्य
गुडस रोड कालोनी,Sadar-1,12500,47000,,216,51,नगरीय क्षेत्र,ward 024 सेवा ग्राम स्टेडियम
गढ़िया रसूल खान,Sadar-1,12000,41000,,90,52,नगरीय क्षेत्र,ward 009 लालकुआं
चारबाग,Sadar-1,29500,78000,,218,53,नगरीय क्षेत्र,ward 024 सेवा ग्राम स्टेडियम
चुरई खेड़ा,Sadar-1,9500,38500,,193,54,नगरीय क्षेत्र,ward 022 मोती लाल नेहरू
चन्दर नगर,Sadar-1,11500,47000,,136,55,नगरीय क्षेत्र,ward 015 ओमनगर
चर्च कालोनी,Sadar-1,10500,41000,,49,56,नगरीय क्षेत्र,ward 004 गुरूगोबिन्द सिंह नगर
चन्द्र भान गुप्त नगर,Sadar-1,13000,47000,,205,57,नगरीय क्षेत्र,ward 023 चन्द्र भान गुप्त नगर
छोटा बरहा,Sadar-1,10500,47000,,116,58,नगरीय क्षेत्र,ward 012 बाबू कुन्जबिहारी
छितवापुर,Sadar-1,13500,48000,,181,59,नगरीय क्षेत्र,ward 020 गौतम बुद्धनगर
छितवापुर,Sadar-1,13500,51000,,95,60,नगरीय क्षेत्र,ward 009 लालकुआं
छितवापुर रोड़,Sadar-1,18500,52000,,92,61,नगरीय क्षेत्र,ward 009 लालकुआं
छितवापुर भुईयन,Sadar-1,13000,41000,,158,62,नगरीय क्षेत्र,ward 018 बाबू बनारसी दास
जय प्रकाशनगर,Sadar-1,10500,47000,,110,63,नगरीय क्षेत्र,ward 011 जय प्रकाश नगर
जय नारायन रोड़,Sadar-1,12000,47000,,191,64,नगरीय क्षेत्र,ward 021 हुसैनगंज
जी.आर.पी. कालोनी,Sadar-1,12500,47000,,210,65,नगरीय क्षेत्र,ward 024 सेवा ग्राम स्टेडियम
जियामऊ,Sadar-1,26000,66000,,66,66,नगरीय क्षेत्र,ward 006 बिक्रमादित्य
टैम्पल एरिया,Sadar-1,12000,41000,,169,67,नगरीय क्षेत्र,ward 019 सरदार पटेलनगर
डायमण्ड डेरी,Sadar-1,20000,55000,,85,68,नगरीय क्षेत्र,ward 008 मुरली नगर
तिलपुरवाँ हुसैनगंज,Sadar-1,11500,47000,,185,69,नगरीय क्षेत्र,ward 021 हुसैनगंज
त्रिलोकी नाथ मार्ग (दारूल सफा),Sadar-1,23500,66000,,149,70,नगरीय क्षेत्र,ward 016 महात्मा गांधी
दरबारी लाल शर्मा,Sadar-1,25000,66000,,146,71,नगरीय क्षेत्र,ward 016 महात्मा गांधी
दामोदर नगर,Sadar-1,10500,41000,,156,72,नगरीय क्षेत्र,ward 017 गुरू नानकनगर
दुर्गापुरी (ब्लन्ट स्क्वायर),Sadar-1,13000,47000,,211,73,नगरीय क्षेत्र,ward 024 सेवा ग्राम स्टेडियम
नया सरदारी खेड़ा,Sadar-1,10500,41000,,153,74,नगरीय क्षेत्र,ward 017 गुरू नानकनगर
नटखेड़ा रोड़,Sadar-1,11500,47000,,111,75,नगरीय क्षेत्र,ward 011 जय प्रकाश नगर
नटखेड़ा मोहल्ला,Sadar-1,10500,47000,,112,76,नगरीय क्षेत्र,ward 011 जय प्रकाश नगर
नई बस्ती,Sadar-1,16000,51000,,241,77,नगरीय क्षेत्र,ward 008 मुरली नगर
नेहरू नगर,Sadar-1,11500,47000,,197,78,नगरीय क्षेत्र,ward 022 मोती लाल नेहरू
पुरूषोत्तम नगर,Sadar-1,10500,39000,,176,79,नगरीय क्षेत्र,ward 019 सरदार पटेलनगर
पूरन नगर,Sadar-1,10500,47000,,113,80,नगरीय क्षेत्र,ward 011 जय प्रकाश नगर
पे एण्ड कैश कालोनी,Sadar-1,12500,47000,,204,81,नगरीय क्षेत्र,ward 023 चन्द्र भान गुप्त नगर
प्रेमनगर,Sadar-1,12500,41000,,152,82,नगरीय क्षेत्र,ward 017 गुरू नानकनगर
पंजाब नगर,Sadar-1,10500,46000,,118,83,नगरीय क्षेत्र,ward 012 बाबू कुन्जबिहारी
पानदरीबा,Sadar-1,21000,70000,,206,84,नगरीय क्षेत्र,ward 023 चन्द्र भान गुप्त नगर
पार्क रोड़,Sadar-1,32500,76000,,75,85,नगरीय क्षेत्र,ward 006 बिक्रमादित्य
पार्क लेन,Sadar-1,32500,76000,,235,86,नगरीय क्षेत्र,ward 006 बिक्रमादित्य
पी.आर.डी. कालोनी,Sadar-1,10500,41000,,45,87,नगरीय क्षेत्र,ward 004 गुरूगोबिन्द सिंह नगर
पीरपुर स्क्वायर,Sadar-1,25000,64000,,233,88,नगरीय क्षेत्र,ward 006 बिक्रमादित्य
पटेल नगर,Sadar-1,12000,41000,,175,89,नगरीय क्षेत्र,ward 019 सरदार पटेलनगर
पटेली नगर,Sadar-1,10500,41000,,47,90,नगरीय क्षेत्र,ward 004 गुरूगोबिन्द सिंह नगर
पिपराघाट,Sadar-1,10500,41000,,69,91,नगरीय क्षेत्र,ward 006 बिक्रमादित्य
फौजी कालोनी,Sadar-1,10500,47000,,134,92,नगरीय क्षेत्र,ward 14 गीतापल्ली
बरहा कालोनी,Sadar-1,10500,47000,,117,93,नगरीय क्षेत्र,ward 012 बाबू कुन्जबिहारी
बडा बरहा,Sadar-1,10500,47000,,121,94,नगरीय क्षेत्र,ward 012 बाबू कुन्जबिहारी
बनिया मोहाल,Sadar-1,12500,41000,,157,95,नगरीय क्षेत्र,ward 018 बाबू बनारसी दास
बन्दरिया बाग,Sadar-1,26000,66000,,71,96,नगरीय क्षेत्र,ward 006 बिक्रमादित्य
बेलदारी लेन,Sadar-1,16500,66000,,150,97,नगरीय क्षेत्र,ward 016 महात्मा गांधी
बेरी रोड़,Sadar-1,13000,41000,,173,98,नगरीय क्षेत्र,ward 019 सरदार पटेलनगर
बेजिटेबिल गार्डेन,Sadar-1,12000,41000,,171,99,नगरीय क्षेत्र,ward 019 सरदार पटेलनगर
ब्रहमनगर,Sadar-1,10500,41000,,128,100,नगरीय क्षेत्र,ward 013 राम जी लाल नगर
बाउचर रोड़,Sadar-1,12000,41000,,172,101,नगरीय क्षेत्र,ward 019 सरदार पटेलनगर
बाबू बनारसी दास नगर(पुराना किला),Sadar-1,16500,41000,,165,102,नगरीय क्षेत्र,ward 018 बाबू बनारसी दास
बाबू कुज विहारी लाल नगर(अहमद नगर),Sadar-1,10500,47000,,120,103,नगरीय क्षेत्र,ward 012 बाबू कुन्जबिहारी
बाग आईना बीबी,Sadar-1,11500,47000,,184,104,नगरीय क्षेत्र,ward 021 हुसैनगंज
बनारसी बाग,Sadar-1,26000,66000,,76,105,नगरीय क्षेत्र,ward 006 बिक्रमादित्य
भूसा मण्डी,Sadar-1,10500,47000,,183,106,नगरीय क्षेत्र,ward 020 गौतम बुद्धनगर
भेड़ी मण्डी,Sadar-1,12000,47000,,182,107,नगरीय क्षेत्र,ward 020 गौतम बुद्धनगर
भीम नगर,Sadar-1,10500,47000,,122,108,नगरीय क्षेत्र,ward 012 बाबू कुन्जबिहारी
भिलावाँ,Sadar-1,16500,55000,,129,109,नगरीय क्षेत्र,ward 014 गीतापल्ली
मधुबन नगर,Sadar-1,10500,47000,,114,110,नगरीय क्षेत्र,ward 011 जय प्रकाश नगर
मवईया,Sadar-1,15000,51000,,213,111,नगरीय क्षेत्र,ward 024 सेवा ग्राम स्टेडियम
मवईया स्कीम,Sadar-1,17000,54000,,252,112,नगरीय क्षेत्र,ward 024 सेवा ग्राम स्टेडियम
मुराद अली लेन नई बस्ती,Sadar-1,16000,51000,,87,113,नगरीय क्षेत्र,ward 008 मुरली नगर
मुरलीनगर,Sadar-1,16500,51000,,82,114,नगरीय क्षेत्र,ward 008 मुरली नगर
मुन्ने लाल धर्मशाला रोड़,Sadar-1,12500,60000,,200,115,नगरीय क्षेत्र,ward 023 चन्द्र भान गुप्त नगर
महात्मा गांधी मार्ग,Sadar-1,32500,74000,,147,116,नगरीय क्षेत्र,ward 016 महात्मा गांधी
मुनव्वर बाग कालोनी,Sadar-1,10500,41000,,44,117,नगरीय क्षेत्र,ward 004 गुरूगोबिन्द सिंह नगर
मेरियल रोड़,Sadar-1,12000,41000,,174,118,नगरीय क्षेत्र,ward 019 सरदार पटेलनगर
माल एवेन्यू,Sadar-1,23500,74000,,141,119,नगरीय क्षेत्र,ward 016 महात्मा गांधी
मानस नगर,Sadar-1,23000,65000,,248,120,नगरीय क्षेत्र,ward 006 बिक्रमादित्य
मोती लाल नेहरू रोड़ (स्टेशन रोड़),Sadar-1,32000,74000,,88,121,नगरीय क्षेत्र,ward 009 लालकुआं
मोती नगर,Sadar-1,16500,47000,,196,122,नगरीय क्षेत्र,ward 022 मोती लाल नेहरू
मंगल खेड़ा,Sadar-1,17500,64000,,126,123,नगरीय क्षेत्र,ward 013 राम जी लाल नगर
मार्टिनपुरवा,Sadar-1,10500,41000,,68,124,नगरीय क्षेत्र,ward 006 बिक्रमादित्य
मिलिंग टोनिया एवेन्यू,Sadar-1,31000,64000,,72,125,नगरीय क्षेत्र,ward 006 बिक्रमादित्य
राम प्रकाश खेड़ा,Sadar-1,10500,47000,,125,126,नगरीय क्षेत्र,ward 013 राम जी लाल नगर
रेलवे मल्टी स्टोरी,Sadar-1,12500,47000,,203,127,नगरीय क्षेत्र,ward 023 चन्द्र भान गुप्त नगर
रेलवे हास्पिटल कालोनी,Sadar-1,10500,41000,,46,128,नगरीय क्षेत्र,ward 004 गुरूगोबिन्द सिंह नगर
रेलवे स्टोर,Sadar-1,10500,41000,,229,129,नगरीय क्षेत्र,ward 004 गुरूगोबिन्द सिंह नगर
राम पाल अधिकारी मार्ग,Sadar-1,12000,47000,,91,130,नगरीय क्षेत्र,ward 009 लालकुआं
राम नगर (हरिहर प्रसाद नगर),Sadar-1,10500,47000,,124,131,नगरीय क्षेत्र,ward 013 राम जी लाल नगर
राणा प्रताप मार्ग,Sadar-1,34000,67000,,77,132,नगरीय क्षेत्र,ward 006 बिक्रमादित्य
रनिंग रोड कालोनी,Sadar-1,12000,41000,,170,133,नगरीय क्षेत्र,ward 019 सरदार पटेलनगर
लामार्टिनियर कालोनी,Sadar-1,22500,64000,,67,134,नगरीय क्षेत्र,ward 006 बिक्रमादित्य
लालकुआं,Sadar-1,15500,52000,,94,135,नगरीय क्षेत्र,ward 009 लालकुआं
लोहियानगर (छितवापुर),Sadar-1,13000,41000,,93,136,नगरीय क्षेत्र,ward 009 लालकुआं
लोकमान्यगंज,Sadar-1,11500,47000,,202,137,नगरीय क्षेत्र,ward 023 चन्द्र भान गुप्त नगर
बरफ खाना,Sadar-1,16500,51000,,84,138,नगरीय क्षेत्र,ward 008 मुरली नगर
विशेश्वर नगर,Sadar-1,10500,41000,,155,139,नगरीय क्षेत्र,ward 017 गुरू नानकनगर
विन्डसर पैलेस,Sadar-1,18500,55000,,145,140,नगरीय क्षेत्र,ward 016 महात्मा गांधी
विधान सभा मार्ग तथा स्टेशन रोड़,Sadar-1,32500,74000,,148,141,नगरीय क्षेत्र,ward 016 महात्मा गांधी
विवेका नन्द मार्ग,Sadar-1,32500,66000,,73,142,नगरीय क्षेत्र,ward 006 बिक्रमादित्य
विक्रमादित्य मार्ग,Sadar-1,32500,66000,,70,143,नगरीय क्षेत्र,ward 006 बिक्रमादित्य
शुतुर खाना हुसैनगंज,Sadar-1,10500,41000,,166,144,नगरीय क्षेत्र,ward 018 बाबू बनारसी दास
स्लीपर ग्राउन्ड,Sadar-1,10500,47000,,123,145,नगरीय क्षेत्र,ward 013 राम जी लाल नगर
सरदारी खेड़ा,Sadar-1,10500,47000,,138,146,नगरीय क्षेत्र,ward 015 ओमनगर
सजृन विहार कालोनी,Sadar-1,25000,64000,,249,147,नगरीय क्षेत्र,ward 006 बिक्रमादित्य
सरोजनी नायडू मार्ग,Sadar-1,17500,56000,,144,148,नगरीय क्षेत्र,ward 016 महात्मा गांधी
सुन्दर नगर,Sadar-1,10500,47000,,115,149,नगरीय क्षेत्र,ward 011 जय प्रकाश नगर
सुजानपुरा,Sadar-1,10500,47000,,119,150,नगरीय क्षेत्र,ward 012 बाबू बनारसी दास
सुभाष मार्ग,Sadar-1,17000,61000,,199,151,नगरीय क्षेत्र,ward 022 मोती लाल नेहरू
सुभाष मार्ग,Sadar-1,17000,61000,,207,152,नगरीय क्षेत्र,ward 023 चन्द्र भान गुप्त नगर
स्नेहनगर,Sadar-1,13000,47000,,151,153,नगरीय क्षेत्र,ward 017 गुरू नानकनगर
सेन्टर डम्प योजना,Sadar-1,12500,47000,,140,154,नगरीय क्षेत्र,ward 015 ओमनगर
साकेत पल्ली,Sadar-1,25500,65000,,227,155,नगरीय क्षेत्र,ward 006 बिक्रमादित्य
साकेतपुरी,Sadar-1,10500,47000,,247,156,नगरीय क्षेत्र,ward 014 गीतापल्ली
सिकन्दरपुर नजूल,Sadar-1,10500,41000,,51,157,नगरीय क्षेत्र,ward 004 गुरूगोबिन्द सिंह नगर
हुसैनगंज,Sadar-1,17000,52000,,186,158,नगरीय क्षेत्र,ward 021 हुसैनगंज
हैवलेक रोड़,Sadar-1,23500,74000,,236,159,नगरीय क्षेत्र,ward 016 महात्मा गांधी
हसनापुर,Sadar-1,10500,47000,,130,160,नगरीय क्षेत्र,ward 014 गीतापल्ली
हाता रसूल खान,Sadar-1,12000,41000,,89,161,नगरीय क्षेत्र,ward 009 लालकुआं
श्रम बिहार,Sadar-1,9000,39000,,215,162,नगरीय क्षेत्र,ward 024 सेवा ग्राम स्टेडियम
अनौरा,Sadar-2,9000,35000,15800000,1103,1,अर्द्धनगरीय,ward 111 लखनऊ
आर्य समाज मन्दिर रोड,Sadar-2,25000,70500,,0410,2,नगरीय क्षेत्र,ward 043 गणेशगंज
आर0के0टण्डन रोड,Sadar-2,20000,77000,,0273,3,नगरीय क्षेत्र,ward 030 रानी लक्ष्मी बाई
अहाता शेर खान,Sadar-2,13000,41500,,0397,4,नगरीय क्षेत्र,ward 041 बशीरतगंज
अहमदपुर,Sadar-2,2500,23000,6100000,1080,5,अर्द्धनगरीय,ward 111 लखनऊ
अलीनगर,Sadar-2,3800,23000,8000000,1057,6,नगरीय क्षेत्र,ward 111 लखनऊ
अल्लूनगर डिगुरिया (सहारा सिटी होम्स),Sadar-2,20000,77000,,1139,7,नगरीय क्षेत्र,ward 111 लखनऊ
अल्लूनगरडिगुरिया,Sadar-2,8500,35000,15800000,1098,8,नगरीय क्षेत्र,ward 111 लखनऊ
अल्लूपुर,Sadar-2,2500,23000,6100000,1119,9,ग्रामीण,ward 111 लखनऊ
अशोक गार्डेन,Sadar-2,15000,41500,,0244,10,नगरीय क्षेत्र,ward 028 चिनहट
अशोक विहार,Sadar-2,15000,41500,,0423,11,नगरीय क्षेत्र,ward 028 चिनहट
अशोक मार्ग,Sadar-2,33500,77000,,0257,12,नगरीय क्षेत्र,ward 029 राजा राम मोहन राय
अमीनाबाद रोड,Sadar-2,50000,104500,,0387,13,नगरीय क्षेत्र,ward 041 बशीरतगंज
अमीनाबाद पार्क,Sadar-2,33500,104500,,0350,14,नगरीय क्षेत्र,ward 036 अमीनाबाद
अमीनाबाद,Sadar-2,33500,104500,,0348,15,नगरीय क्षेत्र,ward 036 अमीनाबाद
अमीनुरूद्दौला पार्क,Sadar-2,33500,104500,,0349,16,नगरीय क्षेत्र,ward 036 अमीनाबाद
अमानीगंज,Sadar-2,16500,70500,,0347,17,नगरीय क्षेत्र,ward 036 अमीनाबाद
उजारियाँव,Sadar-2,15000,48500,,0302,18,नगरीय क्षेत्र,ward 032 रफी अहमद किदवई नगर (एल0डी0ए0 योजना)
उत्तरधौना,Sadar-2,9000,35000,15800000,1083,19,नगरीय क्षेत्र,ward 111 लखनऊ
उत्तरधौना (बी0बी0डी0 ग्रीन सिटी),Sadar-2,20000,77000,,1127,20,नगरीय क्षेत्र,ward 111 लखनऊ
उत्तरधौना (पार्श्वनाथ सिटी/रॉयल फलोर),Sadar-2,20000,77000,,1128,21,नगरीय क्षेत्र,ward 111 लखनऊ
उत्तरधौना (मानस गार्डेन एवं बिहार),Sadar-2,10000,77000,,1201,22,नगरीय क्षेत्र,ward 111 लखनऊ
एच.ए.एल.कालोनी,Sadar-2,20000,53000,,0376,23,नगरीय क्षेत्र,ward 038 गोमतीनगर
एल्डिको ग्रीन,Sadar-2,43000,87000,,0312,24,नगरीय क्षेत्र,ward 032 रफी अहमद किदवई नगर (एल0डी0ए0 योजना)
ककौली,Sadar-2,5000,30500,12700000,1050,25,नगरीय क्षेत्र,ward 111 लखनऊ
कांकराबाद,Sadar-2,6500,23000,8000000,1053,26,अर्द्धनगरीय,ward 111 लखनऊ
कन्धारी बाजार,Sadar-2,13000,55000,,0290,27,नगरीय क्षेत्र,ward 031 जगदीश चन्द्र बोस मार्ग
कैण्ट रोड (उत्तरी भाग),Sadar-2,16500,55000,,0289,28,नगरीय क्षेत्र,ward 031 जगदीश चन्द्र बोस मार्ग
कैसरबाग,Sadar-2,25000,70500,,0274,29,नगरीय क्षेत्र,ward 030 रानी लक्ष्मी बाई
कैलाशकुंज,Sadar-2,20000,70500,,0416,30,नगरीय क्षेत्र,ward 038 गोमतीनगर
कुसमौरा,Sadar-2,2500,23000,6100000,1066,31,ग्रामीण,ward 111 लखनऊ
कुशभरी,Sadar-2,2500,23000,6100000,1118,32,ग्रामीण,ward 111 लखनऊ
कुर्मीटोला मकबूलगंज,Sadar-2,13000,38500,,0363,33,नगरीय क्षेत्र,ward 037 यादुनाथ सन्याल रोड
क्वीन्टन रोड,Sadar-2,13000,59500,,0292,34,नगरीय क्षेत्र,ward 031 जगदीश चन्द्र बोस मार्ग
खरगापुर,Sadar-2,10000,34000,28500000,1090,35,नगरीय क्षेत्र,ward 111 लखनऊ
ख्यालीगंज,Sadar-2,19500,70500,,0275,36,नगरीय क्षेत्र,ward 030 रानी लक्ष्मी बाई
गंगा नगर,Sadar-2,10000,41500,,0243,37,नगरीय क्षेत्र,ward 028 चिनहट
गौतम बुद्व मार्ग,Sadar-2,37000,104500,,0400,38,नगरीय क्षेत्र,ward 043 गणेशगंज
गौतम बुद्व मार्ग,Sadar-2,37000,104500,,0276,39,नगरीय क्षेत्र,ward 030 रानी लक्ष्मी बाई
गोखले मार्ग,Sadar-2,30000,77000,,0258,40,नगरीय क्षेत्र,ward 029 राजा राम मोहन राय
गोडियनपुरवा,Sadar-2,13000,41500,,0303,41,नगरीय क्षेत्र,ward 032 रफी अहमद किदवई नगर (एल0डी0ए0 योजना)
गणेशगंज ग्रेन मार्केट,Sadar-2,25000,70500,,0408,42,नगरीय क्षेत्र,ward 043 गणेशगंज
गनेशपुर रहमानपुर,Sadar-2,9000,35000,15800000,1084,43,नगरीय क्षेत्र,ward 111 लखनऊ
गणेशपुर रहमानपुर (रघुनन्दन आशियाना),Sadar-2,15000,53000,,1129,44,नगरीय क्षेत्र,ward 111 लखनऊ
गनेशपुर रहमानपुर (दयाल रेजीडेन्सी),Sadar-2,15000,53000,,1202,45,नगरीय क्षेत्र,ward 111 लखनऊ
गोमतीनगर फेज 3,Sadar-2,33000,55000,,0315,46,नगरीय क्षेत्र,ward 032 रफी अहमद किदवई नगर (एल0डी0ए0 योजना)
गोमती नगर विस्तार/गोमती ग्रीन्स,Sadar-2,33000,55000,,0419,47,नगरीय क्षेत्र,ward 032 रफी अहमद किदवई नगर (एल0डी0ए0 योजना)
गोपीनाथ श्रीवास्तव रोड,Sadar-2,20000,59500,,0293,48,नगरीय क्षेत्र,ward 031 जगदीश चन्द्र बोस मार्ग
गोपरामऊ,Sadar-2,3000,23000,6600000,1049,49,अर्द्धनगरीय,ward 111 लखनऊ
गौतम बुद्व मार्ग,Sadar-2,37000,104500,,0398,50,नगरीय क्षेत्र,ward 041 बशीरतगंज
गुरू द्वारा रोड,Sadar-2,25000,70500,,0402,51,नगरीय क्षेत्र,ward 043 गणेशगंज
गूँगे नवाब पार्क,Sadar-2,33000,61500,,0360,52,नगरीय क्षेत्र,ward 036 अमीनाबाद
गुलाम हुसैन पुरवा,Sadar-2,9000,38500,,0227,53,नगरीय क्षेत्र,ward 027 राजीव गांधी
गन्ने वाली गली,Sadar-2,25000,85000,,0352,54,नगरीय क्षेत्र,ward 036 अमीनाबाद
गडबडझाला,Sadar-2,33000,87000,,0351,55,नगरीय क्षेत्र,ward 036 अमीनाबाद
ग्वारी का पुरवा,Sadar-2,13000,41500,,0304,56,नगरीय क्षेत्र,ward 032 रफी अहमद किदवई नगर (एल0डी0ए0 योजना)
घसियारी मण्डी,Sadar-2,13000,48500,,0294,57,नगरीय क्षेत्र,ward 031 जगदीश चन्द्र बोस मार्ग
चमरही,Sadar-2,10000,48500,,0228,58,नगरीय क्षेत्र,ward 027 राजीव गांधी
चाइना बाजार,Sadar-2,15000,61500,,0296,59,नगरीय क्षेत्र,ward 031 जगदीश चन्द्र बोस मार्ग
चक्करपुरवा,Sadar-2,9000,38500,,0222,60,नगरीय क्षेत्र,ward 026 निशातगंज
चौलक्खी,Sadar-2,15000,61500,,0295,61,नगरीय क्षेत्र,ward 031 जगदीश चन्द्र बोस मार्ग
चक मल्हौरी,Sadar-2,9000,41500,,0245,62,नगरीय क्षेत्र,ward 028 चिनहट
चन्दियामऊ,Sadar-2,5000,30500,12700000,1062,63,नगरीय क्षेत्र,ward 111 लखनऊ
चकबस्त रोड,Sadar-2,13000,48500,,0277,64,नगरीय क्षेत्र,ward 030 रानी लक्ष्मी बाई
चिनहट,Sadar-2,10000,41500,,0242,65,नगरीय क्षेत्र,ward 028 चिनहट
छेदी लाल धर्मशाला रोड,Sadar-2,25000,85000,,0353,66,नगरीय क्षेत्र,ward 036 अमीनाबाद
जंगलीगंज,Sadar-2,18000,61500,,0354,67,नगरीय क्षेत्र,ward 036 अमीनाबाद
जगदीशचन्द्र बोस मार्ग,Sadar-2,20000,61500,,0298,68,नगरीय क्षेत्र,ward 031 जगदीश चन्द्र बोस मार्ग
जेहटा,Sadar-2,6500,23000,8000000,1052,69,नगरीय क्षेत्र,ward 111 लखनऊ
जुगौली बडी छोटी,Sadar-2,13000,41500,,0305,70,नगरीय क्षेत्र,ward 032 रफी अहमद किदवई नगर (एल0डी0ए0 योजना)
जुग्गौर (बी0बी0डी0 ग्रीन सिटी),Sadar-2,19500,77000,,1131,71,अर्द्धनगरीय,ward 111 लखनऊ
ऋषि उद्यान (जुग्गौर),Sadar-2,10000,34000,,1132,72,अर्द्धनगरीय,ward 111 लखनऊ
जुग्गौर,Sadar-2,7000,30500,12700000,1092,73,अर्द्धनगरीय,ward 111 लखनऊ
जूतेवाली गली अमीनाबाद,Sadar-2,25000,87000,,0361,74,नगरीय क्षेत्र,ward 036 अमीनाबाद
जूरियन टोला (मकबूलगंज),Sadar-2,13000,41500,,0365,75,नगरीय क्षेत्र,ward 037 यादुनाथ सन्याल रोड
जम्बूर खाना,Sadar-2,13000,48000,,0297,76,नगरीय क्षेत्र,ward 031 जगदीश चन्द्र बोस मार्ग
झलियन पुरवा,Sadar-2,9000,38500,,0229,77,नगरीय क्षेत्र,ward 027 राजीव गांधी
टी.जी.सिविल लाइन्स,Sadar-2,25000,48000,,0415,78,नगरीय क्षेत्र,ward 035 काल्विन कालेज
डा.श्याम प्रसाद मुखर्जी रोड (नजीराबाद रोड),Sadar-2,25000,70500,,0287,79,नगरीय क्षेत्र,ward 030 रानी लक्ष्मी बाई
डालीबाग,Sadar-2,25000,61500,,0263,80,नगरीय क्षेत्र,ward 029 राजा राम मोहन राय
डिगडिगा,Sadar-2,16500,41500,,0306,81,नगरीय क्षेत्र,ward 032 रफी अहमद किदवई नगर (एल0डी0ए0 योजना)
तकवा कठौता,Sadar-2,7000,41500,,0246,82,नगरीय क्षेत्र,ward 028 चिनहट
तालाब गगनी शुक्ला,Sadar-2,13000,53000,,0381,83,नगरीय क्षेत्र,ward 039 नजरबाग
तेराखास,Sadar-2,5000,23000,8000000,1064,84,नगरीय क्षेत्र,ward 111 लखनऊ
तेराखास (माधवपुरम/माधवग्रीन्स योजना),Sadar-2,9000,23000,,1206,85,नगरीय क्षेत्र,ward 111 लखनऊ
तेज बहादुर सप्रू,Sadar-2,41000,87000,,0317,86,नगरीय क्षेत्र,ward 033 हजरतगंज
तकिया गनेशगंज,Sadar-2,25000,61500,,0355,87,नगरीय क्षेत्र,ward 036 अमीनाबाद
तकिया गणेशगंज,Sadar-2,25000,61500,,0412,88,नगरीय क्षेत्र,ward 043 गणेशगंज
तिल पुरवा (नाका हिण्डाला),Sadar-2,25000,70500,,0403,89,नगरीय क्षेत्र,ward 043 गणेशगंज
त्रिपाठीनगर (खुर्शेद बाग),Sadar-2,15000,53000,,0392,90,नगरीय क्षेत्र,ward 041 बशीरतगंज
थावर,Sadar-2,2500,23000,6100000,1107,91,ग्रामीण,ward 111 लखनऊ
देवारिया,Sadar-2,7000,30500,12700000,1108,92,नगरीय क्षेत्र,ward 111 लखनऊ
दुर्विजयगंज,Sadar-2,13000,53000,,0391,93,नगरीय क्षेत्र,ward 041 बशीरतगंज
धैला,Sadar-2,8500,35000,15800000,1099,94,नगरीय क्षेत्र,ward 111 लखनऊ
धैला (सहारा सिटी होम्स),Sadar-2,13000,41500,,1140,95,नगरीय क्षेत्र,ward 111 लखनऊ
धावाँ,Sadar-2,9000,35000,15800000,1086,96,नगरीय क्षेत्र,ward 111 लखनऊ
धावाँ (राय इन्क्लेव),Sadar-2,10000,59500,,1203,97,नगरीय क्षेत्र,ward 111 लखनऊ
न्यू बेरी रोड,Sadar-2,20000,59500,,0267,98,नगरीय क्षेत्र,ward 029 राजा राम मोहन राय
न्यू हैदराबाद,Sadar-2,25000,55000,,0342,99,नगरीय क्षेत्र,ward 035 काल्विन कालेज
नरेन्द्री,Sadar-2,6500,23000,6300000,1117,100,ग्रामीण,ward 111 लखनऊ
नरही,Sadar-2,25000,70500,,0333,101,नगरीय क्षेत्र,ward 034 रामतीर्थ नरही
नया गणेशगंज,Sadar-2,25000,70500,,0404,102,नगरीय क्षेत्र,ward 043 गणेशगंज
नया गाँव पश्चिम,Sadar-2,21000,59500,,0278,103,नगरीय क्षेत्र,ward 030 रानी लक्ष्मी बाई
नया विजयीपुर,Sadar-2,10000,41500,,0424,104,नगरीय क्षेत्र,ward 028 चिनहट
नयागाँव पूर्वी,Sadar-2,21000,61500,,0385,105,नगरीय क्षेत्र,ward 040 शिवाजी मार्ग
नजरबाग,Sadar-2,13000,53000,,0379,106,नगरीय क्षेत्र,ward 039 नजरबाग
नजीराबाद,Sadar-2,25000,70500,,0279,107,नगरीय क्षेत्र,ward 030 रानी लक्ष्मी बाई
नजीराबाद रोड,Sadar-2,25000,87000,,0280,108,नगरीय क्षेत्र,ward 030 रानी लक्ष्मी बाई
नवल किशोर रोड,Sadar-2,42000,48500,,0318,109,नगरीय क्षेत्र,ward 033 हजरतगंज
नवईया गणेशगंज,Sadar-2,16500,48500,,0409,110,नगरीय क्षेत्र,ward 043 गणेशगंज
नवाब पुरवा,Sadar-2,10000,87000,,0230,111,नगरीय क्षेत्र,ward 027 राजीव गांधी
नेहरू इन्क्लेव,Sadar-2,43000,61500,,0313,112,नगरीय क्षेत्र,ward 032 रफी अहमद किदवई नगर (एल0डी0ए0 योजना)
नाला फतेहगंज,Sadar-2,16500,35000,,0356,113,नगरीय क्षेत्र,ward 036 अमीनाबाद
नौबस्ताकला,Sadar-2,9000,38500,15800000,1088,114,नगरीय क्षेत्र,ward 111 लखनऊ
नौबस्ताकला (पिताम्बरा बिहार कालोनी),Sadar-2,8800,38500,,1204,115,नगरीय क्षेत्र,ward 111 लखनऊ
नटखेडा,Sadar-2,13000,38500,,0362,116,नगरीय क्षेत्र,ward 037 यादुनाथ सन्याल रोड
निजामपुर मल्हौर,Sadar-2,8000,35000,15800000,1100,117,नगरीय क्षेत्र,ward 111 लखनऊ
निशातगंज,Sadar-2,16500,48500,,0220,118,नगरीय क्षेत्र,ward 026 निशातगंज
पपनामऊ,Sadar-2,2400,23000,6300000,1114,119,अर्द्धनगरीय,ward 111 लखनऊ
प्राग नरायन रोड,Sadar-2,30000,70500,,0259,120,नगरीय क्षेत्र,ward 029 राजा राम मोहन राय
पड़रा,Sadar-2,2500,23000,6100000,1116,121,ग्रामीण,ward 111 लखनऊ
पुराना आर0टी0ओ0,Sadar-2,37000,77000,,0421,122,नगरीय क्षेत्र,ward 030 रानी लक्ष्मी बाई
पुराना हैदराबाद,Sadar-2,25000,55000,,0341,123,नगरीय क्षेत्र,ward 035 काल्विन कालेज
पुराना गणेशगज,Sadar-2,25000,70500,,0411,124,नगरीय क्षेत्र,ward 043 गणेशगंज
पुरानी कचेहरी रोड,Sadar-2,23000,59500,,0282,125,नगरीय क्षेत्र,ward 030 रानी लक्ष्मी बाई
पुल झाऊ लाल,Sadar-2,13000,61500,,0281,126,नगरीय क्षेत्र,ward 030 रानी लक्ष्मी बाई
पेपर मिल,Sadar-2,27000,70500,,0219,127,नगरीय क्षेत्र,ward 026 निशातगंज
पेपर मिल कालोनी,Sadar-2,27000,70500,,0399,128,नगरीय क्षेत्र,ward 042 पेपर मिल
फोरसिक रोड,Sadar-2,13000,55000,,0291,129,नगरीय क्षेत्र,ward 031 जगदीश चन्द्र बोस मार्ग
फैजाबाद रोड पूर्वी (चिनहट तक),Sadar-2,40000,98000,,0338,130,नगरीय क्षेत्र,ward 035 काल्विन कालेज
फतेहगंज,Sadar-2,16500,61500,,0357,131,नगरीय क्षेत्र,ward 036 अमीनाबाद
फैजाबाद रोड,Sadar-2,40000,70500,,0223,132,नगरीय क्षेत्र,ward 026 निशातगंज
फूलबाग,Sadar-2,13000,53000,,0378,133,नगरीय क्षेत्र,ward 039 नजरबाग
बशीरतगंज,Sadar-2,13000,53000,,0388,134,नगरीय क्षेत्र,ward 041 बशीरतगंज
बेलहा,Sadar-2,10000,48500,,0232,135,नगरीय क्षेत्र,ward 027 राजीव गांधी
बेहमन पुरवा,Sadar-2,10000,48500,,0231,136,नगरीय क्षेत्र,ward 027 राजीव गांधी
बौरूनी खन्दक,Sadar-2,13000,53000,,0382,137,नगरीय क्षेत्र,ward 040 शिवाजी मार्ग
बंशीगढ़ी,Sadar-2,2500,23000,6300000,1106,138,अर्द्धनगरीय,ward 111 लखनऊ
बाघामऊ,Sadar-2,5000,30500,12700000,1060,139,नगरीय क्षेत्र,ward 111 लखनऊ
बाघामऊ (शालीमार वन वर्ल्ड),Sadar-2,50000,55000,,1060,139,नगरीय क्षेत्र,लखनऊ
बाल्मीकीनगर,Sadar-2,10000,38500,,0225,140,नगरीय क्षेत्र,ward 026 निशातगंज
बालू अडडा,Sadar-2,20000,59500,,0271,141,नगरीय क्षेत्र,ward 029 राजा राम मोहन राय
बाला कदर रोड,Sadar-2,20000,61500,,0299,142,नगरीय क्षेत्र,ward 031 जगदीश चन्द्र बोस मार्ग
बादशाह नगर,Sadar-2,25000,55000,,0343,143,नगरीय क्षेत्र,ward 035 काल्विन कालेज
बादशाहनगर रेलवे कालोनी,Sadar-2,10000,38500,,0224,144,नगरीय क्षेत्र,ward 026 निशातगंज
बाइसी की मस्जिद,Sadar-2,13000,53000,,0380,145,नगरीय क्षेत्र,ward 039 नजरबाग
बाजार झाऊ लाल,Sadar-2,13000,61500,,0283,146,नगरीय क्षेत्र,ward 030 रानी लक्ष्मी बाई
बाबा का पुरवा,Sadar-2,10000,48000,,0221,147,नगरीय क्षेत्र,ward 026 निशातगंज
बाँस मण्डी,Sadar-2,25000,70500,,0406,148,नगरीय क्षेत्र,ward 043 गणेशगंज
बाग मुन्नू,Sadar-2,13000,41500,,0386,149,नगरीय क्षेत्र,ward 040 शिवाजी मार्ग
बाल्मिकी मार्ग,Sadar-2,42000,77000,,0319,150,नगरीय क्षेत्र,ward 033 हजरतगंज
बीघापुर,Sadar-2,2500,23000,6100000,1113,151,ग्रामीण,ward 111 लखनऊ
बटलर पैलेस कालोनी,Sadar-2,20000,61500,,0261,152,नगरीय क्षेत्र,ward 029 राजा राम मोहन राय
बटलरगंज,Sadar-2,20000,59500,,0272,153,नगरीय क्षेत्र,ward 029 राजा राम मोहन राय
भरवारा,Sadar-2,8500,38500,28500000,0248,154,नगरीय क्षेत्र,ward 028 चिनहट
भरवारा,Sadar-2,8500,,,1082,155,नगरीय क्षेत्र,ward 111 लखनऊ
भेडी वाली कोठी,Sadar-2,25000,61500,,0326,156,नगरीय क्षेत्र,ward 033 हजरतगंज
भैसौरा,Sadar-2,5000,30500,12700000,1059,157,नगरीय क्षेत्र,ward 111 लखनऊ
भीखमपुरवा,Sadar-2,10000,41500,,0226,158,नगरीय क्षेत्र,ward 026 निशातगंज
मकबरा अहमद अली शाह,Sadar-2,42000,67000,,0320,159,नगरीय क्षेत्र,ward 033 हजरतगंज
मल्हापुर,Sadar-2,2500,23000,6100000,1073,160,ग्रामीण,ward 111 लखनऊ
मलेसेमऊ,Sadar-2,10000,35000,15800000,1087,161,नगरीय क्षेत्र,ward 111 लखनऊ
महिपतमऊ,Sadar-2,7700,35000,15800000,1102,162,नगरीय क्षेत्र,ward 111 लखनऊ
मदन मोहन मालवीय मार्ग,Sadar-2,25000,70500,,0262,163,नगरीय क्षेत्र,ward 029 राजा राम मोहन राय
महात्मा गाँधी मार्ग,Sadar-2,50000,87000,,0321,164,नगरीय क्षेत्र,ward 033 हजरतगंज
मुतक्कीपुर,Sadar-2,8500,35000,15800000,1089,165,नगरीय क्षेत्र,ward 111 लखनऊ
मुतक्कीपुर (एल्डिको सिटी/टाउनी),Sadar-2,10000,41500,,1130,166,नगरीय क्षेत्र,ward 111 लखनऊ
मेहौरा,Sadar-2,2500,23000,6300000,1112,167,अर्द्धनगरीय,ward 111 लखनऊ
मेट्रो सिटी,Sadar-2,27000,77000,,0418,168,नगरीय क्षेत्र,ward 042 पेपर मिल
मारवाडी गली,Sadar-2,16500,61500,,0358,169,नगरीय क्षेत्र,ward 036 अमीनाबाद
माडल हाउस,Sadar-2,22000,61500,,0384,170,नगरीय क्षेत्र,ward 040 शिवाजी मार्ग
मखदूमपुर,Sadar-2,8000,35000,15800000,1091,171,नगरीय क्षेत्र,ward 111 लखनऊ
माधवपुर,Sadar-2,2500,23000,6100000,1055,172,नगरीय क्षेत्र,ward 111 लखनऊ
मनभौना,Sadar-2,2500,23000,6100000,1121,173,ग्रामीण,ward 111 लखनऊ
मोहम्मद नगर,Sadar-2,8200,35000,,0233,174,नगरीय क्षेत्र,ward 027 राजीव गांधी
मौरा,Sadar-2,6500,23100,8000000,1054,175,नगरीय क्षेत्र,ward 111 लखनऊ
मारूतिपुरम,Sadar-2,21000,70500,,0422,176,नगरीय क्षेत्र,ward 038 गोमतीनगर
मिर्जा पुरवा,Sadar-2,15000,48500,,0334,177,नगरीय क्षेत्र,ward 034 रामतीर्थ नरही
मिश्रबन्धु रोड,Sadar-2,25000,61500,,0284,178,नगरीय क्षेत्र,ward 030 रानी लक्ष्मी बाई
मीराबाई मार्ग,Sadar-2,25000,77000,,0335,179,नगरीय क्षेत्र,ward 034 रामतीर्थ नरही
योगेन्द्र पाठक रोड,Sadar-2,13000,61500,,0367,180,नगरीय क्षेत्र,ward 037 यादुनाथ सन्याल रोड
यदुनाथ सन्याल रोड,Sadar-2,25000,77000,,0368,181,नगरीय क्षेत्र,ward 037 यादुनाथ सन्याल रोड
रकाबगंज जदीद,Sadar-2,15000,61500,,0301,182,नगरीय क्षेत्र,ward 031 जगदीश चन्द्र बोस मार्ग
रानीगंज,Sadar-2,13000,53000,,0389,183,नगरीय क्षेत्र,ward 041 बशीरतगंज
रानीलक्ष्मीबाई मार्ग,Sadar-2,25000,77000,,0285,184,नगरीय क्षेत्र,ward 030 रानी लक्ष्मी बाई
राणा प्रताप मार्ग,Sadar-2,33000,70500,,0266,185,नगरीय क्षेत्र,ward 029 राजा राम मोहन राय
राजानवाब अली रोड,Sadar-2,23500,59500,,0286,186,नगरीय क्षेत्र,ward 030 रानी लक्ष्मी बाई
राजा टोडरमल,Sadar-2,33000,61500,,0322,187,नगरीय क्षेत्र,ward 033 हजरतगंज
रायबिहारी लाल,Sadar-2,25000,48500,,0340,188,नगरीय क्षेत्र,ward 035 काल्विन कालेज
रायपुर,Sadar-2,8500,35000,15800000,1078,189,नगरीय क्षेत्र,ward 111 लखनऊ
रामतीर्थ मार्ग,Sadar-2,30000,87000,,0337,190,नगरीय क्षेत्र,ward 034 रामतीर्थ नरही
राममोहन राय मार्ग,Sadar-2,25000,61000,,0265,191,नगरीय क्षेत्र,ward 029 राजा राम मोहन राय
राम तीर्थ मार्ग नरही,Sadar-2,30000,77000,,0332,192,नगरीय क्षेत्र,ward 034 रामतीर्थ नरही
रवीन्द्रपल्ली,Sadar-2,20000,53000,,0374,193,नगरीय क्षेत्र,ward 038 गोमतीनगर
रनियामऊ,Sadar-2,2500,23000,6100000,1105,194,ग्रामीण,ward 111 लखनऊ
रमौयाजी पुरम,Sadar-2,23500,59500,,0264,195,नगरीय क्षेत्र,ward 029 राजा राम मोहन राय
रिसालदार पार्क,Sadar-2,13000,38500,,0364,196,नगरीय क्षेत्र,ward 037 यादुनाथ सन्याल रोड
रिसहा,Sadar-2,8500,34000,,0234,197,नगरीय क्षेत्र,ward 027 राजीव गांधी
लक्ष्मणपुरी,Sadar-2,20000,53000,,0375,198,नगरीय क्षेत्र,ward 038 गोमतीनगर
लाप्लास रोड (लाप्लास),Sadar-2,33000,61500,,0324,199,नगरीय क्षेत्र,ward 033 हजरतगंज
लारेन्स टेरेस,Sadar-2,33000,61500,,0323,200,नगरीय क्षेत्र,ward 033 हजरतगंज
लालबाग,Sadar-2,33000,85000,,0331,201,नगरीय क्षेत्र,ward 033 हजरतगंज
लालनगर,Sadar-2,4000,23000,8000000,1061,202,नगरीय क्षेत्र,ward 111 लखनऊ
लाजपत राय मार्ग (जॉपलिंग रोड),Sadar-2,25000,61500,,0269,203,नगरीय क्षेत्र,ward 029 राजा राम मोहन राय
लोनापुर,Sadar-2,5000,30500,12700000,1109,204,नगरीय क्षेत्र,ward 111 लखनऊ
लोकमान्य तिलक मार्ग,Sadar-2,25000,59500,,0268,205,नगरीय क्षेत्र,ward 029 राजा राम मोहन राय
लौलाई,Sadar-2,6000,23000,8000000,1063,206,नगरीय क्षेत्र,ward 111 लखनऊ
लौलाई (माधवपुरम/माधवग्रीन्स योजना),Sadar-2,9000,23000,,1205,207,नगरीय क्षेत्र,ward 111 लखनऊ
वजीर हसन रोड,Sadar-2,25000,70500,,0260,207,नगरीय क्षेत्र,ward 029 राजा राम मोहन राय
वे लेन(वे रोड ),Sadar-2,25000,59500,,0270,208,नगरीय क्षेत्र,ward 029 राजा राम मोहन राय
वेनी प्रसाद हलवासिया रोड,Sadar-2,42000,70500,,0316,209,नगरीय क्षेत्र,ward 033 हजरतगंज
वास्तु खण्ड,Sadar-2,33000,77000,,0255,210,नगरीय क्षेत्र,ward 028 चिनहट
वीरबल साहनी मार्ग,Sadar-2,25000,49500,,0344,211,नगरीय क्षेत्र,ward 035 काल्विन कालेज
वाल्दा रोड कालोनी,Sadar-2,25000,49500,,0345,212,नगरीय क्षेत्र,ward 035 काल्विन कालेज
वैभव इन्क्लेव,Sadar-2,33000,77000,,0314,213,नगरीय क्षेत्र,ward 032 रफी अहमद किदवई नगर (एल0डी0ए0 योजना)
विकास खण्ड,Sadar-2,37000,77000,,0310,214,नगरीय क्षेत्र,ward 032 रफी अहमद किदवई नगर (एल0डी0ए0 योजना)
विकल्प खण्ड,Sadar-2,33000,77000,,0414,215,नगरीय क्षेत्र,ward 028 चिनहट
विनीत खण्ड,Sadar-2,33000,77000,,0239,216,नगरीय क्षेत्र,ward 027 राजीव गांधी
विनय खण्ड,Sadar-2,33000,77000,,0238,217,नगरीय क्षेत्र,ward 027 राजीव गांधी
विनम्र खण्ड,Sadar-2,33000,77000,,0254,218,नगरीय क्षेत्र,ward 028 चिनहट
विक्रांत खण्ड,Sadar-2,33000,77000,,0249,219,नगरीय क्षेत्र,ward 028 चिनहट
विष्णुपुरी,Sadar-2,13000,53000,,0393,220,नगरीय क्षेत्र,ward 041 बशीरतगंज
विश्वास खण्ड,Sadar-2,37000,79500,,0377,221,नगरीय क्षेत्र,ward 038 गोमतीनगर
विभूति खण्ड,Sadar-2,44000,104500,,0256,222,नगरीय क्षेत्र,ward 028 चिनहट
विभव खण्ड,Sadar-2,33000,77000,,0252,223,नगरीय क्षेत्र,ward 028 चिनहट
विवेक खण्ड,Sadar-2,33000,77000,,0236,224,नगरीय क्षेत्र,ward 027 राजीव गांधी
विजयन्त खण्ड,Sadar-2,33000,77000,,0413,225,नगरीय क्षेत्र,ward 028 चिनहट
विजयीपुर,Sadar-2,11000,48500,,0247,226,नगरीय क्षेत्र,ward 028 चिनहट
विजय नगर,Sadar-2,22000,70500,,0401,227,नगरीय क्षेत्र,ward 043 गणेशगंज
विजय खण्ड,Sadar-2,37000,77000,,0309,228,नगरीय क्षेत्र,ward 032 रफी अहमद किदवई नगर (एल0डी0ए0 योजना)
विजय खण्ड,Sadar-2,37000,77000,,0250,229,नगरीय क्षेत्र,ward 028 चिनहट
विपिन खण्ड,Sadar-2,37000,77000,,0307,230,नगरीय क्षेत्र,ward 032 रफी अहमद किदवई नगर (एल0डी0ए0 योजना)
विशाल खण्ड,Sadar-2,37000,77000,,0308,231,नगरीय क्षेत्र,ward 032 रफी अहमद किदवई नगर (एल0डी0ए0 योजना)
विशेष खण्ड,Sadar-2,33000,77000,,0251,232,नगरीय क्षेत्र,ward 028 चिनहट
विशेश्वर नाथ रोड,Sadar-2,20000,70500,,0300,233,नगरीय क्षेत्र,ward 031 जगदीश चन्द्र बोस मार्ग
विशप राकी स्ट्रीट,Sadar-2,25000,48500,,0346,234,नगरीय क्षेत्र,ward 035 काल्विन कालेज
विश्वविद्यालय रोड,Sadar-2,25000,48500,,0339,235,नगरीय क्षेत्र,ward 035 काल्विन कालेज
विराट खण्ड,Sadar-2,33000,77000,,0240,236,नगरीय क्षेत्र,ward 027 राजीव गांधी
विराज खण्ड,Sadar-2,33000,77000,,0253,237,नगरीय क्षेत्र,ward 028 चिनहट
विराम खण्ड,Sadar-2,33000,77000,,0237,238,नगरीय क्षेत्र,ward 027 राजीव गांधी
विपुल खण्ड,Sadar-2,43000,87000,,0311,239,नगरीय क्षेत्र,ward 032 रफी अहमद किदवई नगर (एल0डी0ए0 योजना)
शुतुर खाना,Sadar-2,13000,61500,,0366,240,नगरीय क्षेत्र,ward 037 यादुनाथ सन्याल रोड
शेखपुर कसौला,Sadar-2,22000,70500,,0372,241,नगरीय क्षेत्र,ward 038 गोमतीनगर
शाहपुर (बी0बी0डी0 ग्रीन सिटी),Sadar-2,20000,77000,,1141,242,नगरीय क्षेत्र,ward 111 लखनऊ
शाहपुर,Sadar-2,9000,35000,15800000,1101,243,नगरीय क्षेत्र,ward 111 लखनऊ
शाहनजफ रोड,Sadar-2,42000,87000,,0325,244,नगरीय क्षेत्र,ward 033 हजरतगंज
शिवपुरी (नवीन स्क्वायर),Sadar-2,15000,53000,,0407,245,नगरीय क्षेत्र,ward 043 गणेशगंज
शिवाजी मार्ग (उत्तरी),Sadar-2,60000,141000,,0383,246,नगरीय क्षेत्र,ward 040 शिवाजी मार्ग
शिवाजी मार्ग(दाक्षिण),Sadar-2,60000,141000,,0369,247,नगरीय क्षेत्र,ward 037 यादुनाथ सन्याल रोड
शिवनगर,Sadar-2,25000,61500,,0327,248,नगरीय क्षेत्र,ward 033 हजरतगंज
स्पोर्ट अथारिटी,Sadar-2,33000,77000,,0420,249,नगरीय क्षेत्र,ward 027 राजीव गांधी
सरसंडा,Sadar-2,2500,23000,6100000,1104,250,ग्रामीण,ward 111 लखनऊ
सराय प्रेमराज,Sadar-2,6500,30500,12700000,1079,251,नगरीय क्षेत्र,ward 111 लखनऊ
सरायँ दुर्विजयगंज,Sadar-2,13000,53000,,0390,252,नगरीय क्षेत्र,ward 041 बशीरतगंज
सरायशेख (बी0बी0डी0 ग्रीन सिटी),Sadar-2,20000,77000,,1123,253,नगरीय क्षेत्र,ward 111 लखनऊ
सराँय शेख,Sadar-2,5000,30500,12700000,1076,253,नगरीय क्षेत्र,ward 111 लखनऊ
सफदरबाग,Sadar-2,13000,49500,,0371,254,नगरीय क्षेत्र,ward 037 यादुनाथ सन्याल रोड
सचिवालय कालोनी,Sadar-2,10000,34000,,0425,255,नगरीय क्षेत्र,ward 026 निशातगंज
सुन्दर बाग,Sadar-2,16500,49500,,0370,256,नगरीय क्षेत्र,ward 037 यादुनाथ सन्याल रोड
सुभाष मार्ग,Sadar-2,25000,79000,,0395,257,नगरीय क्षेत्र,ward 041 बशीरतगंज
सेमरा (बी0बी0डी0 ग्रीन सिटी),Sadar-2,20000,77000,,1133,258,नगरीय क्षेत्र,ward 111 लखनऊ
सेमरा,Sadar-2,9000,35000,15800000,1095,259,नगरीय क्षेत्र,ward 111 लखनऊ
सेठ रामजस रोड,Sadar-2,25000,70000,,0336,260,नगरीय क्षेत्र,ward 034 रामतीर्थ नरही
सैथा,Sadar-2,4000,23000,8000000,1051,260,नगरीय क्षेत्र,ward 111 लखनऊ
संजय गाँधीपुरम,Sadar-2,20000,53000,,0373,261,नगरीय क्षेत्र,ward 038 गोमतीनगर
सिरगामऊ,Sadar-2,2500,23000,6100000,1111,262,ग्रामीण,ward 111 लखनऊ
सिकरौरी,Sadar-2,7700,35000,15800000,1094,263,नगरीय क्षेत्र,ward 111 लखनऊ
सिकन्दरपुर खुर्द,Sadar-2,6500,23000,8000000,1068,264,अर्द्धनगरीय,ward 111 लखनऊ
हाता लक्ष्मणदास,Sadar-2,20000,61500,,0417,265,नगरीय क्षेत्र,ward 040 शिवाजी मार्ग
हाता मातादीन,Sadar-2,13000,41500,,0405,265,नगरीय क्षेत्र,ward 043 गणेशगंज
हास्पिटल रोड,Sadar-2,15000,59500,,0288,266,नगरीय क्षेत्र,ward 030 रानी लक्ष्मी बाई
हासेमऊ,Sadar-2,5000,30500,12700000,1110,267,नगरीय क्षेत्र,ward 111 लखनऊ
हजरतगंज बाजार,Sadar-2,50000,104500,,0328,268,नगरीय क्षेत्र,ward 033 हजरतगंज
हलवासिया रोड,Sadar-2,50000,87000,,0329,269,नगरीय क्षेत्र,ward 033 हजरतगंज
हरीनगर दुगावां,Sadar-2,13000,41500,,0394,270,नगरीय क्षेत्र,ward 041 बशीरतगंज
हसौडिया,Sadar-2,11000,41500,,0235,271,नगरीय क्षेत्र,ward 027 राजीव गांधी
श्रीराम रोड,Sadar-2,33000,87000,,0359,272,नगरीय क्षेत्र,ward 036 अमीनाबाद
अस्तबल चारबाग (मशकगंज),Sadar-3,10500,48000,,167,1,नगरीय क्षेत्र,62 मशकगंज वार्ड
अस्तबल यहियागंज,Sadar-3,10500,50500,,106,2,नगरीय क्षेत्र,55 राजाबाजार वार्ड
अहाता खान शामा,Sadar-3,10500,50500,,107,3,नगरीय क्षेत्र,55 राजाबाजार वार्ड
अमराई गांव,Sadar-3,10500,50500,32000000,61,4,नगरीय क्षेत्र,52 शहीद भगत सिंह वार्ड
आदिलनगर,Sadar-3,18000,48000,,137,5,नगरीय क्षेत्र,57 शंकरपुरवा
अम्बाही का पुरवा,Sadar-3,18000,50500,,118,6,नगरीय क्षेत्र,56 महानगर
अतरौली,Sadar-3,13500,50500,38000000,125,7,नगरीय क्षेत्र,57 शंकरपुरवा
इस्माईलगंज,Sadar-3,18000,58000,,39,8,नगरीय क्षेत्र,48 इस्माईलगंज वार्ड
ईश्वरपुरी कालोनी,Sadar-3,35000,86500,,220,9,नगरीय क्षेत्र,48 इस्माईलगंज वार्ड
इन्दिरा नगर सेक्टर 1 (डी ब्लाक),Sadar-3,35000,86500,,36,10,नगरीय क्षेत्र,47 इन्दिरा नगर वार्ड
इन्दिरा नगर सेक्टर-2 (सी-ब्लाक),Sadar-3,35000,86500,,49,11,नगरीय क्षेत्र,50 मौथलीशरण गुप्त वार्ड
इन्दिरा नगर से.-3 (बी ब्लाक),Sadar-3,35000,86500,,48,12,नगरीय क्षेत्र,50 मौथलीशरण गुप्त वार्ड
इन्दिरा नगर से.-4(ए ब्लाक),Sadar-3,35000,86500,,54,13,नगरीय क्षेत्र,51 लालबहादुर शास्त्री वार्ड
इन्दिरा नगर से.-5 (बी ब्लाक),Sadar-3,35000,86500,,229,14,नगरीय क्षेत्र,50 मौथलीशरण गुप्त वार्ड
इन्दिरा नगर सेक्टर-6 (सी-ब्लाक),Sadar-3,35000,86500,,230,15,नगरीय क्षेत्र,50 मौथलीशरण गुप्त वार्ड
इन्दिरा नगर सेक्टर 7(डी ब्लाक),Sadar-3,35000,86500,,37,16,नगरीय क्षेत्र,47 इन्दिरा नगर वार्ड
इन्दिरा नगर सेक्टर-8,Sadar-3,35000,86500,,38,17,नगरीय क्षेत्र,48 इस्माईलगंज वार्ड
इन्दिरा नगर सेक्टर-9,Sadar-3,35000,86500,,216,18,नगरीय क्षेत्र,48 इस्माईलगंज वार्ड
इन्दिरा नगर सेक्टर-10,Sadar-3,35000,86500,,217,19,नगरीय क्षेत्र,48 इस्माईलगंज वार्ड
इन्दिरा नगर सेक्टर 11ए,Sadar-3,35000,86500,,43,20,नगरीय क्षेत्र,49 बाबू जगजीवनराम वार्ड
इन्दिरा नगर सेक्टर 11बी,Sadar-3,35000,86500,,222,21,नगरीय क्षेत्र,49 बाबू जगजीवनराम वार्ड
इन्दिरा नगर सेक्टर-12,Sadar-3,35000,86500,,218,22,नगरीय क्षेत्र,48 इस्माईलगंज वार्ड
इन्दिरा नगर सेक्टर-13,Sadar-3,35000,86500,,219,23,नगरीय क्षेत्र,48 इस्माईलगंज वार्ड
इन्दिरा नगर सेक्टर 14ए,Sadar-3,35000,86500,,223,24,नगरीय क्षेत्र,49 बाबू जगजीवनराम वार्ड
इन्दिरा नगर सेक्टर 14बी,Sadar-3,35000,86500,,224,25,नगरीय क्षेत्र,49 बाबू जगजीवनराम वार्ड
इन्दिरा नगर सेक्टर 15,Sadar-3,35000,86500,,34,26,नगरीय क्षेत्र,47 इन्दिरा नगर वार्ड
इन्दिरा नगर सेक्टर 16,Sadar-3,35000,86500,,225,27,नगरीय क्षेत्र,49 बाबू जगजीवनराम वार्ड
इन्दिरा नगर सेक्टर 17,Sadar-3,35000,86500,,226,28,नगरीय क्षेत्र,49 बाबू जगजीवनराम वार्ड
इन्दिरा नगर सेक्टर 18,Sadar-3,35000,86500,,221,29,नगरीय क्षेत्र,47 इन्दिरा नगर वार्ड
इन्दिरा नगर सेक्टर 19,Sadar-3,35000,86500,,227,30,नगरीय क्षेत्र,49 बाबू जगजीवनराम वार्ड
इन्दिरा नगर सेक्टर -20,Sadar-3,35000,86500,,50,31,नगरीय क्षेत्र,50 मौथलीशरण गुप्त वार्ड
इन्दिरा नगर सेक्टर 21,Sadar-3,35000,86500,,228,32,नगरीय क्षेत्र,49 बाबू जगजीवनराम वार्ड
इन्दिरा नगर सेक्टर-22,Sadar-3,35000,86500,,55,33,नगरीय क्षेत्र,51 लालबहादुर शास्त्री वार्ड
इन्दिरा नगर सेक्टर-23,Sadar-3,35000,86500,,231,34,नगरीय क्षेत्र,51 लालबहादुर शास्त्री वार्ड
इन्दिरा नगर सेक्टर-24,Sadar-3,35000,86500,,232,35,नगरीय क्षेत्र,51 लालबहादुर शास्त्री वार्ड
इन्दिरा नगर से.-25,Sadar-3,35000,86500,,27,36,नगरीय क्षेत्र,46 इन्दिरा प्रियेदर्शनी वार्ड
ईटकी मोहल्ला,Sadar-3,10500,50500,,18,37,नगरीय क्षेत्र,45 कुन्डरी रकाबगंज वार्ड
इस्लामबाड़ी,Sadar-3,19000,50500,,130,38,नगरीय क्षेत्र,57 शंकरपुरवा
ऐशबाग रामनगर एल0डी0ए0,Sadar-3,35000,58000,,215,39,नगरीय क्षेत्र,44 तिलक नगर वार्ड
कुर्मान्चल नगर,Sadar-3,20500,50500,,56,40,नगरीय क्षेत्र,51 लालबहादुर शास्त्री वार्ड
कल्याणपुर,Sadar-3,18000,48000,,129,41,नगरीय क्षेत्र,57 शंकरपुरवा
कटराअबूतराबखाँ,Sadar-3,10500,50500,,79,42,नगरीय क्षेत्र,54 यहियागंज वार्ड
काशी डेर,Sadar-3,10500,48000,,165,43,नगरीय क्षेत्र,62 मशकगंज वार्ड
कन्हईलाल का पुरवा,Sadar-3,13500,48000,,135,44,नगरीय क्षेत्र,57 शंकरपुरवा
कमता,Sadar-3,18000,58000,38000000,40,45,नगरीय क्षेत्र,48 इस्माईलगंज वार्ड
कबाड़िया का पुरवा,Sadar-3,10500,48000,,141,46,नगरीय क्षेत्र,59 मनकामेश्वर वार्ड
कुर्मी टोला,Sadar-3,13500,50500,,28,47,नगरीय क्षेत्र,46 इन्दिरा प्रियेदर्शनी वार्ड
कुण्डरी रकाबगंज,Sadar-3,12000,50500,,24,48,नगरीय क्षेत्र,45 कुन्डरी रकाबगंज वार्ड
कुतुबपुर इरादतनगर योजना,Sadar-3,35000,86500,,240,49,नगरीय क्षेत्र,66 निरालानगर वार्ड
कैटिल कालोनी (आवास एवं विकास कालोनी),Sadar-3,19000,48000,,214,50,नगरीय क्षेत्र,57 शंकरपुरवा
कसाई बाड़ा,Sadar-3,10500,50500,,22,51,नगरीय क्षेत्र,45 कुन्डरी रकाबगंज वार्ड
कटरा आजम बेग,Sadar-3,10500,50500,,21,52,नगरीय क्षेत्र,45 कुन्डरी रकाबगंज वार्ड
कंचनपुर मटियारी,Sadar-3,14000,50500,38000000,62,53,नगरीय क्षेत्र,52 शहीद भगत सिंह वार्ड
कटरा मीर जहाँगीर,Sadar-3,10500,50500,,80,54,नगरीय क्षेत्र,54 यहियागंज वार्ड
कोडे वाली गली,Sadar-3,10500,50500,,81,55,नगरीय क्षेत्र,54 यहियागंज वार्ड
कुतुबपुर/कुतुबपुर खालिसपुर,Sadar-3,10500,48000,,140,56,नगरीय क्षेत्र,59 मनकामेश्वर वार्ड
खुर्रमनगर,Sadar-3,19500,50500,,131,57,नगरीय क्षेत्र,57 शंकरपुरवा
खिनिया टोला,Sadar-3,14000,48000,,158,58,नगरीय क्षेत्र,61 चांदगंज वार्ड
खेमेदोजान,Sadar-3,10500,50500,,69,59,नगरीय क्षेत्र,53 वजीरगंज वार्ड
खजुहा,Sadar-3,14000,58000,,11,60,नगरीय क्षेत्र,44 तिलक नगर वार्ड
खरगपुर फरीदी नगर,Sadar-3,17000,50500,,45,61,नगरीय क्षेत्र,49 बाबू जगजीवनराम वार्ड
खत्री टोला,Sadar-3,10500,48000,,170,62,नगरीय क्षेत्र,62 मशकगंज वार्ड
खरगपुर,Sadar-3,17000,50500,,44,63,नगरीय क्षेत्र,49 बाबू जगजीवनराम वार्ड
गाजीपुर मण्डी,Sadar-3,13500,50500,,83,64,नगरीय क्षेत्र,54 यहियागंज वार्ड
गली शाहछांछडा,Sadar-3,10500,58000,,86,65,नगरीय क्षेत्र,54 यहियागंज वार्ड
गंगा प्रसाद रोड,Sadar-3,21000,50500,,175,66,नगरीय क्षेत्र,62 मशकगंज वार्ड
गली नरायन दास,Sadar-3,10500,58000,,103,67,नगरीय क्षेत्र,54 यहियागंज वार्ड
गंगा प्रसाद रोड,Sadar-3,21000,58000,,196,68,नगरीय क्षेत्र,65 मोलवीगंज वार्ड
गौसगंज / गौस नगर,Sadar-3,11000,48000,,192,69,नगरीय क्षेत्र,65 मोलवीगंज वार्ड
ग्वीन टैंक,Sadar-3,11000,48000,,188,70,नगरीय क्षेत्र,65 मोलवीगंज वार्ड
गोला गंज,Sadar-3,15000,50500,,182,71,नगरीय क्षेत्र,64 गोलागंज वार्ड
गुईन टोला,Sadar-3,10500,48000,,208,72,नगरीय क्षेत्र,69 अब्दुल हमीद वार्ड
गोबार का पुरवा,Sadar-3,13500,48000,,200,73,नगरीय क्षेत्र,67 विवेका नन्दपुरी वार्ड
गाजीपुर सईदन्निसां,Sadar-3,31000,72000,,51,74,नगरीय क्षेत्र,50 मौथलीशरण गुप्त वार्ड
गुईन गंज,Sadar-3,10500,48000,,210,75,नगरीय क्षेत्र,69 अब्दुल हमीद वार्ड
गौसगंज,Sadar-3,10500,50500,,70,76,नगरीय क्षेत्र,53 वजीरगंज वार्ड
घुसपुरवा,Sadar-3,20500,50500,,57,77,नगरीय क्षेत्र,51 लालबहादुर शास्त्री वार्ड
चाह,Sadar-3,10500,50500,,87,78,नगरीय क्षेत्र,54 यहियागंज वार्ड
चमरटोलीया (चमार टोला),Sadar-3,10500,58000,,88,79,नगरीय क्षेत्र,54 यहियागंज वार्ड
चमरोखा,Sadar-3,10500,50500,,46,80,नगरीय क्षेत्र,49 बाबू जगजीवनराम वार्ड
चिकमण्डी,Sadar-3,12000,50500,,71,81,नगरीय क्षेत्र,53 वजीरगंज वार्ड
चक्रमाफी दुगावां,Sadar-3,14000,50500,,2,82,नगरीय क्षेत्र,43 राजेन्द्र नगर वार्ड
चांदन,Sadar-3,15000,50500,38000000,29,83,नगरीय क्षेत्र,46 इन्दिरा प्रियेदर्शनी वार्ड
चाँदगंज कलां,Sadar-3,17000,48000,,159,84,नगरीय क्षेत्र,61 चांदगंज वार्ड
चमर टोलिया (दुगावा),Sadar-3,13500,50500,,3,85,नगरीय क्षेत्र,43 राजेन्द्र नगर वार्ड
चमारनपुरवा,Sadar-3,14000,50500,,5,86,नगरीय क्षेत्र,43 राजेन्द्र नगर वार्ड
चरस मण्डी,Sadar-3,10500,48000,,207,87,नगरीय क्षेत्र,69 अब्दुल हमीद वार्ड
चिडीमार ठोला,Sadar-3,10500,48000,,108,88,नगरीय क्षेत्र,55 राजाबाजार वार्ड
चाहकंकड़,Sadar-3,10500,50500,,82,89,नगरीय क्षेत्र,54 यहियागंज वार्ड
चमरोही,Sadar-3,10500,50500,,63,90,नगरीय क्षेत्र,52 शहीद भगत सिंह वार्ड
छेदाखास,Sadar-3,13500,50500,,1,91,नगरीय क्षेत्र,43 राजेन्द्र नगर वार्ड
छोटा चाँदगंज,Sadar-3,12000,48000,,178,92,नगरीय क्षेत्र,63 अशोक आजाद वार्ड
छपरतल्ला,Sadar-3,14000,48000,,161,93,नगरीय क्षेत्र,61 चांदगंज वार्ड
जोशी टोला,Sadar-3,10500,48000,,145,94,नगरीय क्षेत्र,59 मनकामेश्वर वार्ड
जरहरा,Sadar-3,13000,50500,32000000,30,95,नगरीय क्षेत्र,46 इन्दिरा प्रियेदर्शनी वार्ड
जवाहरनगर ( खलायक बाग),Sadar-3,12000,50500,,72,96,नगरीय क्षेत्र,53 वजीरगंज वार्ड
जोशी टोला,Sadar-3,14500,58000,,10,97,नगरीय क्षेत्र,43 राजेन्द्र नगर वार्ड
जाहीरपुर,Sadar-3,12000,50500,32000000,126,98,नगरीय क्षेत्र,57 शंकरपुरवा
जगत नारायन रोड़,Sadar-3,27000,50500,,156,99,नगरीय क्षेत्र,60 पीर जलील वार्ड
टाटपट्टी,Sadar-3,10500,50500,,102,100,नगरीय क्षेत्र,54 यहियागंज वार्ड
टैगौर मार्ग,Sadar-3,10500,48000,,144,101,नगरीय क्षेत्र,59 मनकामेश्वर वार्ड
टेडी बाजार,Sadar-3,10500,50500,,109,102,नगरीय क्षेत्र,55 राजाबाजार वार्ड
टिकैतगंज,Sadar-3,13500,72000,,16,103,नगरीय क्षेत्र,45 कुन्डरी रकाबगंज वार्ड
टीकापुरवा,Sadar-3,14000,58000,,35,104,नगरीय क्षेत्र,47 इन्दिरा नगर वार्ड
टेढ़ी बाजार,Sadar-3,12000,50500,,189,105,नगरीय क्षेत्र,65 मोलवीगंज वार्ड
ठठेरी बाजार,Sadar-3,12000,58000,,105,106,नगरीय क्षेत्र,54 यहियागंज वार्ड
डोर वाली गली,Sadar-3,10500,50500,,89,107,नगरीय क्षेत्र,54 यहियागंज वार्ड
डेग वाली गली,Sadar-3,10500,58000,,104,108,नगरीय क्षेत्र,54 यहियागंज वार्ड
ताजी खाना,Sadar-3,10500,48000,,166,109,नगरीय क्षेत्र,62 मशकगंज वार्ड
तकरोही,Sadar-3,15000,50500,38000000,64,110,नगरीय क्षेत्र,52 शहीद भगत सिंह वार्ड
तिलकनगर,Sadar-3,20500,58000,,14,111,नगरीय क्षेत्र,44 तिलक नगर वार्ड
तकिया आज़मबेग,Sadar-3,15000,48000,,184,112,नगरीय क्षेत्र,64 गोलागंज वार्ड
थवई टोला,Sadar-3,10500,50500,,90,113,नगरीय क्षेत्र,54 यहियागंज वार्ड
दरियाई टोला,Sadar-3,10500,50500,,110,114,नगरीय क्षेत्र,55 राजाबाजार वार्ड
दर्शनगंज,Sadar-3,12000,50500,,123,115,नगरीय क्षेत्र,56 महानगर
नबी उल्ला रोड़,Sadar-3,18000,58000,,74,116,नगरीय क्षेत्र,53 वजीरगंज वार्ड
नाला बेगमगंज,Sadar-3,10500,50500,,84,117,नगरीय क्षेत्र,54 यहियागंज वार्ड
नाका हिण्डोला,Sadar-3,21000,58000,,8,118,नगरीय क्षेत्र,43 राजेन्द्र नगर वार्ड
नेता कन्हैया लाल कालोनी,Sadar-3,17000,58000,,12,119,नगरीय क्षेत्र,44 तिलक नगर वार्ड
नवाब मुतर्जा हुसैन रोड़,Sadar-3,13500,58000,,91,120,नगरीय क्षेत्र,54 यहियागंज वार्ड
नई बस्ती,Sadar-3,10500,50500,,73,121,नगरीय क्षेत्र,53 वजीरगंज वार्ड
निरालानगर,Sadar-3,37500,86500,,198,122,नगरीय क्षेत्र,66 निरालानगर वार्ड
नादान महल,Sadar-3,21000,72000,,17,123,नगरीय क्षेत्र,45 कुन्डरी रकाबगंज वार्ड
नवाब गंज,Sadar-3,12000,50500,,19,124,नगरीय क्षेत्र,45 कुन्डरी रकाबगंज वार्ड
नादान महल रोड़,Sadar-3,21000,72000,,26,125,नगरीय क्षेत्र,45 कुन्डरी रकाबगंज वार्ड
नई बस्ती,Sadar-3,10500,48000,,172,126,नगरीय क्षेत्र,62 मशकगंज वार्ड
निजामुद्दीनपुर,Sadar-3,12500,50500,,31,127,नगरीय क्षेत्र,46 इन्दिरा प्रियेदर्शनी वार्ड
पुल झाऊलाल,Sadar-3,13500,50500,,147,128,नगरीय क्षेत्र,60 पीर जलील वार्ड
पुल कुम्हारन,Sadar-3,10500,48000,,168,129,नगरीय क्षेत्र,62 मशकगंज वार्ड
पंडितपुरवा,Sadar-3,14500,50500,,47,130,नगरीय क्षेत्र,49 बाबू जगजीवनराम वार्ड
पाण्डेय टोला,Sadar-3,14500,72000,,162,131,नगरीय क्षेत्र,61 चांदगंज वार्ड
पंजाबी टोला,Sadar-3,10500,50500,,112,132,नगरीय क्षेत्र,55 राजाबाजार वार्ड
पुरानी कचहरी रोड़,Sadar-3,27000,50500,,239,133,नगरीय क्षेत्र,60 पीर जलील वार्ड
पुराना कानपुर रोड,Sadar-3,27000,58000,,153,134,नगरीय क्षेत्र,60 पीर जलील वार्ड
पानीगाँव (अन्दरून आबादी),Sadar-3,27000,86500,,41,135,नगरीय क्षेत्र,48 इस्माईलगंज वार्ड
पी.डब्लू.डी.कालोनी,Sadar-3,13500,50500,,121,136,नगरीय क्षेत्र,56 महानगर
पीर जलील दक्षिणी,Sadar-3,13500,50500,,149,137,नगरीय क्षेत्र,60 पीर जलील वार्ड
पूर्वी बिरहाना,Sadar-3,11000,48000,,191,138,नगरीय क्षेत्र,65 मोलवीगंज वार्ड
पाटानाला,Sadar-3,10500,50500,,92,139,नगरीय क्षेत्र,54 यहियागंज वार्ड
पाण्डेगंज,Sadar-3,21000,58000,,9,140,नगरीय क्षेत्र,43 राजेन्द्र नगर वार्ड
पीर जलील उत्तरी,Sadar-3,13500,50500,,148,141,नगरीय क्षेत्र,60 पीर जलील वार्ड
फराश खाना,Sadar-3,10500,48000,,173,142,नगरीय क्षेत्र,62 मशकगंज वार्ड
बाग मक्का,Sadar-3,10500,50500,,94,143,नगरीय क्षेत्र,54 यहियागंज वार्ड
बहादुरपुर,Sadar-3,12500,48000,32000000,127,144,नगरीय क्षेत्र,57 शंकरपुरवा
बागशेर जंग,Sadar-3,10500,48000,,174,145,नगरीय क्षेत्र,62 मशकगंज वार्ड
बाबू गंज,Sadar-3,12500,48000,,179,146,नगरीय क्षेत्र,63 अशोक आजाद वार्ड
बेगम हजरत महल नगर (आ.वि.कालोनी को छोड़कर ),Sadar-3,13500,50500,,122,147,नगरीय क्षेत्र,56 महानगर
बुलन्द बाग,Sadar-3,15000,50500,,187,148,नगरीय क्षेत्र,64 गोलागंज वार्ड
बिरहाना कालोनी (पश्चिमी),Sadar-3,11000,58000,,13,149,नगरीय क्षेत्र,44 तिलक नगर वार्ड
बाग काजी,Sadar-3,10500,50500,,95,150,नगरीय क्षेत्र,54 यहियागंज वार्ड
बाग मौलवी अनवार,Sadar-3,10500,50500,,111,151,नगरीय क्षेत्र,55 राजाबाजार वार्ड
बारूद खाना,Sadar-3,15000,48000,,183,152,नगरीय क्षेत्र,64 गोलागंज वार्ड
बाग लाल जी,Sadar-3,10500,50500,,96,153,नगरीय क्षेत्र,54 यहियागंज वार्ड
बंजारी टोला,Sadar-3,10500,50500,,97,154,नगरीय क्षेत्र,54 यहियागंज वार्ड
बेगमगंज,Sadar-3,10500,50500,,93,155,नगरीय क्षेत्र,54 यहियागंज वार्ड
बिलौचपुरा,Sadar-3,11000,50500,,23,156,नगरीय क्षेत्र,45 कुन्डरी रकाबगंज वार्ड
बरौलिया,Sadar-3,10500,48000,,143,157,नगरीय क्षेत्र,59 मनकामेश्वर वार्ड
बी.एन.वर्मा रोड,Sadar-3,20500,50500,,154,158,नगरीय क्षेत्र,60 पीर जलील वार्ड
बेगम खेड़ा,Sadar-3,11000,50500,,7,159,नगरीय क्षेत्र,43 राजेन्द्र नगर वार्ड
बादशाह खेड़ा,Sadar-3,12000,50500,,66,160,नगरीय क्षेत्र,52 शहीद भगत सिंह वार्ड
बस्तौली,Sadar-3,27000,72000,,52,161,नगरीय क्षेत्र,50 मौथलीशरण गुप्त वार्ड
भवान सिंह शिवाला,Sadar-3,10500,50500,,85,162,नगरीय क्षेत्र,54 यहियागंज वार्ड
भूसामण्डी,Sadar-3,10500,48000,,206,163,नगरीय क्षेत्र,69 अब्दुल हमीद वार्ड
महानगर पुराना,Sadar-3,41000,86500,,238,164,नगरीय क्षेत्र,67 विवेका नन्दपुरी वार्ड
महानगर सेक्टर बी0,Sadar-3,41000,86500,,202,165,नगरीय क्षेत्र,67 विवेका नन्दपुरी वार्ड
महानगर,Sadar-3,41000,86500,,199,166,नगरीय क्षेत्र,67 विवेका नन्दपुरी वार्ड
महानगर गोल मार्केट,Sadar-3,56000,86500,,203,167,नगरीय क्षेत्र,67 विवेका नन्दपुरी वार्ड
मौलवी गंज,Sadar-3,16000,50500,,190,168,नगरीय क्षेत्र,65 मोलवीगंज वार्ड
मुर्ग खाना,Sadar-3,10500,48000,,171,169,नगरीय क्षेत्र,62 मशकगंज वार्ड
मल्लाही टोला,Sadar-3,10500,50500,,76,170,नगरीय क्षेत्र,53 वजीरगंज वार्ड
मुंशीपुरवा,Sadar-3,10500,50500,,42,171,नगरीय क्षेत्र,48 इस्माईलगंज वार्ड
मुकारिम नगर,Sadar-3,10500,48000,,142,172,नगरीय क्षेत्र,59 मनकामेश्वर वार्ड
मोहसिनुद्दौला का पुरवा,Sadar-3,13500,50500,,124,173,नगरीय क्षेत्र,57 शंकरपुरवा
मयूर विहार एवं मयूर रेजीडेन्सी,Sadar-3,18500,48000,,212,174,नगरीय क्षेत्र,46 इन्दिरा प्रियेदर्शनी वार्ड
महानगर विस्तार (विज्ञानपुरी ),Sadar-3,41000,86500,,160,175,नगरीय क्षेत्र,61 चांदगंज वार्ड
मेंहदीटोला,Sadar-3,16000,48000,,139,176,नगरीय क्षेत्र,58 बेगम हजरत महल वार्ड
मेढ़ई का पुरवा,Sadar-3,12000,48000,,177,177,नगरीय क्षेत्र,63 अशोक आजाद वार्ड
महानगर,Sadar-3,41000,86500,,117,178,नगरीय क्षेत्र,56 महानगर
महावीर जी का पुरवा,Sadar-3,13500,86500,,163,179,नगरीय क्षेत्र,61 चांदगंज वार्ड
मतीन का पुरवा,Sadar-3,12500,86500,,133,180,नगरीय क्षेत्र,57 शंकरपुरवा
मोहम्मद पुर खत्री,Sadar-3,13500,48000,38000000,128,181,नगरीय क्षेत्र,57 शंकरपुरवा
यहियागंज रोड़,Sadar-3,13500,72000,,99,182,नगरीय क्षेत्र,54 यहियागंज वार्ड
यहियागंज,Sadar-3,13500,72000,,98,183,नगरीय क्षेत्र,54 यहियागंज वार्ड
राजेन्द्र नगर (दक्षिणी ),Sadar-3,21000,72000,,4,184,नगरीय क्षेत्र,43 राजेन्द्र नगर वार्ड
राजेन्द्र नगर (मध्य),Sadar-3,21000,72000,,6,185,नगरीय क्षेत्र,43 राजेन्द्र नगर वार्ड
रस्सी बटान,Sadar-3,10500,48000,,211,186,नगरीय क्षेत्र,69 अब्दुल हमीद वार्ड
रामलाल चक्रवर्ती रोड़,Sadar-3,21000,50500,,151,187,नगरीय क्षेत्र,60 पीर जलील वार्ड
रकाबगज कदीम,Sadar-3,15000,58000,,15,188,नगरीय क्षेत्र,45 कुन्डरी रकाबगंज वार्ड
रथ खाना,Sadar-3,10500,48000,,194,189,नगरीय क्षेत्र,65 मोलवीगंज वार्ड
रस्तोगी टोला,Sadar-3,10500,50500,,114,190,नगरीय क्षेत्र,55 राजाबाजार वार्ड
रहीमनगर,Sadar-3,27500,60000,,119,191,नगरीय क्षेत्र,56 महानगर
राजा बाजार रोड़,Sadar-3,16000,60000,,113,192,नगरीय क्षेत्र,55 राजाबाजार वार्ड
राजा बाजार,Sadar-3,16000,60000,,115,193,नगरीय क्षेत्र,55 राजाबाजार वार्ड
रिवर बैंक कालोनी,Sadar-3,21000,50500,,152,194,नगरीय क्षेत्र,60 पीर जलील वार्ड
लकड़मण्डी,Sadar-3,10500,50500,,100,195,नगरीय क्षेत्र,54 यहियागंज वार्ड
लिबर्टी कालोनी,Sadar-3,21000,50500,,60,196,नगरीय क्षेत्र,51 लालबहादुर शास्त्री वार्ड
लश्करी रकाबगंज,Sadar-3,10500,48000,,195,197,नगरीय क्षेत्र,65 मोलवीगंज वार्ड
लोहिया नगर शेखुपुरा आ.वि.कालोनी,Sadar-3,35000,86500,,237,198,नगरीय क्षेत्र,68 लोहियानगर वार्ड
लक्ष्मण प्रसाद रोड़,Sadar-3,13500,58000,,77,199,नगरीय क्षेत्र,53 वजीरगंज वार्ड
वजीरगंज,Sadar-3,17000,72000,,75,200,नगरीय क्षेत्र,53 वजीरगंज वार्ड
विकास नगर योजना सेक्टर-1,Sadar-3,37000,86500,,204,201,नगरीय क्षेत्र,68 लोहियानगर वार्ड
विकास नगर योजना सेक्टर-2,Sadar-3,37000,86500,,233,202,नगरीय क्षेत्र,68 लोहियानगर वार्ड
विकास नगर योजना सेक्टर-3,Sadar-3,37000,86500,,234,203,नगरीय क्षेत्र,68 लोहियानगर वार्ड
विकास नगर योजना सेक्टर-4,Sadar-3,37000,86500,,235,204,नगरीय क्षेत्र,68 लोहियानगर वार्ड
विकास नगर योजना सेक्टर-5,Sadar-3,37000,86500,,236,205,नगरीय क्षेत्र,68 लोहियानगर वार्ड
विकास नगर योजना सेक्टर-6,Sadar-3,37000,86500,,242,206,नगरीय क्षेत्र,68 लोहियानगर वार्ड
विकास नगर सेक्टर-7,Sadar-3,37000,86500,,136,207,नगरीय क्षेत्र,57 शंकरपुरवा
विकास नगर सेक्टर-8,Sadar-3,37000,86500,,241,208,नगरीय क्षेत्र,57 शंकरपुरवा
विकास नगर योजना सेक्टर-9,Sadar-3,37000,86500,,243,209,नगरीय क्षेत्र,68 लोहियानगर वार्ड
विकास नगर सेक्टर-10,Sadar-3,37000,86500,,244,210,नगरीय क्षेत्र,57 शंकरपुरवा
विकास नगर सेक्टर-11,Sadar-3,37000,86500,,245,211,नगरीय क्षेत्र,57 शंकरपुरवा
विकास नगर सेक्टर-12,Sadar-3,37000,86500,,246,212,नगरीय क्षेत्र,57 शंकरपुरवा
विकास नगर सेक्टर-13,Sadar-3,37000,86500,,247,213,नगरीय क्षेत्र,57 शंकरपुरवा
विकास नगर सेक्टर-14,Sadar-3,37000,86500,,248,214,नगरीय क्षेत्र,57 शंकरपुरवा
विवेकानन्द पुरी,Sadar-3,41000,86500,,201,215,नगरीय क्षेत्र,67 विवेका नन्दपुरी वार्ड
विष्णुपुरी कालोनी,Sadar-3,27000,86500,,120,216,नगरीय क्षेत्र,56 महानगर
विश्वविद्यालय,Sadar-3,16000,48000,,180,217,नगरीय क्षेत्र,63 अशोक आजाद वार्ड
शक्तिनगर,Sadar-3,27000,86500,,59,218,नगरीय क्षेत्र,51 लालबहादुर शास्त्री वार्ड
शास्त्री नगर,Sadar-3,13500,86500,,25,219,नगरीय क्षेत्र,45 कुन्डरी रकाबगंज वार्ड
शन्करपुरवा,Sadar-3,11000,48000,38000000,132,220,नगरीय क्षेत्र,57 शंकरपुरवा
शेखपुर-शेखापुर(बेगम हजरत महल मार्ग का दक्षिणी भाग),Sadar-3,27000,86500,,138,221,नगरीय क्षेत्र,58 बेगम हजरत महल वार्ड
सराय हसनगंज,Sadar-3,21000,86500,,176,222,नगरीय क्षेत्र,63 अशोक आजाद वार्ड
सुभान नगर उत्तरी/ सुभाष नगर,Sadar-3,21000,58000,,164,223,नगरीय क्षेत्र,62 मशकगंज वार्ड
सुरेन्द्र नाथ श्रीवास्तव मार्ग,Sadar-3,21000,58000,,157,224,नगरीय क्षेत्र,60 पीर जलील वार्ड
समीउद्दीनपुर,Sadar-3,21000,72000,,53,225,नगरीय क्षेत्र,50 मौथलीशरण गुप्त वार्ड
सिंघल वाली गली,Sadar-3,10500,58000,,101,226,नगरीय क्षेत्र,54 यहियागंज वार्ड
सूगामऊ,Sadar-3,13000,50500,38000000,32,227,नगरीय क्षेत्र,46 इन्दिरा प्रियेदर्शनी वार्ड
सर्वोदय नगर,Sadar-3,27000,86500,,58,228,नगरीय क्षेत्र,51 लालबहादुर शास्त्री वार्ड
सराय आगा मीर,Sadar-3,10500,50500,,20,229,नगरीय क्षेत्र,45 कुन्डरी रकाबगंज वार्ड
सुभाष मार्ग,Sadar-3,21000,58000,,197,230,नगरीय क्षेत्र,65 मोलवीगंज वार्ड
सुभाष नगर,Sadar-3,13500,50500,,193,231,नगरीय क्षेत्र,65 मोलवीगंज वार्ड
सोबतिया बाग,Sadar-3,10500,50500,,116,232,नगरीय क्षेत्र,55 राजाबाजार वार्ड
हतवापुरवा ( फतुवापुरवा),Sadar-3,10500,50500,,65,233,नगरीय क्षेत्र,52 शहीद भगत सिंह वार्ड
हाथी खाना,Sadar-3,10500,48000,,205,234,नगरीय क्षेत्र,69 अब्दुल हमीद वार्ड
हरिजन कालोनी,Sadar-3,13500,50500,,67,235,नगरीय क्षेत्र,52 शहीद भगत सिंह वार्ड
हरदासी खेड़ा,Sadar-3,12000,50500,38000000,68,236,नगरीय क्षेत्र,52 शहीद भगत सिंह वार्ड
हामिद रोड़,Sadar-3,13500,58000,,78,237,नगरीय क्षेत्र,53 वजीरगंज वार्ड
हाता फकीर मोहम्मद पक्का,Sadar-3,11000,48000,,185,238,नगरीय क्षेत्र,64 गोलागंज वार्ड
हाता दुर्गा प्रसाद,Sadar-3,10500,48000,,169,239,नगरीय क्षेत्र,62 मशकगंज वार्ड
हाता भोर खां,Sadar-3,10500,48000,,209,240,नगरीय क्षेत्र,69 अब्दुल हमीद वार्ड
हसनगंज,Sadar-3,10500,48000,,146,241,नगरीय क्षेत्र,59 मनकामेश्वर वार्ड
हाता फकीर मोहम्मद कच्चा,Sadar-3,10500,48000,,186,242,नगरीय क्षेत्र,64 गोलागंज वार्ड
हास्पिटल रोड़,Sadar-3,17000,50500,,150,243,नगरीय क्षेत्र,60 पीर जलील वार्ड
अशर्फाबाद,Sadar-5,11000,40000,,0001,1,नगरीय क्षेत्र,ward 070 अशर्फाबाद वार्ड
अम्बेडकर नगर,Sadar-5,8500,32500,,0018,2,नगरीय क्षेत्र,ward 071 अम्बेडकर नगर वार्ड
अशोक बिहार,Sadar-5,10500,32500,,0035,3,नगरीय क्षेत्र,ward 072 आलमनगर वार्ड
अग्रवाल क्वार्टर,Sadar-5,10500,32500,,0045,4,नगरीय क्षेत्र,ward 073 ऐशबाग वार्ड
अलमाष बाग,Sadar-5,13000,40000,,0265,5,नगरीय क्षेत्र,ward 074 कन्हैया माधवपुर वार्ड
अमरुदही बाग,Sadar-5,20000,35500,,0117,6,नगरीय क्षेत्र,ward 079 चित्रगुप्त नगर वार्ड
अचार वाली गली,Sadar-5,8500,32500,,0291,7,नगरीय क्षेत्र,ward 080 जलसंस्थान वार्ड
अब्दुल अज़ीज रोड मोहल्ला,Sadar-5,16500,35500,,0165,8,नगरीय क्षेत्र,ward 083 मौलाना कल्बे आबिद वार्ड
अहोरी टोला,Sadar-5,8500,32500,,0166,9,नगरीय क्षेत्र,ward 083 मौलाना कल्बे आबिद वार्ड
असियामऊ,Sadar-5,6000,28000,,0242,10,नगरीय क्षेत्र,ward 089 हैदरगंज वार्ड
आरती नगर,Sadar-5,8500,32500,,0019,11,नगरीय क्षेत्र,ward 071 अम्बेडकर नगर वार्ड
आलम नगर,Sadar-5,10500,32500,,0034,12,नगरीय क्षेत्र,ward 072 आलमनगर वार्ड
आलमबाग रोड का दक्षिणी भाग,Sadar-5,10500,32500,,0036,13,नगरीय क्षेत्र,ward 072 आलमनगर वार्ड
आर.डी.एस.ओ.कालोनी जगजीवन ट्रेनिंग सेन्टर,Sadar-5,7000,28000,,0065,14,नगरीय क्षेत्र,ward 075 केसरी खेड़ा वार्ड
आलम नगर थड़ी,Sadar-5,10500,27000,,0093,15,नगरीय क्षेत्र,ward 077 कुवर ज्योति प्रसाद वार्ड
आजाद नगर,Sadar-5,13000,35500,,0098,16,नगरीय क्षेत्र,ward 078 गढ़ीपीर खां वार्ड
आशुतोष नगर,Sadar-5,19000,35500,,0118,17,नगरीय क्षेत्र,ward 079 चित्रगुप्त नगर वार्ड
आई. टी. कालोनी,Sadar-5,10500,32500,,0139,18,नगरीय क्षेत्र,ward 080 जलसंस्थान वार्ड
आगा मिर्जा जुम्मा योजना,Sadar-5,10500,28000,,0167,19,नगरीय क्षेत्र,ward 083 मौलाना कल्बे आबिद वार्ड
आलम नगर रोड मोहल्ला,Sadar-5,16500,35500,,0208,20,नगरीय क्षेत्र,ward 087 सआदतगंज वार्ड
आम बिहार,Sadar-5,6000,28000,,0241,21,नगरीय क्षेत्र,ward 089 हैदरगंज वार्ड
ओशो नगर,Sadar-5,8500,28000,,0066,22,नगरीय क्षेत्र,ward 075 केसरी खेड़ा वार्ड
इन्द्रलोक कालोनी,Sadar-5,16500,35500,,0067,23,नगरीय क्षेत्र,ward 075 केसरी खेड़ा वार्ड
इन्द्रानी नगर,Sadar-5,8500,32500,,0140,24,नगरीय क्षेत्र,ward 080 जलसंस्थान वार्ड
एकता नगर,Sadar-5,11500,35500,,0055,25,नगरीय क्षेत्र,ward 074 कन्हैया माधवपुर वार्ड
एल.डी.ए. कालोनी,Sadar-5,11500,32500,,0141,26,नगरीय क्षेत्र,ward 080 जलसंस्थान वार्ड
एवरेडी चौराहा,Sadar-5,13000,35500,,0186,27,नगरीय क्षेत्र,ward 085 लेबर कालोनी वार्ड
ऐशबाग रोड मोहल्ला,Sadar-5,16500,35500,,0046,28,नगरीय क्षेत्र,ward 073 ऐशबाग वार्ड
ऐशबाग पूर्वी रामलीला,Sadar-5,10500,32500,,0142,29,नगरीय क्षेत्र,ward 080 जलसंस्थान वार्ड
ऐशबाग श्रमिक बस्ती,Sadar-5,8500,32500,,0143,30,नगरीय क्षेत्र,ward 080 जलसंस्थान वार्ड
ऐशबाग मोहल्ला,Sadar-5,16500,35500,,0157,31,नगरीय क्षेत्र,ward 082 मालवीय नगर वार्ड
ऐशबाग रोड,Sadar-5,16500,35500,,0158,32,नगरीय क्षेत्र,ward 082 मालवीय नगर वार्ड
कटरा हैदर हुसौन,Sadar-5,8500,28000,,0002,33,नगरीय क्षेत्र,ward 070 अशर्फाबाद वार्ड
करेहटा,Sadar-5,9000,35500,,0020,34,नगरीय क्षेत्र,ward 071 अम्बेडकर नगर वार्ड
कनौसी,Sadar-5,11500,40000,28400000,0069,35,नगरीय क्षेत्र,ward 075 केसरी खेड़ा वार्ड
कच्चा बाग,Sadar-5,10500,32500,,0080,36,नगरीय क्षेत्र,ward 076 कशमीरी मोहल्ला वार्ड
करीमगंज,Sadar-5,11500,35500,,0099,37,नगरीय क्षेत्र,ward 078 गढ़ीपीर खां वार्ड
कन्हई खेड़ा,Sadar-5,5500,35500,,0100,38,नगरीय क्षेत्र,ward 078 गढ़ीपीर खां वार्ड
कन्हैयाकुन्ज कालोनी,Sadar-5,16500,35500,,0120,39,नगरीय क्षेत्र,ward 079 चित्रगुप्त नगर वार्ड
कशमीरी मोहल्ला दक्षिण,Sadar-5,10500,28000,,0168,40,नगरीय क्षेत्र,ward 083 मौलाना कल्बे आबिद वार्ड
कशमीरी मोहल्ला रोड,Sadar-5,10500,28000,,0169,41,नगरीय क्षेत्र,ward 083 मौलाना कल्बे आबिद वार्ड
कशमीरी मोहल्ला उत्तरी,Sadar-5,10500,28000,,0170,42,नगरीय क्षेत्र,ward 083 मौलाना कल्बे आबिद वार्ड
कटरा वफा बेग,Sadar-5,10500,28000,,0171,43,नगरीय क्षेत्र,ward 083 मौलाना कल्बे आबिद वार्ड
कटरा विज़न बेग,Sadar-5,10500,28000,,0172,44,नगरीय क्षेत्र,ward 083 मौलाना कल्बे आबिद वार्ड
कटरा खुदा यार खां,Sadar-5,11500,32500,,0233,45,नगरीय क्षेत्र,ward 088 शीतलादेवी वार्ड
कृष्णा नगर,Sadar-5,19000,35500,,0119,46,नगरीय क्षेत्र,ward 079 चित्रगुप्त नगर वार्ड
कागजी टोला,Sadar-5,7000,25500,,0210,47,नगरीय क्षेत्र,ward 087 सआदतगंज वार्ड
केसरी खेड़ा,Sadar-5,11500,40000,28400000,0068,48,नगरीय क्षेत्र,ward 075 केसरी खेड़ा वार्ड
कोडर,Sadar-5,8000,28000,,0209,49,नगरीय क्षेत्र,ward 087 सआदतगंज वार्ड
किशोरगंज,Sadar-5,10500,28000,,0243,50,नगरीय क्षेत्र,ward 089 हैदरगंज वार्ड
खरियाई,Sadar-5,10500,32500,,0082,51,नगरीय क्षेत्र,ward 076 कशमीरी मोहल्ला वार्ड
खिड़की मीर आगा,Sadar-5,10500,32500,,0081,52,नगरीय क्षेत्र,ward 076 कशमीरी मोहल्ला वार्ड
खोखी टोला,Sadar-5,8500,32500,,0003,53,नगरीय क्षेत्र,ward 070 अशर्फाबाद वार्ड
गली पारचा,Sadar-5,9000,32500,,0004,54,नगरीय क्षेत्र,ward 070 अशर्फाबाद वार्ड
गली मीरमाता,Sadar-5,8500,32500,,0005,55,नगरीय क्षेत्र,ward 070 अशर्फाबाद वार्ड
गढ़ी कनौरा,Sadar-5,9000,35500,,0021,56,नगरीय क्षेत्र,ward 071 अम्बेडकर नगर वार्ड
गवर्नमेंट प्रेस,Sadar-5,7000,35500,,0022,57,नगरीय क्षेत्र,ward 071 अम्बेडकर नगर वार्ड
गढ़ीपीर खां,Sadar-5,10500,35500,,0101,58,नगरीय क्षेत्र,ward 078 गढ़ीपीर खां वार्ड
गणेशपुरी कालोनी,Sadar-5,8500,32500,,0146,59,नगरीय क्षेत्र,ward 081 भवानीगंज वार्ड
गंगा खेड़ा,Sadar-5,11500,40000,,0071,60,नगरीय क्षेत्र,ward 075 केसरी खेड़ा वार्ड
गायत्री पुरम,Sadar-5,8500,32500,,0037,61,नगरीय क्षेत्र,ward 072 आलमनगर वार्ड
गाड़ी अड्डा,Sadar-5,7000,25500,,0211,62,नगरीय क्षेत्र,ward 087 सआदतगंज वार्ड
गीता नगर,Sadar-5,16500,35500,,0122,63,नगरीय क्षेत्र,ward 079 चित्रगुप्त नगर वार्ड
गुलाब नगर,Sadar-5,11500,35500,,0056,64,नगरीय क्षेत्र,ward 074 कन्हैया माधवपुर वार्ड
गुलाब नगर,Sadar-5,10500,35500,,0102,65,नगरीय क्षेत्र,ward 078 गढ़ीपीर खां वार्ड
गोपाल नगर,Sadar-5,16500,35500,,0121,66,नगरीय क्षेत्र,ward 079 चित्रगुप्त नगर वार्ड
घियाई,Sadar-5,7000,28000,,0212,67,नगरीय क्षेत्र,ward 087 सआदतगंज वार्ड
चन्द्रोदय नगर,Sadar-5,11500,40000,,0072,68,नगरीय क्षेत्र,ward 075 केसरी खेड़ा वार्ड
चमारन का पुरवा,Sadar-5,4500,25500,,0259,69,नगरीय क्षेत्र,ward 090 हरदीन रामनगर वार्ड
चावल वाली गली,Sadar-5,11500,35500,,0006,70,नगरीय क्षेत्र,ward 070 अशर्फाबाद वार्ड
चाणक्यपुरी,Sadar-5,16500,35500,,0124,71,नगरीय क्षेत्र,ward 079 चित्रगुप्त नगर वार्ड
चित्रगुप्त नगर,Sadar-5,18000,35500,,0123,72,नगरीय क्षेत्र,ward 079 चित्रगुप्त नगर वार्ड
चित्ता खेड़ा,Sadar-5,7000,35500,,0023,73,नगरीय क्षेत्र,ward 071 अम्बेडकर नगर वार्ड
चिरौधा पुरवा,Sadar-5,6000,28000,,0292,74,नगरीय क्षेत्र,ward 082 मालवीय नगर वार्ड
चुन्नूखेड़ा,Sadar-5,8500,32500,28400000,0273,75,नगरीय क्षेत्र,ward 072 आलमनगर वार्ड
छावनी हुसैनुद्दीन,Sadar-5,7000,28000,,0084,76,नगरीय क्षेत्र,ward 076 कशमीरी मोहल्ला वार्ड
छोटे साहब आलम रोड,Sadar-5,10500,28000,,0083,77,नगरीय क्षेत्र,ward 076 कशमीरी मोहल्ला वार्ड
जलालपुर,Sadar-5,8500,32500,,0038,78,नगरीय क्षेत्र,ward 072 आलमनगर वार्ड
जमुना झील,Sadar-5,7000,28000,,0159,79,नगरीय क्षेत्र,ward 082 मालवीय नगर वार्ड
जलालपुर से काटन मिल तक,Sadar-5,16500,35500,,0181,80,नगरीय क्षेत्र,ward 084 राजाजीपुरम वार्ड
जाफ़रखेड़ा,Sadar-5,20000,35500,,0125,81,नगरीय क्षेत्र,ward 079 चित्रगुप्त नगर वार्ड
जाहिद नगर,Sadar-5,5500,28000,,0244,82,नगरीय क्षेत्र,ward 089 हैदरगंज वार्ड
ज़ेरे खंदक,Sadar-5,8500,28000,,0103,83,नगरीय क्षेत्र,ward 078 गढ़ीपीर खां वार्ड
जोशी टोला,Sadar-5,8500,32500,,0147,84,नगरीय क्षेत्र,ward 081 भवानीगंज वार्ड
जौहरी मोहल्ला,Sadar-5,12500,40000,,0007,85,नगरीय क्षेत्र,ward 070 अशर्फाबाद वार्ड
झरियन तालाब,Sadar-5,6000,28000,,0106,86,नगरीय क्षेत्र,ward 078 गढ़ीपीर खां वार्ड
झवाई टोला,Sadar-5,10500,35500,,0174,87,नगरीय क्षेत्र,ward 083 मौलाना कल्बे आबिद वार्ड
टकसाल,Sadar-5,8000,32500,,0008,88,नगरीय क्षेत्र,ward 070 अशर्फाबाद वार्ड
टापेवाली गली,Sadar-5,11500,32500,,0283,89,नगरीय क्षेत्र,ward 076 कशमीरी मोहल्ला वार्ड
टिकरी खुर्द,Sadar-5,7000,28000,,0085,90,नगरीय क्षेत्र,ward 076 कशमीरी मोहल्ला वार्ड
टिकरी जुलाहान,Sadar-5,7000,28000,,0104,91,नगरीय क्षेत्र,ward 078 गढ़ीपीर खां वार्ड
टिकली,Sadar-5,6000,28000,,0105,92,नगरीय क्षेत्र,ward 078 गढ़ीपीर खां वार्ड
टिकैतराय,Sadar-5,14500,35500,,0299,93,नगरीय क्षेत्र,ward 085 लेबर कालोनी वार्ड
टिकैतगंज पुराना,Sadar-5,21500,35500,,0234,94,नगरीय क्षेत्र,ward 088 शीतलादेवी वार्ड
टिकैत राय तालाब कालोनी,Sadar-5,16500,35500,,0235,95,नगरीय क्षेत्र,ward 088 शीतलादेवी वार्ड
डाक्टरखेड़ा,Sadar-5,8500,32500,28400000,0278,96,नगरीय क्षेत्र,ward 072 आलमनगर वार्ड
डिप्टीखेड़ा,Sadar-5,8500,32500,28400000,0276,97,नगरीय क्षेत्र,ward 072 आलमनगर वार्ड
तकिया नुसरत अली,Sadar-5,10500,35500,,0175,98,नगरीय क्षेत्र,ward 083 मौलाना कल्बे आबिद वार्ड
तम्बाकू नगर,Sadar-5,5500,28000,,0245,99,नगरीय क्षेत्र,ward 089 हैदरगंज वार्ड
तालकटोरा रोड मोहल्ला,Sadar-5,16500,40000,,0079,100,नगरीय क्षेत्र,ward 075 केसरी खेड़ा वार्ड
तालकटोरा की आबादी,Sadar-5,16500,35500,,0182,101,नगरीय क्षेत्र,ward 084 राजाजीपुरम वार्ड
तिवारीपुरम्,Sadar-5,20000,35500,,0126,102,नगरीय क्षेत्र,ward 079 चित्रगुप्त नगर वार्ड
तुलसीदास मार्ग मोहल्ला,Sadar-5,16500,40000,,0009,103,नगरीय क्षेत्र,ward 070 अशर्फाबाद वार्ड
तुलसीदास मार्ग मोहल्ला,Sadar-5,16500,40000,,0281,104,नगरीय क्षेत्र,ward 073 ऐशबाग वार्ड
तेजीखेड़ा,Sadar-5,11500,40000,,0073,105,नगरीय क्षेत्र,ward 075 केसरी खेड़ा वार्ड
त्रिमिनी गंज,Sadar-5,8500,35500,,0236,106,नगरीय क्षेत्र,ward 088 शीतलादेवी वार्ड
थाली वाली गली,Sadar-5,8500,32500,,0144,107,नगरीय क्षेत्र,ward 080 जलसंस्थान वार्ड
दलाली मोहल्ला,Sadar-5,7000,27000,,0010,108,नगरीय क्षेत्र,ward 070 अशर्फाबाद वार्ड
दरगाह हज़रत अब्बास रोड के पुराने चबूतरे से कशमीरी मोहल्ले चौराहे तक,Sadar-5,7000,28000,,0086,109,नगरीय क्षेत्र,ward 076 कशमीरी मोहल्ला वार्ड
दरियापुर,Sadar-5,16500,35500,,0183,110,नगरीय क्षेत्र,ward 084 राजाजीपुरम वार्ड
दरियापुर कालोनी,Sadar-5,16500,35500,,0187,111,नगरीय क्षेत्र,ward 085 लेबर कालोनी वार्ड
दरगाह रोड,Sadar-5,8500,28000,,0214,112,नगरीय क्षेत्र,ward 087 सआदतगंज वार्ड
दारूगोदाम,Sadar-5,6000,28000,,0160,113,नगरीय क्षेत्र,ward 082 मालवीय नगर वार्ड
दीनदयाल रोड,Sadar-5,21500,53000,,0011,114,नगरीय क्षेत्र,ward 070 अशर्फाबाद वार्ड
दीप नगर,Sadar-5,11500,40000,,0075,115,नगरीय क्षेत्र,ward 075 केसरी खेड़ा वार्ड
दुर्गादीन,Sadar-5,7000,28000,,0213,116,नगरीय क्षेत्र,ward 087 सआदतगंज वार्ड
देवपुर,Sadar-5,11500,40000,33300000,0074,117,नगरीय क्षेत्र,ward 075 केसरी खेड़ा वार्ड
धर्मवीर नगर,Sadar-5,10500,35500,,0024,118,नगरीय क्षेत्र,ward 071 अम्बेडकर नगर वार्ड
धनहर खेड़ा,Sadar-5,8500,32500,28400000,0275,119,नगरीय क्षेत्र,ward 072 आलमनगर वार्ड
धौधा खेड़ा (दौदाखेडा),Sadar-5,11500,40000,,0070,120,नगरीय क्षेत्र,ward 075 केसरी खेड़ा वार्ड
नरपतखेड़ा,Sadar-5,8500,32500,28400000,0271,121,नगरीय क्षेत्र,ward 072 आलमनगर वार्ड
नन्दाखेड़ा,Sadar-5,8500,35500,,0049,122,नगरीय क्षेत्र,ward 073 ऐशबाग वार्ड
नरायन गार्डेन,Sadar-5,13000,35500,,0282,123,नगरीय क्षेत्र,ward 074 कन्हैया माधवपुर वार्ड
नन्दा खेड़ा,Sadar-5,8500,35500,,0188,124,नगरीय क्षेत्र,ward 085 लेबर कालोनी वार्ड
नया जी.एच.कैनाल कालोनी से मोहान रोड तक,Sadar-5,19000,44500,,0189,125,नगरीय क्षेत्र,ward 085 लेबर कालोनी वार्ड
नरीमनपुरवा,Sadar-5,5500,28000,,0246,126,नगरीय क्षेत्र,ward 089 हैदरगंज वार्ड
न्यू श्रीनगर,Sadar-5,16500,35500,,0289,127,नगरीय क्षेत्र,ward 079 चित्रगुप्त नगर वार्ड
नूरबाड़ी,Sadar-5,8500,28000,,0087,128,नगरीय क्षेत्र,ward 076 कशमीरी मोहल्ला वार्ड
नूरबेग हाता,Sadar-5,8500,28000,,0108,129,नगरीय क्षेत्र,ward 078 गढ़ीपीर खां वार्ड
नेवाती टोला,Sadar-5,8000,28000,,0107,130,नगरीय क्षेत्र,ward 078 गढ़ीपीर खां वार्ड
नौबस्ता,Sadar-5,7000,35500,,0215,131,नगरीय क्षेत्र,ward 087 सआदतगंज वार्ड
नौबस्ता,Sadar-5,7000,35500,,0237,132,नगरीय क्षेत्र,ward 088 शीतलादेवी वार्ड
पक्का बाग,Sadar-5,9000,28000,,0247,133,नगरीय क्षेत्र,ward 089 हैदरगंज वार्ड
परसहा उत्तरी,Sadar-5,5500,25500,,0217,134,नगरीय क्षेत्र,ward 087 सआदतगंज वार्ड
प्रकाशपुरम,Sadar-5,10500,35500,,0048,135,नगरीय क्षेत्र,ward 073 ऐशबाग वार्ड
प्रताप नगर,Sadar-5,23500,35500,,0287,136,नगरीय क्षेत्र,ward 079 चित्रगुप्त नगर वार्ड
पाण्डे का तालाब कालोनी,Sadar-5,11500,35500,,0025,137,नगरीय क्षेत्र,ward 071 अम्बेडकर नगर वार्ड
पारा,Sadar-5,8500,32500,28400000,0039,138,नगरीय क्षेत्र,ward 072 आलमनगर वार्ड
पाण्डे का तालाब,Sadar-5,11500,40000,,0047,139,नगरीय क्षेत्र,ward 073 ऐशबाग वार्ड
पाण्डे का तालाब,Sadar-5,11500,35500,,0161,140,नगरीय क्षेत्र,ward 082 मालवीय नगर वार्ड
पान दरीबा,Sadar-5,6000,28000,,0216,141,नगरीय क्षेत्र,ward 087 सआदतगंज वार्ड
पिंकसिटी,Sadar-5,9000,28000,,0248,142,नगरीय क्षेत्र,ward 089 हैदरगंज वार्ड
पीताम्बर खेड़ा,Sadar-5,8500,32500,,0040,143,नगरीय क्षेत्र,ward 072 आलमनगर वार्ड
पीर बक्का,Sadar-5,10500,27000,,0286,144,नगरीय क्षेत्र,ward 077 कुवर ज्योति प्रसाद वार्ड
पुरानी आबादी,Sadar-5,10500,27000,,0285,145,नगरीय क्षेत्र,ward 077 कुवर ज्योति प्रसाद वार्ड
पुराना नक्खास,Sadar-5,12500,35500,,0012,146,नगरीय क्षेत्र,ward 070 अशर्फाबाद वार्ड
पुलगुलाम हुसौन,Sadar-5,8500,32500,,0088,147,नगरीय क्षेत्र,ward 076 कशमीरी मोहल्ला वार्ड
पुराना चबूतरा,Sadar-5,8500,32500,,0089,148,नगरीय क्षेत्र,ward 076 कशमीरी मोहल्ला वार्ड
पुलगुलाम हुसैन रोड,Sadar-5,11500,35500,,0173,149,नगरीय क्षेत्र,ward 083 मौलाना कल्बे आबिद वार्ड
पुरानी चुंगी नाका,Sadar-5,16500,35500,,0184,150,नगरीय क्षेत्र,ward 084 राजाजीपुरम वार्ड
पूर्वीदीनखेड़ा,Sadar-5,8500,32500,28400000,0272,151,नगरीय क्षेत्र,ward 072 आलमनगर वार्ड
प्रेमवती नगर,Sadar-5,8000,35500,,0026,152,नगरीय क्षेत्र,ward 071 अम्बेडकर नगर वार्ड
फरीदीपुर,Sadar-5,8500,35500,25400000,0057,153,नगरीय क्षेत्र,ward 074 कन्हैया माधवपुर वार्ड
फतुवाबाद,Sadar-5,7000,25500,,0218,154,नगरीय क्षेत्र,ward 087 सआदतगंज वार्ड
फाजिल नगर,Sadar-5,7000,28000,,0109,155,नगरीय क्षेत्र,ward 078 गढ़ीपीर खां वार्ड
फिरंगी महल,Sadar-5,7000,35500,,0013,156,नगरीय क्षेत्र,ward 070 अशर्फाबाद वार्ड
बरौरा हुसैनबाड़ी,Sadar-5,10500,35500,33300000,0058,157,नगरीय क्षेत्र,ward 074 कन्हैया माधवपुर वार्ड
बहादुरखेड़ा,Sadar-5,16500,35500,,0128,158,नगरीय क्षेत्र,ward 079 चित्रगुप्त नगर वार्ड
बजरंग नगर,Sadar-5,23500,35500,,0266,159,नगरीय क्षेत्र,ward 079 चित्रगुप्त नगर वार्ड
बरूवाहार,Sadar-5,7000,35500,,0162,160,नगरीय क्षेत्र,ward 082 मालवीय नगर वार्ड
बदली बाजार सुलतानपुर गढ़ैया,Sadar-5,8500,28000,,0220,161,नगरीय क्षेत्र,ward 087 सआदतगंज वार्ड
बदली बाजार,Sadar-5,8500,28000,,0221,162,नगरीय क्षेत्र,ward 087 सआदतगंज वार्ड
ब्रह्मणी टोला,Sadar-5,5500,35500,,0240,163,नगरीय क्षेत्र,ward 088 शीतलादेवी वार्ड
बादशाहखेड़ा,Sadar-5,8500,32500,28400000,0277,164,नगरीय क्षेत्र,ward 072 आलमनगर वार्ड
बाबा हज़ारा बाग़,Sadar-5,8500,28000,,0110,165,नगरीय क्षेत्र,ward 078 गढ़ीपीर खां वार्ड
बाजार खाला,Sadar-5,11500,32500,,0148,166,नगरीय क्षेत्र,ward 081 भवानीगंज वार्ड
बाग शीतलाजी,Sadar-5,5500,35500,,0238,167,नगरीय क्षेत्र,ward 088 शीतलादेवी वार्ड
बिहारीपुर उत्तरी भाग,Sadar-5,10500,28000,,0219,168,नगरीय क्षेत्र,ward 087 सआदतगंज वार्ड
बिहारीपुर,Sadar-5,10500,27000,,0260,169,नगरीय क्षेत्र,ward 090 हरदीन रामनगर वार्ड
बीबीखेड़ा,Sadar-5,8500,32500,28400000,0279,170,नगरीय क्षेत्र,ward 072 आलमनगर वार्ड
बीबीगंज,Sadar-5,9000,28000,,0249,171,नगरीय क्षेत्र,ward 089 हैदरगंज वार्ड
बुलाकी अड्डा,Sadar-5,16500,35500,,0190,172,नगरीय क्षेत्र,ward 085 लेबर कालोनी वार्ड
बुद्धूलाल तिवारी रोड,Sadar-5,5500,35500,,0239,173,नगरीय क्षेत्र,ward 088 शीतलादेवी वार्ड
बेगरिया,Sadar-5,10500,35500,33300000,0059,174,नगरीय क्षेत्र,ward 074 कन्हैया माधवपुर वार्ड
बेदन टोला,Sadar-5,7000,28000,,0111,175,नगरीय क्षेत्र,ward 078 गढ़ीपीर खां वार्ड
बेलदारी (बेलवारी),Sadar-5,5500,28000,,0222,176,नगरीय क्षेत्र,ward 087 सआदतगंज वार्ड
बौरागी टोला,Sadar-5,7000,35500,,0156,177,नगरीय क्षेत्र,ward 081 भवानीगंज वार्ड
भरतपुरी,Sadar-5,7000,35500,,0027,178,नगरीय क्षेत्र,ward 071 अम्बेडकर नगर वार्ड
भदेवां नई बस्ती,Sadar-5,10500,35500,,0050,179,नगरीय क्षेत्र,ward 073 ऐशबाग वार्ड
भदेवां साबिक,Sadar-5,13000,32500,,0149,180,नगरीय क्षेत्र,ward 081 भवानीगंज वार्ड
भदेवां,Sadar-5,13000,32500,,0150,181,नगरीय क्षेत्र,ward 081 भवानीगंज वार्ड
भवानीगंज,Sadar-5,13000,32500,,0151,182,नगरीय क्षेत्र,ward 081 भवानीगंज वार्ड
भपटामऊ,Sadar-5,9000,28000,28400000,0250,183,नगरीय क्षेत्र,ward 089 हैदरगंज वार्ड
भूसामण्डी चौराहा,Sadar-5,6000,35500,,0028,184,नगरीय क्षेत्र,ward 071 अम्बेडकर नगर वार्ड
भूहर,Sadar-5,8000,28000,25400000,0251,185,नगरीय क्षेत्र,ward 089 हैदरगंज वार्ड
भोलाखेड़ा,Sadar-5,16500,35500,,0127,186,नगरीय क्षेत्र,ward 079 चित्रगुप्त नगर वार्ड
भोलाखेड़ा,Sadar-5,8500,32500,,0294,187,नगरीय क्षेत्र,ward 082 मालवीय नगर वार्ड
मरदनखेड़ा,Sadar-5,8500,32500,,0041,188,नगरीय क्षेत्र,ward 072 आलमनगर वार्ड
मन्सूर नगर,Sadar-5,11500,32500,,0090,189,नगरीय क्षेत्र,ward 076 कशमीरी मोहल्ला वार्ड
महमूद नगर,Sadar-5,9000,35500,,0177,190,नगरीय क्षेत्र,ward 083 मौलाना कल्बे आबिद वार्ड
मल्हपुर,Sadar-5,9000,28000,28400000,0252,191,नगरीय क्षेत्र,ward 089 हैदरगंज वार्ड
माधवपुर,Sadar-5,7000,35500,25400000,0060,192,नगरीय क्षेत्र,ward 074 कन्हैया माधवपुर वार्ड
मालवीय नगर,Sadar-5,23500,35500,,0288,193,नगरीय क्षेत्र,ward 079 चित्रगुप्त नगर वार्ड
मास्टर कन्हैयालाल रोड,Sadar-5,16500,35500,,0267,194,नगरीय क्षेत्र,ward 080 जलसंस्थान वार्ड
मालवीय नगर,Sadar-5,13000,35500,,0163,195,नगरीय क्षेत्र,ward 082 मालवीय नगर वार्ड
मातादीन शुक्ल रोड,Sadar-5,13000,32500,,0223,196,नगरीय क्षेत्र,ward 087 सआदतगंज वार्ड
मिल रोड,Sadar-5,13000,40000,,0029,197,नगरीय क्षेत्र,ward 071 अम्बेडकर नगर वार्ड
मुन्नूखेड़ा,Sadar-5,8500,32500,28400000,0274,198,नगरीय क्षेत्र,ward 072 आलमनगर वार्ड
मुराई टोला,Sadar-5,8500,32500,,0042,199,नगरीय क्षेत्र,ward 072 आलमनगर वार्ड
मुराऊ टोला,Sadar-5,10500,53000,,0097,200,नगरीय क्षेत्र,ward 077 कुवर ज्योति प्रसाद वार्ड
मेहताविहार,Sadar-5,13000,35500,,0061,201,नगरीय क्षेत्र,ward 074 कन्हैया माधवपुर वार्ड
मेंहदीगंज,Sadar-5,11500,32500,,0152,202,नगरीय क्षेत्र,ward 081 भवानीगंज वार्ड
मोअज़्ज़म नगर,Sadar-5,11500,35500,,0091,203,नगरीय क्षेत्र,ward 076 कशमीरी मोहल्ला वार्ड
मोहान रोड का पश्चिमी भाग,Sadar-5,11500,53000,,0095,204,नगरीय क्षेत्र,ward 077 कुवर ज्योति प्रसाद वार्ड
मोअज़्ज़म नगर,Sadar-5,11500,35500,,0112,205,नगरीय क्षेत्र,ward 078 गढ़ीपीर खां वार्ड
मोतीझील,Sadar-5,13000,35500,,0293,206,नगरीय क्षेत्र,ward 082 मालवीय नगर वार्ड
मोहम्मदगंज,Sadar-5,8500,32500,,0225,207,नगरीय क्षेत्र,ward 087 सआदतगंज वार्ड
मोहान रोड का दक्षिणी भाग,Sadar-5,11500,35500,,0261,208,नगरीय क्षेत्र,ward 090 हरदीन रामनगर वार्ड
मैदान एल.एच. खांन,Sadar-5,8500,35500,,0176,209,नगरीय क्षेत्र,ward 083 मौलाना कल्बे आबिद वार्ड
यासीनगंज,Sadar-5,11500,35500,,0113,210,नगरीय क्षेत्र,ward 078 गढ़ीपीर खां वार्ड
रज्जबगंज,Sadar-5,11500,35500,,0114,211,नगरीय क्षेत्र,ward 078 गढ़ीपीर खां वार्ड
रमना,Sadar-5,9000,28000,,0253,212,नगरीय क्षेत्र,ward 089 हैदरगंज वार्ड
रूस्तम नगर,Sadar-5,8500,35500,,0178,213,नगरीय क्षेत्र,ward 083 मौलाना कल्बे आबिद वार्ड
रूकमुद्दीन,Sadar-5,7000,32500,,0224,214,नगरीय क्षेत्र,ward 087 सआदतगंज वार्ड
रूकन्दीपुर,Sadar-5,8500,28000,,0262,215,नगरीय क्षेत्र,ward 090 हरदीन रामनगर वार्ड
राजाजीपुरम ब्लाक ए,Sadar-5,25500,53000,,0185,216,नगरीय क्षेत्र,ward 084 राजाजीपुरम वार्ड
राजाजीपुरम ब्लाक बी,Sadar-5,25500,53000,,0295,217,नगरीय क्षेत्र,ward 084 राजाजीपुरम वार्ड
राजाजीपुरम ब्लाक सी,Sadar-5,25500,53000,,0296,218,नगरीय क्षेत्र,ward 084 राजाजीपुरम वार्ड
राजाजीपुरम ब्लाक सी,Sadar-5,25500,53000,,0191,219,नगरीय क्षेत्र,ward 085 लेबर कालोनी वार्ड
राजाजीपुरम ब्लाक डी,Sadar-5,25500,53000,,0297,220,नगरीय क्षेत्र,ward 084 राजाजीपुरम वार्ड
राजाजीपुरम ब्लाक डी,Sadar-5,25500,53000,,0298,221,नगरीय क्षेत्र,ward 085 लेबर कालोनी वार्ड
राजाजीपुरम न्यू सी ब्लाक,Sadar-5,25500,53000,,0264,222,नगरीय क्षेत्र,ward 090 हरदीन रामनगर वार्ड
राजाजीपुरम ई ब्लाक,Sadar-5,25500,53000,,0094,223,नगरीय क्षेत्र,ward 077 कुवर ज्योति प्रसाद वार्ड
राजाजीपुरम ई ब्लाक,Sadar-5,25500,53000,,0263,224,नगरीय क्षेत्र,ward 090 हरदीन रामनगर वार्ड
राजाजी पुरम एफ ब्लाक,Sadar-5,25500,53000,,0096,225,नगरीय क्षेत्र,ward 077 कुवर ज्योति प्रसाद वार्ड
रामनगर,Sadar-5,11500,35500,,0115,226,नगरीय क्षेत्र,ward 078 गढ़ीपीर खां वार्ड
रिफ्यूजी कालोनी,Sadar-5,10500,32500,,0290,227,नगरीय क्षेत्र,ward 080 जलसंस्थान वार्ड
लखनऊ हरदोई रेलवे का पश्चिमी भाग,Sadar-5,8000,32500,,0043,228,नगरीय क्षेत्र,ward 072 आलमनगर वार्ड
लक्ष्मनगंज,Sadar-5,13000,35500,,0051,229,नगरीय क्षेत्र,ward 073 ऐशबाग वार्ड
लकड़मंडी,Sadar-5,10500,32500,,0226,230,नगरीय क्षेत्र,ward 087 सआदतगंज वार्ड
लकड़मण्डी,Sadar-5,10500,32500,,0254,231,नगरीय क्षेत्र,ward 089 हैदरगंज वार्ड
लाईन खेड़ा,Sadar-5,11500,35500,,0193,232,नगरीय क्षेत्र,ward 085 लेबर कालोनी वार्ड
लाला बाग,Sadar-5,9000,28000,,0304,233,नगरीय क्षेत्र,ward 089 हैदरगंज वार्ड
लेबर कालोनी,Sadar-5,14500,35500,,0192,234,नगरीय क्षेत्र,ward 085 लेबर कालोनी वार्ड
लोटनपुरवा,Sadar-5,5500,32500,,0153,235,नगरीय क्षेत्र,ward 081 भवानीगंज वार्ड
वरदानी मन्दिर,Sadar-5,13000,35500,,0062,236,नगरीय क्षेत्र,ward 074 कन्हैया माधवपुर वार्ड
वाटर वर्कस से गोपीनाथ लक्ष्मणदास रस्तोगी रोड से शंकर दयाल रोड तक,Sadar-5,13000,44500,,0145,237,नगरीय क्षेत्र,ward 080 जलसंस्थान वार्ड
विजय खेड़ा,Sadar-5,8500,32500,,0030,238,नगरीय क्षेत्र,ward 071 अम्बेडकर नगर वार्ड
विक्टोरिया स्ट्रीट मोहल्ला,Sadar-5,16500,40000,,0052,239,नगरीय क्षेत्र,ward 073 ऐशबाग वार्ड
विक्टोरियागंज मुहल्ला,Sadar-5,16500,40000,,0054,240,नगरीय क्षेत्र,ward 073 ऐशबाग वार्ड
विक्रम नगर,Sadar-5,11500,40000,,0076,241,नगरीय क्षेत्र,ward 075 केसरी खेड़ा वार्ड
विजय नगर,Sadar-5,23500,35500,,0129,242,नगरीय क्षेत्र,ward 079 चित्रगुप्त नगर वार्ड
विनय नगर,Sadar-5,23500,35500,,0130,243,नगरीय क्षेत्र,ward 079 चित्रगुप्त नगर वार्ड
विक्टोरिया गंज स्ट्रीट,Sadar-5,16500,40000,,0154,244,नगरीय क्षेत्र,ward 081 भवानीगंज वार्ड
श्याम नगर,Sadar-5,16500,44500,,0135,245,नगरीय क्षेत्र,ward 079 चित्रगुप्त नगर वार्ड
शाहगंज,Sadar-5,9000,35500,,0016,246,नगरीय क्षेत्र,ward 070 अशर्फाबाद वार्ड
शारदा कैनाल कालोनी कानपुर रोड का पश्चिमी भाग,Sadar-5,11500,35500,,0137,247,नगरीय क्षेत्र,ward 079 चित्रगुप्त नगर वार्ड
शाहपुर भमरौली,Sadar-5,7000,25500,25400000,0257,248,नगरीय क्षेत्र,ward 089 हैदरगंज वार्ड
शिवपुरी,Sadar-5,8500,32500,,0269,249,नगरीय क्षेत्र,ward 072 आलमनगर वार्ड
शिवम नगर,Sadar-5,11500,40000,,0078,250,नगरीय क्षेत्र,ward 075 केसरी खेड़ा वार्ड
शीतल खेड़ा,Sadar-5,8500,32500,,0164,251,नगरीय क्षेत्र,ward 082 मालवीय नगर वार्ड
शेखपुर हबीबपुर,Sadar-5,8500,32500,,0230,252,नगरीय क्षेत्र,ward 087 सआदतगंज वार्ड
श्रमबिहार नगर,Sadar-5,7000,32500,,0031,253,नगरीय क्षेत्र,ward 071 अम्बेडकर नगर वार्ड
श्रंगार नगर,Sadar-5,30500,44500,,0131,254,नगरीय क्षेत्र,ward 079 चित्रगुप्त नगर वार्ड
श्रीनगर,Sadar-5,16500,35500,,0136,255,नगरीय क्षेत्र,ward 079 चित्रगुप्त नगर वार्ड
सराय बांस,Sadar-5,7000,35500,,0014,256,नगरीय क्षेत्र,ward 070 अशर्फाबाद वार्ड
सरांय बीच,Sadar-5,8500,35500,,0015,257,नगरीय क्षेत्र,ward 070 अशर्फाबाद वार्ड
सरीपुरा,Sadar-5,8500,32500,,0044,258,नगरीय क्षेत्र,ward 072 आलमनगर वार्ड
सरदार नगर,Sadar-5,11500,35500,,0063,259,नगरीय क्षेत्र,ward 074 कन्हैया माधवपुर वार्ड
समनाम गार्डेन,Sadar-5,13000,35500,,0064,260,नगरीय क्षेत्र,ward 074 कन्हैया माधवपुर वार्ड
समर बिहार कालोनी,Sadar-5,25500,44500,,0134,261,नगरीय क्षेत्र,ward 079 चित्रगुप्त नगर वार्ड
सआदतगंज,Sadar-5,10500,35500,,0227,262,नगरीय क्षेत्र,ward 087 सआदतगंज वार्ड
समराही,Sadar-5,8500,32500,,0229,263,नगरीय क्षेत्र,ward 087 सआदतगंज वार्ड
सराय मुगल,Sadar-5,5500,32500,,0228,264,नगरीय क्षेत्र,ward 087 सआदतगंज वार्ड
संतोषी खेड़ा,Sadar-5,8500,32500,,0280,265,नगरीय क्षेत्र,ward 072 आलमनगर वार्ड
सुप्पारौस,Sadar-5,8500,35500,,0194,266,नगरीय क्षेत्र,ward 085 लेबर कालोनी वार्ड
सिरके वाली गली,Sadar-5,11500,32500,,0092,267,नगरीय क्षेत्र,ward 076 कशमीरी मोहल्ला वार्ड
सिंधु नगर,Sadar-5,23500,44500,,0132,268,नगरीय क्षेत्र,ward 079 चित्रगुप्त नगर वार्ड
सिन्डर्स डम्ब योजना (एल डी ए),Sadar-5,27000,35500,,0138,269,नगरीय क्षेत्र,ward 079 चित्रगुप्त नगर वार्ड
सुलतान बहादुर रोड,Sadar-5,11500,32500,,0284,270,नगरीय क्षेत्र,ward 076 कशमीरी मोहल्ला वार्ड
सुभाष नगर,Sadar-5,23500,44500,,0133,271,नगरीय क्षेत्र,ward 079 चित्रगुप्त नगर वार्ड
सूर्य नगर,Sadar-5,11500,40000,,0077,272,नगरीय क्षेत्र,ward 075 केसरी खेड़ा वार्ड
सेनटरी रोड,Sadar-5,11500,35500,,0179,273,नगरीय क्षेत्र,ward 083 मौलाना कल्बे आबिद वार्ड
सोनापुरम,Sadar-5,9000,28000,,0255,274,नगरीय क्षेत्र,ward 089 हैदरगंज वार्ड
सोनाबिहार,Sadar-5,9000,28000,,0256,275,नगरीय क्षेत्र,ward 089 हैदरगंज वार्ड
हड्डी खेड़ा,Sadar-5,7000,32500,,0032,276,नगरीय क्षेत्र,ward 071 अम्बेडकर नगर वार्ड
हरचन्दपुर गढ़ी कनौरा,Sadar-5,9000,35500,,0033,277,नगरीय क्षेत्र,ward 071 अम्बेडकर नगर वार्ड
हसनपुरिया,Sadar-5,8000,35500,,0180,278,नगरीय क्षेत्र,ward 083 मौलाना कल्बे आबिद वार्ड
हज़रत अब्बास रोड,Sadar-5,8500,32500,,0231,279,नगरीय क्षेत्र,ward 087 सआदतगंज वार्ड
हसनगंज बावली,Sadar-5,11500,32500,,0232,280,नगरीय क्षेत्र,ward 087 सआदतगंज वार्ड
हंसखेड़ा,Sadar-5,8500,32500,,0270,281,नगरीय क्षेत्र,ward 072 आलमनगर वार्ड
हाता संगीबेग,Sadar-5,7000,35500,,0017,282,नगरीय क्षेत्र,ward 070 अशर्फाबाद वार्ड
हाता गुरदास मल,Sadar-5,6000,35500,,0116,283,नगरीय क्षेत्र,ward 078 गढ़ीपीर खां वार्ड
हिन्द नगर कालोनी,Sadar-5,7000,35500,,0053,284,नगरीय क्षेत्र,ward 073 ऐशबाग वार्ड
हैदरगंज क़दीम (पुराना),Sadar-5,10500,35500,,0155,285,नगरीय क्षेत्र,ward 081 भवानीगंज वार्ड
हैदरगंज,Sadar-5,8500,25500,,0258,286,नगरीय क्षेत्र,ward 089 हैदरगंज वार्ड
अतरौली,Mohanlalganj,7000,28000,3700000,,1,,101 मोहनलाल गंज
अकबरपुर बेनीगंज,Mohanlalganj,3500,23000,2100000,,2,,102 निगोहाँ
अकरहदू,Mohanlalganj,3200,23000,2000000,,3,,101 मोहनलाल गंज
अमरावती आई टी सिटी,Mohanlalganj,25000,40000,,,4,,101 मोहनलालगंज
अनैया खरगापुर,Mohanlalganj,4000,23000,2300000,,5,,101 मोहनलाल गंज
आदमपुर नौबस्ता,Mohanlalganj,4000,23000,2300000,,6,,101 मोहनलाल गंज
अस्ती,Mohanlalganj,3200,23000,2000000,,7,,101 मोहनलाल गंज
असलम नगर,Mohanlalganj,3200,23000,2000000,,8,,101 मोहनलाल गंज
अहमदपुर खालसा,Mohanlalganj,3200,23000,2000000,,9,,101 मोहनलाल गंज
अहमदपुर आजम अली,Mohanlalganj,3200,23000,2000000,,10,,101 मोहनलाल गंज
अहमदपुर अहसान अली,Mohanlalganj,3200,23000,2000000,,11,,101 मोहनलाल गंज
अब्बास नगर,Mohanlalganj,3200,23000,2000000,,12,,101 मोहनलाल गंज
अघइया,Mohanlalganj,3000,23000,1800000,,13,,102 निगोहाँ
अलियामऊ,Mohanlalganj,3200,23000,2000000,,14,,101 मोहनलाल गंज
अमिलिहा खेडा,Mohanlalganj,3500,23000,2100000,,15,,102 निगोहाँ
अचली खेड़ा,Mohanlalganj,4000,23000,2300000,,16,,101 मोहनलाल गंज
अमेठी,Mohanlalganj,6000,32000,3300000,,17,,101 मोहनलाल गंज
अमवा मुर्तजापुर,Mohanlalganj,3200,23000,2000000,,18,,101 मोहनलाल गंज
इस्माइल नगर,Mohanlalganj,3200,23000,2000000,,19,,101 मोहनलाल गंज
इन्द्रजीत खेड़ा,Mohanlalganj,7000,28000,3700000,,20,,101 मोहनलाल गंज
इचवलिया,Mohanlalganj,3200,23000,2000000,,21,,101 मोहनलाल गंज
उतरावॉ,Mohanlalganj,4000,23000,2300000,,22,,101 मोहनलाल गंज
उदयपुर,Mohanlalganj,7000,28000,3700000,,23,,102 निगोहाँ
उत्तरगॉव,Mohanlalganj,7000,28000,3700000,,24,,102 निगोहाँ
कटरा नगराम,Mohanlalganj,6000,32000,3300000,,25,,101 मोहनलाल गंज
कनकहॉ,Mohanlalganj,7000,28000,3700000,,26,,102 निगोहाँ
कॉटा करौन्दी,Mohanlalganj,3200,23000,2000000,,27,,101 मोहनलाल गंज
कोरियानी,Mohanlalganj,10000,36000,6400000,,28,,101 मोहनलाल गंज
कोड़रा रायपुर,Mohanlalganj,3000,23000,1800000,,29,,102 निगोहाँ
कनेरी,Mohanlalganj,3200,23000,2000000,,30,,101 मोहनलाल गंज
काजी खेड़ा,Mohanlalganj,6000,32000,3300000,,31,,101 मोहनलाल गंज
कासिमपुर विरूहा,Mohanlalganj,10000,36000,6400000,,32,,101 मोहनलाल गंज
कासिमपुर विरूहा लखनउ ग्रीन्स,Mohanlalganj,15000,36000,,,33,,101 मोहनलाल गंज
कबीरपुर,Mohanlalganj,7000,28000,3700000,,34,,101 मोहनलाल गंज
करोरा,Mohanlalganj,4200,23000,2600000,,35,,101 मोहनलाल गंज
करोरवा,Mohanlalganj,3200,23000,2000000,,36,,101 मोहनलाल गंज
करनपुर,Mohanlalganj,3500,23000,2100000,,37,,102 निगोहाँ
करसन्डा,Mohanlalganj,3200,23000,2000000,,38,,101 मोहनलाल गंज
कमालपुर विचलिका,Mohanlalganj,4200,23000,2600000,,39,,101 मोहनलाल गंज
कपेरा मदार पुर,Mohanlalganj,4200,23000,2600000,,40,,101 मोहनलाल गंज
केवली,Mohanlalganj,4200,23000,2600000,,41,,101 मोहनलाल गंज
कुशमौरा,Mohanlalganj,3500,23000,2100000,,42,,102 निगोहाँ
कुतुबपुर,Mohanlalganj,3200,23000,2000000,,43,,101 मोहनलाल गंज
कुढ़ा,Mohanlalganj,3200,23000,2000000,,44,,101 मोहनलाल गंज
कुबहरा,Mohanlalganj,4200,23000,2600000,,45,,101 मोहनलाल गंज
खवास खेड़ा,Mohanlalganj,3200,23000,2000000,,46,,101 मोहनलाल गंज
खुजौली,Mohanlalganj,7000,28000,3700000,,47,,101 मोहनलाल गंज
खुजेहटा,Mohanlalganj,4000,23000,2300000,,48,,101 मोहनलाल गंज
खुददीखेडा,Mohanlalganj,3000,23000,1800000,,49,,102 निगोहाँ
गौतम खेडा,Mohanlalganj,3500,23000,2100000,,50,,102 निगोहाँ
गौरिया कलॉ,Mohanlalganj,4000,23000,2300000,,51,,101 मोहनलाल गंज
गौरिया खुर्द,Mohanlalganj,4000,23000,2300000,,52,,101 मोहनलाल गंज
गौरा,Mohanlalganj,7000,28000,3700000,,53,,101 मोहनलाल गंज
गढ़ी,Mohanlalganj,3200,23000,2000000,,54,,101 मोहनलाल गंज
गढ़ी मुस्तफाबाद,Mohanlalganj,3200,23000,2000000,,55,,101 मोहनलाल गंज
गढ़ा,Mohanlalganj,3200,23000,2000000,,56,,101 मोहनलाल गंज
गोविन्दपुर,Mohanlalganj,3000,23000,1800000,,57,,102 निगोहाँ
गोमी खेड़ा,Mohanlalganj,3200,23000,2000000,,58,,101 मोहनलाल गंज
गदियाना,Mohanlalganj,3200,23000,2000000,,59,,101 मोहनलाल गंज
घोड़सारा,Mohanlalganj,3200,23000,2000000,,60,,101 मोहनलाल गंज
घुसकर,Mohanlalganj,3200,23000,2000000,,61,,101 मोहनलाल गंज
चक कंजेहरा,Mohanlalganj,11000,28000,3800000,,62,,101 मोहनलाल गंज
चॉद सरांय,Mohanlalganj,10000,36000,6400000,,63,,101 मोहनलाल गंज
चौगानपुर,Mohanlalganj,3200,23000,2000000,,64,,101 मोहनलाल गंज
चौरासी,Mohanlalganj,10000,36000,6400000,,65,,101 मोहनलाल गंज
चौरहिया,Mohanlalganj,4000,23000,2300000,,66,,101 मोहनलाल गंज
चमर तलिया,Mohanlalganj,3200,23000,2000000,,67,,101 मोहनलाल गंज
छतौनी,Mohanlalganj,3200,23000,2000000,,68,,101 मोहनलाल गंज
जमालपुर ददुरी,Mohanlalganj,4200,23000,2600000,,69,,101 मोहनलाल गंज
जमालपुर कुरमीयान,Mohanlalganj,4000,23000,2300000,,70,,101 मोहनलाल गंज
जमौरिया,Mohanlalganj,3000,23000,1800000,,71,,102 निगोहाँ
जबरौली,Mohanlalganj,7000,28000,3700000,,72,,102 निगोहाँ
जहॉगीर पुर,Mohanlalganj,3200,23000,2000000,,73,,101 मोहनलाल गंज
जौखण्डी,Mohanlalganj,3200,23000,2000000,,74,,101 मोहनलाल गंज
टिकरा जुगराज,Mohanlalganj,4200,23000,2600000,,75,,101 मोहनलाल गंज
टिकरा,Mohanlalganj,4200,23000,2600000,,76,,102 निगोहाँ
डेहवा,Mohanlalganj,7000,28000,3700000,,77,,101 मोहनलाल गंज
डेवरिया भरसवा,Mohanlalganj,3500,23000,2100000,,78,,102 निगोहाँ
डलौना,Mohanlalganj,10000,36000,6400000,,79,,101 मोहनलाल गंज
डांडा सिकन्दर पुर,Mohanlalganj,3200,23000,2000000,,80,,101 मोहनलाल गंज
डिघारी,Mohanlalganj,3000,23000,1800000,,81,,102 निगोहाँ
ढखवा,Mohanlalganj,4200,23000,2600000,,82,,101 मोहनलाल गंज
तमोरिया,Mohanlalganj,3200,23000,2000000,,83,,101 मोहनलाल गंज
दाउदनगर,Mohanlalganj,10000,36000,6400000,,84,,101 मोहनलाल गंज
दाउद पुर सौदापुर,Mohanlalganj,3200,23000,2000000,,85,,101 मोहनलाल गंज
दयालपुर,Mohanlalganj,3000,23000,1800000,,86,,102 निगोहाँ
दखिनाशेखपुर,Mohanlalganj,3500,23000,2100000,,87,,102 निगोहाँ
दखिनवारा,Mohanlalganj,3200,23000,2000000,,88,,101 मोहनलाल गंज
दहियर,Mohanlalganj,7000,28000,3700000,,89,,101 मोहनलाल गंज
दौदामऊ,Mohanlalganj,3200,23000,2000000,,90,,101 मोहनलाल गंज
देहरा मऊ,Mohanlalganj,3200,23000,2000000,,91,,101 मोहनलाल गंज
देवती,Mohanlalganj,4200,23000,2600000,,92,,101 मोहनलाल गंज
देईटीकर,Mohanlalganj,4200,23000,2600000,,93,,101 मोहनलाल गंज
दुलारमऊ,Mohanlalganj,10000,36000,6400000,,94,,101 मोहनलाल गंज
दुल्हापुर हुसौनाबाद,Mohanlalganj,4200,23000,2600000,,95,,101 मोहनलाल गंज
धरमंगदत खेडा,Mohanlalganj,4000,23000,2300000,,96,,101 मोहनलाल गंज
धरमावत खेड़ा,Mohanlalganj,4000,23000,2300000,,97,,101 मोहनलाल गंज
धनुवासांड़,Mohanlalganj,3500,23000,2100000,,98,,102 निगोहाँ
धौरहरा,Mohanlalganj,4000,23000,2300000,,99,,101 मोहनलाल गंज
नन्दौली,Mohanlalganj,3000,23000,1800000,,100,,102 निगोहाँ
नगराम,Mohanlalganj,6000,32000,3300000,,101,,101 मोहनलाल गंज
नटौली,Mohanlalganj,3000,23000,1800000,,102,,102 निगोहाँ
नूर पुर बेहटा,Mohanlalganj,7000,28000,3700000,,103,,101 मोहनलाल गंज
निजामपुर,Mohanlalganj,3500,23000,2100000,,104,,101 मोहनलाल गंज
निगोहॉ,Mohanlalganj,7000,28000,3700000,,105,,102 निगोहाँ
पतौना,Mohanlalganj,3200,23000,2000000,,106,,101 मोहनलाल गंज
पंजसरा,Mohanlalganj,3200,23000,2000000,,107,,101 मोहनलाल गंज
पहाड़ नगर टिकरिया,Mohanlalganj,10000,36000,6400000,,108,,101 मोहनलाल गंज
पहासा,Mohanlalganj,3200,23000,2000000,,109,,101 मोहनलाल गंज
पिन्टेल पार्क सिटी,Mohanlalganj,25000,40000,,,110,,101 मोहनलालगंज
पूरनपुर,Mohanlalganj,5800,23000,5200000,,111,,101 मोहनलाल गंज
पुरसेनी ओमेगा सुरक्षा इनक्लेव,Mohanlalganj,20000,37000,,,112,,101 मोहनलाल गंज
पुरसेनी डी0एल0एफ0 योजना,Mohanlalganj,20000,37000,,,113,,101 मोहनलाल गंज
पुरसेनी,Mohanlalganj,10000,36000,6400000,,114,,101 मोहनलाल गंज
पुरहिया,Mohanlalganj,4000,23000,2300000,,115,,102 निगोहाँ
परसपुर ठट्ठा,Mohanlalganj,3000,23000,1800000,,116,,102 निगोहाँ
परेहटा,Mohanlalganj,7000,28000,3700000,,117,,101 मोहनलाल गंज
फरीदपुर,Mohanlalganj,4000,23000,2300000,,118,,101 मोहनलाल गंज
फतेहपुर,Mohanlalganj,4000,23000,2300000,,119,,101 मोहनलाल गंज
बजगहिया,Mohanlalganj,4000,23000,2300000,,120,,101 मोहनलाल गंज
बरूआ,Mohanlalganj,4000,23000,2300000,,121,,101 मोहनलाल गंज
बस्तौली,Mohanlalganj,4000,23000,2300000,,122,,101 मोहनलाल गंज
बस्तिया,Mohanlalganj,4000,23000,2300000,,123,,101 मोहनलाल गंज
बसरहिया,Mohanlalganj,4000,23000,2300000,,124,,101 मोहनलाल गंज
बक्कास,Mohanlalganj,11000,37000,7300000,,125,,101 मोहनलाल गंज
बरवारी,Mohanlalganj,4000,23000,2300000,,126,,101 मोहनलाल गंज
बधौली,Mohanlalganj,3200,23000,2000000,,127,,101 मोहनलाल गंज
बाजूपुर,Mohanlalganj,4000,23000,2300000,,128,,101 मोहनलाल गंज
बलसिंह खेडा,Mohanlalganj,4000,23000,2300000,,129,,101 मोहनलाल गंज
बलियाखेडा,Mohanlalganj,10000,36000,6400000,,130,,101 मोहनलाल गंज
बेली,Mohanlalganj,7000,28000,3700000,,131,,101 मोहनलाल गंज
बेली सिग्नेचर पार्क,Mohanlalganj,20000,37000,,,132,,101 मोहनलाल गंज
बरवलिया,Mohanlalganj,3000,23000,1800000,,133,,102 निगोहाँ
बघौना,Mohanlalganj,3000,23000,1800000,,134,,102 निगोहाँ
बेगरिया,Mohanlalganj,3200,23000,2000000,,135,,101 मोहनलाल गंज
बिरसिंहपुर,Mohanlalganj,3500,23000,2100000,,136,,102 निगोहाँ
बैरीशालपुर,Mohanlalganj,3500,23000,2100000,,137,,102 निगोहाँ
बेन्दौवा,Mohanlalganj,7000,28000,3700000,,138,,101 मोहनलाल गंज
ब्रह्मदासपुर,Mohanlalganj,3500,23000,2100000,,139,,102 निगोहाँ
बहरौली,Mohanlalganj,4000,23000,2300000,,140,,101 मोहनलाल गंज
भट्टी बरकतनगर,Mohanlalganj,4000,23000,2300000,,141,,101 मोहनलाल गंज
भटपुरा,Mohanlalganj,3500,23000,2100000,,142,,102 निगोहाँ
भीलमपुर,Mohanlalganj,3000,23000,1800000,,143,,102 निगोहाँ
भावाखेडा,Mohanlalganj,7000,28000,3700000,,144,,102 निगोहाँ
भगवानपुर,Mohanlalganj,3500,23000,2100000,,145,,102 निगोहाँ
भसण्डा,Mohanlalganj,7000,28000,3700000,,146,,102 निगोहाँ
भदेसवा,Mohanlalganj,3500,23000,2100000,,147,,102 निगोहाँ
भजमरमऊ,Mohanlalganj,3000,23000,1800000,,148,,102 निगोहाँ
भटवारा,Mohanlalganj,4300,23000,2900000,,149,,101 मोहनलाल गंज
भौंदरी,Mohanlalganj,7000,28000,3700000,,150,,102 निगोहाँ
भददीखेडा,Mohanlalganj,4000,23000,2300000,,151,,102 निगोहाँ
भौराखुर्द,Mohanlalganj,4000,23000,2300000,,152,,101 मोहनलाल गंज
भोराकला,Mohanlalganj,4000,23000,2300000,,153,,101 मोहनलाल गंज
मदारपुर,Mohanlalganj,4000,23000,2300000,,154,,101 मोहनलाल गंज
ममईमऊ,Mohanlalganj,3200,23000,2000000,,155,,101 मोहनलाल गंज
मगहुवा,Mohanlalganj,4000,23000,2300000,,156,,101 मोहनलाल गंज
मलौली,Mohanlalganj,4300,23000,2900000,,157,,101 मोहनलाल गंज
महमूदपुर,Mohanlalganj,4000,23000,2300000,,158,,101 मोहनलाल गंज
मलूकपुर ढकवा,Mohanlalganj,4000,23000,2300000,,159,,101 मोहनलाल गंज
मस्तेमऊ,Mohanlalganj,11000,37000,7300000,,160,,101 मोहनलाल गंज
मदापुर,Mohanlalganj,7000,28000,3700000,,161,,102 निगोहाँ
मदारीखेडा,Mohanlalganj,3500,23000,2100000,,162,,102 निगोहाँ
मऊ,Mohanlalganj,11000,37000,7300000,,163,,101 मोहनलाल गंज
महुराखुर्द,Mohanlalganj,7000,28000,3700000,,164,,101 मोहनलाल गंज
महुराकला,Mohanlalganj,7000,28000,3700000,,165,,101 मोहनलाल गंज
मस्तीपुर,Mohanlalganj,7000,28000,3700000,,166,,102 निगोहाँ
मेंहदौली,Mohanlalganj,3200,23000,2000000,,167,,101 मोहनलाल गंज
मोहिउददीनपुर,Mohanlalganj,4000,23000,2300000,,168,,101 मोहनलाल गंज
मोअज्जमनगर,Mohanlalganj,10000,36000,6400000,,169,,101 मोहनलाल गंज
मोहम्मद पुर गढी,Mohanlalganj,4000,23000,2300000,,170,,101 मोहनलाल गंज
मोहम्मदाबाद,Mohanlalganj,3200,23000,2000000,,171,,101 मोहनलाल गंज
मोहारी खुर्द,Mohanlalganj,7000,28000,3700000,,172,,101 मोहनलाल गंज
मोहारी कला,Mohanlalganj,7000,28000,3700000,,173,,101 मोहनलाल गंज
माढरमऊ खुर्द,Mohanlalganj,10000,36000,6400000,,174,,101 मोहनलाल गंज
माढरमऊ कला,Mohanlalganj,10000,36000,6400000,,175,,101 मोहनलाल गंज
मंगटैया,Mohanlalganj,3000,23000,1800000,,176,,102 निगोहाँ
मीरानपुर,Mohanlalganj,3000,23000,1800000,,177,,102 निगोहाँ
मीरकनगर,Mohanlalganj,4000,23000,2300000,,178,,101 मोहनलाल गंज
मीसा,Mohanlalganj,4000,23000,2300000,,179,,101 मोहनलाल गंज
मीनापुर,Mohanlalganj,4300,23000,2900000,,180,,102 निगोहाँ
मितौली आदमपुर,Mohanlalganj,3200,23000,2000000,,181,,101 मोहनलाल गंज
रामदासपुर,Mohanlalganj,3500,23000,2100000,,182,,102 निगोहाँ
रतियामऊ,Mohanlalganj,3200,23000,2000000,,183,,101 मोहनलाल गंज
रधुनाथ खेडा,Mohanlalganj,3000,23000,1800000,,184,,102 निगोहाँ
रतनापुर,Mohanlalganj,3000,23000,1800000,,185,,102 निगोहाँ
रहमतनगर,Mohanlalganj,7000,28000,3700000,,186,,101 मोहनलाल गंज
रसूलपुर टिकनिया मऊ,Mohanlalganj,4000,23000,2300000,,187,,101 मोहनलाल गंज
रसूलपुर आशिक अली,Mohanlalganj,4000,23000,2300000,,188,,101 मोहनलाल गंज
रामपुर गढी जमुनी,Mohanlalganj,3500,23000,2100000,,189,,102 निगोहाँ
रामभानखेडा,Mohanlalganj,4000,23000,2300000,,190,,101 मोहनलाल गंज
रायपुर,Mohanlalganj,3200,23000,2000000,,191,,101 मोहनलाल गंज
राती,Mohanlalganj,3000,23000,1800000,,192,,102 निगोहाँ
रकीबाबाद,Mohanlalganj,4300,23000,2900000,,193,,101 मोहनलाल गंज
लखपेड़ा,Mohanlalganj,7000,28000,3700000,,194,,101 मोहनलाल गंज
लालपुर,Mohanlalganj,3500,23000,2100000,,195,,102 निगोहाँ
शेखनापुर,Mohanlalganj,4000,23000,2300000,,196,,101 मोहनलाल गंज
शेरपुर लवल,Mohanlalganj,3500,23000,2100000,,197,,102 निगोहाँ
शाहमोहम्मदपुर अपैया,Mohanlalganj,3200,23000,2000000,,198,,101 मोहनलाल गंज
शाहजादेपुर,Mohanlalganj,3200,23000,2000000,,199,,101 मोहनलाल गंज
शिवलर,Mohanlalganj,7000,28000,3700000,,200,,101 मोहनलाल गंज
शिवढ़रा,Mohanlalganj,4000,23000,2300000,,201,,101 मोहनलाल गंज
सठवारा,Mohanlalganj,4000,23000,2300000,,202,,101 मोहनलाल गंज
सीफतनगर,Mohanlalganj,3200,23000,2000000,,203,,101 मोहनलाल गंज
सौनई कजेंहरा,Mohanlalganj,10000,36000,6400000,,204,,101 मोहनलाल गंज
सेल्हू मऊ,Mohanlalganj,4000,23000,2300000,,205,,101 मोहनलाल गंज
सेमनापुर,Mohanlalganj,4000,23000,2300000,,206,,101 मोहनलाल गंज
सेमरापीतपुर,Mohanlalganj,4000,23000,2300000,,207,,101 मोहनलाल गंज
सहसघाट,Mohanlalganj,3200,23000,2000000,,208,,101 मोहनलाल गंज
सुरियामऊ,Mohanlalganj,4000,23000,2300000,,209,,101 मोहनलाल गंज
सुल्सामऊ,Mohanlalganj,3500,23000,2100000,,210,,102 निगोहाँ
सुशांत गोल्फ सिटी अंसल,Mohanlalganj,20000,40000,,,211,,101 मोहनलाल गंज
सदरापुर,Mohanlalganj,3200,23000,2000000,,212,,101 मोहनलाल गंज
सदरपुर करोरा,Mohanlalganj,10000,36000,6400000,,213,,101 मोहनलाल गंज
सलौली,Mohanlalganj,4300,23000,2900000,,214,,101 मोहनलाल गंज
सलेमपुर अचाका,Mohanlalganj,4000,23000,2300000,,215,,101 मोहनलाल गंज
सलेमपुर,Mohanlalganj,7000,28000,3700000,,216,,101 मोहनलाल गंज
सल्लाहीमऊ,Mohanlalganj,4000,23000,2300000,,217,,101 मोहनलाल गंज
सरौना,Mohanlalganj,3200,23000,2000000,,218,,101 मोहनलाल गंज
सरायेकरोरा,Mohanlalganj,10000,36000,6400000,,219,,101 मोहनलाल गंज
सरई गुदौली,Mohanlalganj,4000,23000,2300000,,220,,101 मोहनलाल गंज
सरथुवा,Mohanlalganj,7000,28000,3700000,,221,,101 मोहनलाल गंज
समेसी,Mohanlalganj,7000,28000,3700000,,222,,101 मोहनलाल गंज
सिकन्दरपुर अमोलिया,Mohanlalganj,7000,28000,3700000,,223,,101 मोहनलाल गंज
सिठौलीकला,Mohanlalganj,7000,28000,3700000,,224,,101 मोहनलाल गंज
सिठौलीखुर्द,Mohanlalganj,7000,28000,3700000,,225,,101 मोहनलाल गंज
सिर्स,Mohanlalganj,3500,23000,2100000,,226,,102 निगोहाँ
सिसेण्डी,Mohanlalganj,7000,28000,3700000,,227,,102 निगोहाँ
सिद्बपुरा,Mohanlalganj,4000,23000,3800000,,228,,101 मोहनलाल गंज
सिद्धपुरा विकास विहार,Mohanlalganj,20000,37000,,,229,,101 मोहनलाल गंज
हसनापुर,Mohanlalganj,3200,23000,2000000,,230,,101 मोहनलाल गंज
हसनपुर,Mohanlalganj,3200,23000,2000000,,231,,101 मोहनलाल गंज
हबुवापुर,Mohanlalganj,7000,28000,3700000,,232,,101 मोहनलाल गंज
हरिनाम खेडा,Mohanlalganj,3000,23000,1800000,,233,,102 निगोहाँ
हरिकॅंशगढी,Mohanlalganj,10000,36000,6400000,,234,,101 मोहनलाल गंज
हरिहरपुर पटसा,Mohanlalganj,3000,23000,1800000,,235,,102 निगोहाँ
हरदोईया,Mohanlalganj,7000,28000,3700000,,236,,101 मोहनलाल गंज
हर्रई,Mohanlalganj,3200,23000,2000000,,237,,101 मोहनलाल गंज
हुलासखेड़ा,Mohanlalganj,4000,23000,2300000,,238,,101 मोहनलाल गंज
अम्बेडकर नगर,Sarojini Nagar,7000,40000,,,1,,002 खरिका
अहमदपुर उर्फ कमलापुर,Sarojini Nagar,6000,30000,11000000,,2,,101 बिजनौर
अवध नगर,Sarojini Nagar,7500,40000,,,3,,002 खरिका
अवध विहार योजना,Sarojini Nagar,25000,49000,,,4,,001 इब्राहिमपुर
अशरफ नगर,Sarojini Nagar,4500,30000,7500000,,5,,101 शारदा नगर
अली नगर खुर्द,Sarojini Nagar,4500,30000,7500000,,6,,101 बिजनौर
अहमामऊ,Sarojini Nagar,12000,38000,15500000,,7,,111 लखनऊ
अरदौनामऊ,Sarojini Nagar,12000,48000,12500000,,8,,111 लखनऊ
"ओमेक्स (अहमामऊ, सरसवां, अरदौनामऊ)",Sarojini Nagar,35000,75000,,,9,,111 लखनऊ
ओमेक्स सिटी,Sarojini Nagar,25000,50000,,,10,,003 राजा बिजली पासी
ओमेक्स मेट्रो सिटी,Sarojini Nagar,20000,50000,,,11,,101 बिजनौर
औरंगाबाद जागीर,Sarojini Nagar,12000,48000,26500000,,12,,003 राजा बिजली पासी
औरंगाबाद खालसा,Sarojini Nagar,12000,48000,26500000,,13,,003 राजा बिजली पासी
इब्राहिमपुर (रेवतापुर),Sarojini Nagar,7000,40000,,,14,,001 इब्राहिमपुर
ईश्वरी खेड़ा,Sarojini Nagar,8000,40000,,,15,,001 इब्राहिमपुर
उसरी,Sarojini Nagar,10000,40000,,,16,,005 शारदा नगर
उत्तरठिया,Sarojini Nagar,8000,40000,,,17,,001 इब्राहिमपुर
एल्डिको,Sarojini Nagar,25000,50000,,,18,,005 शारदा नगर
एल्डिको इम्पीरिया,Sarojini Nagar,22000,50000,,,19,,101 बिजनौर
एल्डिको शौर्य,Sarojini Nagar,20000,40000,,,20,,101 बिजनौर
एम0आर0जी0एफ0 (गोमती ग्रीन्स),Sarojini Nagar,35000,75000,,,21,,111 लखनऊ
एक्सला रिजाटिको,Sarojini Nagar,22000,50000,,,22,,111 लखनऊ
कल्ली पश्चिम,Sarojini Nagar,10000,40000,13000000,,23,,101 बिजनौर
कल्ली पूरब,Sarojini Nagar,3500,35000,6000000,,24,,101 बिजनौर
कृष्ण विहार कॉलोनी,Sarojini Nagar,9000,40000,,,25,,001 इब्राहिमपुर
कुबेर की बगिया,Sarojini Nagar,8000,40000,,,26,,002 खरिका
कुम्हार मन्डी,Sarojini Nagar,8000,40000,,,27,,002 खरिका
कांती निकेतन,Sarojini Nagar,20000,50000,,,28,,101 बिजनौर
किला मोहम्मदी,Sarojini Nagar,8000,40000,,,29,,003 राजा बिजली पासी
खटोला,Sarojini Nagar,2500,30000,3500000,,30,,101 बिजनौर
खरिका,Sarojini Nagar,10000,45000,,,31,,002 खरिका
गुडौरा,Sarojini Nagar,5500,40000,31500000,,32,,003 राजा बिजली पासी
गोमती नगर विस्तार सेक्टर 7 एवं 8,Sarojini Nagar,35000,60000,,,33,,111 लखनऊ
गांधी नगर,Sarojini Nagar,10000,40000,,,34,,002 खरिका
घुसवल कलॉं,Sarojini Nagar,7000,40000,11000000,,35,,101 बिजनौर
घोसियाना,Sarojini Nagar,8000,40000,,,36,,002 खरिका
चमरी भीम टोला,Sarojini Nagar,7000,40000,,,37,,002 खरिका
चिरैया बाग,Sarojini Nagar,6000,40000,,,38,,001 इब्राहिमपुर
चन्द्रावल,Sarojini Nagar,6000,35000,11000000,,39,,101 बिजनौर
छोहारा खेड़ा,Sarojini Nagar,7000,40000,31500000,,40,,003 राजा बिजली पासी
जैतीखेडा,Sarojini Nagar,2500,30000,3500000,,41,,101 बिजनौर
डिफेन्स कॉलोनी,Sarojini Nagar,6000,40000,,,42,,001 इब्राहिमपुर
तेलीबाग,Sarojini Nagar,10000,40000,,,43,,002 खरिका
तोदेखेड़ा,Sarojini Nagar,6000,40000,,,44,,003 राजा बिजली पासी
देवामऊ,Sarojini Nagar,7000,40000,7500000,,45,,101 बिजनौर
देवीखेड़ा,Sarojini Nagar,10000,40000,,,46,,005 शारदा नगर
द्वारिकापुरी,Sarojini Nagar,7000,40000,,,47,,002 खरिका
धावापुर,Sarojini Nagar,2500,35000,3500000,,48,,101 बिजनौर
निजामपुर मझगवॉ,Sarojini Nagar,7000,40000,7500000,,49,,101 बिजनौर
नेपाल गंज,Sarojini Nagar,8000,40000,,,50,,002 खरिका
नटखेड़ा,Sarojini Nagar,8000,40000,,,51,,002 खरिका
नई बस्ती,Sarojini Nagar,5500,40000,,,52,,001 इब्राहिमपुर
नूरनगर भदरसा,Sarojini Nagar,6000,35000,11000000,,53,,101 बिजनौर
नीवां,Sarojini Nagar,2500,30000,3500000,,54,,101 बिजनौर
परवर पूरब,Sarojini Nagar,3500,35000,6000000,,55,,101 बिजनौर
परवर पश्चिम,Sarojini Nagar,3500,35000,6000000,,56,,101 बिजनौर
पाठक पुरम,Sarojini Nagar,9000,40000,,,57,,001 इब्राहिमपुर
पिपरौली,Sarojini Nagar,10000,40000,,,58,,005 शारदा नगर
फैन्डस कालोनी,Sarojini Nagar,15000,40000,,,59,,101 इब्राहिमपुर
फिरंगी खेड़ा,Sarojini Nagar,10000,40000,7500000,,60,,005 शारदा नगर
फर्रूखाबाद चिल्लावां,Sarojini Nagar,10000,40000,26500000,,61,,010 राजा बिजली पासी
बेहसा,Sarojini Nagar,12000,40000,31500000,,62,,003 राजा बिजली पासी
बरौली खलीलाबाद,Sarojini Nagar,8000,40000,34800000,,63,,101 इब्राहिमपुर
बरौना,Sarojini Nagar,7000,40000,7500000,,64,,101 बिजनौर
बलदेव बिहार,Sarojini Nagar,7000,40000,,,65,,002 खरिका
बंगाली टोला,Sarojini Nagar,7000,40000,,,66,,002 खरिका
ब्रज बिहार,Sarojini Nagar,7000,40000,,,67,,002 खरिका
ब्राहम्ण टोला,Sarojini Nagar,7000,40000,,,68,,002 खरिका
बंगला बाजार,Sarojini Nagar,12000,40000,,,69,,003 राजा बिजली पासी
बाबा की बगिया,Sarojini Nagar,8000,40000,,,70,,002 खरिका
बंगला बाजार,Sarojini Nagar,12000,40000,,,71,,005 शारदा नगर
बिजनौर,Sarojini Nagar,8000,40000,13000000,,72,,101 बिजनौर
बिरुरा,Sarojini Nagar,4000,40000,7500000,,73,,101 इब्राहिमपुर
बीबीपुर,Sarojini Nagar,2500,30000,13000000,,74,,101 बिजनौर
भदरूख,Sarojini Nagar,13000,40000,,,75,,005 शारदा नगर
भगवन्त नगर,Sarojini Nagar,5500,40000,,,76,,001 इब्राहिमपुर
भागूखेडा,Sarojini Nagar,2500,30000,3500000,,77,,101 बिजनौर
मलाक,Sarojini Nagar,8000,35000,13000000,,78,,101 इब्राहिमपुर
मुराव खेड़ा,Sarojini Nagar,10000,40000,,,79,,101 शारदा नगर
मुशी खेड़ा,Sarojini Nagar,6500,40000,,,80,,003 राजा बिजली पासी
मुजफ्फरनगर घुसवल,Sarojini Nagar,7000,40000,11000000,,81,,101 बिजनौर
मस्ती खेड़ा,Sarojini Nagar,6500,40000,,,82,,003 राजा बिजली पासी
मखदूमपुर कैथी,Sarojini Nagar,2500,30000,3500000,,83,,101 बिजनौर
माती,Sarojini Nagar,6500,35000,11000000,,84,,101 बिजनौर
मोहारी बाग,Sarojini Nagar,7000,40000,,,85,,002 खरिका
मेमौरा,Sarojini Nagar,2500,30000,3500000,,86,,101 बिजनौर
मिर्जा पुर,Sarojini Nagar,6500,40000,31500000,,87,,003 राजा बिजली पासी
यूसुफ नगर उर्फ बगियामऊ,Sarojini Nagar,7000,40000,7500000,,88,,101 बिजनौर
रसूलपुर इठुरिया,Sarojini Nagar,4000,35000,7500000,,89,,101 शारदा नगर
रहीमाबाद,Sarojini Nagar,7000,40000,31500000,,90,,003 राजा बिजली पासी
राम टोला,Sarojini Nagar,7000,40000,,,91,,002 खरिका
रायबरेली रोड योजना,Sarojini Nagar,25000,50000,,,92,,005 शारदा नगर
रतौली,Sarojini Nagar,2500,30000,3500000,,93,,101 बिजनौर
रथीन्द्र नगर,Sarojini Nagar,10000,40000,,,94,,002 खरिका
लौंगा खेड़ा,Sarojini Nagar,7000,40000,,,95,,002 खरिका
लिलमथा,Sarojini Nagar,7000,40000,,,96,,001 इब्राहिमपुर
वृन्दावन योजना,Sarojini Nagar,28000,50000,,,97,,001 इब्राहिमपुर
शकूरपुर,Sarojini Nagar,7000,40000,,,98,,001 इब्राहिमपुर
शारदा कैनाल कालोनी,Sarojini Nagar,13000,40000,,,99,,010 शारदा नगर
शारदा नगर,Sarojini Nagar,25000,50000,,,100,,005 शारदा नगर
शारदा नगर योजना,Sarojini Nagar,25000,50000,,,101,,005 शारदा नगर
शान्तिनगर,Sarojini Nagar,7000,40000,,,102,,0207 राजा बिजली पासी
शाहपुर मझगवां,Sarojini Nagar,2500,35000,3500000,,103,,101 बिजनौर
शीतलखेड़ा,Sarojini Nagar,5000,40000,,,104,,005 शारदा नगर
शिव बिहार,Sarojini Nagar,7000,40000,,,105,,002 खरिका
सरैयॉ,Sarojini Nagar,2500,30000,3500000,,106,,101 बिजनौर
सरसवां/अर्जुनगंज,Sarojini Nagar,12000,40000,15500000,,107,,111 इब्राहिमपुर
सरस्वती पुरम,Sarojini Nagar,12000,40000,,,108,,001 इब्राहिमपुर
सरपोटगंज,Sarojini Nagar,12000,40000,,,109,,005 शारदा नगर
सालेह नगर,Sarojini Nagar,12000,40000,,,110,,005 शारदा नगर
सुशान्त सिटी (सेक्टर-ए से ई तक),Sarojini Nagar,35000,75000,,,111,,001 इब्राहिमपुर
सुशान्त सिटी (सेक्टर-एफ से आई तक),Sarojini Nagar,25000,70000,,,112,,001 इब्राहिमपुर
सुशान्त सिटी (सेक्टर-जे से एम तक),Sarojini Nagar,21000,65000,,,113,,001 इब्राहिमपुर
सुभानी खेड़ा,Sarojini Nagar,8000,40000,,,114,,002 खरिका
सुभाष नगर,Sarojini Nagar,8000,40000,,,115,,002 खरिका
सेंवई,Sarojini Nagar,6500,35000,11000000,,116,,101 बिजनौर
सेनानी बिहार,Sarojini Nagar,14000,45000,,,117,,002 खरिका
सैनिक नगर,Sarojini Nagar,14000,40000,,,118,,002 खरिका
साउथ सिटी,Sarojini Nagar,25000,40000,,,119,,005 शारदा नगर
हसनपुर खेवली,Sarojini Nagar,7000,40000,11000000,,120,,101 बिजनौर
हरिहरपुर,Sarojini Nagar,12000,45000,13000000,,121,,101 इब्राहिमपुर
हैबतमऊ मवैया,Sarojini Nagar,10000,40000,,,122,,001 इब्राहिमपुर
अनौरा,Sarojini Nagar-2,8000,30000,20000000,,1,,0201 सरोजनी नगर वार्ड
अन्धपुर उमराव,Sarojini Nagar-2,4000,25000,7000000,,2,,0101 बिजनौर
अन्धपुर देव,Sarojini Nagar-2,2500,23000,3500000,,3,,0101 बिजनौर
अमावां,Sarojini Nagar-2,2500,23000,3000000,,4,,0101 बिजनौर
अमौसी,Sarojini Nagar-2,12000,30000,26500000,,5,,0195 सरोजनी नगर वार्ड
अली नगर सुनहरा,Sarojini Nagar-2,8000,30000,19800000,,6,,0196 सरोजनी नगर वार्ड
अवध विहार कालोनी,Sarojini Nagar-2,8500,29000,,,7,,0302 सरोजनी नगर वार्ड
आजाद विहार कालोनी,Sarojini Nagar-2,2500,25000,,,8,,0101 बिजनौर
आदमपुर इन्दवारा,Sarojini Nagar-2,2500,25000,7000000,,9,,0113 परगना काकोरी
आशियाना,Sarojini Nagar-2,24000,58000,,,10,,0007 विद्य्यावती देवीनगर
इब्राहिमगंज,Sarojini Nagar-2,5000,25000,7000000,,11,,0113 परगना काकोरी
ऍन,Sarojini Nagar-2,2500,23000,3000000,,12,,0101 बिजनौर
औरावां,Sarojini Nagar-2,2500,23000,3500000,,13,,0101 बिजनौर
कलिया खेड़ा,Sarojini Nagar-2,5500,25000,11000000,,14,,0101 बिजनौर
कलिया खेड़ा (अनन्त नगर योजना),Sarojini Nagar-2,15000,30000,,,15,,0101 बिजनौर
कानपुर रोड योजना,Sarojini Nagar-2,22000,45000,,,16,,0007 विद्य्यावती देवीनगर
कानपुर रोड योजना,Sarojini Nagar-2,22000,45000,,,17,,0010 हिन्दनगर
कासिमपुर पकरी,Sarojini Nagar-2,12000,40000,,,18,,0010 हिन्दनगर
किला मोहम्मदीनगर,Sarojini Nagar-2,8000,35000,27000000,,19,,0003 हिन्दनगर
किशनपुर कौडिया,Sarojini Nagar-2,2500,23000,3500000,,20,,0101 बिजनौर
कुरौनी,Sarojini Nagar-2,2500,23000,3500000,,21,,0101 बिजनौर
कूढ़ाईटगांव,Sarojini Nagar-2,2500,23000,4500000,,22,,0113 परगना काकोरी
कृष्णलोक कालोनी,Sarojini Nagar-2,7000,27000,,,23,,0101 बिजनौर
खसरवारा,Sarojini Nagar-2,2500,23000,3500000,,24,,0101 बिजनौर
खाण्डेदेव,Sarojini Nagar-2,2500,23000,3500000,,25,,0101 बिजनौर
खुर्रमपुर,Sarojini Nagar-2,4000,25000,7000000,,26,,0101 बिजनौर
खुशहालगंज,Sarojini Nagar-2,6500,25000,12000000,,27,,0113 परगना काकोरी
गढ़ी चुनौटी,Sarojini Nagar-2,2500,23000,3500000,,28,,0101 बिजनौर
गहरू,Sarojini Nagar-2,8500,29000,23500000,,29,,0198 सरोजनी नगर वार्ड
गहलवारा,Sarojini Nagar-2,2500,25000,7000000,,30,,0113 परगना काकोरी
गुडौरा,Sarojini Nagar-2,5500,40000,31500000,,31,,0003 हिन्दनगर
गुदौली,Sarojini Nagar-2,2500,23000,3000000,,32,,0101 बिजनौर
गौरी,Sarojini Nagar-2,9000,29000,26500000,,33,,0197 सरोजनी नगर वार्ड
गौरी बिहार,Sarojini Nagar-2,9000,29000,,,34,,0199 सरोजनी नगर वार्ड
चकौली,Sarojini Nagar-2,6000,25000,11000000,,35,,0101 बिजनौर
जयराजपुरी,Sarojini Nagar-2,15000,29000,,,36,,0200 सरोजनी नगर वार्ड
जहानाबाद,Sarojini Nagar-2,2500,23000,3500000,,37,,0101 बिजनौर
ट्रान्सपोर्ट नगर,Sarojini Nagar-2,30000,50000,,,38,,0010 हिन्दनगर
डिघिया,Sarojini Nagar-2,5000,25000,7200000,,39,,0113 परगना काकोरी
तेजकृष्ण खेड़ा,Sarojini Nagar-2,2500,25000,7000000,,40,,0113 परगना काकोरी
तेरवा,Sarojini Nagar-2,2500,23000,3000000,,41,,0101 बिजनौर
दराबनगर बरकोता,Sarojini Nagar-2,2500,23000,3000000,,42,,0101 बिजनौर
दादूपुर,Sarojini Nagar-2,2500,23000,3500000,,43,,0101 बिजनौर
दोना,Sarojini Nagar-2,2500,25000,7000000,,44,,0113 परगना काकोरी
नकटौरा,Sarojini Nagar-2,2500,25000,7000000,,45,,0113 परगना काकोरी
नटकुर,Sarojini Nagar-2,7000,25000,11000000,,46,,0101 बिजनौर
नटकुर (एल्डिको शौर्य),Sarojini Nagar-2,20000,40000,,,47,,0101 बिजनौर
नरायनपुर,Sarojini Nagar-2,2500,23000,3000000,,48,,0101 बिजनौर
नानमऊ,Sarojini Nagar-2,2500,23000,3000000,,49,,0101 बिजनौर
नारायनपुरी,Sarojini Nagar-2,8500,29000,,,50,,0301 सरोजनी नगर वार्ड
पलेहन्दा,Sarojini Nagar-2,4000,25000,7000000,,51,,0101 बिजनौर
पहाड़पुर,Sarojini Nagar-2,2500,23000,3500000,,52,,0101 बिजनौर
पिपरसण्ड,Sarojini Nagar-2,7000,25000,11000000,,53,,0101 बिजनौर
पिपरसण्ड (संतुष्टि इन्क्लेव),Sarojini Nagar-2,8000,30000,,,54,,0101 बिजनौर
पुरैना,Sarojini Nagar-2,2500,23000,3000000,,55,,0113 परगना काकोरी
प्यारेपुर,Sarojini Nagar-2,5000,25000,7200000,,56,,0101 परगना काकोरी
प्यारेपुर (अनन्त नगर योजना),Sarojini Nagar-2,15000,30000,,,57,,0101 परगना काकोरी
फतेहगंज,Sarojini Nagar-2,6000,25000,12000000,,58,,0113 परगना काकोरी
फर्रूखाबाद चिल्लावां,Sarojini Nagar-2,10000,40000,26500000,,59,,0010 हिन्दनगर
बदाली खेड़ा,Sarojini Nagar-2,9500,37000,31500000,,60,,0010 हिन्दनगर
बनी,Sarojini Nagar-2,2500,23000,3500000,,61,,0101 बिजनौर
बन्थरा सिकन्दरपुर,Sarojini Nagar-2,4500,24000,6000000,,62,,0101 बिजनौर
बरकताबाद जहांगीराबाद,Sarojini Nagar-2,4500,25000,6800000,,63,,0113 परगना काकोरी
बरगवा (बारा बिरवा),Sarojini Nagar-2,12000,37000,,,64,,0010 हिन्दनगर
बल्दी खेड़ा,Sarojini Nagar-2,10000,37000,,,65,,0010 हिन्दनगर
बहदनामऊ,Sarojini Nagar-2,2500,23000,3000000,,66,,0101 बिजनौर
बापू नगर,Sarojini Nagar-2,7500,29000,,,67,,0203 सरोजनी नगर वार्ड
बेंती,Sarojini Nagar-2,2500,23000,3500000,,68,,0101 बिजनौर
बेलवा,Sarojini Nagar-2,5000,25000,6800000,,69,,0113 परगना काकोरी
बेहटवा,Sarojini Nagar-2,7000,29000,23500000,,70,,0202 सरोजनी नगर वार्ड
बेहटा,Sarojini Nagar-2,4000,25000,7000000,,71,,0101 बिजनौर
बेहसा,Sarojini Nagar-2,12000,40000,31500000,,72,,0003 सरोजनी नगर वार्ड
भटगवां पाण्डेय,Sarojini Nagar-2,2500,23000,3000000,,73,,0101 बिजनौर
भटगावं,Sarojini Nagar-2,2500,23000,3500000,,74,,0101 बिजनौर
भदरूख,Sarojini Nagar-2,13000,40000,31000000,,75,,0005 बिजनौर
भदोई,Sarojini Nagar-2,2500,23000,3500000,,76,,0101 बिजनौर
भौकापुर,Sarojini Nagar-2,2500,23000,3500000,,77,,0101 बिजनौर
मदारपुर,Sarojini Nagar-2,2500,25000,4200000,,78,,0113 परगना काकोरी
मदारी खेड़ा,Sarojini Nagar-2,10000,37000,31500000,,79,,0010 हिन्दनगर
मवई पड़ियाना,Sarojini Nagar-2,2500,23000,3500000,,80,,0101 बिजनौर
मान सरोवर योजना,Sarojini Nagar-2,21000,45000,,,81,,0010 हिन्दनगर
मानस नगर,Sarojini Nagar-2,8500,29000,,,82,,0204 सरोजनी नगर वार्ड
मिर्जापुर लुटौवा,Sarojini Nagar-2,2500,23000,3000000,,83,,0101 बिजनौर
मिश्रा पुरम कॉलोनी,Sarojini Nagar-2,13000,32000,,,84,,0303 सरोजनी नगर वार्ड
मीरानपुर पिनवट,Sarojini Nagar-2,6500,25000,11000000,,85,,0101 बिजनौर
मीरानपुर पिनवट (पार्थ रिपब्लिक),Sarojini Nagar-2,20000,31000,,,86,,0101 बिजनौर
मुरली नगर,Sarojini Nagar-2,10000,29000,,,87,,0268 सरोजनी नगर वार्ड
मुहम्मदपुर भक्तीखेड़ा,Sarojini Nagar-2,2500,23000,3000000,,88,,0101 बिजनौर
मौंदा,Sarojini Nagar-2,6500,25000,11000000,,89,,0101 बिजनौर
रहीमनगर पड़ियाना,Sarojini Nagar-2,2500,23000,3000000,,90,,0101 बिजनौर
रहीमाबाद,Sarojini Nagar-2,7000,40000,31500000,,91,,0003 बिजनौर
राम चौरा,Sarojini Nagar-2,2500,23000,3500000,,92,,0101 बिजनौर
राम विहार कालोनी,Sarojini Nagar-2,5500,25000,,,93,,0101 बिजनौर
रामगढ़ कालोनी,Sarojini Nagar-2,11000,37000,,,94,,0101 हिन्दनगर
रामदासपुर,Sarojini Nagar-2,2500,23000,3000000,,95,,0010 बिजनौर
रेवरी,Sarojini Nagar-2,2500,25000,7000000,,96,,0113 परगना काकोरी
लतीफनगर,Sarojini Nagar-2,2500,23000,3500000,,97,,0101 बिजनौर
लिटरैसी हाऊस,Sarojini Nagar-2,8500,37000,26500000,,98,,0010 हिन्दनगर
लोनहा,Sarojini Nagar-2,2500,23000,4200000,,99,,0101 बिजनौर
विष्णुलोक कॉलोनी,Sarojini Nagar-2,16000,29000,,,100,,0205 सरोजनी नगर वार्ड
शान्तिनगर,Sarojini Nagar-2,15000,35000,,,101,,0207 सरोजनी नगर वार्ड
शारदा कैनाल कालोनी,Sarojini Nagar-2,13000,40000,,,102,,0010 हिन्दनगर
शिवरी,Sarojini Nagar-2,7000,25000,12000000,,103,,0113 परगना काकोरी
सकरा,Sarojini Nagar-2,2500,23000,4200000,,104,,0113 परगना काकोरी
सदरौना,Sarojini Nagar-2,7000,25000,11000000,,105,,0101 बिजनौर
समदा,Sarojini Nagar-2,6000,25000,11000000,,106,,0101 बिजनौर
सम्भरखेड़ा,Sarojini Nagar-2,10000,37000,31500000,,107,,0010 हिन्दनगर
सरांय मुहिब,Sarojini Nagar-2,2500,23000,3500000,,108,,0113 परगना काकोरी
सराय शहजादी,Sarojini Nagar-2,3200,23000,6000000,,109,,0101 बिजनौर
सरोजनी नगर,Sarojini Nagar-2,12000,32000,,,110,,0206 सरोजनी नगर वार्ड
सरोसा भरोसा,Sarojini Nagar-2,8500,32000,14000000,,111,,0113 परगना काकोरी
सहिजनपुर,Sarojini Nagar-2,2500,23000,3000000,,112,,0101 बिजनौर
सादुल्लानगर,Sarojini Nagar-2,2500,23000,3000000,,113,,0101 बिजनौर
सालेहनगर,Sarojini Nagar-2,12000,40000,,,114,,0005 बिजनौर
सैदपुर पुरही,Sarojini Nagar-2,2500,23000,3000000,,115,,0101 बिजनौर
स्वपन लोक कालोनी,Sarojini Nagar-2,12000,37000,,,116,,0010 हिन्दनगर
हनुमानपुरी,Sarojini Nagar-2,11000,29000,,,117,,0300 सरोजनी नगर वार्ड
हरदोईया लाल नगर,Sarojini Nagar-2,5500,25000,6800000,,118,,0113 परगना काकोरी
हरौनी,Sarojini Nagar-2,2500,23000,3500000,,119,,0101 बिजनौर
हिन्दनगर,Sarojini Nagar-2,13000,37000,,,120,,0010 हिन्दनगर
हुलास खेड़ा,Sarojini Nagar-2,2500,23000,3000000,,121,,0101 बिजनौर
