sro,tehsil_sro,page_p2,page_p4,serial,vcode,village_hi,pargana_hi,category,nonagri_lt9m,nonagri_9to12m,nonagri_12to18m,nonagri_ge18m,covered_ordinary,covered_premium,shop,office,godown,agri_nh,agri_state_district,agri_link,agri_chakmarg,agri_abadi,agri_general,flag
sadar1,Sadar-1,26,44,1,195,अमीर नगर,ward 022 मोती लाल नेहरू,नगरीय क्षेत्र,10500,11000,11500,13000,29000,31500,38500,30000,24500,,,,,,,
sadar1,Sadar-1,26,44,2,177,अशोक नगर,ward 020 गौतम बुद्धनगर,नगरीय क्षेत्र,13000,14000,14500,16000,29500,32000,46000,35500,28500,,,,,,,
sadar1,Sadar-1,26,44,3,190,अडगढ़ा हुसैनगंज,ward 021 हुसैनगंज,नगरीय क्षेत्र,11500,12000,12500,13500,29000,31500,46000,35500,28500,,,,,,,
sadar1,Sadar-1,26,44,4,168,अर्जुननगर,ward 019 सरदार पटेलनगर,नगरीय क्षेत्र,13000,14000,14500,16000,29500,32000,49500,38500,31000,,,,,,,
sadar1,Sadar-1,26,44,5,189,अहाता ख्वाजा गौहर,ward 021 हुसैनगंज,नगरीय क्षेत्र,11500,12000,12500,13500,29000,31500,46000,35500,28500,,,,,,,
sadar1,Sadar-1,26,45,6,159,अहाता सुराव खॉ,ward 018 बाबू बनारसी दास,नगरीय क्षेत्र,13000,14000,14500,16000,29500,32000,41000,33000,25500,,,,,,,
sadar1,Sadar-1,26,45,7,162,अहाता गनी खॉ,ward 018 बाबू बनारसी दास,नगरीय क्षेत्र,9500,9500,10500,11500,29000,31500,41000,33000,25500,,,,,,,
sadar1,Sadar-1,26,45,8,127,आलमबाग,ward 013 राम जी लाल नगर,नगरीय क्षेत्र,20000,20500,21500,22500,31000,33500,68000,53000,42000,,,,,,,
sadar1,Sadar-1,27,45,9,48,आलमबाग थाना,ward 004 गुरूगोबिन्द सिंह नगर,नगरीय क्षेत्र,12500,13000,14500,15500,29500,32000,52000,41000,29000,,,,,,,
sadar1,Sadar-1,27,45,10,167,आदर्शनगर,ward 019 सरदार पटेलनगर,नगरीय क्षेत्र,13000,14000,14500,16000,29500,32000,50000,39000,31000,,,,,,,
sadar1,Sadar-1,27,45,11,198,आर्या नगर,ward 022 मोती लाल नेहरू,नगरीय क्षेत्र,16000,17000,17500,19000,30000,32500,50000,39000,31000,,,,,,,
sadar1,Sadar-1,27,45,12,135,आजाद नगर,ward 014 गीतापल्ली,नगरीय क्षेत्र,11000,11500,12000,13000,29000,31500,47000,36500,30000,,,,,,,
sadar1,Sadar-1,27,45,13,142,आबादी कब्रिस्तान माल एवेन्यू,ward 016 महात्मा गांधी,नगरीय क्षेत्र,19000,20500,21500,23500,31000,33500,64500,50000,40000,,,,,,,
sadar1,Sadar-1,27,45,14,139,ओमनगर,ward 015 ओमनगर,नगरीय क्षेत्र,11000,11500,12000,13000,29000,31500,47000,36000,29500,,,,,,,
sadar1,Sadar-1,27,46,15,43,आनन्द नगर,ward 004 गुरूगोबिन्द सिंह नगर,नगरीय क्षेत्र,12000,13000,13500,14500,29000,31500,41000,34000,26000,,,,,,,
sadar1,Sadar-1,27,46,16,160,उदयगंज,ward 018 बाबू बनारसी दास,नगरीय क्षेत्र,18000,19000,19500,21500,31000,33500,42000,34500,26500,,,,,,,
sadar1,Sadar-1,27,46,17,161,उदयगंज रोड,ward 018 बाबू बनारसी दास,नगरीय क्षेत्र,18000,19000,19500,21500,31000,33500,42000,34500,26500,,,,,,,
sadar1,Sadar-1,27,46,18,208,ए.पी. सेन रोड,ward 023 चन्द्र भान गुप्त नगर,नगरीय क्षेत्र,30500,32000,33500,37500,31000,33500,69500,53500,43500,,,,,,,
sadar1,Sadar-1,27,46,19,192,ऐशबाग रोड,ward 022 मोती लाल नेहरू,नगरीय क्षेत्र,21500,23500,26000,28500,31000,33500,65000,51000,40500,,,,,,,
sadar1,Sadar-1,27,46,20,214,एन.ई.आर. कालोनी,ward 024 सेवा ग्राम स्टेडियम,नगरीय क्षेत्र,11500,12000,12500,13500,29000,31500,39000,30000,25000,,,,,,,
sadar1,Sadar-1,27,46,21,178,कटरा मकबूलगंज,ward 020 गौतम बुद्धनगर,नगरीय क्षेत्र,12500,13500,14000,15500,29500,32000,47000,36000,29000,,,,,,,
sadar1,Sadar-1,28,46,22,137,कोरियाना,ward 015 ओमनगर,नगरीय क्षेत्र,10500,11000,11500,13000,29000,31500,47000,36000,29000,,,,,,,
sadar1,Sadar-1,28,46,23,232,कासिमपुर पकरी,ward 014 गीतापल्ली,नगरीय क्षेत्र,12500,13500,14000,15500,29500,32000,47000,36000,29000,,,,,,,
sadar1,Sadar-1,28,46,24,179,कसाईबाडा,ward 020 गौतम बुद्धनगर,नगरीय क्षेत्र,20000,22000,22500,25000,30500,33000,50000,39000,31000,,,,,,,
sadar1,Sadar-1,28,47,25,212,कसाई बाडा,ward 024 सेवा ग्राम स्टेडियम,नगरीय क्षेत्र,12500,13500,14000,15500,29500,32000,46000,35500,29000,,,,,,,
sadar1,Sadar-1,28,47,26,83,कबीर मार्ग,ward 008 मुरली नगर,नगरीय क्षेत्र,15500,16500,17000,19000,30500,33000,50000,39000,31000,,,,,,,
sadar1,Sadar-1,28,47,27,81,कैन्ट रोड़,ward 008 मुरली नगर,नगरीय क्षेत्र,20000,21000,22000,24500,30500,33000,50000,39000,31000,,,,,,,
sadar1,Sadar-1,28,47,28,86,क्ले स्क्वायर,ward 008 मुरली नगर,नगरीय क्षेत्र,16000,17000,17500,19000,31000,33500,50000,39000,31000,,,,,,,
sadar1,Sadar-1,28,47,29,219,कैण्ट,ward 025 कैन्ट क्षेत्र,नगरीय क्षेत्र,16000,17000,18000,19500,30500,33000,67000,51500,42000,,,,,,,
sadar1,Sadar-1,28,47,30,78,कैलाश तिवारी मार्ग,ward 006 बिक्रमादित्य,नगरीय क्षेत्र,25500,28000,29000,31500,31000,33500,64000,50000,40000,,,,,,,
sadar1,Sadar-1,28,47,31,132,कैलाश पुरी,ward 014 गीतापल्ली,नगरीय क्षेत्र,10500,11000,11500,13000,29000,31500,46000,35500,29000,,,,,,,
sadar1,Sadar-1,28,47,32,163,कैनाल कालोनी,ward 018 बाबू बनारसी दास,नगरीय क्षेत्र,17500,18500,19000,21000,30500,33000,41000,33000,25500,,,,,,,
sadar1,Sadar-1,28,47,33,230,कृष्णा पल्ली,ward 014 गीतापल्ली,नगरीय क्षेत्र,10500,11000,11500,13000,29000,31500,46000,35500,29000,,,,,,,
sadar1,Sadar-1,28,47,34,217,कुरिया मवैईया,ward 024 सेवा ग्राम स्टेडियम,नगरीय क्षेत्र,12500,13500,14000,15500,29500,32000,46000,35500,29000,,,,,,,
sadar1,Sadar-1,29,48,35,187,कुर्मी टोला हुसैनगंज,ward 021 हुसैनगंज,नगरीय क्षेत्र,12000,13000,13500,14500,29000,31500,46000,35500,29000,,,,,,,
sadar1,Sadar-1,29,48,36,164,कान्यकुब्ज कालेज,ward 018 बाबू बनारसी दास,नगरीय क्षेत्र,20000,22000,22500,25000,31000,33500,53000,42000,33000,,,,,,,
sadar1,Sadar-1,29,48,37,194,कायमखेड़ा,ward 022 मोती लाल नेहरू,नगरीय क्षेत्र,15500,22500,17000,19000,30000,32500,46000,35500,29000,,,,,,,"9-12m 22500 > 12-18m 17000; verified at 350dpi, clearly printed"
sadar1,Sadar-1,29,48,38,143,खन्दारी पुरवा,ward 016 महात्मा गांधी,नगरीय क्षेत्र,12500,13500,14000,15500,29500,32000,49500,38500,31000,,,,,,,
sadar1,Sadar-1,29,48,39,131,गीता पल्ली,ward 014 गीतापल्ली,नगरीय क्षेत्र,11000,11500,12000,13000,29000,31500,46000,35500,29000,,,,,,,
sadar1,Sadar-1,29,48,40,133,गोपाल पुरी,ward 014 गीतापल्ली,नगरीय क्षेत्र,10500,11000,11500,13000,29000,31500,46000,35500,29000,,,,,,,
sadar1,Sadar-1,29,48,41,209,गौतमबुद्ध मार्ग,ward 023 चन्द्र भान गुप्त नगर,नगरीय क्षेत्र,29500,31000,33000,35500,31000,33500,78000,64000,49000,,,,,,,
sadar1,Sadar-1,29,48,42,234,गौतम पल्ली,ward 006 बिक्रमादित्य,नगरीय क्षेत्र,33000,34500,35500,39000,31000,33500,66000,51500,41000,,,,,,,
sadar1,Sadar-1,29,48,43,180,गौतम बुद्ध मार्ग,ward 020 गौतम बुद्धनगर,नगरीय क्षेत्र,28500,30500,31500,35500,31000,33500,78000,64000,49000,,,,,,,
sadar1,Sadar-1,29,48,44,188,गढइया जोरी मेहतर,ward 021 हुसैनगंज,नगरीय क्षेत्र,11500,12000,12500,13500,29000,31500,47000,36000,29000,,,,,,,
sadar1,Sadar-1,29,49,45,96,गाजीउद्दीन हैदर कालोनी,ward 009 लालकुआं,नगरीय क्षेत्र,16000,17000,17500,19500,30000,32500,50000,39000,31000,,,,,,,
sadar1,Sadar-1,29,49,46,50,ग्रेनडियोसाईड़िग,ward 004 गुरूगोबिन्द सिंह नगर,नगरीय क्षेत्र,10500,11000,11500,13000,29000,31500,41000,33000,25500,,,,,,,
sadar1,Sadar-1,29,49,47,154,गुरूनानक नगर,ward 017 गुरू नानकनगर,नगरीय क्षेत्र,11000,11500,12000,13000,29000,31500,42000,34000,26000,,,,,,,
sadar1,Sadar-1,30,49,48,201,गुरूनानक मार्केट,ward 023 चन्द्र भान गुप्त नगर,नगरीय क्षेत्र,25000,26500,27500,29000,31000,33500,78000,64000,49000,,,,,,,
sadar1,Sadar-1,30,49,49,97,गुरू गोविन्द सिंह मार्ग,ward 009 लालकुआं,नगरीय क्षेत्र,16500,18500,19500,22000,30500,33000,51000,40000,32000,,,,,,,
sadar1,Sadar-1,30,49,50,74,गुलिस्ता कालोनी,ward 006 बिक्रमादित्य,नगरीय क्षेत्र,32000,34000,35000,38000,31000,33500,65000,50000,40000,,,,,,,
sadar1,Sadar-1,30,49,51,216,गुडस रोड कालोनी,ward 024 सेवा ग्राम स्टेडियम,नगरीय क्षेत्र,12500,13500,14000,16000,29500,32000,47000,36000,29000,,,,,,,
sadar1,Sadar-1,30,49,52,90,गढ़िया रसूल खान,ward 009 लालकुआं,नगरीय क्षेत्र,12000,13000,13500,14500,29000,31500,41000,33000,26000,,,,,,,stray tick mark before 9-12m value
sadar1,Sadar-1,30,49,53,218,चारबाग,ward 024 सेवा ग्राम स्टेडियम,नगरीय क्षेत्र,29500,31000,32500,35500,31000,33500,78000,64000,49000,,,,,,,
sadar1,Sadar-1,30,49,54,193,चुरई खेड़ा,ward 022 मोती लाल नेहरू,नगरीय क्षेत्र,9500,10000,10500,11500,29000,31500,38500,30000,24500,,,,,,,
sadar1,Sadar-1,30,50,55,136,चन्दर नगर,ward 015 ओमनगर,नगरीय क्षेत्र,11500,12500,13500,15000,29000,31500,47000,36000,29000,,,,,,,
sadar1,Sadar-1,30,50,56,49,चर्च कालोनी,ward 004 गुरूगोबिन्द सिंह नगर,नगरीय क्षेत्र,10500,11000,11500,13000,29000,31500,41000,33000,25500,,,,,,,
sadar1,Sadar-1,30,50,57,205,चन्द्र भान गुप्त नगर,ward 023 चन्द्र भान गुप्त नगर,नगरीय क्षेत्र,13000,14000,14500,16500,29500,32000,47000,36000,29000,,,,,,,
sadar1,Sadar-1,30,50,58,116,छोटा बरहा,ward 012 बाबू कुन्जबिहारी,नगरीय क्षेत्र,10500,11000,11500,13000,29000,31500,47000,36000,29000,,,,,,,
sadar1,Sadar-1,30,50,59,181,छितवापुर,ward 020 गौतम बुद्धनगर,नगरीय क्षेत्र,13500,14500,15000,16500,29500,32000,48000,36500,30000,,,,,,,
sadar1,Sadar-1,30,50,60,95,छितवापुर,ward 009 लालकुआं,नगरीय क्षेत्र,13500,14500,15000,16500,29500,32000,51000,39500,31500,,,,,,,
sadar1,Sadar-1,31,50,61,92,छितवापुर रोड़,ward 009 लालकुआं,नगरीय क्षेत्र,18500,19000,19500,22000,30500,33000,52000,40000,32000,,,,,,,
sadar1,Sadar-1,31,50,62,158,छितवापुर भुईयन,ward 018 बाबू बनारसी दास,नगरीय क्षेत्र,13000,14000,14500,16500,29500,32000,41000,33500,25500,,,,,,,
sadar1,Sadar-1,31,50,63,110,जय प्रकाशनगर,ward 011 जय प्रकाश नगर,नगरीय क्षेत्र,10500,11000,11500,13000,29000,31500,47000,36000,29000,,,,,,,
sadar1,Sadar-1,31,50,64,191,जय नारायन रोड़,ward 021 हुसैनगंज,नगरीय क्षेत्र,12000,13000,13500,14500,29500,32000,47000,36000,29000,,,,,,,
sadar1,Sadar-1,31,51,65,210,जी.आर.पी. कालोनी,ward 024 सेवा ग्राम स्टेडियम,नगरीय क्षेत्र,12500,13500,14000,15500,29500,32000,47000,36000,29000,,,,,,,
sadar1,Sadar-1,31,51,66,66,जियामऊ,ward 006 बिक्रमादित्य,नगरीय क्षेत्र,26000,27500,30000,32500,31000,33500,66000,51000,41000,,,,,,,
sadar1,Sadar-1,31,51,67,169,टैम्पल एरिया,ward 019 सरदार पटेलनगर,नगरीय क्षेत्र,12000,13000,13500,14500,29000,31500,41000,33500,25500,,,,,,,
sadar1,Sadar-1,31,51,68,85,डायमण्ड डेरी,ward 008 मुरली नगर,नगरीय क्षेत्र,20000,22000,22500,25000,30500,33000,55000,44000,35500,,,,,,,
sadar1,Sadar-1,31,51,69,185,तिलपुरवाँ हुसैनगंज,ward 021 हुसैनगंज,नगरीय क्षेत्र,11500,12000,12500,13500,29500,32000,47000,36000,29000,,,,,,,
sadar1,Sadar-1,31,51,70,149,त्रिलोकी नाथ मार्ग (दारूल सफा),ward 016 महात्मा गांधी,नगरीय क्षेत्र,23500,24500,26000,29000,31000,33500,66000,51000,41000,,,,,,,
sadar1,Sadar-1,31,51,71,146,दरबारी लाल शर्मा,ward 016 महात्मा गांधी,नगरीय क्षेत्र,25000,26500,27500,30500,31000,33500,66000,51000,41000,,,,,,,
sadar1,Sadar-1,31,51,72,156,दामोदर नगर,ward 017 गुरू नानकनगर,नगरीय क्षेत्र,10500,11000,11500,13000,29000,31500,41000,33000,25500,,,,,,,
sadar1,Sadar-1,31,51,73,211,दुर्गापुरी (ब्लन्ट स्क्वायर),ward 024 सेवा ग्राम स्टेडियम,नगरीय क्षेत्र,13000,13500,14500,16000,29500,32000,47000,36000,29000,,,,,,,
sadar1,Sadar-1,32,52,74,153,नया सरदारी खेड़ा,ward 017 गुरू नानकनगर,नगरीय क्षेत्र,10500,11000,11500,13000,29000,31500,41000,33500,25500,,,,,,,
sadar1,Sadar-1,32,52,75,111,नटखेड़ा रोड़,ward 011 जय प्रकाश नगर,नगरीय क्षेत्र,11500,12000,12500,13500,29000,31500,47000,36000,29000,,,,,,,
sadar1,Sadar-1,32,52,76,112,नटखेड़ा मोहल्ला,ward 011 जय प्रकाश नगर,नगरीय क्षेत्र,10500,11000,11500,13000,29000,31500,47000,36000,29000,,,,,,,
sadar1,Sadar-1,32,52,77,241,नई बस्ती,ward 008 मुरली नगर,नगरीय क्षेत्र,16000,17000,17500,19000,30500,33000,51000,39500,31500,,,,,,,
sadar1,Sadar-1,32,52,78,197,नेहरू नगर,ward 022 मोती लाल नेहरू,नगरीय क्षेत्र,11500,12000,12500,13500,29000,31500,47000,36000,29000,,,,,,,
sadar1,Sadar-1,32,52,79,176,पुरूषोत्तम नगर,ward 019 सरदार पटेलनगर,नगरीय क्षेत्र,10500,11000,11500,13000,29000,31500,39000,30000,25000,,,,,,,
sadar1,Sadar-1,32,52,80,113,पूरन नगर,ward 011 जय प्रकाश नगर,नगरीय क्षेत्र,10500,11000,11500,13000,29000,31500,47000,36000,29000,,,,,,,
sadar1,Sadar-1,32,52,81,204,पे एण्ड कैश कालोनी,ward 023 चन्द्र भान गुप्त नगर,नगरीय क्षेत्र,12500,13500,14000,15500,29500,32000,47000,36000,29000,,,,,,,
sadar1,Sadar-1,32,52,82,152,प्रेमनगर,ward 017 गुरू नानकनगर,नगरीय क्षेत्र,12500,13500,14000,15500,29500,32000,41000,33000,25500,,,,,,,
sadar1,Sadar-1,32,52,83,118,पंजाब नगर,ward 012 बाबू कुन्जबिहारी,नगरीय क्षेत्र,10500,11000,11500,13000,29000,31500,46000,36000,29000,,,,,,,
sadar1,Sadar-1,32,53,84,206,पानदरीबा,ward 023 चन्द्र भान गुप्त नगर,नगरीय क्षेत्र,21000,23000,23500,26000,30500,33000,70000,54000,44000,,,,,,,
sadar1,Sadar-1,32,53,85,75,पार्क रोड़,ward 006 बिक्रमादित्य,नगरीय क्षेत्र,32500,34500,36000,39000,31000,33500,76000,62000,47000,,,,,,,
sadar1,Sadar-1,32,53,86,235,पार्क लेन,ward 006 बिक्रमादित्य,नगरीय क्षेत्र,32500,34500,36000,39000,31000,33500,76000,62000,47000,,,,,,,
sadar1,Sadar-1,33,53,87,45,पी.आर.डी. कालोनी,ward 004 गुरूगोबिन्द सिंह नगर,नगरीय क्षेत्र,10500,11000,11500,13000,29000,31500,41000,33000,25500,,,,,,,
sadar1,Sadar-1,33,53,88,233,पीरपुर स्क्वायर,ward 006 बिक्रमादित्य,नगरीय क्षेत्र,25000,27500,28500,31500,31000,33500,64000,50000,40000,,,,,,,
sadar1,Sadar-1,33,53,89,175,पटेल नगर,ward 019 सरदार पटेलनगर,नगरीय क्षेत्र,12000,13000,13500,14500,29000,31500,41000,34000,25500,,,,,,,
sadar1,Sadar-1,33,53,90,47,पटेली नगर,ward 004 गुरूगोबिन्द सिंह नगर,नगरीय क्षेत्र,10500,11000,11500,13000,29000,31500,41000,34000,25500,,,,,,,
sadar1,Sadar-1,33,53,91,69,पिपराघाट,ward 006 बिक्रमादित्य,नगरीय क्षेत्र,10500,11000,11500,13000,29000,31500,41000,34000,25500,,,,,,,
sadar1,Sadar-1,33,53,92,134,फौजी कालोनी,ward 14 गीतापल्ली,नगरीय क्षेत्र,10500,11000,11500,13000,29000,31500,47000,36000,29000,,,,,,,"ward no printed as ""14"" (no leading zero)"
sadar1,Sadar-1,33,53,93,117,बरहा कालोनी,ward 012 बाबू कुन्जबिहारी,नगरीय क्षेत्र,10500,11000,13000,13000,29000,31500,47000,36000,29000,,,,,,,"12-18m equals >18m (13000); verified at 350dpi, clearly printed"
sadar1,Sadar-1,33,54,94,121,बडा बरहा,ward 012 बाबू कुन्जबिहारी,नगरीय क्षेत्र,10500,11000,11500,13000,29000,31500,47000,36000,29000,,,,,,,
sadar1,Sadar-1,33,54,95,157,बनिया मोहाल,ward 018 बाबू बनारसी दास,नगरीय क्षेत्र,12500,13500,14000,15500,29500,32000,41000,34000,25500,,,,,,,
sadar1,Sadar-1,33,54,96,71,बन्दरिया बाग,ward 006 बिक्रमादित्य,नगरीय क्षेत्र,26000,28000,29000,32000,31000,33500,66000,51000,40000,,,,,,,
sadar1,Sadar-1,33,54,97,150,बेलदारी लेन,ward 016 महात्मा गांधी,नगरीय क्षेत्र,16500,17000,17500,19500,30500,33000,66000,51000,40000,,,,,,,
sadar1,Sadar-1,33,54,98,173,बेरी रोड़,ward 019 सरदार पटेलनगर,नगरीय क्षेत्र,13000,14000,14500,16000,29500,32000,41000,34000,25500,,,,,,,
sadar1,Sadar-1,33,54,99,171,बेजिटेबिल गार्डेन,ward 019 सरदार पटेलनगर,नगरीय क्षेत्र,12000,13000,13500,14500,29000,31500,41000,34000,25500,,,,,,,
sadar1,Sadar-1,34,54,100,128,ब्रहमनगर,ward 013 राम जी लाल नगर,नगरीय क्षेत्र,10500,11000,11500,13000,29000,31500,41000,34000,25500,,,,,,,
sadar1,Sadar-1,34,54,101,172,बाउचर रोड़,ward 019 सरदार पटेलनगर,नगरीय क्षेत्र,12000,13000,13500,14500,29000,31500,41000,34000,25500,,,,,,,
sadar1,Sadar-1,34,54,102,165,बाबू बनारसी दास नगर(पुराना किला),ward 018 बाबू बनारसी दास,नगरीय क्षेत्र,16500,17000,17500,19500,30000,32500,41000,34000,25500,,,,,,,
sadar1,Sadar-1,34,55,103,120,बाबू कुज विहारी लाल नगर(अहमद नगर),ward 012 बाबू कुन्जबिहारी,नगरीय क्षेत्र,10500,11000,11500,13000,29000,31500,47000,36000,29000,,,,,,,
sadar1,Sadar-1,34,55,104,184,बाग आईना बीबी,ward 021 हुसैनगंज,नगरीय क्षेत्र,11500,12000,12500,13500,29000,31500,47000,36000,29000,,,,,,,
sadar1,Sadar-1,34,55,105,76,बनारसी बाग,ward 006 बिक्रमादित्य,नगरीय क्षेत्र,26000,28000,29000,31500,31000,33500,66000,51000,40000,,,,,,,
sadar1,Sadar-1,34,55,106,183,भूसा मण्डी,ward 020 गौतम बुद्धनगर,नगरीय क्षेत्र,10500,11000,11500,13000,29000,31500,47000,36000,29000,,,,,,,
sadar1,Sadar-1,34,55,107,182,भेड़ी मण्डी,ward 020 गौतम बुद्धनगर,नगरीय क्षेत्र,12000,13000,13500,14500,29000,31500,47000,36000,29000,,,,,,,
sadar1,Sadar-1,34,55,108,122,भीम नगर,ward 012 बाबू कुन्जबिहारी,नगरीय क्षेत्र,10500,11000,11500,13000,29000,31500,47000,36000,29000,,,,,,,
sadar1,Sadar-1,34,55,109,129,भिलावाँ,ward 014 गीतापल्ली,नगरीय क्षेत्र,16500,17000,18000,19500,30000,32500,55000,44000,34000,,,,,,,
sadar1,Sadar-1,34,55,110,114,मधुबन नगर,ward 011 जय प्रकाश नगर,नगरीय क्षेत्र,10500,11000,11500,13000,29000,31500,47000,36000,29000,,,,,,,
sadar1,Sadar-1,34,55,111,213,मवईया,ward 024 सेवा ग्राम स्टेडियम,नगरीय क्षेत्र,15000,16000,16500,18500,30000,32500,51000,40000,32000,,,,,,,
sadar1,Sadar-1,35,56,112,252,मवईया स्कीम,ward 024 सेवा ग्राम स्टेडियम,नगरीय क्षेत्र,17000,17000,18000,20000,30500,33000,54000,42000,34000,,,,,,,
sadar1,Sadar-1,35,56,113,87,मुराद अली लेन नई बस्ती,ward 008 मुरली नगर,नगरीय क्षेत्र,16000,17000,17500,19500,30000,32500,51000,40000,32000,,,,,,,
sadar1,Sadar-1,35,56,114,82,मुरलीनगर,ward 008 मुरली नगर,नगरीय क्षेत्र,16500,17000,18000,19500,30000,32500,51000,40000,32000,,,,,,,
sadar1,Sadar-1,35,56,115,200,मुन्ने लाल धर्मशाला रोड़,ward 023 चन्द्र भान गुप्त नगर,नगरीय क्षेत्र,12500,13500,14000,16000,29500,32000,60000,48000,37000,,,,,,,
sadar1,Sadar-1,35,56,116,147,महात्मा गांधी मार्ग,ward 016 महात्मा गांधी,नगरीय क्षेत्र,32500,34500,36000,39000,31000,33500,74000,58000,46000,,,,,,,
sadar1,Sadar-1,35,56,117,44,मुनव्वर बाग कालोनी,ward 004 गुरूगोबिन्द सिंह नगर,नगरीय क्षेत्र,10500,11000,11500,13000,29000,31500,41000,34000,25500,,,,,,,
sadar1,Sadar-1,35,56,118,174,मेरियल रोड़,ward 019 सरदार पटेलनगर,नगरीय क्षेत्र,12000,13000,13500,14500,31000,33500,41000,34000,25500,,,,,,,
sadar1,Sadar-1,35,56,119,141,माल एवेन्यू,ward 016 महात्मा गांधी,नगरीय क्षेत्र,23500,25000,26000,29000,31000,33500,74000,58000,46000,,,,,,,
sadar1,Sadar-1,35,56,120,248,मानस नगर,ward 006 बिक्रमादित्य,नगरीय क्षेत्र,23000,24000,25500,28000,31000,33500,65000,51000,40000,,,,,,,
sadar1,Sadar-1,35,57,121,88,मोती लाल नेहरू रोड़ (स्टेशन रोड़),ward 009 लालकुआं,नगरीय क्षेत्र,32000,34000,35500,39000,30000,32500,74000,58000,46000,,,,,,,
sadar1,Sadar-1,35,57,122,196,मोती नगर,ward 022 मोती लाल नेहरू,नगरीय क्षेत्र,16500,17000,18000,19500,29000,31500,47000,36000,29000,,,,,,,
sadar1,Sadar-1,35,57,123,126,मंगल खेड़ा,ward 013 राम जी लाल नगर,नगरीय क्षेत्र,17500,18500,19000,21000,31000,33500,64000,51000,40000,,,,,,,
sadar1,Sadar-1,35,57,124,68,मार्टिनपुरवा,ward 006 बिक्रमादित्य,नगरीय क्षेत्र,10500,11000,11500,13000,29000,31500,41000,34000,25500,,,,,,,
sadar1,Sadar-1,36,57,125,72,मिलिंग टोनिया एवेन्यू,ward 006 बिक्रमादित्य,नगरीय क्षेत्र,31000,33500,34500,38000,29500,32000,64000,51000,40000,,,,,,,
sadar1,Sadar-1,36,57,126,125,राम प्रकाश खेड़ा,ward 013 राम जी लाल नगर,नगरीय क्षेत्र,10500,11000,11500,13000,29000,31500,47000,36000,29000,,,,,,,
sadar1,Sadar-1,36,57,127,203,रेलवे मल्टी स्टोरी,ward 023 चन्द्र भान गुप्त नगर,नगरीय क्षेत्र,12500,13500,14000,15500,29500,32000,47000,36000,29000,,,,,,,
sadar1,Sadar-1,36,57,128,46,रेलवे हास्पिटल कालोनी,ward 004 गुरूगोबिन्द सिंह नगर,नगरीय क्षेत्र,10500,11000,11500,13000,29000,31500,41000,34000,25500,,,,,,,
sadar1,Sadar-1,36,57,129,229,रेलवे स्टोर,ward 004 गुरूगोबिन्द सिंह नगर,नगरीय क्षेत्र,10500,11000,11500,13000,29000,31500,41000,34000,25500,,,,,,,
sadar1,Sadar-1,36,58,130,91,राम पाल अधिकारी मार्ग,ward 009 लालकुआं,नगरीय क्षेत्र,12000,13000,13500,14500,29000,31500,47000,36000,29000,,,,,,,
sadar1,Sadar-1,36,58,131,124,राम नगर (हरिहर प्रसाद नगर),ward 013 राम जी लाल नगर,नगरीय क्षेत्र,10500,11000,11500,13000,29000,31500,47000,36000,29000,,,,,,,
sadar1,Sadar-1,36,58,132,77,राणा प्रताप मार्ग,ward 006 बिक्रमादित्य,नगरीय क्षेत्र,34000,36500,38500,42500,31000,33500,67000,52000,41000,,,,,,,
sadar1,Sadar-1,36,58,133,170,रनिंग रोड कालोनी,ward 019 सरदार पटेलनगर,नगरीय क्षेत्र,12000,13000,13500,14500,29000,31500,41000,34000,25500,,,,,,,
sadar1,Sadar-1,36,58,134,67,लामार्टिनियर कालोनी,ward 006 बिक्रमादित्य,नगरीय क्षेत्र,22500,24000,25000,27500,31000,33500,64000,51000,40000,,,,,,,
sadar1,Sadar-1,36,58,135,94,लालकुआं,ward 009 लालकुआं,नगरीय क्षेत्र,15500,16000,16500,18500,30000,32500,52000,40000,32000,,,,,,,
sadar1,Sadar-1,36,58,136,93,लोहियानगर (छितवापुर),ward 009 लालकुआं,नगरीय क्षेत्र,13000,14000,14500,16000,29500,32000,41000,34000,25500,,,,,,,
sadar1,Sadar-1,36,58,137,202,लोकमान्यगंज,ward 023 चन्द्र भान गुप्त नगर,नगरीय क्षेत्र,11500,12000,12500,13500,29000,31500,47000,36000,29000,,,,,,,
sadar1,Sadar-1,37,58,138,84,बरफ खाना,ward 008 मुरली नगर,नगरीय क्षेत्र,16500,17000,18000,19500,30000,32500,51000,40000,32000,,,,,,,
sadar1,Sadar-1,37,59,139,155,विशेश्वर नगर,ward 017 गुरू नानकनगर,नगरीय क्षेत्र,10500,11000,11500,13000,29000,31500,41000,34000,25500,,,,,,,
sadar1,Sadar-1,37,59,140,145,विन्डसर पैलेस,ward 016 महात्मा गांधी,नगरीय क्षेत्र,18500,20000,21000,23000,30500,33000,55000,44000,36000,,,,,,,
sadar1,Sadar-1,37,59,141,148,विधान सभा मार्ग तथा स्टेशन रोड़,ward 016 महात्मा गांधी,नगरीय क्षेत्र,32500,34500,35500,39000,31000,33500,74000,57000,46000,,,,,,,
sadar1,Sadar-1,37,59,142,73,विवेका नन्द मार्ग,ward 006 बिक्रमादित्य,नगरीय क्षेत्र,32500,34500,35500,39000,31000,33500,66000,51000,41000,,,,,,,
sadar1,Sadar-1,37,59,143,70,विक्रमादित्य मार्ग,ward 006 बिक्रमादित्य,नगरीय क्षेत्र,32500,34500,35500,39000,31000,33500,66000,51000,41000,,,,,,,
sadar1,Sadar-1,37,59,144,166,शुतुर खाना हुसैनगंज,ward 018 बाबू बनारसी दास,नगरीय क्षेत्र,10500,11000,11500,13000,29000,31500,41000,33000,25500,,,,,,,
sadar1,Sadar-1,37,59,145,123,स्लीपर ग्राउन्ड,ward 013 राम जी लाल नगर,नगरीय क्षेत्र,10500,11000,11500,13000,29000,31500,47000,36000,29000,,,,,,,
sadar1,Sadar-1,37,59,146,138,सरदारी खेड़ा,ward 015 ओमनगर,नगरीय क्षेत्र,10500,11000,11500,13000,29000,31500,47000,36000,29000,,,,,,,
sadar1,Sadar-1,37,59,147,249,सजृन विहार कालोनी,ward 006 बिक्रमादित्य,नगरीय क्षेत्र,25000,26500,28500,31000,31000,33500,64000,51000,40000,,,,,,,
sadar1,Sadar-1,37,60,148,144,सरोजनी नायडू मार्ग,ward 016 महात्मा गांधी,नगरीय क्षेत्र,17500,18500,19000,21500,30500,33000,56000,45000,36000,,,,,,,
sadar1,Sadar-1,37,60,149,115,सुन्दर नगर,ward 011 जय प्रकाश नगर,नगरीय क्षेत्र,10500,11000,11500,13000,29000,31500,47000,36000,29000,,,,,,,
sadar1,Sadar-1,37,60,150,119,सुजानपुरा,ward 012 बाबू बनारसी दास,नगरीय क्षेत्र,10500,11000,11500,13000,29000,31500,47000,36000,29000,,,,,,,ward no 012 printed with ward name बाबू बनारसी दास (as in P1)
sadar1,Sadar-1,38,60,151,199,सुभाष मार्ग,ward 022 मोती लाल नेहरू,नगरीय क्षेत्र,17000,18000,19000,21500,30500,33000,61000,49000,38000,,,,,,,
sadar1,Sadar-1,38,60,152,207,सुभाष मार्ग,ward 023 चन्द्र भान गुप्त नगर,नगरीय क्षेत्र,17000,18000,19000,21500,30500,33000,61000,49000,38000,,,,,,,
sadar1,Sadar-1,38,60,153,151,स्नेहनगर,ward 017 गुरू नानकनगर,नगरीय क्षेत्र,13000,13500,14500,16000,29500,32000,47000,36000,29000,,,,,,,
sadar1,Sadar-1,38,60,154,140,सेन्टर डम्प योजना,ward 015 ओमनगर,नगरीय क्षेत्र,12500,13500,14000,15500,29500,32000,47000,36000,29000,,,,,,,
sadar1,Sadar-1,38,60,155,227,साकेत पल्ली,ward 006 बिक्रमादित्य,नगरीय क्षेत्र,25500,28000,29000,32000,31000,33500,65000,51000,40000,,,,,,,
sadar1,Sadar-1,38,60,156,247,साकेतपुरी,ward 014 गीतापल्ली,नगरीय क्षेत्र,10500,11000,11500,13000,29000,31500,47000,36000,29000,,,,,,,
sadar1,Sadar-1,38,60,157,51,सिकन्दरपुर नजूल,ward 004 गुरूगोबिन्द सिंह नगर,नगरीय क्षेत्र,10500,11000,11500,13000,29000,31500,41000,34000,25500,,,,,,,
sadar1,Sadar-1,38,61,158,186,हुसैनगंज,ward 021 हुसैनगंज,नगरीय क्षेत्र,17000,18000,19000,21500,30500,33000,52000,40000,32000,,,,,,,
sadar1,Sadar-1,38,61,159,236,हैवलेक रोड़,ward 016 महात्मा गांधी,नगरीय क्षेत्र,23500,25000,26000,29000,31000,33500,74000,57000,46000,,,,,,,
sadar1,Sadar-1,38,61,160,130,हसनापुर,ward 014 गीतापल्ली,नगरीय क्षेत्र,10500,11000,11500,13000,29000,31500,47000,36000,29000,,,,,,,
sadar1,Sadar-1,38,61,161,89,हाता रसूल खान,ward 009 लालकुआं,नगरीय क्षेत्र,12000,13000,13500,14500,29000,31500,41000,34000,25500,,,,,,,
sadar1,Sadar-1,38,61,162,215,श्रम बिहार,ward 024 सेवा ग्राम स्टेडियम,नगरीय क्षेत्र,9000,9000,9500,10500,29000,31500,39000,30000,24500,,,,,,,
sadar2,Sadar-2,39,118,1,1103,अनौरा,ward 111 लखनऊ,अर्द्धनगरीय,9000,10000,11000,12000,26000,28500,35000,30500,28500,,221,198,,221,158,
sadar2,Sadar-2,39,118,2,0410,आर्य समाज मन्दिर रोड,ward 043 गणेशगंज,नगरीय क्षेत्र,25000,27000,28500,31000,29000,31500,70500,55000,44000,,,,,,,
sadar2,Sadar-2,39,118,3,0273,आर0के0टण्डन रोड,ward 030 रानी लक्ष्मी बाई,नगरीय क्षेत्र,20000,22000,22500,24500,29000,31500,77000,61500,47500,,,,,,,
sadar2,Sadar-2,39,118,4,0397,अहाता शेर खान,ward 041 बशीरतगंज,नगरीय क्षेत्र,13000,14000,15000,17000,29000,31500,41500,36000,32000,,,,,,,
sadar2,Sadar-2,39,118,5,1080,अहमदपुर,ward 111 लखनऊ,अर्द्धनगरीय,2500,2800,3100,3500,24000,26500,23000,22000,20500,,84,77,,84,61,
sadar2,Sadar-2,39,119,6,1057,अलीनगर,ward 111 लखनऊ,नगरीय क्षेत्र,3800,4000,4400,4800,24000,26500,23000,22000,20500,,110,98,,110,80,
sadar2,Sadar-2,39,119,7,1139,अल्लूनगर डिगुरिया (सहारा सिटी होम्स),ward 111 लखनऊ,नगरीय क्षेत्र,20000,22000,22500,24500,25000,27500,77000,61500,47500,,,,,,,p4: name cut off in print
sadar2,Sadar-2,39,119,8,1098,अल्लूनगरडिगुरिया,ward 111 लखनऊ,नगरीय क्षेत्र,8500,9400,10500,9700,25000,27500,35000,30500,28500,,221,198,,221,158,p4: >18m lower than 12-18m but clearly printed
sadar2,Sadar-2,40,119,9,1119,अल्लूपुर,ward 111 लखनऊ,ग्रामीण,2500,2800,3100,3500,22000,24000,23000,22000,20500,,84,77,,84,61,
sadar2,Sadar-2,40,119,10,0244,अशोक गार्डेन,ward 028 चिनहट,नगरीय क्षेत्र,15000,16500,17000,18500,30000,32500,41500,36000,32000,,,,,,,
sadar2,Sadar-2,40,120,11,0423,अशोक विहार,ward 028 चिनहट,नगरीय क्षेत्र,15000,16500,17000,18500,30000,32500,41500,36000,32000,,,,,,,
sadar2,Sadar-2,40,120,12,0257,अशोक मार्ग,ward 029 राजा राम मोहन राय,नगरीय क्षेत्र,33500,36000,38000,41000,30000,32500,77000,61500,47500,,,,,,,
sadar2,Sadar-2,40,120,13,0387,अमीनाबाद रोड,ward 041 बशीरतगंज,नगरीय क्षेत्र,50000,54000,57000,63000,30000,32500,104500,85000,66000,,,,,,,
sadar2,Sadar-2,40,120,14,0350,अमीनाबाद पार्क,ward 036 अमीनाबाद,नगरीय क्षेत्र,33500,36000,38000,41000,30000,32500,104500,85000,66000,,,,,,,
sadar2,Sadar-2,40,120,15,0348,अमीनाबाद,ward 036 अमीनाबाद,नगरीय क्षेत्र,33500,36000,38000,41000,30000,32500,104500,85000,66000,,,,,,,
sadar2,Sadar-2,40,121,16,0349,अमीनुरूद्दौला पार्क,ward 036 अमीनाबाद,नगरीय क्षेत्र,33500,36000,38000,41000,30000,32500,104500,85000,66000,,,,,,,
sadar2,Sadar-2,41,121,17,0347,अमानीगंज,ward 036 अमीनाबाद,नगरीय क्षेत्र,16500,18000,18500,20000,30000,32500,70500,55000,44000,,,,,,,
sadar2,Sadar-2,41,121,18,0302,उजारियाँव,ward 032 रफी अहमद किदवई नगर (एल0डी0ए0 योजना),नगरीय क्षेत्र,15000,16500,17000,18500,30000,32500,48500,38500,33000,,,,,,,
sadar2,Sadar-2,41,121,19,1083,उत्तरधौना,ward 111 लखनऊ,नगरीय क्षेत्र,9000,10000,11000,12000,26000,28500,35000,30500,28500,,221,198,,221,158,
sadar2,Sadar-2,41,121,20,1127,उत्तरधौना (बी0बी0डी0 ग्रीन सिटी),ward 111 लखनऊ,नगरीय क्षेत्र,20000,22000,22500,24500,23500,26000,77000,61500,47500,,,,,,,p4: name cut off in print
sadar2,Sadar-2,41,122,21,1128,उत्तरधौना (पार्श्वनाथ सिटी/रॉयल फलोर),ward 111 लखनऊ,नगरीय क्षेत्र,20000,22000,22500,24500,23500,26000,77000,61500,47500,,,,,,,p4: name cut off in print
sadar2,Sadar-2,41,122,22,1201,उत्तरधौना (मानस गार्डेन एवं बिहार),ward 111 लखनऊ,नगरीय क्षेत्र,10000,10000,11000,12000,23500,26000,77000,61500,47500,,,,,,,p4: name cut off in print
sadar2,Sadar-2,42,122,23,0376,एच.ए.एल.कालोनी,ward 038 गोमतीनगर,नगरीय क्षेत्र,20000,22000,22000,24000,27500,32500,53000,41500,35000,,,,,,,
sadar2,Sadar-2,42,122,24,0312,एल्डिको ग्रीन,ward 032 रफी अहमद किदवई नगर (एल0डी0ए0 योजना),नगरीय क्षेत्र,43000,47000,48500,54000,30000,32500,87000,69000,55000,,,,,,,
sadar2,Sadar-2,42,122,25,1050,ककौली,ward 111 लखनऊ,नगरीय क्षेत्र,5000,5500,6000,6600,25000,27500,30500,26500,25000,,177,160,,177,127,
sadar2,Sadar-2,42,123,26,1053,कांकराबाद,ward 111 लखनऊ,अर्द्धनगरीय,6500,7000,7500,8300,24000,26500,23000,22000,20500,,110,98,,110,80,
sadar2,Sadar-2,42,123,27,0290,कन्धारी बाजार,ward 031 जगदीश चन्द्र बोस मार्ग,नगरीय क्षेत्र,13000,14000,15000,17000,30000,32500,55000,44000,35000,,,,,,,
sadar2,Sadar-2,43,123,28,0289,कैण्ट रोड (उत्तरी भाग),ward 031 जगदीश चन्द्र बोस मार्ग,नगरीय क्षेत्र,16500,18000,18000,20000,30000,32500,55000,44000,35000,,,,,,,p4: closing bracket not printed
sadar2,Sadar-2,43,123,29,0274,कैसरबाग,ward 030 रानी लक्ष्मी बाई,नगरीय क्षेत्र,25000,27500,28000,31000,30000,32500,70500,55000,44000,,,,,,,
sadar2,Sadar-2,43,123,30,0416,कैलाशकुंज,ward 038 गोमतीनगर,नगरीय क्षेत्र,20000,22000,22000,24000,30000,32500,70500,55000,44000,,,,,,,
sadar2,Sadar-2,43,124,31,1066,कुसमौरा,ward 111 लखनऊ,ग्रामीण,2500,2800,3100,3500,22000,24000,23000,22000,20500,,84,77,,84,61,
sadar2,Sadar-2,43,124,32,1118,कुशभरी,ward 111 लखनऊ,ग्रामीण,2500,2800,3100,3500,22000,24000,23000,22000,20500,,84,77,,84,61,
sadar2,Sadar-2,43,124,33,0363,कुर्मीटोला मकबूलगंज,ward 037 यादुनाथ सन्याल रोड,नगरीय क्षेत्र,13000,14000,15000,17000,30000,32500,38500,35000,33000,,,,,,,
sadar2,Sadar-2,44,124,34,0292,क्वीन्टन रोड,ward 031 जगदीश चन्द्र बोस मार्ग,नगरीय क्षेत्र,13000,14000,15000,17000,30000,32500,59500,47500,36000,,,,,,,
sadar2,Sadar-2,44,124,35,1090,खरगापुर,ward 111 लखनऊ,नगरीय क्षेत्र,10000,11000,11500,12000,25000,27500,34000,27500,22000,,400,355,,400,285,
sadar2,Sadar-2,44,125,36,0275,ख्यालीगंज,ward 030 रानी लक्ष्मी बाई,नगरीय क्षेत्र,19500,22000,22000,24000,30000,32500,70500,55000,44000,,,,,,,
sadar2,Sadar-2,44,125,37,0243,गंगा नगर,ward 028 चिनहट,नगरीय क्षेत्र,10000,11000,11000,12500,30000,32500,41500,36000,32000,,,,,,,
sadar2,Sadar-2,44,125,38,0400,गौतम बुद्व मार्ग,ward 043 गणेशगंज,नगरीय क्षेत्र,37000,40000,41000,46000,30000,32500,104500,85000,66000,,,,,,,"p4: same name printed for 0400, 0276, 0398"
sadar2,Sadar-2,44,125,39,0276,गौतम बुद्व मार्ग,ward 030 रानी लक्ष्मी बाई,नगरीय क्षेत्र,37000,40000,41000,46000,30000,32500,104500,85000,66000,,,,,,,"p4: same name printed for 0400, 0276, 0398"
sadar2,Sadar-2,44,125,40,0258,गोखले मार्ग,ward 029 राजा राम मोहन राय,नगरीय क्षेत्र,30000,33000,34000,36000,30000,32500,77000,61500,47500,,,,,,,
sadar2,Sadar-2,45,126,41,0303,गोडियनपुरवा,ward 032 रफी अहमद किदवई नगर (एल0डी0ए0 योजना),नगरीय क्षेत्र,13000,14000,15000,17000,30000,32500,41500,36000,32000,,,,,,,
sadar2,Sadar-2,45,126,42,0408,गणेशगंज ग्रेन मार्केट,ward 043 गणेशगंज,नगरीय क्षेत्र,25000,27500,28000,31000,30000,32500,70500,55000,44000,,,,,,,
sadar2,Sadar-2,45,126,43,1084,गनेशपुर रहमानपुर,ward 111 लखनऊ,नगरीय क्षेत्र,9000,10000,11000,12000,25000,27500,35000,30500,28500,,221,198,,221,158,
sadar2,Sadar-2,45,126,44,1129,गणेशपुर रहमानपुर (रघुनन्दन आशियाना),ward 111 लखनऊ,नगरीय क्षेत्र,15000,15000,16000,17000,25000,27500,53000,41500,33000,,,,,,,p4: name cut off in print
sadar2,Sadar-2,45,126,45,1202,गनेशपुर रहमानपुर (दयाल रेजीडेन्सी),ward 111 लखनऊ,नगरीय क्षेत्र,15000,15000,16000,17000,25000,27500,53000,41500,33000,,,,,,,p4: name cut off in print
sadar2,Sadar-2,46,127,46,0315,गोमतीनगर फेज 3,ward 032 रफी अहमद किदवई नगर (एल0डी0ए0 योजना),नगरीय क्षेत्र,33000,36000,38000,41000,31500,34000,55000,46000,39500,,,,,,,
sadar2,Sadar-2,46,127,47,0419,गोमती नगर विस्तार/गोमती ग्रीन्स,ward 032 रफी अहमद किदवई नगर (एल0डी0ए0 योजना),नगरीय क्षेत्र,33000,36000,38000,41500,31500,34000,55000,46000,39500,,,,,,,p4: name may be cut off in print
sadar2,Sadar-2,46,127,48,0293,गोपीनाथ श्रीवास्तव रोड,ward 031 जगदीश चन्द्र बोस मार्ग,नगरीय क्षेत्र,20000,21000,22000,24000,30000,32500,59500,47000,36000,,,,,,,
sadar2,Sadar-2,47,127,49,1049,गोपरामऊ,ward 111 लखनऊ,अर्द्धनगरीय,3000,3500,4000,4500,22000,24000,23000,22000,20500,,88,80,,88,66,
sadar2,Sadar-2,47,127,50,0398,गौतम बुद्व मार्ग,ward 041 बशीरतगंज,नगरीय क्षेत्र,37000,40000,41000,43000,30000,32500,104500,85000,66000,,,,,,,"p4: same name printed for 0400, 0276, 0398"
sadar2,Sadar-2,47,128,51,0402,गुरू द्वारा रोड,ward 043 गणेशगंज,नगरीय क्षेत्र,25000,27000,28000,30000,30000,32500,70500,55000,44000,,,,,,,
sadar2,Sadar-2,47,128,52,0360,गूँगे नवाब पार्क,ward 036 अमीनाबाद,नगरीय क्षेत्र,33000,36000,38000,41000,30000,32500,61500,49500,39500,,,,,,,
sadar2,Sadar-2,47,128,53,0227,गुलाम हुसैन पुरवा,ward 027 राजीव गांधी,नगरीय क्षेत्र,9000,9300,10000,11000,30000,32500,38500,35000,33000,,,,,,,
sadar2,Sadar-2,47,128,54,0352,गन्ने वाली गली,ward 036 अमीनाबाद,नगरीय क्षेत्र,25000,27000,28000,31000,30000,32500,85000,66000,53000,,,,,,,
sadar2,Sadar-2,47,128,55,0351,गडबडझाला,ward 036 अमीनाबाद,नगरीय क्षेत्र,33000,36000,38000,41000,30000,32500,87000,69500,55000,,,,,,,
sadar2,Sadar-2,48,129,56,0304,ग्वारी का पुरवा,ward 032 रफी अहमद किदवई नगर (एल0डी0ए0 योजना),नगरीय क्षेत्र,13000,14000,15000,17000,30000,32500,41500,36000,32000,,,,,,,
sadar2,Sadar-2,48,129,57,0294,घसियारी मण्डी,ward 031 जगदीश चन्द्र बोस मार्ग,नगरीय क्षेत्र,13000,14000,15000,17000,30000,32500,48500,38500,33000,,,,,,,
sadar2,Sadar-2,48,129,58,0228,चमरही,ward 027 राजीव गांधी,नगरीय क्षेत्र,10000,16000,17000,19000,30000,32500,48500,38500,33000,,,,,,,
sadar2,Sadar-2,48,129,59,0296,चाइना बाजार,ward 031 जगदीश चन्द्र बोस मार्ग,नगरीय क्षेत्र,15000,16000,17000,18500,30000,32500,61500,49500,39500,,,,,,,
sadar2,Sadar-2,49,129,60,0222,चक्करपुरवा,ward 026 निशातगंज,नगरीय क्षेत्र,9000,9000,9500,10000,30000,32500,38500,33000,30500,,,,,,,
sadar2,Sadar-2,49,130,61,0295,चौलक्खी,ward 031 जगदीश चन्द्र बोस मार्ग,नगरीय क्षेत्र,15000,16000,17000,18000,30000,32500,61500,49500,39500,,,,,,,
sadar2,Sadar-2,49,130,62,0245,चक मल्हौरी,ward 028 चिनहट,नगरीय क्षेत्र,9000,9000,9500,10000,30000,32500,41500,36000,32000,,,,,,,
sadar2,Sadar-2,49,130,63,1062,चन्दियामऊ,ward 111 लखनऊ,नगरीय क्षेत्र,5000,5500,6050,6500,24000,26500,30500,26500,25000,,177,158,,177,127,
sadar2,Sadar-2,49,130,64,0277,चकबस्त रोड,ward 030 रानी लक्ष्मी बाई,नगरीय क्षेत्र,13000,14000,15000,17000,30000,32500,48500,38500,33000,,,,,,,
sadar2,Sadar-2,49,130,65,0242,चिनहट,ward 028 चिनहट,नगरीय क्षेत्र,10000,11000,11000,12500,30000,32500,41500,36000,32000,,,,,,,
sadar2,Sadar-2,49,131,66,0353,छेदी लाल धर्मशाला रोड,ward 036 अमीनाबाद,नगरीय क्षेत्र,25000,27500,28000,30000,30000,32500,85000,66000,53000,,,,,,,
sadar2,Sadar-2,50,131,67,0354,जंगलीगंज,ward 036 अमीनाबाद,नगरीय क्षेत्र,18000,19500,20500,23000,30000,32500,61500,49500,39500,,,,,,,
sadar2,Sadar-2,50,131,68,0298,जगदीशचन्द्र बोस मार्ग,ward 031 जगदीश चन्द्र बोस मार्ग,नगरीय क्षेत्र,20000,22000,22000,24000,30000,32500,61500,49500,39500,,,,,,,
sadar2,Sadar-2,50,131,69,1052,जेहटा,ward 111 लखनऊ,नगरीय क्षेत्र,6500,7000,7500,8300,25000,27500,23000,22000,20500,,110,98,,110,80,
sadar2,Sadar-2,50,131,70,0305,जुगौली बडी छोटी,ward 032 रफी अहमद किदवई नगर (एल0डी0ए0 योजना),नगरीय क्षेत्र,13000,14000,15000,17000,30000,32500,41500,36000,32000,,,,,,,
sadar2,Sadar-2,50,132,71,1131,जुग्गौर (बी0बी0डी0 ग्रीन सिटी),ward 111 लखनऊ,अर्द्धनगरीय,19500,22000,22500,24500,25000,27500,77000,61500,47500,,,,,,,
sadar2,Sadar-2,51,132,72,1132,ऋषि उद्यान (जुग्गौर),ward 111 लखनऊ,अर्द्धनगरीय,10000,9000,9500,10000,25000,27500,34000,27500,22000,,,,,,,"<9 m 10000 higher than 9-12 m 9000; verified on scan, clearly printed (source inconsistency)"
sadar2,Sadar-2,51,132,73,1092,जुग्गौर,ward 111 लखनऊ,अर्द्धनगरीय,7000,8000,8500,9000,25000,27500,30500,26500,25000,,177,158,,177,127,
sadar2,Sadar-2,51,132,74,0361,जूतेवाली गली अमीनाबाद,ward 036 अमीनाबाद,नगरीय क्षेत्र,25000,26000,28500,30000,30000,32500,87000,69500,55000,,,,,,,
sadar2,Sadar-2,51,132,75,0365,जूरियन टोला (मकबूलगंज),ward 037 यादुनाथ सन्याल रोड,नगरीय क्षेत्र,13000,14000,15000,17000,30000,32500,41500,36000,32000,,,,,,,
sadar2,Sadar-2,51,133,76,0297,जम्बूर खाना,ward 031 जगदीश चन्द्र बोस मार्ग,नगरीय क्षेत्र,13000,14000,15000,17000,30000,32500,48000,38500,33000,,,,,,,
sadar2,Sadar-2,51,133,77,0229,झलियन पुरवा,ward 027 राजीव गांधी,नगरीय क्षेत्र,9000,9200,10000,11000,30000,32500,38500,35000,33000,,,,,,,
sadar2,Sadar-2,51,133,78,0415,टी.जी.सिविल लाइन्स,ward 035 काल्विन कालेज,नगरीय क्षेत्र,25000,27000,28500,31500,30000,32500,48000,44000,38500,,,,,,,
sadar2,Sadar-2,52,133,79,0287,डा.श्याम प्रसाद मुखर्जी रोड (नजीराबाद रोड),ward 030 रानी लक्ष्मी बाई,नगरीय क्षेत्र,25000,27000,28500,31500,30000,32500,70500,55000,44000,,,,,,,p4: name cut off in print
sadar2,Sadar-2,52,133,80,0263,डालीबाग,ward 029 राजा राम मोहन राय,नगरीय क्षेत्र,25000,27000,28500,31500,30000,32500,61500,49500,39500,,,,,,,
sadar2,Sadar-2,52,134,81,0306,डिगडिगा,ward 032 रफी अहमद किदवई नगर (एल0डी0ए0 योजना),नगरीय क्षेत्र,16500,18000,18500,20000,30000,32500,41500,38500,36000,,,,,,,
sadar2,Sadar-2,52,134,82,0246,तकवा कठौता,ward 028 चिनहट,नगरीय क्षेत्र,7000,7000,7500,8500,30000,32500,41500,38500,36000,,,,,,,
sadar2,Sadar-2,52,134,83,0381,तालाब गगनी शुक्ला,ward 039 नजरबाग,नगरीय क्षेत्र,13000,14000,15000,17000,30000,32500,53000,41500,33000,,,,,,,
sadar2,Sadar-2,53,134,84,1064,तेराखास,ward 111 लखनऊ,नगरीय क्षेत्र,5000,5000,5500,6000,25000,27500,23000,22000,20500,,110,98,,110,80,
sadar2,Sadar-2,53,134,85,1206,तेराखास (माधवपुरम/माधवग्रीन्स योजना),ward 111 लखनऊ,नगरीय क्षेत्र,9000,10000,11000,12000,30000,32500,23000,22000,20500,,,,,,,p4: name cut off in print
sadar2,Sadar-2,53,135,86,0317,तेज बहादुर सप्रू,ward 033 हजरतगंज,नगरीय क्षेत्र,41000,45000,47000,52000,30000,32500,87000,69000,55000,,,,,,,
sadar2,Sadar-2,53,135,87,0355,तकिया गनेशगंज,ward 036 अमीनाबाद,नगरीय क्षेत्र,25000,27000,28000,31000,30000,32500,61500,49500,39500,,,,,,,
sadar2,Sadar-2,53,135,88,0412,तकिया गणेशगंज,ward 043 गणेशगंज,नगरीय क्षेत्र,25000,27000,28000,31000,30000,32500,61500,49500,39500,,,,,,,
sadar2,Sadar-2,53,135,89,0403,तिल पुरवा (नाका हिण्डाला),ward 043 गणेशगंज,नगरीय क्षेत्र,25000,27000,28000,31000,30000,32500,70500,55000,44000,,,,,,,
sadar2,Sadar-2,53,135,90,0392,त्रिपाठीनगर (खुर्शेद बाग),ward 041 बशीरतगंज,नगरीय क्षेत्र,15000,16500,17000,18500,22000,24000,53000,41500,33000,,,,,,,covered 22000/24000 lower than other urban wards but clearly printed
sadar2,Sadar-2,54,136,91,1107,थावर,ward 111 लखनऊ,ग्रामीण,2500,2800,3100,3500,22000,26500,23000,22000,20500,,84,77,,84,61,premium 26500 breaks rural pattern (22000/24000) but clearly printed
sadar2,Sadar-2,54,136,92,1108,देवारिया,ward 111 लखनऊ,नगरीय क्षेत्र,7000,8000,8500,9000,29000,31000,30500,26500,25000,,177,158,,177,127,
sadar2,Sadar-2,54,136,93,0391,दुर्विजयगंज,ward 041 बशीरतगंज,नगरीय क्षेत्र,13000,14000,15000,17000,30000,32500,53000,41500,33000,,,,,,,
sadar2,Sadar-2,54,136,94,1099,धैला,ward 111 लखनऊ,नगरीय क्षेत्र,8500,9400,10500,11500,25000,27500,35000,30500,28500,,221,198,,221,158,
sadar2,Sadar-2,54,136,95,1140,धैला (सहारा सिटी होम्स),ward 111 लखनऊ,नगरीय क्षेत्र,13000,14000,15000,17000,25000,27500,41500,36000,32000,,,,,,,
sadar2,Sadar-2,54,137,96,1086,धावाँ,ward 111 लखनऊ,नगरीय क्षेत्र,9000,10000,11000,12000,25000,27500,35000,30500,28000,,221,198,,221,158,p4: godown 28000 (peers 28500) clearly printed
sadar2,Sadar-2,54,137,97,1203,धावाँ (राय इन्क्लेव),ward 111 लखनऊ,नगरीय क्षेत्र,10000,10000,11000,12000,25000,27500,59500,47000,36000,,,,,,,
sadar2,Sadar-2,54,137,98,0267,न्यू बेरी रोड,ward 029 राजा राम मोहन राय,नगरीय क्षेत्र,20000,22000,22500,24500,30000,32500,59500,47000,38000,,,,,,,
sadar2,Sadar-2,55,137,99,0342,न्यू हैदराबाद,ward 035 काल्विन कालेज,नगरीय क्षेत्र,25000,27000,28500,31000,30000,32500,55000,44000,38000,,,,,,,
sadar2,Sadar-2,55,137,100,1117,नरेन्द्री,ward 111 लखनऊ,ग्रामीण,6500,7200,8000,8500,22500,25000,23000,22000,20500,,88,80,,88,63,
sadar2,Sadar-2,55,138,101,0333,नरही,ward 034 रामतीर्थ नरही,नगरीय क्षेत्र,25000,27500,28000,31000,30000,32500,70500,55000,44000,,,,,,,
sadar2,Sadar-2,55,138,102,0404,नया गणेशगंज,ward 043 गणेशगंज,नगरीय क्षेत्र,25000,27500,28000,31000,30000,32500,70500,55000,44000,,,,,,,
sadar2,Sadar-2,55,138,103,0278,नया गाँव पश्चिम,ward 030 रानी लक्ष्मी बाई,नगरीय क्षेत्र,21000,23000,24500,27000,30000,32500,59500,47000,36000,,,,,,,
sadar2,Sadar-2,55,138,104,0424,नया विजयीपुर,ward 028 चिनहट,नगरीय क्षेत्र,10000,11000,11500,12500,30000,32500,41500,36000,32000,,,,,,,
sadar2,Sadar-2,55,138,105,0385,नयागाँव पूर्वी,ward 040 शिवाजी मार्ग,नगरीय क्षेत्र,21000,23500,24500,27000,30000,32500,61500,49500,39500,,,,,,,
sadar2,Sadar-2,55,139,106,0379,नजरबाग,ward 039 नजरबाग,नगरीय क्षेत्र,13000,14000,15000,17000,30000,32500,53000,41500,33000,,,,,,,
sadar2,Sadar-2,56,139,107,0279,नजीराबाद,ward 030 रानी लक्ष्मी बाई,नगरीय क्षेत्र,25000,27000,28500,31000,30000,32500,70500,55000,44000,,,,,,,
sadar2,Sadar-2,56,139,108,0280,नजीराबाद रोड,ward 030 रानी लक्ष्मी बाई,नगरीय क्षेत्र,25000,27000,28500,31000,30000,32500,87000,69500,55000,,,,,,,
sadar2,Sadar-2,56,139,109,0318,नवल किशोर रोड,ward 033 हजरतगंज,नगरीय क्षेत्र,42000,45500,47500,52000,30000,32500,48500,44000,38500,,,,,,,
sadar2,Sadar-2,56,139,110,0409,नवईया गणेशगंज,ward 043 गणेशगंज,नगरीय क्षेत्र,16500,18000,18500,20500,30000,32500,48500,44000,38500,,,,,,,
sadar2,Sadar-2,56,140,111,0230,नवाब पुरवा,ward 027 राजीव गांधी,नगरीय क्षेत्र,10000,16500,17500,19000,30000,32500,87000,69500,55000,,,,,,,
sadar2,Sadar-2,56,140,112,0313,नेहरू इन्क्लेव,ward 032 रफी अहमद किदवई नगर (एल0डी0ए0 योजना),नगरीय क्षेत्र,43000,47500,49500,54000,30000,32500,61500,50000,39500,,,,,,,
sadar2,Sadar-2,57,140,113,0356,नाला फतेहगंज,ward 036 अमीनाबाद,नगरीय क्षेत्र,16500,18000,18500,20500,30000,32500,35000,30500,28500,,,,,,,
sadar2,Sadar-2,57,140,114,1088,नौबस्ताकला,ward 111 लखनऊ,नगरीय क्षेत्र,9000,10000,11000,12000,25000,27500,38500,36000,33000,,221,198,,221,158,
sadar2,Sadar-2,57,140,115,1204,नौबस्ताकला (पिताम्बरा बिहार कालोनी),ward 111 लखनऊ,नगरीय क्षेत्र,8800,8800,9800,11000,25000,27500,38500,36000,33000,,,,,,,p4: name cut off in print
sadar2,Sadar-2,57,141,116,0362,नटखेडा,ward 037 यादुनाथ सन्याल रोड,नगरीय क्षेत्र,13000,14000,15000,17000,30000,32500,38500,36000,33000,,,,,,,
sadar2,Sadar-2,57,141,117,1100,निजामपुर मल्हौर,ward 111 लखनऊ,नगरीय क्षेत्र,8000,8000,9000,9500,25000,27500,35000,30500,28000,,221,198,,221,158,
sadar2,Sadar-2,57,141,118,0220,निशातगंज,ward 026 निशातगंज,नगरीय क्षेत्र,16500,18000,18500,20500,3000,32500,48500,44000,38500,,,,,,,covered_ordinary 3000 clearly printed (likely typo for 30000); premium 32500
sadar2,Sadar-2,57,141,119,1114,पपनामऊ,ward 111 लखनऊ,अर्द्धनगरीय,2400,2700,3300,3600,22000,24000,23000,22000,20500,,88,80,,88,63,
sadar2,Sadar-2,57,141,120,0259,प्राग नरायन रोड,ward 029 राजा राम मोहन राय,नगरीय क्षेत्र,30000,33000,34000,37500,30000,32500,70500,55000,44000,,,,,,,
sadar2,Sadar-2,58,142,121,1116,पड़रा,ward 111 लखनऊ,ग्रामीण,2500,2800,3100,3500,22000,24000,23000,22000,20500,,84,77,,84,61,
sadar2,Sadar-2,58,142,122,0421,पुराना आर0टी0ओ0,ward 030 रानी लक्ष्मी बाई,नगरीय क्षेत्र,37000,40000,41500,46000,30000,32500,77000,61500,47000,,,,,,,
sadar2,Sadar-2,58,142,123,0341,पुराना हैदराबाद,ward 035 काल्विन कालेज,नगरीय क्षेत्र,25000,27500,28500,31500,30000,32500,55000,44000,38500,,,,,,,
sadar2,Sadar-2,58,142,124,0411,पुराना गणेशगज,ward 043 गणेशगंज,नगरीय क्षेत्र,25000,27500,28500,31500,30000,32500,70500,55000,44000,,,,,,,
sadar2,Sadar-2,58,142,125,0282,पुरानी कचेहरी रोड,ward 030 रानी लक्ष्मी बाई,नगरीय क्षेत्र,23000,25000,26500,28500,30000,32500,59500,47000,36000,,,,,,,
sadar2,Sadar-2,58,143,126,0281,पुल झाऊ लाल,ward 030 रानी लक्ष्मी बाई,नगरीय क्षेत्र,13000,14000,15000,17000,30000,32500,61500,49500,39500,,,,,,,
sadar2,Sadar-2,58,143,127,0219,पेपर मिल,ward 026 निशातगंज,नगरीय क्षेत्र,27000,29000,30000,33000,30000,32500,70500,55000,44000,,,,,,,
sadar2,Sadar-2,58,143,128,0399,पेपर मिल कालोनी,ward 042 पेपर मिल,नगरीय क्षेत्र,27000,29000,30000,33000,30000,32500,70500,55000,44000,,,,,,,
sadar2,Sadar-2,59,143,129,0291,फोरसिक रोड,ward 031 जगदीश चन्द्र बोस मार्ग,नगरीय क्षेत्र,13000,14000,15000,17000,30000,32500,55000,44000,35000,,,,,,,
sadar2,Sadar-2,59,143,130,0338,फैजाबाद रोड पूर्वी (चिनहट तक),ward 035 काल्विन कालेज,नगरीय क्षेत्र,40000,41000,45000,66000,30000,32500,98000,77000,61500,,,,,,,p4: name cut off in print; >18m jump 66000 clearly printed
sadar2,Sadar-2,59,144,131,0357,फतेहगंज,ward 036 अमीनाबाद,नगरीय क्षेत्र,16500,18000,18500,20000,30000,32500,61500,49500,39500,,,,,,,
sadar2,Sadar-2,59,144,132,0223,फैजाबाद रोड,ward 026 निशातगंज,नगरीय क्षेत्र,40000,45500,66000,72500,30000,32500,70500,55000,44000,,,,,,,p4: 12-18m jump 66000 clearly printed
sadar2,Sadar-2,59,144,133,0378,फूलबाग,ward 039 नजरबाग,नगरीय क्षेत्र,13000,14000,15000,17000,30000,32500,53000,41500,33000,,,,,,,
sadar2,Sadar-2,59,144,134,0388,बशीरतगंज,ward 041 बशीरतगंज,नगरीय क्षेत्र,13000,14000,15000,17000,30000,32500,53000,41500,33000,,,,,,,
sadar2,Sadar-2,59,144,135,0232,बेलहा,ward 027 राजीव गांधी,नगरीय क्षेत्र,10000,16500,17500,19000,30000,32500,48500,38500,33000,,,,,,,
sadar2,Sadar-2,60,145,136,0231,बेहमन पुरवा,ward 027 राजीव गांधी,नगरीय क्षेत्र,10000,16500,17500,19000,30000,32500,48500,38500,33000,,,,,,,
sadar2,Sadar-2,60,145,137,0382,बौरूनी खन्दक,ward 040 शिवाजी मार्ग,नगरीय क्षेत्र,13000,14000,15000,17000,30000,32500,53000,44000,38500,,,,,,,
sadar2,Sadar-2,60,145,138,1106,बंशीगढ़ी,ward 111 लखनऊ,अर्द्धनगरीय,2500,2800,3100,3500,22000,24000,23000,22000,20500,,88,80,,88,63,
sadar2,Sadar-2,60,145,139,1060,बाघामऊ,ward 111 लखनऊ,नगरीय क्षेत्र,5000,5500,6000,6500,25000,27500,30500,26000,25000,,177,158,,177,127,duplicate serial 139 printed; p4: vcode 1060 printed on two rows; office 26000 clearly printed
sadar2,Sadar-2,60,145,139,1060,बाघामऊ (शालीमार वन वर्ल्ड),लखनऊ,नगरीय क्षेत्र,50000,55000,60500,67000,31000,34000,55000,46000,39500,,,,,,,duplicate serial 139 printed (2nd row); ward no. blank in scan; p4: vcode 1060 printed on two rows
sadar2,Sadar-2,60,146,140,0225,बाल्मीकीनगर,ward 026 निशातगंज,नगरीय क्षेत्र,10000,11000,11500,12500,30000,32500,38500,36000,32000,,,,,,,
sadar2,Sadar-2,60,146,141,0271,बालू अडडा,ward 029 राजा राम मोहन राय,नगरीय क्षेत्र,20000,22000,22500,24500,30000,32500,59500,47500,36000,,,,,,,
sadar2,Sadar-2,61,146,142,0299,बाला कदर रोड,ward 031 जगदीश चन्द्र बोस मार्ग,नगरीय क्षेत्र,20000,22000,22500,24500,30000,32500,61500,49500,39500,,,,,,,
sadar2,Sadar-2,61,146,143,0343,बादशाह नगर,ward 035 काल्विन कालेज,नगरीय क्षेत्र,25000,27500,28500,31500,30000,32500,55000,44000,38500,,,,,,,
sadar2,Sadar-2,61,146,144,0224,बादशाहनगर रेलवे कालोनी,ward 026 निशातगंज,नगरीय क्षेत्र,10000,11000,11500,12500,30000,32500,38500,36000,32000,,,,,,,
sadar2,Sadar-2,61,147,145,0380,बाइसी की मस्जिद,ward 039 नजरबाग,नगरीय क्षेत्र,13000,14000,15000,17000,30000,32500,53000,44000,38500,,,,,,,
sadar2,Sadar-2,61,147,146,0283,बाजार झाऊ लाल,ward 030 रानी लक्ष्मी बाई,नगरीय क्षेत्र,13000,14000,15000,17000,30000,32500,61500,49500,39500,,,,,,,
sadar2,Sadar-2,61,147,147,0221,बाबा का पुरवा,ward 026 निशातगंज,नगरीय क्षेत्र,10000,16500,17500,19000,30000,32500,48000,38500,33000,,,,,,,
sadar2,Sadar-2,61,147,148,0406,बाँस मण्डी,ward 043 गणेशगंज,नगरीय क्षेत्र,25000,27500,28500,31500,30000,32500,70500,55000,44000,,,,,,,
sadar2,Sadar-2,62,147,149,0386,बाग मुन्नू,ward 040 शिवाजी मार्ग,नगरीय क्षेत्र,13000,14000,15000,17000,30000,32500,41500,36000,32000,,,,,,,
sadar2,Sadar-2,62,148,150,0319,बाल्मिकी मार्ग,ward 033 हजरतगंज,नगरीय क्षेत्र,42000,45500,47500,52000,30000,32500,77000,61500,47000,,,,,,,
sadar2,Sadar-2,62,148,151,1113,बीघापुर,ward 111 लखनऊ,ग्रामीण,2500,2800,3100,3500,22000,24000,23000,22000,20500,,84,77,,84,61,
sadar2,Sadar-2,62,148,152,0261,बटलर पैलेस कालोनी,ward 029 राजा राम मोहन राय,नगरीय क्षेत्र,20000,22000,22500,24500,30000,32500,61500,49500,39500,,,,,,,
sadar2,Sadar-2,62,148,153,0272,बटलरगंज,ward 029 राजा राम मोहन राय,नगरीय क्षेत्र,20000,22000,22500,24500,30000,32500,59500,47500,36000,,,,,,,
sadar2,Sadar-2,62,148,154,0248,भरवारा,ward 028 चिनहट,नगरीय क्षेत्र,8500,9500,10500,11500,30000,32500,38500,36000,32000,,400,356,,400,285,
sadar2,Sadar-2,62,,155,1082,भरवारा,ward 111 लखनऊ,नगरीय क्षेत्र,8500,,,,30000,32500,,,,,,,,,,no प्रारूप-4 row printed for this V-code (checked scan); only <9 m and covered rates available
sadar2,Sadar-2,62,149,156,0326,भेडी वाली कोठी,ward 033 हजरतगंज,नगरीय क्षेत्र,25000,27500,28500,31000,30000,32500,61500,49500,39500,,,,,,,
sadar2,Sadar-2,63,149,157,1059,भैसौरा,ward 111 लखनऊ,नगरीय क्षेत्र,5000,5500,6000,6500,25000,27500,30500,26000,25000,,177,158,,177,127,
sadar2,Sadar-2,63,149,158,0226,भीखमपुरवा,ward 026 निशातगंज,नगरीय क्षेत्र,10000,11000,11500,12500,30000,32500,41500,38500,36000,,,,,,,
sadar2,Sadar-2,63,149,159,0320,मकबरा अहमद अली शाह,ward 033 हजरतगंज,नगरीय क्षेत्र,42000,45500,47000,52000,30000,32500,67000,51500,41500,,,,,,,
sadar2,Sadar-2,63,149,160,1073,मल्हापुर,ward 111 लखनऊ,ग्रामीण,2500,2800,3100,3500,22000,24000,23000,22000,20500,,84,77,,84,61,
sadar2,Sadar-2,63,150,161,1087,मलेसेमऊ,ward 111 लखनऊ,नगरीय क्षेत्र,10000,11000,11500,12000,25000,27500,35000,30500,28000,,221,198,,221,158,
sadar2,Sadar-2,63,150,162,1102,महिपतमऊ,ward 111 लखनऊ,नगरीय क्षेत्र,7700,8000,8800,9700,24000,26500,35000,30500,28000,,221,198,,221,158,
sadar2,Sadar-2,63,150,163,0262,मदन मोहन मालवीय मार्ग,ward 029 राजा राम मोहन राय,नगरीय क्षेत्र,25000,27500,28500,31500,30000,32500,70500,55000,44000,,,,,,,
sadar2,Sadar-2,63,150,164,0321,महात्मा गाँधी मार्ग,ward 033 हजरतगंज,नगरीय क्षेत्र,50000,54500,57000,63000,30000,32500,87000,69500,55000,,,,,,,
sadar2,Sadar-2,64,150,165,1089,मुतक्कीपुर,ward 111 लखनऊ,नगरीय क्षेत्र,8500,9400,10500,11500,25000,27500,35000,30500,28500,,221,198,,221,158,
sadar2,Sadar-2,64,151,166,1130,मुतक्कीपुर (एल्डिको सिटी/टाउनी),ward 111 लखनऊ,नगरीय क्षेत्र,10000,11000,11500,12500,25000,27500,41500,36000,32000,,,,,,,p4: name cut off in print
sadar2,Sadar-2,64,151,167,1112,मेहौरा,ward 111 लखनऊ,अर्द्धनगरीय,2500,2800,3100,3500,22000,24000,23000,22000,20500,,88,80,,88,63,
sadar2,Sadar-2,64,151,168,0418,मेट्रो सिटी,ward 042 पेपर मिल,नगरीय क्षेत्र,27000,29000,30000,33000,30000,32500,77000,61500,47500,,,,,,,
sadar2,Sadar-2,64,151,169,0358,मारवाडी गली,ward 036 अमीनाबाद,नगरीय क्षेत्र,16500,18000,18500,20000,30000,32500,61500,49500,39500,,,,,,,
sadar2,Sadar-2,64,151,170,0384,माडल हाउस,ward 040 शिवाजी मार्ग,नगरीय क्षेत्र,22000,23500,24500,27000,30000,32500,61500,49500,39500,,,,,,,
sadar2,Sadar-2,64,152,171,1091,मखदूमपुर,ward 111 लखनऊ,नगरीय क्षेत्र,8000,8000,8800,9700,24000,26500,35000,30500,28500,,221,198,,221,158,
sadar2,Sadar-2,64,152,172,1055,माधवपुर,ward 111 लखनऊ,नगरीय क्षेत्र,2500,2800,3100,3500,22000,24000,23000,22000,20500,,84,77,,84,61,category printed नगरीय क्षेत्र though P1 lists माधवपुर under ग्रामीण; rates match rural pattern
sadar2,Sadar-2,65,152,173,1121,मनभौना,ward 111 लखनऊ,ग्रामीण,2500,2800,3100,3500,22000,24000,23000,22000,20500,,84,77,,84,61,
sadar2,Sadar-2,65,152,174,0233,मोहम्मद नगर,ward 027 राजीव गांधी,नगरीय क्षेत्र,8200,9300,9300,10000,30000,32500,35000,33000,30500,,,,,,,
sadar2,Sadar-2,65,152,175,1054,मौरा,ward 111 लखनऊ,नगरीय क्षेत्र,6500,7000,7500,8300,25000,27500,23100,22000,20500,,110,98,,110,80,p4: shop 23100 (peers 23000) clearly printed
sadar2,Sadar-2,65,153,176,0422,मारूतिपुरम,ward 038 गोमतीनगर,नगरीय क्षेत्र,21000,24000,25000,27500,30000,32500,70500,55000,44000,,,,,,,
sadar2,Sadar-2,65,153,177,0334,मिर्जा पुरवा,ward 034 रामतीर्थ नरही,नगरीय क्षेत्र,15000,16500,17000,18500,30000,32500,48500,38500,33000,,,,,,,
sadar2,Sadar-2,65,153,178,0284,मिश्रबन्धु रोड,ward 030 रानी लक्ष्मी बाई,नगरीय क्षेत्र,25000,27500,28500,31500,30000,32500,61500,49500,39500,,,,,,,
sadar2,Sadar-2,65,153,179,0335,मीराबाई मार्ग,ward 034 रामतीर्थ नरही,नगरीय क्षेत्र,25000,27500,28500,31500,30000,32500,77000,61500,47500,,,,,,,
sadar2,Sadar-2,65,153,180,0367,योगेन्द्र पाठक रोड,ward 037 यादुनाथ सन्याल रोड,नगरीय क्षेत्र,13000,14000,15000,17000,30000,32500,61500,49500,39500,,,,,,,
sadar2,Sadar-2,66,154,181,0368,यदुनाथ सन्याल रोड,ward 037 यादुनाथ सन्याल रोड,नगरीय क्षेत्र,25000,27500,28500,31500,30000,32500,77000,61500,47500,,,,,,,
sadar2,Sadar-2,66,154,182,0301,रकाबगंज जदीद,ward 031 जगदीश चन्द्र बोस मार्ग,नगरीय क्षेत्र,15000,16500,17000,18500,30000,32500,61500,49500,39500,,,,,,,
sadar2,Sadar-2,66,154,183,0389,रानीगंज,ward 041 बशीरतगंज,नगरीय क्षेत्र,13000,14000,15000,17000,30000,32500,53000,41500,33000,,,,,,,
sadar2,Sadar-2,66,154,184,0285,रानीलक्ष्मीबाई मार्ग,ward 030 रानी लक्ष्मी बाई,नगरीय क्षेत्र,25000,27500,28500,31500,30000,32500,77000,61500,47500,,,,,,,
sadar2,Sadar-2,66,154,185,0266,राणा प्रताप मार्ग,ward 029 राजा राम मोहन राय,नगरीय क्षेत्र,33000,36000,38000,41500,30000,32500,70500,55000,44000,,,,,,,
sadar2,Sadar-2,66,155,186,0286,राजानवाब अली रोड,ward 030 रानी लक्ष्मी बाई,नगरीय क्षेत्र,23500,25000,26500,28000,30000,32500,59500,47000,36000,,,,,,,
sadar2,Sadar-2,66,155,187,0322,राजा टोडरमल,ward 033 हजरतगंज,नगरीय क्षेत्र,33000,36000,38000,41000,30000,32500,61500,49500,39500,,,,,,,
sadar2,Sadar-2,67,155,188,0340,रायबिहारी लाल,ward 035 काल्विन कालेज,नगरीय क्षेत्र,25000,27500,28000,31000,30000,32500,48500,44000,38500,,,,,,,
sadar2,Sadar-2,67,155,189,1078,रायपुर,ward 111 लखनऊ,नगरीय क्षेत्र,8500,9400,10500,9500,25000,27500,35000,30000,28500,,221,198,,221,158,p4: >18m lower than 12-18m and office 30000 (peers 30500) but clearly printed
sadar2,Sadar-2,67,155,190,0337,रामतीर्थ मार्ग,ward 034 रामतीर्थ नरही,नगरीय क्षेत्र,30000,33000,34000,37500,30000,32500,87000,69000,55000,,,,,,,
sadar2,Sadar-2,67,156,191,0265,राममोहन राय मार्ग,ward 029 राजा राम मोहन राय,नगरीय क्षेत्र,25000,27500,28500,31500,30000,32500,61000,49500,39500,,,,,,,
sadar2,Sadar-2,67,156,192,0332,राम तीर्थ मार्ग नरही,ward 034 रामतीर्थ नरही,नगरीय क्षेत्र,30000,33000,34000,37500,30000,32500,77000,61500,47500,,,,,,,
sadar2,Sadar-2,67,156,193,0374,रवीन्द्रपल्ली,ward 038 गोमतीनगर,नगरीय क्षेत्र,20000,22000,22500,24500,30000,32500,53000,44000,38500,,,,,,,
sadar2,Sadar-2,67,156,194,1105,रनियामऊ,ward 111 लखनऊ,ग्रामीण,2500,2800,3100,3500,22000,24000,23000,22000,20500,,84,78,,84,61,p4: link-road agri 78 (peers 77) clearly printed
sadar2,Sadar-2,67,156,195,0264,रमौयाजी पुरम,ward 029 राजा राम मोहन राय,नगरीय क्षेत्र,23500,25000,26000,28500,30000,32500,59500,47500,36000,,,,,,,
sadar2,Sadar-2,68,157,196,0364,रिसालदार पार्क,ward 037 यादुनाथ सन्याल रोड,नगरीय क्षेत्र,13000,14000,15000,17000,30000,32500,38500,35000,33000,,,,,,,
sadar2,Sadar-2,68,157,197,0234,रिसहा,ward 027 राजीव गांधी,नगरीय क्षेत्र,8500,9000,9500,11000,30000,32500,34000,32000,29500,,,,,,,
sadar2,Sadar-2,68,157,198,0375,लक्ष्मणपुरी,ward 038 गोमतीनगर,नगरीय क्षेत्र,20000,22000,22500,24500,30000,32500,53000,44000,38500,,,,,,,
sadar2,Sadar-2,68,157,199,0324,लाप्लास रोड (लाप्लास),ward 033 हजरतगंज,नगरीय क्षेत्र,33000,36000,38000,41500,30000,32500,61500,49500,39500,,,,,,,
sadar2,Sadar-2,68,157,200,0323,लारेन्स टेरेस,ward 033 हजरतगंज,नगरीय क्षेत्र,33000,36000,38000,41500,30000,32500,61500,49500,39500,,,,,,,
sadar2,Sadar-2,68,158,201,0331,लालबाग,ward 033 हजरतगंज,नगरीय क्षेत्र,33000,36000,38000,41500,30000,32500,85000,65000,53000,,,,,,,
sadar2,Sadar-2,68,158,202,1061,लालनगर,ward 111 लखनऊ,नगरीय क्षेत्र,4000,4000,4400,4600,24000,26500,23000,22000,20500,,110,98,,110,80,
sadar2,Sadar-2,68,158,203,0269,लाजपत राय मार्ग (जॉपलिंग रोड),ward 029 राजा राम मोहन राय,नगरीय क्षेत्र,25000,27500,28500,31500,30000,32500,61500,49500,39500,,,,,,,p4: name cut off in print
sadar2,Sadar-2,69,158,204,1109,लोनापुर,ward 111 लखनऊ,नगरीय क्षेत्र,5000,5400,5700,6000,25000,27500,30500,26000,25000,,177,158,,177,127,
sadar2,Sadar-2,69,158,205,0268,लोकमान्य तिलक मार्ग,ward 029 राजा राम मोहन राय,नगरीय क्षेत्र,25000,27500,28500,31500,30000,32500,59500,47500,36000,,,,,,,
sadar2,Sadar-2,69,159,206,1063,लौलाई,ward 111 लखनऊ,नगरीय क्षेत्र,6000,6800,7500,8300,25000,27500,23000,22000,20500,,110,98,,110,80,
sadar2,Sadar-2,69,159,207,1205,लौलाई (माधवपुरम/माधवग्रीन्स योजना),ward 111 लखनऊ,नगरीय क्षेत्र,9000,10000,11000,12000,25000,27500,23000,22000,20500,,,,,,,duplicate serial 207 printed; p4: name cut off in print
sadar2,Sadar-2,69,159,207,0260,वजीर हसन रोड,ward 029 राजा राम मोहन राय,नगरीय क्षेत्र,25000,27500,28500,31500,30000,32500,70500,55000,44000,,,,,,,duplicate serial 207 printed
sadar2,Sadar-2,69,159,208,0270,वे लेन(वे रोड ),ward 029 राजा राम मोहन राय,नगरीय क्षेत्र,25000,27500,28000,31500,30000,32500,59500,47500,36000,,,,,,,
sadar2,Sadar-2,69,159,209,0316,वेनी प्रसाद हलवासिया रोड,ward 033 हजरतगंज,नगरीय क्षेत्र,42000,45500,47500,52000,30000,32500,70500,55000,44000,,,,,,,
sadar2,Sadar-2,69,160,210,0255,वास्तु खण्ड,ward 028 चिनहट,नगरीय क्षेत्र,33000,36000,38000,41500,31500,34000,77000,61500,47500,,,,,,,
sadar2,Sadar-2,70,160,211,0344,वीरबल साहनी मार्ग,ward 035 काल्विन कालेज,नगरीय क्षेत्र,25000,27500,28500,31500,30000,32500,49500,44000,38500,,,,,,,
sadar2,Sadar-2,70,160,212,0345,वाल्दा रोड कालोनी,ward 035 काल्विन कालेज,नगरीय क्षेत्र,25000,27500,28500,31500,30000,32500,49500,44000,38500,,,,,,,
sadar2,Sadar-2,70,160,213,0314,वैभव इन्क्लेव,ward 032 रफी अहमद किदवई नगर (एल0डी0ए0 योजना),नगरीय क्षेत्र,33000,36000,38000,41500,31500,34000,77000,61500,47500,,,,,,,
sadar2,Sadar-2,70,160,214,0310,विकास खण्ड,ward 032 रफी अहमद किदवई नगर (एल0डी0ए0 योजना),नगरीय क्षेत्र,37000,40000,41500,46000,31500,34000,77000,61500,47500,,,,,,,
sadar2,Sadar-2,71,161,215,0414,विकल्प खण्ड,ward 028 चिनहट,नगरीय क्षेत्र,33000,36000,38000,41500,31500,34000,77000,61500,47500,,,,,,,
sadar2,Sadar-2,71,161,216,0239,विनीत खण्ड,ward 027 राजीव गांधी,नगरीय क्षेत्र,33000,36000,38000,41500,31500,34000,77000,61500,47500,,,,,,,
sadar2,Sadar-2,71,161,217,0238,विनय खण्ड,ward 027 राजीव गांधी,नगरीय क्षेत्र,33000,36000,38000,41500,31500,34000,77000,61500,47500,,,,,,,
sadar2,Sadar-2,71,161,218,0254,विनम्र खण्ड,ward 028 चिनहट,नगरीय क्षेत्र,33000,36000,38000,41500,31500,34000,77000,61500,47500,,,,,,,
sadar2,Sadar-2,71,161,219,0249,विक्रांत खण्ड,ward 028 चिनहट,नगरीय क्षेत्र,33000,36000,38000,41500,31500,34000,77000,61500,47500,,,,,,,
sadar2,Sadar-2,71,162,220,0393,विष्णुपुरी,ward 041 बशीरतगंज,नगरीय क्षेत्र,13000,14000,15000,17000,30000,32500,53000,44000,38500,,,,,,,
sadar2,Sadar-2,71,162,221,0377,विश्वास खण्ड,ward 038 गोमतीनगर,नगरीय क्षेत्र,37000,40000,41500,46000,31500,34000,79500,64000,50500,,,,,,,
sadar2,Sadar-2,71,162,222,0256,विभूति खण्ड,ward 028 चिनहट,नगरीय क्षेत्र,44000,55000,60500,66000,31500,34000,104500,84500,66000,,,,,,,
sadar2,Sadar-2,72,162,223,0252,विभव खण्ड,ward 028 चिनहट,नगरीय क्षेत्र,33000,36000,38000,41500,31500,34000,77000,61500,47500,,,,,,,
sadar2,Sadar-2,72,162,224,0236,विवेक खण्ड,ward 027 राजीव गांधी,नगरीय क्षेत्र,33000,36000,38000,41500,31500,34000,77000,61500,47500,,,,,,,
sadar2,Sadar-2,72,163,225,0413,विजयन्त खण्ड,ward 028 चिनहट,नगरीय क्षेत्र,33000,36000,38000,41500,31500,34000,77000,61500,47500,,,,,,,
sadar2,Sadar-2,72,163,226,0247,विजयीपुर,ward 028 चिनहट,नगरीय क्षेत्र,11000,16500,17500,19000,30000,32500,48500,44000,38500,,,,,,,
sadar2,Sadar-2,72,163,227,0401,विजय नगर,ward 043 गणेशगंज,नगरीय क्षेत्र,22000,23500,24500,27000,31500,34000,70500,55000,44000,,,,,,,
sadar2,Sadar-2,72,163,228,0309,विजय खण्ड,ward 032 रफी अहमद किदवई नगर (एल0डी0ए0 योजना),नगरीय क्षेत्र,37000,40000,41500,46000,31500,34000,77000,61500,47500,,,,,,,p4: same name printed for 0309 and 0250
sadar2,Sadar-2,73,163,229,0250,विजय खण्ड,ward 028 चिनहट,नगरीय क्षेत्र,37000,40000,41500,46000,31500,34000,77000,61500,47500,,,,,,,p4: same name printed for 0309 and 0250
sadar2,Sadar-2,73,164,230,0307,विपिन खण्ड,ward 032 रफी अहमद किदवई नगर (एल0डी0ए0 योजना),नगरीय क्षेत्र,37000,40000,41500,46000,31500,34000,77000,61500,47500,,,,,,,
sadar2,Sadar-2,73,164,231,0308,विशाल खण्ड,ward 032 रफी अहमद किदवई नगर (एल0डी0ए0 योजना),नगरीय क्षेत्र,37000,40000,41500,46000,31500,34000,77000,61500,47500,,,,,,,
sadar2,Sadar-2,73,164,232,0251,विशेष खण्ड,ward 028 चिनहट,नगरीय क्षेत्र,33000,36000,38000,41500,31500,34000,77000,61500,47500,,,,,,,
sadar2,Sadar-2,74,164,233,0300,विशेश्वर नाथ रोड,ward 031 जगदीश चन्द्र बोस मार्ग,नगरीय क्षेत्र,20000,22000,22500,41500,30000,32500,70500,55000,44000,,,,,,,p4: >18m jump 41500 clearly printed
sadar2,Sadar-2,74,164,234,0346,विशप राकी स्ट्रीट,ward 035 काल्विन कालेज,नगरीय क्षेत्र,25000,27500,28500,31000,30000,32500,48500,44000,38500,,,,,,,
sadar2,Sadar-2,74,165,235,0339,विश्वविद्यालय रोड,ward 035 काल्विन कालेज,नगरीय क्षेत्र,25000,27500,28500,31000,30000,32500,48500,44000,38500,,,,,,,
sadar2,Sadar-2,74,165,236,0240,विराट खण्ड,ward 027 राजीव गांधी,नगरीय क्षेत्र,33000,36000,38000,41500,31500,34000,77000,61500,47500,,,,,,,
sadar2,Sadar-2,74,165,237,0253,विराज खण्ड,ward 028 चिनहट,नगरीय क्षेत्र,33000,36000,38000,41500,31500,34000,77000,61500,47500,,,,,,,
sadar2,Sadar-2,74,165,238,0237,विराम खण्ड,ward 027 राजीव गांधी,नगरीय क्षेत्र,33000,36000,38000,41500,31500,34000,77000,61500,47500,,,,,,,
sadar2,Sadar-2,75,165,239,0311,विपुल खण्ड,ward 032 रफी अहमद किदवई नगर (एल0डी0ए0 योजना),नगरीय क्षेत्र,43000,47500,48500,54000,31500,34000,87000,69500,55000,,,,,,,
sadar2,Sadar-2,75,166,240,0366,शुतुर खाना,ward 037 यादुनाथ सन्याल रोड,नगरीय क्षेत्र,13000,14000,15000,17000,30000,32500,61500,49500,39500,,,,,,,
sadar2,Sadar-2,75,166,241,0372,शेखपुर कसौला,ward 038 गोमतीनगर,नगरीय क्षेत्र,22000,23500,24500,27000,30000,32500,70500,55000,44000,,,,,,,
sadar2,Sadar-2,75,166,242,1141,शाहपुर (बी0बी0डी0 ग्रीन सिटी),ward 111 लखनऊ,नगरीय क्षेत्र,20000,22000,22500,24500,25000,27500,77000,61500,47000,,,,,,,
sadar2,Sadar-2,75,166,243,1101,शाहपुर,ward 111 लखनऊ,नगरीय क्षेत्र,9000,10000,11000,12000,25000,27500,35000,30500,28500,,221,198,,221,158,
sadar2,Sadar-2,75,166,244,0325,शाहनजफ रोड,ward 033 हजरतगंज,नगरीय क्षेत्र,42000,45500,47500,52000,30000,32500,87000,69500,55000,,,,,,,
sadar2,Sadar-2,76,167,245,0407,शिवपुरी (नवीन स्क्वायर),ward 043 गणेशगंज,नगरीय क्षेत्र,15000,16500,17000,18500,30000,32500,53000,41500,33000,,,,,,,
sadar2,Sadar-2,76,167,246,0383,शिवाजी मार्ग (उत्तरी),ward 040 शिवाजी मार्ग,नगरीय क्षेत्र,60000,66000,70000,79000,30000,32500,141000,112500,87000,,,,,,,
sadar2,Sadar-2,76,167,247,0369,शिवाजी मार्ग(दाक्षिण),ward 037 यादुनाथ सन्याल रोड,नगरीय क्षेत्र,60000,66000,70000,79000,30000,32500,141000,112500,87000,,,,,,,
sadar2,Sadar-2,76,167,248,0327,शिवनगर,ward 033 हजरतगंज,नगरीय क्षेत्र,25000,27500,28500,31500,30000,32500,61500,49500,39500,,,,,,,
sadar2,Sadar-2,76,167,249,0420,स्पोर्ट अथारिटी,ward 027 राजीव गांधी,नगरीय क्षेत्र,33000,36000,38000,41500,30000,32500,77000,61500,47000,,,,,,,
sadar2,Sadar-2,76,168,250,1104,सरसंडा,ward 111 लखनऊ,ग्रामीण,2500,2800,3100,3500,22000,24000,23000,22000,20500,,84,77,,84,61,
sadar2,Sadar-2,76,168,251,1079,सराय प्रेमराज,ward 111 लखनऊ,नगरीय क्षेत्र,6500,7000,7500,8300,24000,26500,30500,26000,25000,,177,158,,177,127,
sadar2,Sadar-2,76,168,252,0390,सरायँ दुर्विजयगंज,ward 041 बशीरतगंज,नगरीय क्षेत्र,13000,14000,15000,17000,30000,32500,53000,41500,33000,,,,,,,
sadar2,Sadar-2,77,168,253,1123,सरायशेख (बी0बी0डी0 ग्रीन सिटी),ward 111 लखनऊ,नगरीय क्षेत्र,20000,20500,22500,23000,25000,27500,77000,61500,47000,,,,,,,duplicate serial 253 printed; p4: name cut off in print
sadar2,Sadar-2,77,168,253,1076,सराँय शेख,ward 111 लखनऊ,नगरीय क्षेत्र,5000,5500,6000,6600,25000,27500,30500,26500,25000,,177,158,,177,127,duplicate serial 253 printed
sadar2,Sadar-2,77,169,254,0371,सफदरबाग,ward 037 यादुनाथ सन्याल रोड,नगरीय क्षेत्र,13000,14000,15000,17000,30000,32500,49500,44000,38500,,,,,,,
sadar2,Sadar-2,77,169,255,0425,सचिवालय कालोनी,ward 026 निशातगंज,नगरीय क्षेत्र,10000,11000,11500,12500,30000,32500,34000,33000,30500,,,,,,,
sadar2,Sadar-2,77,169,256,0370,सुन्दर बाग,ward 037 यादुनाथ सन्याल रोड,नगरीय क्षेत्र,16500,18000,18500,20500,30000,32500,49500,44000,38500,,,,,,,
sadar2,Sadar-2,77,169,257,0395,सुभाष मार्ग,ward 041 बशीरतगंज,नगरीय क्षेत्र,25000,27500,28500,31000,30000,32500,79000,64000,50500,,,,,,,
sadar2,Sadar-2,77,169,258,1133,सेमरा (बी0बी0डी0 ग्रीन सिटी),ward 111 लखनऊ,नगरीय क्षेत्र,20000,20500,22500,23000,25000,27500,77000,61500,47500,,,,,,,
sadar2,Sadar-2,77,170,259,1095,सेमरा,ward 111 लखनऊ,नगरीय क्षेत्र,9000,10000,11000,12000,25000,27500,35000,30500,28000,,221,198,,221,158,
sadar2,Sadar-2,78,170,260,0336,सेठ रामजस रोड,ward 034 रामतीर्थ नरही,नगरीय क्षेत्र,25000,27500,28500,31500,30000,32500,70000,55000,44000,,,,,,,duplicate serial 260 printed; p4: shop 70000 (peers 70500) clearly printed
sadar2,Sadar-2,78,170,260,1051,सैथा,ward 111 लखनऊ,नगरीय क्षेत्र,4000,4500,5000,5500,25000,27500,23000,22000,20500,,110,98,,110,80,duplicate serial 260 printed
sadar2,Sadar-2,78,170,261,0373,संजय गाँधीपुरम,ward 038 गोमतीनगर,नगरीय क्षेत्र,20000,22000,22500,24500,30000,32500,53000,44000,38500,,,,,,,
sadar2,Sadar-2,78,170,262,1111,सिरगामऊ,ward 111 लखनऊ,ग्रामीण,2500,2800,3100,3500,22000,24000,23000,22000,20500,,84,77,,84,61,
sadar2,Sadar-2,78,171,263,1094,सिकरौरी,ward 111 लखनऊ,नगरीय क्षेत्र,7700,8000,8800,9500,24000,26500,35000,30500,28500,,221,198,,221,158,
sadar2,Sadar-2,78,171,264,1068,सिकन्दरपुर खुर्द,ward 111 लखनऊ,अर्द्धनगरीय,6500,7200,8000,8800,25000,27500,23000,22000,20500,,110,98,,110,80,
sadar2,Sadar-2,78,171,265,0417,हाता लक्ष्मणदास,ward 040 शिवाजी मार्ग,नगरीय क्षेत्र,20000,22000,22500,24500,30000,32500,61500,49500,39500,,,,,,,duplicate serial 265 printed
sadar2,Sadar-2,78,171,265,0405,हाता मातादीन,ward 043 गणेशगंज,नगरीय क्षेत्र,13000,14000,15000,17000,30000,32500,41500,38500,36000,,,,,,,duplicate serial 265 printed
sadar2,Sadar-2,79,171,266,0288,हास्पिटल रोड,ward 030 रानी लक्ष्मी बाई,नगरीय क्षेत्र,15000,16500,17000,18500,30000,32500,59500,47500,36000,,,,,,,
sadar2,Sadar-2,79,172,267,1110,हासेमऊ,ward 111 लखनऊ,नगरीय क्षेत्र,5000,5500,5700,6000,25000,27500,30500,26500,25000,,177,158,,177,127,
sadar2,Sadar-2,79,172,268,0328,हजरतगंज बाजार,ward 033 हजरतगंज,नगरीय क्षेत्र,50000,54500,57000,63000,30000,32500,104500,85000,66000,,,,,,,
sadar2,Sadar-2,79,172,269,0329,हलवासिया रोड,ward 033 हजरतगंज,नगरीय क्षेत्र,50000,54500,57000,62000,25000,27500,87000,69500,55000,,,,,,,covered 25000/27500 lower than other ward 033 rows but clearly printed
sadar2,Sadar-2,79,172,270,0394,हरीनगर दुगावां,ward 041 बशीरतगंज,नगरीय क्षेत्र,13000,14000,15000,17000,30000,32500,41500,36000,33000,,,,,,,
sadar2,Sadar-2,79,172,271,0235,हसौडिया,ward 027 राजीव गांधी,नगरीय क्षेत्र,11000,12000,12500,14000,30000,32500,41500,36000,33000,,,,,,,
sadar2,Sadar-2,79,173,272,0359,श्रीराम रोड,ward 036 अमीनाबाद,नगरीय क्षेत्र,33000,36000,38000,41500,30000,32500,87000,69500,55000,,,,,,,
sadar3,Sadar-3,41,75,1,167,अस्तबल चारबाग (मशकगंज),62 मशकगंज वार्ड,नगरीय क्षेत्र,10500,11500,13000,13500,29000,32000,48000,42000,36000,,,,,,,
sadar3,Sadar-3,41,75,2,106,अस्तबल यहियागंज,55 राजाबाजार वार्ड,नगरीय क्षेत्र,10500,11500,13000,13500,30000,32500,50500,43500,37500,,,,,,,
sadar3,Sadar-3,41,75,3,107,अहाता खान शामा,55 राजाबाजार वार्ड,नगरीय क्षेत्र,10500,11500,13000,13500,30000,32500,50500,43500,37500,,,,,,,
sadar3,Sadar-3,41,75,4,61,अमराई गांव,52 शहीद भगत सिंह वार्ड,नगरीय क्षेत्र,10500,11500,13000,13500,29000,32000,50500,43500,37500,,450,410,,450,320,
sadar3,Sadar-3,41,75,5,137,आदिलनगर,57 शंकरपुरवा,नगरीय क्षेत्र,18000,20000,22000,23000,30000,32500,48000,42000,36000,,,,,,,
sadar3,Sadar-3,41,75,6,118,अम्बाही का पुरवा,56 महानगर,नगरीय क्षेत्र,18000,20000,22000,23000,30000,32500,50500,43500,37500,,,,,,,
sadar3,Sadar-3,41,76,7,125,अतरौली,57 शंकरपुरवा,नगरीय क्षेत्र,13500,14500,16000,17000,29000,32000,50500,43500,37500,,530,480,,530,380,
sadar3,Sadar-3,42,76,8,39,इस्माईलगंज,48 इस्माईलगंज वार्ड,नगरीय क्षेत्र,18000,20000,22000,23000,30000,32500,58000,48000,36000,,,,,,,
sadar3,Sadar-3,42,76,9,220,ईश्वरपुरी कालोनी,48 इस्माईलगंज वार्ड,नगरीय क्षेत्र,35000,38500,42000,44500,30000,32500,86500,70000,54000,,,,,,,
sadar3,Sadar-3,42,76,10,36,इन्दिरा नगर सेक्टर 1 (डी ब्लाक),47 इन्दिरा नगर वार्ड,नगरीय क्षेत्र,35000,38500,42000,44500,32000,34000,86500,70000,54000,,,,,,,
sadar3,Sadar-3,42,76,11,49,इन्दिरा नगर सेक्टर-2 (सी-ब्लाक),50 मौथलीशरण गुप्त वार्ड,नगरीय क्षेत्र,35000,38500,42000,44500,32000,34000,86500,70000,54000,,,,,,,
sadar3,Sadar-3,42,76,12,48,इन्दिरा नगर से.-3 (बी ब्लाक),50 मौथलीशरण गुप्त वार्ड,नगरीय क्षेत्र,35000,38500,42000,44500,32000,34000,86500,70000,54000,,,,,,,
sadar3,Sadar-3,42,76,13,54,इन्दिरा नगर से.-4(ए ब्लाक),51 लालबहादुर शास्त्री वार्ड,नगरीय क्षेत्र,35000,38500,42000,44500,32000,34000,86500,70000,54000,,,,,,,
sadar3,Sadar-3,42,76,14,229,इन्दिरा नगर से.-5 (बी ब्लाक),50 मौथलीशरण गुप्त वार्ड,नगरीय क्षेत्र,35000,38500,42000,44500,32000,34000,86500,70000,54000,,,,,,,
sadar3,Sadar-3,42,76,15,230,इन्दिरा नगर सेक्टर-6 (सी-ब्लाक),50 मौथलीशरण गुप्त वार्ड,नगरीय क्षेत्र,35000,38500,42000,44500,32000,34000,86500,70000,54000,,,,,,,
sadar3,Sadar-3,42,76,16,37,इन्दिरा नगर सेक्टर 7(डी ब्लाक),47 इन्दिरा नगर वार्ड,नगरीय क्षेत्र,35000,38500,42000,44500,32000,34000,86500,70000,54000,,,,,,,
sadar3,Sadar-3,42,77,17,38,इन्दिरा नगर सेक्टर-8,48 इस्माईलगंज वार्ड,नगरीय क्षेत्र,35000,38500,42000,44500,32000,34000,86500,70000,54000,,,,,,,
sadar3,Sadar-3,42,77,18,216,इन्दिरा नगर सेक्टर-9,48 इस्माईलगंज वार्ड,नगरीय क्षेत्र,35000,38500,42000,44500,32000,34000,86500,70000,54000,,,,,,,
sadar3,Sadar-3,42,77,19,217,इन्दिरा नगर सेक्टर-10,48 इस्माईलगंज वार्ड,नगरीय क्षेत्र,35000,38500,42000,44500,32000,34000,86500,70000,54000,,,,,,,
sadar3,Sadar-3,42,77,20,43,इन्दिरा नगर सेक्टर 11ए,49 बाबू जगजीवनराम वार्ड,नगरीय क्षेत्र,35000,38500,42000,44500,32000,34000,86500,70000,54000,,,,,,,
sadar3,Sadar-3,43,77,21,222,इन्दिरा नगर सेक्टर 11बी,49 बाबू जगजीवनराम वार्ड,नगरीय क्षेत्र,35000,38500,42000,44500,32000,34000,86500,70000,54000,,,,,,,
sadar3,Sadar-3,43,77,22,218,इन्दिरा नगर सेक्टर-12,48 इस्माईलगंज वार्ड,नगरीय क्षेत्र,35000,38500,42000,44500,32000,34000,86500,70000,54000,,,,,,,
sadar3,Sadar-3,43,77,23,219,इन्दिरा नगर सेक्टर-13,48 इस्माईलगंज वार्ड,नगरीय क्षेत्र,35000,38500,42000,44500,32000,34000,86500,70000,54000,,,,,,,
sadar3,Sadar-3,43,77,24,223,इन्दिरा नगर सेक्टर 14ए,49 बाबू जगजीवनराम वार्ड,नगरीय क्षेत्र,35000,38500,42000,44500,32000,34000,86500,70000,54000,,,,,,,
sadar3,Sadar-3,43,77,25,224,इन्दिरा नगर सेक्टर 14बी,49 बाबू जगजीवनराम वार्ड,नगरीय क्षेत्र,35000,38500,42000,44500,32000,34000,86500,70000,54000,,,,,,,
sadar3,Sadar-3,43,77,26,34,इन्दिरा नगर सेक्टर 15,47 इन्दिरा नगर वार्ड,नगरीय क्षेत्र,35000,38500,42000,44500,32000,34000,86500,70000,54000,,,,,,,
sadar3,Sadar-3,43,78,27,225,इन्दिरा नगर सेक्टर 16,49 बाबू जगजीवनराम वार्ड,नगरीय क्षेत्र,35000,38500,42000,44500,32000,34000,86500,70000,54000,,,,,,,
sadar3,Sadar-3,43,78,28,226,इन्दिरा नगर सेक्टर 17,49 बाबू जगजीवनराम वार्ड,नगरीय क्षेत्र,35000,38500,42000,44500,32000,34000,86500,70000,54000,,,,,,,
sadar3,Sadar-3,43,78,29,221,इन्दिरा नगर सेक्टर 18,47 इन्दिरा नगर वार्ड,नगरीय क्षेत्र,35000,38500,42000,44500,32000,34000,86500,70000,54000,,,,,,,
sadar3,Sadar-3,43,78,30,227,इन्दिरा नगर सेक्टर 19,49 बाबू जगजीवनराम वार्ड,नगरीय क्षेत्र,35000,38500,42000,44500,32000,34000,86500,70000,54000,,,,,,,
sadar3,Sadar-3,43,78,31,50,इन्दिरा नगर सेक्टर -20,50 मौथलीशरण गुप्त वार्ड,नगरीय क्षेत्र,35000,38500,42000,44500,32000,34000,86500,70000,54000,,,,,,,
sadar3,Sadar-3,43,78,32,228,इन्दिरा नगर सेक्टर 21,49 बाबू जगजीवनराम वार्ड,नगरीय क्षेत्र,35000,38500,42000,44500,32000,34000,86500,70000,54000,,,,,,,
sadar3,Sadar-3,43,78,33,55,इन्दिरा नगर सेक्टर-22,51 लालबहादुर शास्त्री वार्ड,नगरीय क्षेत्र,35000,38500,42000,44500,32000,34000,86500,70000,54000,,,,,,,
sadar3,Sadar-3,44,78,34,231,इन्दिरा नगर सेक्टर-23,51 लालबहादुर शास्त्री वार्ड,नगरीय क्षेत्र,35000,38500,42000,44500,32000,34000,86500,70000,54000,,,,,,,
sadar3,Sadar-3,44,78,35,232,इन्दिरा नगर सेक्टर-24,51 लालबहादुर शास्त्री वार्ड,नगरीय क्षेत्र,35000,38500,42000,44500,32000,34000,86500,70000,54000,,,,,,,
sadar3,Sadar-3,44,78,36,27,इन्दिरा नगर से.-25,46 इन्दिरा प्रियेदर्शनी वार्ड,नगरीय क्षेत्र,35000,38500,42000,44500,32000,34000,86500,70000,54000,,,,,,,
sadar3,Sadar-3,44,79,37,18,ईटकी मोहल्ला,45 कुन्डरी रकाबगंज वार्ड,नगरीय क्षेत्र,10500,11500,13000,13500,30000,32500,50500,43500,37500,,,,,,,
sadar3,Sadar-3,44,79,38,130,इस्लामबाड़ी,57 शंकरपुरवा,नगरीय क्षेत्र,19000,21500,23000,24000,32000,34000,50500,43500,37500,,,,,,,
sadar3,Sadar-3,44,79,39,215,ऐशबाग रामनगर एल0डी0ए0,44 तिलक नगर वार्ड,नगरीय क्षेत्र,35000,38500,42000,44500,30000,32500,58000,48000,38500,,,,,,,
sadar3,Sadar-3,44,79,40,56,कुर्मान्चल नगर,51 लालबहादुर शास्त्री वार्ड,नगरीय क्षेत्र,20500,23000,25500,26500,30000,32500,50500,43500,37500,,,,,,,
sadar3,Sadar-3,44,79,41,129,कल्याणपुर,57 शंकरपुरवा,नगरीय क्षेत्र,18000,20000,22000,23000,30000,32500,48000,42000,36000,,,,,,,
sadar3,Sadar-3,44,79,42,79,कटराअबूतराबखाँ,54 यहियागंज वार्ड,नगरीय क्षेत्र,10500,11500,13000,13500,30000,32500,50500,43500,37500,,,,,,,
sadar3,Sadar-3,44,79,43,165,काशी डेर,62 मशकगंज वार्ड,नगरीय क्षेत्र,10500,11500,13000,13500,30000,32500,48000,42000,36000,,,,,,,
sadar3,Sadar-3,44,79,44,135,कन्हईलाल का पुरवा,57 शंकरपुरवा,नगरीय क्षेत्र,13500,14500,16000,17000,30000,32500,48000,42000,36000,,,,,,,
sadar3,Sadar-3,44,79,45,40,कमता,48 इस्माईलगंज वार्ड,नगरीय क्षेत्र,18000,20000,22000,23000,32000,34000,58000,48000,38500,,530,480,,530,380,
sadar3,Sadar-3,44,79,46,141,कबाड़िया का पुरवा,59 मनकामेश्वर वार्ड,नगरीय क्षेत्र,10500,11500,12500,13500,29000,32000,48000,42000,36000,,,,,,,
sadar3,Sadar-3,45,80,47,28,कुर्मी टोला,46 इन्दिरा प्रियेदर्शनी वार्ड,नगरीय क्षेत्र,13500,14500,16000,17000,29000,32000,50500,43500,37500,,,,,,,
sadar3,Sadar-3,45,80,48,24,कुण्डरी रकाबगंज,45 कुन्डरी रकाबगंज वार्ड,नगरीय क्षेत्र,12000,13000,14500,16000,30000,32500,50500,43500,37500,,,,,,,
sadar3,Sadar-3,45,80,49,240,कुतुबपुर इरादतनगर योजना,66 निरालानगर वार्ड,नगरीय क्षेत्र,35000,38500,42000,44500,32000,34000,86500,70000,54000,,,,,,,
sadar3,Sadar-3,45,80,50,214,कैटिल कालोनी (आवास एवं विकास कालोनी),57 शंकरपुरवा,नगरीय क्षेत्र,19000,21500,23000,24000,29000,32000,48000,42000,36000,,,,,,,
sadar3,Sadar-3,45,80,51,22,कसाई बाड़ा,45 कुन्डरी रकाबगंज वार्ड,नगरीय क्षेत्र,10500,12000,13500,14500,29000,32000,50500,43500,37500,,,,,,,
sadar3,Sadar-3,45,80,52,21,कटरा आजम बेग,45 कुन्डरी रकाबगंज वार्ड,नगरीय क्षेत्र,10500,12000,13500,14500,30000,32500,50500,43500,37500,,,,,,,
sadar3,Sadar-3,45,80,53,62,कंचनपुर मटियारी,52 शहीद भगत सिंह वार्ड,नगरीय क्षेत्र,14000,16000,17000,18000,32000,34000,50500,43500,37500,,530,480,,530,380,
sadar3,Sadar-3,45,80,54,80,कटरा मीर जहाँगीर,54 यहियागंज वार्ड,नगरीय क्षेत्र,10500,11500,13000,13500,30000,32500,50500,43500,37500,,,,,,,
sadar3,Sadar-3,45,80,55,81,कोडे वाली गली,54 यहियागंज वार्ड,नगरीय क्षेत्र,10500,11500,13000,13500,30000,32500,50500,43500,37500,,,,,,,
sadar3,Sadar-3,45,80,56,140,कुतुबपुर/कुतुबपुर खालिसपुर,59 मनकामेश्वर वार्ड,नगरीय क्षेत्र,10500,11500,13000,13500,29000,32000,48000,42000,36000,,,,,,,
sadar3,Sadar-3,45,81,57,131,खुर्रमनगर,57 शंकरपुरवा,नगरीय क्षेत्र,19500,22000,23000,24000,32000,34000,50500,43500,37500,,,,,,,
sadar3,Sadar-3,45,81,58,158,खिनिया टोला,61 चांदगंज वार्ड,नगरीय क्षेत्र,14000,16500,17500,18000,29000,32000,48000,42000,36000,,,,,,,
sadar3,Sadar-3,45,81,59,69,खेमेदोजान,53 वजीरगंज वार्ड,नगरीय क्षेत्र,10500,11500,13000,13500,29000,32000,50500,43500,37500,,,,,,,
sadar3,Sadar-3,46,81,60,11,खजुहा,44 तिलक नगर वार्ड,नगरीय क्षेत्र,14000,16500,17500,18000,29000,32000,58000,48000,38500,,,,,,,
sadar3,Sadar-3,46,81,61,45,खरगपुर फरीदी नगर,49 बाबू जगजीवनराम वार्ड,नगरीय क्षेत्र,17000,19000,20500,22000,30000,32500,50500,43500,37500,,,,,,,
sadar3,Sadar-3,46,81,62,170,खत्री टोला,62 मशकगंज वार्ड,नगरीय क्षेत्र,10500,11500,13000,13500,29000,32000,48000,42000,36000,,,,,,,
sadar3,Sadar-3,46,81,63,44,खरगपुर,49 बाबू जगजीवनराम वार्ड,नगरीय क्षेत्र,17000,19000,20500,22000,30000,32500,50500,43500,37500,,,,,,,
sadar3,Sadar-3,46,81,64,83,गाजीपुर मण्डी,54 यहियागंज वार्ड,नगरीय क्षेत्र,13500,14500,16000,17000,30000,32500,50500,43500,37500,,,,,,,
sadar3,Sadar-3,46,81,65,86,गली शाहछांछडा,54 यहियागंज वार्ड,नगरीय क्षेत्र,10500,11500,13000,13500,30000,32500,58000,48000,38500,,,,,,,
sadar3,Sadar-3,46,81,66,175,गंगा प्रसाद रोड,62 मशकगंज वार्ड,नगरीय क्षेत्र,21000,23000,25500,26500,32000,34000,50500,43500,37500,,,,,,,
sadar3,Sadar-3,46,82,67,103,गली नरायन दास,54 यहियागंज वार्ड,नगरीय क्षेत्र,10500,11500,13000,13500,30000,32500,58000,48000,38500,,,,,,,
sadar3,Sadar-3,46,82,68,196,गंगा प्रसाद रोड,65 मोलवीगंज वार्ड,नगरीय क्षेत्र,21000,23500,25500,26500,32000,34000,58000,48000,38500,,,,,,,
sadar3,Sadar-3,46,82,69,192,गौसगंज / गौस नगर,65 मोलवीगंज वार्ड,नगरीय क्षेत्र,11000,12000,13500,14500,30000,32500,48000,42000,36000,,,,,,,
sadar3,Sadar-3,46,82,70,188,ग्वीन टैंक,65 मोलवीगंज वार्ड,नगरीय क्षेत्र,11000,12000,13500,14500,32000,34000,48000,42000,36000,,,,,,,
sadar3,Sadar-3,46,82,71,182,गोला गंज,64 गोलागंज वार्ड,नगरीय क्षेत्र,15000,16500,17500,18000,32000,34000,50500,43500,37500,,,,,,,
sadar3,Sadar-3,46,82,72,208,गुईन टोला,69 अब्दुल हमीद वार्ड,नगरीय क्षेत्र,10500,11500,13000,13500,32000,34000,48000,42000,36000,,,,,,,
sadar3,Sadar-3,47,82,73,200,गोबार का पुरवा,67 विवेका नन्दपुरी वार्ड,नगरीय क्षेत्र,13500,14500,16000,17000,32000,34000,48000,42000,36000,,,,,,,
sadar3,Sadar-3,47,82,74,51,गाजीपुर सईदन्निसां,50 मौथलीशरण गुप्त वार्ड,नगरीय क्षेत्र,31000,33000,36000,38000,32000,34000,72000,53000,43500,,,,,,,
sadar3,Sadar-3,47,82,75,210,गुईन गंज,69 अब्दुल हमीद वार्ड,नगरीय क्षेत्र,10500,11500,13000,14000,32000,34000,48000,42000,36000,,,,,,,
sadar3,Sadar-3,47,82,76,70,गौसगंज,53 वजीरगंज वार्ड,नगरीय क्षेत्र,10500,11500,13000,14000,30000,32500,50500,43500,37500,,,,,,,
sadar3,Sadar-3,47,83,77,57,घुसपुरवा,51 लालबहादुर शास्त्री वार्ड,नगरीय क्षेत्र,20500,23000,25500,26500,30000,32500,50500,43500,37500,,,,,,,
sadar3,Sadar-3,47,83,78,87,चाह,54 यहियागंज वार्ड,नगरीय क्षेत्र,10500,11500,13000,14000,30000,32500,50500,43500,37500,,,,,,,
sadar3,Sadar-3,47,83,79,88,चमरटोलीया (चमार टोला),54 यहियागंज वार्ड,नगरीय क्षेत्र,10500,11500,13000,14000,30000,32500,58000,48000,38500,,,,,,,
sadar3,Sadar-3,47,83,80,46,चमरोखा,49 बाबू जगजीवनराम वार्ड,नगरीय क्षेत्र,10500,11500,13000,14000,30000,32500,50500,43500,37500,,,,,,,
sadar3,Sadar-3,47,83,81,71,चिकमण्डी,53 वजीरगंज वार्ड,नगरीय क्षेत्र,12000,13500,14500,15500,30000,32500,50500,43500,37500,,,,,,,
sadar3,Sadar-3,47,83,82,2,चक्रमाफी दुगावां,43 राजेन्द्र नगर वार्ड,नगरीय क्षेत्र,14000,16500,17500,18000,30000,32500,50500,43500,37500,,,,,,,
sadar3,Sadar-3,47,83,83,29,चांदन,46 इन्दिरा प्रियेदर्शनी वार्ड,नगरीय क्षेत्र,15000,16500,17500,18000,30000,32500,50500,43500,37500,,530,480,,530,380,
sadar3,Sadar-3,47,83,84,159,चाँदगंज कलां,61 चांदगंज वार्ड,नगरीय क्षेत्र,17000,19000,20500,22000,30000,32500,48000,42000,36000,,,,,,,
sadar3,Sadar-3,47,83,85,3,चमर टोलिया (दुगावा),43 राजेन्द्र नगर वार्ड,नगरीय क्षेत्र,13500,16500,17500,18000,30000,32500,50500,43500,37500,,,,,,,name printed with broken glyph (दुग?ावा)
sadar3,Sadar-3,48,83,86,5,चमारनपुरवा,43 राजेन्द्र नगर वार्ड,नगरीय क्षेत्र,14000,16500,17500,18000,30000,32500,50500,43500,37500,,,,,,,
sadar3,Sadar-3,48,84,87,207,चरस मण्डी,69 अब्दुल हमीद वार्ड,नगरीय क्षेत्र,10500,11500,13000,14000,30000,32500,48000,42000,36000,,,,,,,
sadar3,Sadar-3,48,84,88,108,चिडीमार ठोला,55 राजाबाजार वार्ड,नगरीय क्षेत्र,10500,11500,13000,14000,30000,32500,48000,43500,37500,,,,,,,shop/office/godown combo (48000/43500/37500) unusual but clearly printed
sadar3,Sadar-3,48,84,89,82,चाहकंकड़,54 यहियागंज वार्ड,नगरीय क्षेत्र,10500,11500,13000,14000,30000,32500,50500,43500,37500,,,,,,,
sadar3,Sadar-3,48,84,90,63,चमरोही,52 शहीद भगत सिंह वार्ड,नगरीय क्षेत्र,10500,11500,13000,14000,29000,32000,50500,43500,37500,,,,,,,
sadar3,Sadar-3,48,84,91,1,छेदाखास,43 राजेन्द्र नगर वार्ड,नगरीय क्षेत्र,13500,16500,17500,18000,30000,32500,50500,43500,37500,,,,,,,
sadar3,Sadar-3,48,84,92,178,छोटा चाँदगंज,63 अशोक आजाद वार्ड,नगरीय क्षेत्र,12000,13500,14500,15500,30000,32500,48000,42000,36000,,,,,,,
sadar3,Sadar-3,48,84,93,161,छपरतल्ला,61 चांदगंज वार्ड,नगरीय क्षेत्र,14000,16500,17500,18000,30000,32500,48000,42000,36000,,,,,,,
sadar3,Sadar-3,48,84,94,145,जोशी टोला,59 मनकामेश्वर वार्ड,नगरीय क्षेत्र,10500,11500,13000,14000,29000,32000,48000,42000,36000,,,,,,,
sadar3,Sadar-3,48,84,95,30,जरहरा,46 इन्दिरा प्रियेदर्शनी वार्ड,नगरीय क्षेत्र,13000,13500,14500,15500,29000,32000,50500,43500,37500,,450,410,,450,320,
sadar3,Sadar-3,48,84,96,72,जवाहरनगर ( खलायक बाग),53 वजीरगंज वार्ड,नगरीय क्षेत्र,12000,13500,14500,15500,30000,32500,50500,43500,37500,,,,,,,
sadar3,Sadar-3,48,85,97,10,जोशी टोला,43 राजेन्द्र नगर वार्ड,नगरीय क्षेत्र,14500,16500,17500,18000,30000,32500,58000,48000,38500,,,,,,,
sadar3,Sadar-3,48,85,98,126,जाहीरपुर,57 शंकरपुरवा,नगरीय क्षेत्र,12000,13500,14500,15500,29000,32000,50500,43500,37500,,450,410,,450,320,
sadar3,Sadar-3,49,85,99,156,जगत नारायन रोड़,60 पीर जलील वार्ड,नगरीय क्षेत्र,27000,29500,32500,34500,32000,34000,50500,43500,37500,,,,,,,
sadar3,Sadar-3,49,85,100,102,टाटपट्टी,54 यहियागंज वार्ड,नगरीय क्षेत्र,10500,11500,13000,14000,30000,32500,50500,43500,37500,,,,,,,
sadar3,Sadar-3,49,85,101,144,टैगौर मार्ग,59 मनकामेश्वर वार्ड,नगरीय क्षेत्र,10500,11500,13000,14000,30000,32500,48000,42000,36000,,,,,,,
sadar3,Sadar-3,49,85,102,109,टेडी बाजार,55 राजाबाजार वार्ड,नगरीय क्षेत्र,10500,11500,13000,14000,30000,32500,50500,43500,37500,,,,,,,
sadar3,Sadar-3,49,85,103,16,टिकैतगंज,45 कुन्डरी रकाबगंज वार्ड,नगरीय क्षेत्र,13500,14500,16000,17000,30000,32500,72000,55500,43500,,,,,,,
sadar3,Sadar-3,49,85,104,35,टीकापुरवा,47 इन्दिरा नगर वार्ड,नगरीय क्षेत्र,14000,16500,17500,18000,30000,32500,58000,48000,38500,,,,,,,
sadar3,Sadar-3,49,85,105,189,टेढ़ी बाजार,65 मोलवीगंज वार्ड,नगरीय क्षेत्र,12000,13500,14500,15500,30000,32500,50500,43500,37500,,,,,,,
sadar3,Sadar-3,49,85,106,105,ठठेरी बाजार,54 यहियागंज वार्ड,नगरीय क्षेत्र,12000,13500,14500,15500,30000,32500,58000,48000,38500,,,,,,,
sadar3,Sadar-3,49,86,107,89,डोर वाली गली,54 यहियागंज वार्ड,नगरीय क्षेत्र,10500,11500,13000,14000,30000,32500,50500,43500,37500,,,,,,,
sadar3,Sadar-3,49,86,108,104,डेग वाली गली,54 यहियागंज वार्ड,नगरीय क्षेत्र,10500,11500,13000,14000,30000,32500,58000,48000,38500,,,,,,,
sadar3,Sadar-3,49,86,109,166,ताजी खाना,62 मशकगंज वार्ड,नगरीय क्षेत्र,10500,11500,13000,14000,30000,32500,48000,42000,36000,,,,,,,
sadar3,Sadar-3,49,86,110,64,तकरोही,52 शहीद भगत सिंह वार्ड,नगरीय क्षेत्र,15000,16500,17500,18000,29000,32000,50500,43500,37500,,530,480,,530,380,
sadar3,Sadar-3,49,86,111,14,तिलकनगर,44 तिलक नगर वार्ड,नगरीय क्षेत्र,20500,16500,17500,18000,30000,32500,58000,48000,38500,,,,,,,"source inconsistency: P2 <9 m 20500 > P4 9-12 m 16500, both clearly printed"
sadar3,Sadar-3,50,86,112,184,तकिया आज़मबेग,64 गोलागंज वार्ड,नगरीय क्षेत्र,15000,23000,25500,26500,30000,32500,48000,42000,36000,,,,,,,
sadar3,Sadar-3,50,86,113,90,थवई टोला,54 यहियागंज वार्ड,नगरीय क्षेत्र,10500,11500,13000,14000,30000,32500,50500,43500,37500,,,,,,,
sadar3,Sadar-3,50,86,114,110,दरियाई टोला,55 राजाबाजार वार्ड,नगरीय क्षेत्र,10500,11500,13000,14000,30000,32500,50500,43500,37500,,,,,,,
sadar3,Sadar-3,50,86,115,123,दर्शनगंज,56 महानगर,नगरीय क्षेत्र,12000,13500,14500,15500,30000,32500,50500,43500,37500,,,,,,,
sadar3,Sadar-3,50,86,116,74,नबी उल्ला रोड़,53 वजीरगंज वार्ड,नगरीय क्षेत्र,18000,20000,22000,23000,32000,34000,58000,48000,38500,,,,,,,
sadar3,Sadar-3,50,87,117,84,नाला बेगमगंज,54 यहियागंज वार्ड,नगरीय क्षेत्र,10500,11500,13000,14000,30000,32500,50500,43500,37500,,,,,,,
sadar3,Sadar-3,50,87,118,8,नाका हिण्डोला,43 राजेन्द्र नगर वार्ड,नगरीय क्षेत्र,21000,23000,25500,26500,30000,32500,58000,46000,36000,,,,,,,office/godown (46000/36000) unusual but clearly printed
sadar3,Sadar-3,50,87,119,12,नेता कन्हैया लाल कालोनी,44 तिलक नगर वार्ड,नगरीय क्षेत्र,17000,19000,20500,22000,30000,32500,58000,48000,38500,,,,,,,
sadar3,Sadar-3,50,87,120,91,नवाब मुतर्जा हुसैन रोड़,54 यहियागंज वार्ड,नगरीय क्षेत्र,13500,14500,16000,17000,30000,32500,58000,48000,38500,,,,,,,
sadar3,Sadar-3,50,87,121,73,नई बस्ती,53 वजीरगंज वार्ड,नगरीय क्षेत्र,10500,11500,13000,14000,30000,32500,50500,43500,37500,,,,,,,
sadar3,Sadar-3,50,87,122,198,निरालानगर,66 निरालानगर वार्ड,नगरीय क्षेत्र,37500,40000,43500,46000,32000,34000,86500,70000,54000,,,,,,,
sadar3,Sadar-3,50,87,123,17,नादान महल,45 कुन्डरी रकाबगंज वार्ड,नगरीय क्षेत्र,21000,23000,25500,26500,32000,34000,72000,55500,43500,,,,,,,
sadar3,Sadar-3,50,87,124,19,नवाब गंज,45 कुन्डरी रकाबगंज वार्ड,नगरीय क्षेत्र,12000,13500,14500,15500,30000,32500,50500,43500,37500,,,,,,,
sadar3,Sadar-3,51,87,125,26,नादान महल रोड़,45 कुन्डरी रकाबगंज वार्ड,नगरीय क्षेत्र,21000,23000,25500,26500,32000,34000,72000,55500,43500,,,,,,,
sadar3,Sadar-3,51,87,126,172,नई बस्ती,62 मशकगंज वार्ड,नगरीय क्षेत्र,10500,11500,13000,14000,30000,32500,48000,42000,36000,,,,,,,
sadar3,Sadar-3,51,88,127,31,निजामुद्दीनपुर,46 इन्दिरा प्रियेदर्शनी वार्ड,नगरीय क्षेत्र,12500,13500,14500,15500,30000,32500,50500,43500,37500,,,,,,,
sadar3,Sadar-3,51,88,128,147,पुल झाऊलाल,60 पीर जलील वार्ड,नगरीय क्षेत्र,13500,14500,16000,17000,32000,34000,50500,43500,37500,,,,,,,
sadar3,Sadar-3,51,88,129,168,पुल कुम्हारन,62 मशकगंज वार्ड,नगरीय क्षेत्र,10500,11500,13000,14000,30000,32500,48000,42000,36000,,,,,,,
sadar3,Sadar-3,51,88,130,47,पंडितपुरवा,49 बाबू जगजीवनराम वार्ड,नगरीय क्षेत्र,14500,16500,17500,18000,29000,32000,50500,43500,37500,,,,,,,
sadar3,Sadar-3,51,88,131,162,पाण्डेय टोला,61 चांदगंज वार्ड,नगरीय क्षेत्र,14500,16500,17500,18000,30000,32500,72000,54000,43500,,,,,,,
sadar3,Sadar-3,51,88,132,112,पंजाबी टोला,55 राजाबाजार वार्ड,नगरीय क्षेत्र,10500,11500,13000,14000,30000,32500,50500,43500,43500,,,,,,,godown=office (43500) breaks pattern but clearly printed
sadar3,Sadar-3,51,88,133,239,पुरानी कचहरी रोड़,60 पीर जलील वार्ड,नगरीय क्षेत्र,27000,29500,32500,34500,32000,34000,50500,43500,37500,,,,,,,
sadar3,Sadar-3,51,88,134,153,पुराना कानपुर रोड,60 पीर जलील वार्ड,नगरीय क्षेत्र,27000,29500,32500,34500,32000,34000,58000,48000,38500,,,,,,,
sadar3,Sadar-3,51,88,135,41,पानीगाँव (अन्दरून आबादी),48 इस्माईलगंज वार्ड,नगरीय क्षेत्र,27000,29500,32500,34500,30000,32500,86500,70000,54000,,,,,,,
sadar3,Sadar-3,51,88,136,121,पी.डब्लू.डी.कालोनी,56 महानगर,नगरीय क्षेत्र,13500,14500,16000,17000,32000,34000,50500,43500,37500,,,,,,,
sadar3,Sadar-3,51,89,137,149,पीर जलील दक्षिणी,60 पीर जलील वार्ड,नगरीय क्षेत्र,13500,14500,16000,17000,32000,34000,50500,43500,37500,,,,,,,
sadar3,Sadar-3,52,89,138,191,पूर्वी बिरहाना,65 मोलवीगंज वार्ड,नगरीय क्षेत्र,11000,12000,13500,14400,32000,34000,48000,42000,36000,,,,,,,>18m 14400 (not 14500) clearly printed
sadar3,Sadar-3,52,89,139,92,पाटानाला,54 यहियागंज वार्ड,नगरीय क्षेत्र,10500,11500,13000,14000,30000,32500,50500,43500,37500,,,,,,,
sadar3,Sadar-3,52,89,140,9,पाण्डेगंज,43 राजेन्द्र नगर वार्ड,नगरीय क्षेत्र,21000,23000,25500,26500,30000,32500,58000,48000,38500,,,,,,,
sadar3,Sadar-3,52,89,141,148,पीर जलील उत्तरी,60 पीर जलील वार्ड,नगरीय क्षेत्र,13500,14500,16000,17000,32000,34000,50500,43500,37500,,,,,,,
sadar3,Sadar-3,52,89,142,173,फराश खाना,62 मशकगंज वार्ड,नगरीय क्षेत्र,10500,11500,13000,14000,30000,32500,48000,42000,36000,,,,,,,
sadar3,Sadar-3,52,89,143,94,बाग मक्का,54 यहियागंज वार्ड,नगरीय क्षेत्र,10500,11500,13000,14000,30000,32500,50500,43500,37500,,,,,,,
sadar3,Sadar-3,52,89,144,127,बहादुरपुर,57 शंकरपुरवा,नगरीय क्षेत्र,12500,13500,14500,15500,30000,32500,48000,42000,36000,,450,409,,450,320,agri_link 409 (elsewhere 410) clearly printed
sadar3,Sadar-3,52,89,145,174,बागशेर जंग,62 मशकगंज वार्ड,नगरीय क्षेत्र,10500,11500,13000,14000,30000,32500,48000,42000,36000,,,,,,,
sadar3,Sadar-3,52,89,146,179,बाबू गंज,63 अशोक आजाद वार्ड,नगरीय क्षेत्र,12500,13500,14500,15500,30000,32500,48000,42000,36000,,,,,,,
sadar3,Sadar-3,52,90,147,122,बेगम हजरत महल नगर (आ.वि.कालोनी को छोड़कर ),56 महानगर,नगरीय क्षेत्र,13500,14500,16000,17000,32000,34000,50500,43500,37500,,,,,,,
sadar3,Sadar-3,52,90,148,187,बुलन्द बाग,64 गोलागंज वार्ड,नगरीय क्षेत्र,15000,16500,17500,18000,32000,34000,50500,43500,37500,,,,,,,
sadar3,Sadar-3,52,90,149,13,बिरहाना कालोनी (पश्चिमी),44 तिलक नगर वार्ड,नगरीय क्षेत्र,11000,12000,13500,14400,30000,32500,58000,48000,38500,,,,,,,name printed 'क लोनी' (glyph gap); >18m 14400 as printed
sadar3,Sadar-3,53,90,150,95,बाग काजी,54 यहियागंज वार्ड,नगरीय क्षेत्र,10500,11500,13000,14000,30000,32500,50500,43500,37500,,,,,,,
sadar3,Sadar-3,53,90,151,111,बाग मौलवी अनवार,55 राजाबाजार वार्ड,नगरीय क्षेत्र,10500,11500,13000,14000,30000,32500,50500,43500,37500,,,,,,,
sadar3,Sadar-3,53,90,152,183,बारूद खाना,64 गोलागंज वार्ड,नगरीय क्षेत्र,15000,16500,17500,18000,30000,32500,48000,42000,36000,,,,,,,
sadar3,Sadar-3,53,90,153,96,बाग लाल जी,54 यहियागंज वार्ड,नगरीय क्षेत्र,10500,11500,13000,14000,30000,32500,50500,43500,37500,,,,,,,
sadar3,Sadar-3,53,90,154,97,बंजारी टोला,54 यहियागंज वार्ड,नगरीय क्षेत्र,10500,11500,13000,14000,30000,32500,50500,43500,37500,,,,,,,
sadar3,Sadar-3,53,90,155,93,बेगमगंज,54 यहियागंज वार्ड,नगरीय क्षेत्र,10500,11500,13000,14000,30000,32500,50500,43500,37500,,,,,,,
sadar3,Sadar-3,53,90,156,23,बिलौचपुरा,45 कुन्डरी रकाबगंज वार्ड,नगरीय क्षेत्र,11000,12000,13500,14400,30000,32500,50500,43500,37500,,,,,,,>18m 14400 as printed
sadar3,Sadar-3,53,91,157,143,बरौलिया,59 मनकामेश्वर वार्ड,नगरीय क्षेत्र,10500,11500,13000,14000,29000,32000,48000,42000,36000,,,,,,,
sadar3,Sadar-3,53,91,158,154,बी.एन.वर्मा रोड,60 पीर जलील वार्ड,नगरीय क्षेत्र,20500,23000,25500,26500,32000,34000,50500,43500,37500,,,,,,,
sadar3,Sadar-3,53,91,159,7,बेगम खेड़ा,43 राजेन्द्र नगर वार्ड,नगरीय क्षेत्र,11000,12000,13500,14400,29000,32000,50500,43500,37500,,,,,,,>18m 14400 as printed
sadar3,Sadar-3,53,91,160,66,बादशाह खेड़ा,52 शहीद भगत सिंह वार्ड,नगरीय क्षेत्र,12000,13500,14500,15500,29000,32000,50500,43500,37500,,,,,,,
sadar3,Sadar-3,53,91,161,52,बस्तौली,50 मौथलीशरण गुप्त वार्ड,नगरीय क्षेत्र,27000,30000,32500,34500,32000,34000,72000,54000,43500,,,,,,,
sadar3,Sadar-3,53,91,162,85,भवान सिंह शिवाला,54 यहियागंज वार्ड,नगरीय क्षेत्र,10500,11500,13000,14000,30000,32500,50500,43500,37500,,,,,,,
sadar3,Sadar-3,54,91,163,206,भूसामण्डी,69 अब्दुल हमीद वार्ड,नगरीय क्षेत्र,10500,11500,13000,14000,30000,32500,48000,42000,36000,,,,,,,
sadar3,Sadar-3,54,91,164,238,महानगर पुराना,67 विवेका नन्दपुरी वार्ड,नगरीय क्षेत्र,41000,44000,48000,50500,32000,34000,86500,70000,54000,,,,,,,
sadar3,Sadar-3,54,91,165,202,महानगर सेक्टर बी0,67 विवेका नन्दपुरी वार्ड,नगरीय क्षेत्र,41000,44000,48000,50500,32000,34000,86500,70000,54000,,,,,,,
sadar3,Sadar-3,54,91,166,199,महानगर,67 विवेका नन्दपुरी वार्ड,नगरीय क्षेत्र,41000,44000,48000,50500,32000,34000,86500,70000,54000,,,,,,,
sadar3,Sadar-3,54,92,167,203,महानगर गोल मार्केट,67 विवेका नन्दपुरी वार्ड,नगरीय क्षेत्र,56000,59500,65000,68500,32000,34000,86500,70000,54000,,,,,,,
sadar3,Sadar-3,54,92,168,190,मौलवी गंज,65 मोलवीगंज वार्ड,नगरीय क्षेत्र,16000,17500,19500,23000,30000,32500,50500,43500,37500,,,,,,,>18m 23000 (similar rows 20500) clearly printed
sadar3,Sadar-3,54,92,169,171,मुर्ग खाना,62 मशकगंज वार्ड,नगरीय क्षेत्र,10500,11500,13000,14000,29000,32000,48000,42000,36000,,,,,,,
sadar3,Sadar-3,54,92,170,76,मल्लाही टोला,53 वजीरगंज वार्ड,नगरीय क्षेत्र,10500,11500,13000,14000,30000,32500,50500,43500,37500,,,,,,,
sadar3,Sadar-3,54,92,171,42,मुंशीपुरवा,48 इस्माईलगंज वार्ड,नगरीय क्षेत्र,10500,11500,13000,14000,32000,34000,50500,43500,37500,,,,,,,
sadar3,Sadar-3,54,92,172,142,मुकारिम नगर,59 मनकामेश्वर वार्ड,नगरीय क्षेत्र,10500,11500,13000,14000,29000,32000,48000,42000,36000,,,,,,,
sadar3,Sadar-3,54,92,173,124,मोहसिनुद्दौला का पुरवा,57 शंकरपुरवा,नगरीय क्षेत्र,13500,14500,16000,17000,29000,32000,50500,43500,37500,,,,,,,
sadar3,Sadar-3,54,92,174,212,मयूर विहार एवं मयूर रेजीडेन्सी,46 इन्दिरा प्रियेदर्शनी वार्ड,नगरीय क्षेत्र,18500,20000,22000,23000,30000,32500,48000,42000,36000,,,,,,,
sadar3,Sadar-3,54,92,175,160,महानगर विस्तार (विज्ञानपुरी ),61 चांदगंज वार्ड,नगरीय क्षेत्र,41000,44000,48000,50500,32000,34000,86500,70000,54000,,,,,,,
sadar3,Sadar-3,55,92,176,139,मेंहदीटोला,58 बेगम हजरत महल वार्ड,नगरीय क्षेत्र,16000,17500,19500,20500,32000,34000,48000,42000,36000,,,,,,,
sadar3,Sadar-3,55,93,177,177,मेढ़ई का पुरवा,63 अशोक आजाद वार्ड,नगरीय क्षेत्र,12000,13500,14500,15500,29000,32000,48000,42000,36000,,,,,,,
sadar3,Sadar-3,55,93,178,117,महानगर,56 महानगर,नगरीय क्षेत्र,41000,44000,48000,50500,32000,34000,86500,70000,54000,,,,,,,
sadar3,Sadar-3,55,93,179,163,महावीर जी का पुरवा,61 चांदगंज वार्ड,नगरीय क्षेत्र,13500,14500,16000,17000,32000,34000,86500,70000,54000,,,,,,,
sadar3,Sadar-3,55,93,180,133,मतीन का पुरवा,57 शंकरपुरवा,नगरीय क्षेत्र,12500,13500,14500,15500,32000,34000,86500,70000,54000,,,,,,,
sadar3,Sadar-3,55,93,181,128,मोहम्मद पुर खत्री,57 शंकरपुरवा,नगरीय क्षेत्र,13500,14500,16000,17000,30000,32500,48000,42000,36000,,530,480,,530,380,
sadar3,Sadar-3,55,93,182,99,यहियागंज रोड़,54 यहियागंज वार्ड,नगरीय क्षेत्र,13500,14500,16000,17000,30000,32500,72000,55500,43500,,,,,,,
sadar3,Sadar-3,55,93,183,98,यहियागंज,54 यहियागंज वार्ड,नगरीय क्षेत्र,13500,14500,16000,17000,30000,32500,72000,54000,43500,,,,,,,
sadar3,Sadar-3,55,93,184,4,राजेन्द्र नगर (दक्षिणी ),43 राजेन्द्र नगर वार्ड,नगरीय क्षेत्र,21000,23000,25500,26500,30000,32500,72000,54000,43500,,,,,,,
sadar3,Sadar-3,55,93,185,6,राजेन्द्र नगर (मध्य),43 राजेन्द्र नगर वार्ड,नगरीय क्षेत्र,21000,23000,25500,26500,30000,32500,72000,54000,43500,,,,,,,
sadar3,Sadar-3,55,93,186,211,रस्सी बटान,69 अब्दुल हमीद वार्ड,नगरीय क्षेत्र,10500,11500,13000,14000,30000,32500,48000,42000,36000,,,,,,,
sadar3,Sadar-3,55,94,187,151,रामलाल चक्रवर्ती रोड़,60 पीर जलील वार्ड,नगरीय क्षेत्र,21000,23000,25500,26500,32000,34000,50500,43500,37500,,,,,,,
sadar3,Sadar-3,55,94,188,15,रकाबगज कदीम,45 कुन्डरी रकाबगंज वार्ड,नगरीय क्षेत्र,15000,16500,17500,18000,30000,32500,58000,48000,38500,,,,,,,
sadar3,Sadar-3,56,94,189,194,रथ खाना,65 मोलवीगंज वार्ड,नगरीय क्षेत्र,10500,11500,13000,14000,30000,32500,48000,42000,36000,,,,,,,
sadar3,Sadar-3,56,94,190,114,रस्तोगी टोला,55 राजाबाजार वार्ड,नगरीय क्षेत्र,10500,11500,13000,14000,30000,32500,50500,43500,37500,,,,,,,
sadar3,Sadar-3,56,94,191,119,रहीमनगर,56 महानगर,नगरीय क्षेत्र,27500,30000,32500,34500,32000,34000,60000,48000,42000,,,,,,,
sadar3,Sadar-3,56,94,192,113,राजा बाजार रोड़,55 राजाबाजार वार्ड,नगरीय क्षेत्र,16000,17500,19500,20500,30000,32500,60000,48000,42000,,,,,,,
sadar3,Sadar-3,56,94,193,115,राजा बाजार,55 राजाबाजार वार्ड,नगरीय क्षेत्र,16000,17500,19500,20500,30000,32500,60000,48000,42000,,,,,,,
sadar3,Sadar-3,56,94,194,152,रिवर बैंक कालोनी,60 पीर जलील वार्ड,नगरीय क्षेत्र,21000,23000,25500,26500,32000,34000,50500,43500,37500,,,,,,,
sadar3,Sadar-3,56,94,195,100,लकड़मण्डी,54 यहियागंज वार्ड,नगरीय क्षेत्र,10500,11500,13000,14000,30000,32500,50500,43500,37500,,,,,,,
sadar3,Sadar-3,56,94,196,60,लिबर्टी कालोनी,51 लालबहादुर शास्त्री वार्ड,नगरीय क्षेत्र,21000,23000,25500,26500,30000,32500,50500,43500,37500,,,,,,,
sadar3,Sadar-3,56,95,197,195,लश्करी रकाबगंज,65 मोलवीगंज वार्ड,नगरीय क्षेत्र,10500,11500,13000,14000,30000,32500,48000,42000,36000,,,,,,,
sadar3,Sadar-3,56,95,198,237,लोहिया नगर शेखुपुरा आ.वि.कालोनी,68 लोहियानगर वार्ड,नगरीय क्षेत्र,35000,39000,42000,44500,32000,34000,86500,68500,54000,,,,,,,office 68500 (similar rows 70000) clearly printed
sadar3,Sadar-3,56,95,199,77,लक्ष्मण प्रसाद रोड़,53 वजीरगंज वार्ड,नगरीय क्षेत्र,13500,14500,16000,17000,30000,32500,58000,48000,38500,,,,,,,
sadar3,Sadar-3,56,95,200,75,वजीरगंज,53 वजीरगंज वार्ड,नगरीय क्षेत्र,17000,19000,20500,22000,30000,32500,72000,56500,43500,,,,,,,office 56500 (similar rows 54000/55500) clearly printed
sadar3,Sadar-3,56,95,201,204,विकास नगर योजना सेक्टर-1,68 लोहियानगर वार्ड,नगरीय क्षेत्र,37000,40000,43500,46000,32000,34000,86500,70000,54000,,,,,,,
sadar3,Sadar-3,57,95,202,233,विकास नगर योजना सेक्टर-2,68 लोहियानगर वार्ड,नगरीय क्षेत्र,37000,40000,43500,46000,32000,34000,86500,70000,54000,,,,,,,
sadar3,Sadar-3,57,95,203,234,विकास नगर योजना सेक्टर-3,68 लोहियानगर वार्ड,नगरीय क्षेत्र,37000,40000,43500,46000,32000,34000,86500,70000,54000,,,,,,,
sadar3,Sadar-3,57,95,204,235,विकास नगर योजना सेक्टर-4,68 लोहियानगर वार्ड,नगरीय क्षेत्र,37000,40000,43500,46000,32000,34000,86500,70000,54000,,,,,,,
sadar3,Sadar-3,57,95,205,236,विकास नगर योजना सेक्टर-5,68 लोहियानगर वार्ड,नगरीय क्षेत्र,37000,40000,43500,46000,32000,34000,86500,70000,54000,,,,,,,
sadar3,Sadar-3,57,95,206,242,विकास नगर योजना सेक्टर-6,68 लोहियानगर वार्ड,नगरीय क्षेत्र,37000,40000,43500,46000,32000,34000,86500,70000,54000,,,,,,,
sadar3,Sadar-3,57,96,207,136,विकास नगर सेक्टर-7,57 शंकरपुरवा,नगरीय क्षेत्र,37000,40000,43500,46000,32000,34000,86500,70000,54000,,,,,,,
sadar3,Sadar-3,57,96,208,241,विकास नगर सेक्टर-8,57 शंकरपुरवा,नगरीय क्षेत्र,37000,40000,43500,46000,32000,34000,86500,70000,54000,,,,,,,
sadar3,Sadar-3,57,96,209,243,विकास नगर योजना सेक्टर-9,68 लोहियानगर वार्ड,नगरीय क्षेत्र,37000,40000,43500,46000,32000,34000,86500,70000,54000,,,,,,,
sadar3,Sadar-3,57,96,210,244,विकास नगर सेक्टर-10,57 शंकरपुरवा,नगरीय क्षेत्र,37000,40000,43500,46000,32000,34000,86500,70000,54000,,,,,,,
sadar3,Sadar-3,57,96,211,245,विकास नगर सेक्टर-11,57 शंकरपुरवा,नगरीय क्षेत्र,37000,40000,43500,46000,32000,34000,86500,70000,54000,,,,,,,
sadar3,Sadar-3,57,96,212,246,विकास नगर सेक्टर-12,57 शंकरपुरवा,नगरीय क्षेत्र,37000,40000,43500,46000,32000,34000,86500,70000,54000,,,,,,,
sadar3,Sadar-3,57,96,213,247,विकास नगर सेक्टर-13,57 शंकरपुरवा,नगरीय क्षेत्र,37000,40000,43500,46000,32000,34000,86500,70000,54000,,,,,,,
sadar3,Sadar-3,57,96,214,248,विकास नगर सेक्टर-14,57 शंकरपुरवा,नगरीय क्षेत्र,37000,40000,43500,46000,32000,34000,86500,70000,54000,,,,,,,
sadar3,Sadar-3,58,96,215,201,विवेकानन्द पुरी,67 विवेका नन्दपुरी वार्ड,नगरीय क्षेत्र,41000,44000,48000,50500,32000,34000,86500,70000,54000,,,,,,,
sadar3,Sadar-3,58,96,216,120,विष्णुपुरी कालोनी,56 महानगर,नगरीय क्षेत्र,27000,30000,32500,34500,32000,34000,86500,70000,54000,,,,,,,
sadar3,Sadar-3,58,97,217,180,विश्वविद्यालय,63 अशोक आजाद वार्ड,नगरीय क्षेत्र,16000,17500,19500,20500,32000,34000,48000,42000,36000,,,,,,,
sadar3,Sadar-3,58,97,218,59,शक्तिनगर,51 लालबहादुर शास्त्री वार्ड,नगरीय क्षेत्र,27000,30000,32500,34500,32000,34000,86500,70000,54000,,,,,,,
sadar3,Sadar-3,58,97,219,25,शास्त्री नगर,45 कुन्डरी रकाबगंज वार्ड,नगरीय क्षेत्र,13500,14500,16000,17000,30000,32500,86500,70000,54000,,,,,,,
sadar3,Sadar-3,58,97,220,132,शन्करपुरवा,57 शंकरपुरवा,नगरीय क्षेत्र,11000,12000,13500,14400,30000,32500,48000,42000,36000,,530,480,,530,380,>18m 14400 as printed
sadar3,Sadar-3,58,97,221,138,शेखपुर-शेखापुर(बेगम हजरत महल मार्ग का दक्षिणी भाग),58 बेगम हजरत महल वार्ड,नगरीय क्षेत्र,27000,30000,32500,34500,32000,34000,86500,70000,54000,,,,,,,
sadar3,Sadar-3,58,97,222,176,सराय हसनगंज,63 अशोक आजाद वार्ड,नगरीय क्षेत्र,21000,30000,25500,26500,30000,32500,86500,70000,54000,,,,,,,9-12m 30000 > 12-18m 25500 breaks pattern but clearly printed
sadar3,Sadar-3,58,97,223,164,सुभान नगर उत्तरी/ सुभाष नगर,62 मशकगंज वार्ड,नगरीय क्षेत्र,21000,30000,25500,26500,30000,32500,58000,48000,38500,,,,,,,9-12m 30000 > 12-18m 25500 breaks pattern but clearly printed
sadar3,Sadar-3,58,97,224,157,सुरेन्द्र नाथ श्रीवास्तव मार्ग,60 पीर जलील वार्ड,नगरीय क्षेत्र,21000,30000,25500,26500,32000,34000,58000,48000,38500,,,,,,,9-12m 30000 > 12-18m 25500 breaks pattern but clearly printed
sadar3,Sadar-3,58,97,225,53,समीउद्दीनपुर,50 मौथलीशरण गुप्त वार्ड,नगरीय क्षेत्र,21000,23000,25500,26500,32000,34000,72000,55500,43500,,,,,,,
sadar3,Sadar-3,58,97,226,101,सिंघल वाली गली,54 यहियागंज वार्ड,नगरीय क्षेत्र,10500,11500,13000,14000,30000,32500,58000,48000,38500,,,,,,,
sadar3,Sadar-3,59,98,227,32,सूगामऊ,46 इन्दिरा प्रियेदर्शनी वार्ड,नगरीय क्षेत्र,13000,13500,14500,15500,29000,32000,50500,43500,37500,,530,480,,530,380,
sadar3,Sadar-3,59,98,228,58,सर्वोदय नगर,51 लालबहादुर शास्त्री वार्ड,नगरीय क्षेत्र,27000,30000,32500,34500,30000,32500,86500,70000,54000,,,,,,,
sadar3,Sadar-3,59,98,229,20,सराय आगा मीर,45 कुन्डरी रकाबगंज वार्ड,नगरीय क्षेत्र,10500,11500,13000,14000,30000,32500,50500,43500,37500,,,,,,,
sadar3,Sadar-3,59,98,230,197,सुभाष मार्ग,65 मोलवीगंज वार्ड,नगरीय क्षेत्र,21000,23000,25500,26500,32000,34000,58000,48000,38500,,,,,,,
sadar3,Sadar-3,59,98,231,193,सुभाष नगर,65 मोलवीगंज वार्ड,नगरीय क्षेत्र,13500,14500,16000,17000,30000,32500,50500,43500,37500,,,,,,,
sadar3,Sadar-3,59,98,232,116,सोबतिया बाग,55 राजाबाजार वार्ड,नगरीय क्षेत्र,10500,11500,13000,14000,30000,32500,50500,43500,37500,,,,,,,
sadar3,Sadar-3,59,98,233,65,हतवापुरवा ( फतुवापुरवा),52 शहीद भगत सिंह वार्ड,नगरीय क्षेत्र,10500,11500,13000,14000,30000,32500,50500,43500,37500,,,,,,,
sadar3,Sadar-3,59,98,234,205,हाथी खाना,69 अब्दुल हमीद वार्ड,नगरीय क्षेत्र,10500,11500,13000,14000,30000,32500,48000,42000,36000,,,,,,,
sadar3,Sadar-3,59,98,235,67,हरिजन कालोनी,52 शहीद भगत सिंह वार्ड,नगरीय क्षेत्र,13500,14500,16000,17000,30000,32500,50500,43500,37500,,,,,,,
sadar3,Sadar-3,59,98,236,68,हरदासी खेड़ा,52 शहीद भगत सिंह वार्ड,नगरीय क्षेत्र,12000,13500,14500,15500,29000,32000,50500,43500,37500,,530,480,,530,380,
sadar3,Sadar-3,59,99,237,78,हामिद रोड़,53 वजीरगंज वार्ड,नगरीय क्षेत्र,13500,14500,16000,17000,32000,34000,58000,48000,38500,,,,,,,
sadar3,Sadar-3,59,99,238,185,हाता फकीर मोहम्मद पक्का,64 गोलागंज वार्ड,नगरीय क्षेत्र,11000,12000,13500,14400,30000,32500,48000,42000,36000,,,,,,,>18m 14400 as printed
sadar3,Sadar-3,59,99,239,169,हाता दुर्गा प्रसाद,62 मशकगंज वार्ड,नगरीय क्षेत्र,10500,11500,13000,14000,30000,32500,48000,42000,36000,,,,,,,
sadar3,Sadar-3,60,99,240,209,हाता भोर खां,69 अब्दुल हमीद वार्ड,नगरीय क्षेत्र,10500,11500,13000,14000,30000,32500,48000,42000,36000,,,,,,,
sadar3,Sadar-3,60,99,241,146,हसनगंज,59 मनकामेश्वर वार्ड,नगरीय क्षेत्र,10500,11500,13000,14000,29000,32000,48000,42000,36000,,,,,,,
sadar3,Sadar-3,60,99,242,186,हाता फकीर मोहम्मद कच्चा,64 गोलागंज वार्ड,नगरीय क्षेत्र,10500,11500,13000,14000,30000,32500,48000,42000,36000,,,,,,,
sadar3,Sadar-3,60,99,243,150,हास्पिटल रोड़,60 पीर जलील वार्ड,नगरीय क्षेत्र,17000,19000,20500,22000,32000,34000,50500,43500,37500,,,,,,,
sadar5,Sadar-5,36,76,1,0001,अशर्फाबाद,ward 070 अशर्फाबाद वार्ड,नगरीय क्षेत्र,11000,12500,13500,14000,31000,33500,40000,31000,24500,,,,,,,
sadar5,Sadar-5,36,76,2,0018,अम्बेडकर नगर,ward 071 अम्बेडकर नगर वार्ड,नगरीय क्षेत्र,8500,9500,10500,11000,29000,31500,32500,25500,20000,,,,,,,
sadar5,Sadar-5,36,76,3,0035,अशोक बिहार,ward 072 आलमनगर वार्ड,नगरीय क्षेत्र,10500,11500,12500,13000,29000,31500,32500,25500,20000,,,,,,,
sadar5,Sadar-5,36,76,4,0045,अग्रवाल क्वार्टर,ward 073 ऐशबाग वार्ड,नगरीय क्षेत्र,10500,11500,12500,13000,29000,31500,32500,25500,20000,,,,,,,
sadar5,Sadar-5,36,76,5,0265,अलमाष बाग,ward 074 कन्हैया माधवपुर वार्ड,नगरीय क्षेत्र,13000,14500,15500,16500,31000,33500,40000,31000,24500,,,,,,,
sadar5,Sadar-5,36,76,6,0117,अमरुदही बाग,ward 079 चित्रगुप्त नगर वार्ड,नगरीय क्षेत्र,20000,22000,24000,25000,31000,33500,35500,28000,22500,,,,,,,
sadar5,Sadar-5,36,76,7,0291,अचार वाली गली,ward 080 जलसंस्थान वार्ड,नगरीय क्षेत्र,8500,9500,10500,11000,29000,31500,32500,25500,20000,,,,,,,
sadar5,Sadar-5,37,77,8,0165,अब्दुल अज़ीज रोड मोहल्ला,ward 083 मौलाना कल्बे आबिद वार्ड,नगरीय क्षेत्र,16500,18500,20000,21000,29000,31500,35500,28000,22500,,,,,,,
sadar5,Sadar-5,37,77,9,0166,अहोरी टोला,ward 083 मौलाना कल्बे आबिद वार्ड,नगरीय क्षेत्र,8500,9500,10500,11000,29000,31500,32500,25500,20000,,,,,,,
sadar5,Sadar-5,37,77,10,0242,असियामऊ,ward 089 हैदरगंज वार्ड,नगरीय क्षेत्र,6000,6500,7500,8000,29000,31500,28000,23500,18000,,,,,,,
sadar5,Sadar-5,37,77,11,0019,आरती नगर,ward 071 अम्बेडकर नगर वार्ड,नगरीय क्षेत्र,8500,9500,10500,11000,29000,31500,32500,25500,20000,,,,,,,
sadar5,Sadar-5,37,77,12,0034,आलम नगर,ward 072 आलमनगर वार्ड,नगरीय क्षेत्र,10500,11500,12500,13000,29000,31500,32500,25500,20000,,,,,,,
sadar5,Sadar-5,37,77,13,0036,आलमबाग रोड का दक्षिणी भाग,ward 072 आलमनगर वार्ड,नगरीय क्षेत्र,10500,11500,12500,13000,29000,31500,32500,25500,20000,,,,,,,
sadar5,Sadar-5,37,77,14,0065,आर.डी.एस.ओ.कालोनी जगजीवन ट्रेनिंग सेन्टर,ward 075 केसरी खेड़ा वार्ड,नगरीय क्षेत्र,7000,7500,8500,9000,29000,31500,28000,23500,18000,,,,,,,
sadar5,Sadar-5,37,77,15,0093,आलम नगर थड़ी,ward 077 कुवर ज्योति प्रसाद वार्ड,नगरीय क्षेत्र,10500,11500,12500,13000,29000,31500,27000,22500,17000,,,,,,,
sadar5,Sadar-5,37,77,16,0098,आजाद नगर,ward 078 गढ़ीपीर खां वार्ड,नगरीय क्षेत्र,13000,14500,15500,16500,29000,31500,35500,28000,22500,,,,,,,
sadar5,Sadar-5,37,78,17,0118,आशुतोष नगर,ward 079 चित्रगुप्त नगर वार्ड,नगरीय क्षेत्र,19000,21000,23000,24000,29000,31500,35500,28000,22500,,,,,,,
sadar5,Sadar-5,37,78,18,0139,आई. टी. कालोनी,ward 080 जलसंस्थान वार्ड,नगरीय क्षेत्र,10500,11500,12500,13000,29000,31500,32500,25500,20000,,,,,,,
sadar5,Sadar-5,38,78,19,0167,आगा मिर्जा जुम्मा योजना,ward 083 मौलाना कल्बे आबिद वार्ड,नगरीय क्षेत्र,10500,11500,12500,13000,29000,31500,28000,23500,18000,,,,,,,
sadar5,Sadar-5,38,78,20,0208,आलम नगर रोड मोहल्ला,ward 087 सआदतगंज वार्ड,नगरीय क्षेत्र,16500,18500,20000,21000,29000,31500,35500,28000,22500,,,,,,,
sadar5,Sadar-5,38,78,21,0241,आम बिहार,ward 089 हैदरगंज वार्ड,नगरीय क्षेत्र,6000,6500,7500,8000,29000,31500,28000,23500,18000,,,,,,,
sadar5,Sadar-5,38,78,22,0066,ओशो नगर,ward 075 केसरी खेड़ा वार्ड,नगरीय क्षेत्र,8500,9500,10500,11000,29000,31500,28000,23500,18000,,,,,,,
sadar5,Sadar-5,38,78,23,0067,इन्द्रलोक कालोनी,ward 075 केसरी खेड़ा वार्ड,नगरीय क्षेत्र,16500,18500,20000,21000,31000,33500,35500,28000,22500,,,,,,,
sadar5,Sadar-5,38,78,24,0140,इन्द्रानी नगर,ward 080 जलसंस्थान वार्ड,नगरीय क्षेत्र,8500,9500,10500,11000,29000,31500,32500,25500,20000,,,,,,,
sadar5,Sadar-5,38,78,25,0055,एकता नगर,ward 074 कन्हैया माधवपुर वार्ड,नगरीय क्षेत्र,11500,13000,14000,15000,30000,32500,35500,28000,22500,,,,,,,
sadar5,Sadar-5,38,78,26,0141,एल.डी.ए. कालोनी,ward 080 जलसंस्थान वार्ड,नगरीय क्षेत्र,11500,13000,14000,15000,29000,31500,32500,25500,20000,,,,,,,
sadar5,Sadar-5,38,78,27,0186,एवरेडी चौराहा,ward 085 लेबर कालोनी वार्ड,नगरीय क्षेत्र,13000,14500,15500,16500,29000,31500,35500,28000,22500,,,,,,,
sadar5,Sadar-5,38,78,28,0046,ऐशबाग रोड मोहल्ला,ward 073 ऐशबाग वार्ड,नगरीय क्षेत्र,16500,18500,20000,21000,29000,31500,35500,28000,22500,,,,,,,
sadar5,Sadar-5,38,79,29,0142,ऐशबाग पूर्वी रामलीला,ward 080 जलसंस्थान वार्ड,नगरीय क्षेत्र,10500,11500,12500,13000,29000,31500,32500,25500,20000,,,,,,,
sadar5,Sadar-5,39,79,30,0143,ऐशबाग श्रमिक बस्ती,ward 080 जलसंस्थान वार्ड,नगरीय क्षेत्र,8500,9500,10500,11000,29000,31500,32500,25500,20000,,,,,,,
sadar5,Sadar-5,39,79,31,0157,ऐशबाग मोहल्ला,ward 082 मालवीय नगर वार्ड,नगरीय क्षेत्र,16500,18500,20000,21000,29000,31500,35500,28000,22500,,,,,,,
sadar5,Sadar-5,39,79,32,0158,ऐशबाग रोड,ward 082 मालवीय नगर वार्ड,नगरीय क्षेत्र,16500,18500,20000,21000,31000,33500,35500,28000,22500,,,,,,,
sadar5,Sadar-5,39,79,33,0002,कटरा हैदर हुसौन,ward 070 अशर्फाबाद वार्ड,नगरीय क्षेत्र,8500,9500,10500,11000,29000,31500,28000,23500,18000,,,,,,,
sadar5,Sadar-5,39,79,34,0020,करेहटा,ward 071 अम्बेडकर नगर वार्ड,नगरीय क्षेत्र,9000,10000,11000,11500,29000,31500,35500,28000,22500,,,,,,,
sadar5,Sadar-5,39,79,35,0069,कनौसी,ward 075 केसरी खेड़ा वार्ड,नगरीय क्षेत्र,11500,13000,14000,15000,29000,31500,40000,31000,24500,,398,355,,398,284,
sadar5,Sadar-5,39,79,36,0080,कच्चा बाग,ward 076 कशमीरी मोहल्ला वार्ड,नगरीय क्षेत्र,10500,11500,12500,13000,29000,31500,32500,25500,20000,,,,,,,
sadar5,Sadar-5,39,79,37,0099,करीमगंज,ward 078 गढ़ीपीर खां वार्ड,नगरीय क्षेत्र,11500,13000,14000,15000,29000,31500,35500,28000,22500,,,,,,,
sadar5,Sadar-5,39,79,38,0100,कन्हई खेड़ा,ward 078 गढ़ीपीर खां वार्ड,नगरीय क्षेत्र,5500,6000,6500,7000,30000,32500,35500,28000,22500,,,,,,,
sadar5,Sadar-5,39,79,39,0120,कन्हैयाकुन्ज कालोनी,ward 079 चित्रगुप्त नगर वार्ड,नगरीय क्षेत्र,16500,18500,20000,21000,29000,31500,35500,28000,22500,,,,,,,
sadar5,Sadar-5,39,79,40,0168,कशमीरी मोहल्ला दक्षिण,ward 083 मौलाना कल्बे आबिद वार्ड,नगरीय क्षेत्र,10500,11500,12500,13000,29000,31500,28000,23500,18000,,,,,,,
sadar5,Sadar-5,40,80,41,0169,कशमीरी मोहल्ला रोड,ward 083 मौलाना कल्बे आबिद वार्ड,नगरीय क्षेत्र,10500,11500,12500,13000,29000,31500,28000,23500,18000,,,,,,,
sadar5,Sadar-5,40,80,42,0170,कशमीरी मोहल्ला उत्तरी,ward 083 मौलाना कल्बे आबिद वार्ड,नगरीय क्षेत्र,10500,11500,12500,13000,29000,31500,28000,23500,18000,,,,,,,
sadar5,Sadar-5,40,80,43,0171,कटरा वफा बेग,ward 083 मौलाना कल्बे आबिद वार्ड,नगरीय क्षेत्र,10500,11500,12500,13000,29000,31500,28000,23500,18000,,,,,,,
sadar5,Sadar-5,40,80,44,0172,कटरा विज़न बेग,ward 083 मौलाना कल्बे आबिद वार्ड,नगरीय क्षेत्र,10500,11500,12500,13000,29000,31500,28000,23500,18000,,,,,,,
sadar5,Sadar-5,40,80,45,0233,कटरा खुदा यार खां,ward 088 शीतलादेवी वार्ड,नगरीय क्षेत्र,11500,13000,14000,15000,29000,31500,32500,25500,20000,,,,,,,
sadar5,Sadar-5,40,80,46,0119,कृष्णा नगर,ward 079 चित्रगुप्त नगर वार्ड,नगरीय क्षेत्र,19000,21000,23000,24000,31000,33500,35500,28000,22500,,,,,,,
sadar5,Sadar-5,40,80,47,0210,कागजी टोला,ward 087 सआदतगंज वार्ड,नगरीय क्षेत्र,7000,7500,8500,9000,29000,31500,25500,20000,15500,,,,,,,
sadar5,Sadar-5,40,80,48,0068,केसरी खेड़ा,ward 075 केसरी खेड़ा वार्ड,नगरीय क्षेत्र,11500,13000,14000,15000,29000,31500,40000,31000,24500,,398,355,,398,284,
sadar5,Sadar-5,40,80,49,0209,कोडर,ward 087 सआदतगंज वार्ड,नगरीय क्षेत्र,8000,8500,9500,10000,29000,31500,28000,23500,18000,,,,,,,
sadar5,Sadar-5,40,80,50,0243,किशोरगंज,ward 089 हैदरगंज वार्ड,नगरीय क्षेत्र,10500,11500,12500,13000,30000,32500,28000,23500,18000,,,,,,,
sadar5,Sadar-5,40,80,51,0082,खरियाई,ward 076 कशमीरी मोहल्ला वार्ड,नगरीय क्षेत्र,10500,11500,12500,13000,29000,31500,32500,25500,20000,,,,,,,
sadar5,Sadar-5,41,80,52,0081,खिड़की मीर आगा,ward 076 कशमीरी मोहल्ला वार्ड,नगरीय क्षेत्र,10500,11500,12500,13000,29000,31500,32500,25500,20000,,,,,,,
sadar5,Sadar-5,41,81,53,0003,खोखी टोला,ward 070 अशर्फाबाद वार्ड,नगरीय क्षेत्र,8500,9500,10500,11000,29000,31500,32500,25500,20000,,,,,,,
sadar5,Sadar-5,41,81,54,0004,गली पारचा,ward 070 अशर्फाबाद वार्ड,नगरीय क्षेत्र,9000,10000,11000,11500,29000,31500,32500,25500,20000,,,,,,,
sadar5,Sadar-5,41,81,55,0005,गली मीरमाता,ward 070 अशर्फाबाद वार्ड,नगरीय क्षेत्र,8500,9500,10500,11000,29000,31500,32500,25500,20000,,,,,,,
sadar5,Sadar-5,41,81,56,0021,गढ़ी कनौरा,ward 071 अम्बेडकर नगर वार्ड,नगरीय क्षेत्र,9000,10000,11000,11500,29000,31500,35500,28000,22500,,,,,,,
sadar5,Sadar-5,41,81,57,0022,गवर्नमेंट प्रेस,ward 071 अम्बेडकर नगर वार्ड,नगरीय क्षेत्र,7000,7500,8500,9000,29000,31500,35500,28000,22500,,,,,,,
sadar5,Sadar-5,41,81,58,0101,गढ़ीपीर खां,ward 078 गढ़ीपीर खां वार्ड,नगरीय क्षेत्र,10500,11500,12500,13000,29000,31500,35500,28000,22500,,,,,,,
sadar5,Sadar-5,41,81,59,0146,गणेशपुरी कालोनी,ward 081 भवानीगंज वार्ड,नगरीय क्षेत्र,8500,9500,10500,11000,29000,31500,32500,25500,20000,,,,,,,
sadar5,Sadar-5,41,81,60,0071,गंगा खेड़ा,ward 075 केसरी खेड़ा वार्ड,नगरीय क्षेत्र,11500,13000,14000,15000,29000,31500,40000,31000,24500,,,,,,,
sadar5,Sadar-5,41,81,61,0037,गायत्री पुरम,ward 072 आलमनगर वार्ड,नगरीय क्षेत्र,8500,9500,10500,11000,29000,31500,32500,25500,20000,,,,,,,
sadar5,Sadar-5,41,81,62,0211,गाड़ी अड्डा,ward 087 सआदतगंज वार्ड,नगरीय क्षेत्र,7000,7500,8500,9000,29000,31500,25500,20000,15500,,,,,,,
sadar5,Sadar-5,42,81,63,0122,गीता नगर,ward 079 चित्रगुप्त नगर वार्ड,नगरीय क्षेत्र,16500,18500,20000,21000,29000,31500,35500,28000,22500,,,,,,,
sadar5,Sadar-5,42,81,64,0056,गुलाब नगर,ward 074 कन्हैया माधवपुर वार्ड,नगरीय क्षेत्र,11500,13000,14000,15000,29000,31500,35500,28000,22500,,,,,,,
sadar5,Sadar-5,42,82,65,0102,गुलाब नगर,ward 078 गढ़ीपीर खां वार्ड,नगरीय क्षेत्र,10500,11500,12500,13000,29000,31500,35500,28000,22500,,,,,,,"p4: name same as serial 64 (different vcode), as printed"
sadar5,Sadar-5,42,82,66,0121,गोपाल नगर,ward 079 चित्रगुप्त नगर वार्ड,नगरीय क्षेत्र,16500,18500,20000,21000,29000,31500,35500,28000,22500,,,,,,,
sadar5,Sadar-5,42,82,67,0212,घियाई,ward 087 सआदतगंज वार्ड,नगरीय क्षेत्र,7000,7500,8500,9000,29000,31500,28000,23500,18000,,,,,,,
sadar5,Sadar-5,42,82,68,0072,चन्द्रोदय नगर,ward 075 केसरी खेड़ा वार्ड,नगरीय क्षेत्र,11500,13000,14000,15000,29000,31500,40000,31000,24500,,,,,,,
sadar5,Sadar-5,42,82,69,0259,चमारन का पुरवा,ward 090 हरदीन रामनगर वार्ड,नगरीय क्षेत्र,4500,5000,5500,6000,29000,31500,25500,20000,15500,,,,,,,
sadar5,Sadar-5,42,82,70,0006,चावल वाली गली,ward 070 अशर्फाबाद वार्ड,नगरीय क्षेत्र,11500,13000,14000,15000,29000,31500,35500,28000,22500,,,,,,,
sadar5,Sadar-5,42,82,71,0124,चाणक्यपुरी,ward 079 चित्रगुप्त नगर वार्ड,नगरीय क्षेत्र,16500,18500,20000,21000,31000,33500,35500,28000,22500,,,,,,,
sadar5,Sadar-5,42,82,72,0123,चित्रगुप्त नगर,ward 079 चित्रगुप्त नगर वार्ड,नगरीय क्षेत्र,18000,20000,21500,22500,29000,31500,35500,28000,22500,,,,,,,
sadar5,Sadar-5,42,82,73,0023,चित्ता खेड़ा,ward 071 अम्बेडकर नगर वार्ड,नगरीय क्षेत्र,7000,7500,8500,9000,29000,31500,35500,28000,22500,,,,,,,
sadar5,Sadar-5,43,82,74,0292,चिरौधा पुरवा,ward 082 मालवीय नगर वार्ड,नगरीय क्षेत्र,6000,6500,7000,7500,29000,31500,28000,23500,18000,,,,,,,
sadar5,Sadar-5,43,82,75,0273,चुन्नूखेड़ा,ward 072 आलमनगर वार्ड,नगरीय क्षेत्र,8500,9500,10500,11000,29000,31500,32500,25500,20000,,398,355,,398,284,
sadar5,Sadar-5,43,82,76,0084,छावनी हुसैनुद्दीन,ward 076 कशमीरी मोहल्ला वार्ड,नगरीय क्षेत्र,7000,7500,8500,9000,29000,31500,28000,23500,18000,,,,,,,
sadar5,Sadar-5,43,83,77,0083,छोटे साहब आलम रोड,ward 076 कशमीरी मोहल्ला वार्ड,नगरीय क्षेत्र,10500,11500,12500,13000,29000,31500,28000,23500,18000,,,,,,,
sadar5,Sadar-5,43,83,78,0038,जलालपुर,ward 072 आलमनगर वार्ड,नगरीय क्षेत्र,8500,9500,10500,11000,29000,31500,32500,25500,20000,,,,,,,
sadar5,Sadar-5,43,83,79,0159,जमुना झील,ward 082 मालवीय नगर वार्ड,नगरीय क्षेत्र,7000,7500,8500,9000,29000,31500,28000,23500,18000,,,,,,,
sadar5,Sadar-5,43,83,80,0181,जलालपुर से काटन मिल तक,ward 084 राजाजीपुरम वार्ड,नगरीय क्षेत्र,16500,18500,20000,21000,29000,31500,35500,28000,22500,,,,,,,
sadar5,Sadar-5,43,83,81,0125,जाफ़रखेड़ा,ward 079 चित्रगुप्त नगर वार्ड,नगरीय क्षेत्र,20000,22000,24000,25000,31000,33500,35500,28000,22500,,,,,,,
sadar5,Sadar-5,43,83,82,0244,जाहिद नगर,ward 089 हैदरगंज वार्ड,नगरीय क्षेत्र,5500,6000,6500,7000,29000,31500,28000,23500,18000,,,,,,,
sadar5,Sadar-5,43,83,83,0103,ज़ेरे खंदक,ward 078 गढ़ीपीर खां वार्ड,नगरीय क्षेत्र,8500,9500,10500,11000,29000,31500,28000,23500,18000,,,,,,,
sadar5,Sadar-5,43,83,84,0147,जोशी टोला,ward 081 भवानीगंज वार्ड,नगरीय क्षेत्र,8500,9500,10500,11000,29000,31500,32500,25500,20000,,,,,,,
sadar5,Sadar-5,44,83,85,0007,जौहरी मोहल्ला,ward 070 अशर्फाबाद वार्ड,नगरीय क्षेत्र,12500,14000,15000,16500,30000,32500,40000,31000,24500,,,,,,,
sadar5,Sadar-5,44,83,86,0106,झरियन तालाब,ward 078 गढ़ीपीर खां वार्ड,नगरीय क्षेत्र,6000,6500,7000,7500,29000,31500,28000,23500,18000,,,,,,,
sadar5,Sadar-5,44,83,87,0174,झवाई टोला,ward 083 मौलाना कल्बे आबिद वार्ड,नगरीय क्षेत्र,10500,11500,12500,13000,29000,31500,35500,28000,22500,,,,,,,
sadar5,Sadar-5,44,84,88,0008,टकसाल,ward 070 अशर्फाबाद वार्ड,नगरीय क्षेत्र,8000,8500,9500,10000,30000,32500,32500,25500,20000,,,,,,,
sadar5,Sadar-5,44,84,89,0283,टापेवाली गली,ward 076 कशमीरी मोहल्ला वार्ड,नगरीय क्षेत्र,11500,13000,14000,15000,29000,31500,32500,25500,20000,,,,,,,
sadar5,Sadar-5,44,84,90,0085,टिकरी खुर्द,ward 076 कशमीरी मोहल्ला वार्ड,नगरीय क्षेत्र,7000,7500,8500,9000,29000,31500,28000,23500,18000,,,,,,,
sadar5,Sadar-5,44,84,91,0104,टिकरी जुलाहान,ward 078 गढ़ीपीर खां वार्ड,नगरीय क्षेत्र,7000,7500,8500,9000,29000,31500,28000,23500,18000,,,,,,,
sadar5,Sadar-5,44,84,92,0105,टिकली,ward 078 गढ़ीपीर खां वार्ड,नगरीय क्षेत्र,6000,6500,7000,7500,29000,31500,28000,23500,18000,,,,,,,
sadar5,Sadar-5,44,84,93,0299,टिकैतराय,ward 085 लेबर कालोनी वार्ड,नगरीय क्षेत्र,14500,16000,17500,19000,29000,31500,35500,28000,22500,,,,,,,
sadar5,Sadar-5,44,84,94,0234,टिकैतगंज पुराना,ward 088 शीतलादेवी वार्ड,नगरीय क्षेत्र,21500,24000,26000,27000,29000,31500,35500,28000,22500,,,,,,,
sadar5,Sadar-5,44,84,95,0235,टिकैत राय तालाब कालोनी,ward 088 शीतलादेवी वार्ड,नगरीय क्षेत्र,16500,18500,20000,21000,29000,31500,35500,28000,22500,,,,,,,
sadar5,Sadar-5,45,84,96,0278,डाक्टरखेड़ा,ward 072 आलमनगर वार्ड,नगरीय क्षेत्र,8500,9500,10500,11000,30000,32500,32500,25500,20000,,398,355,,398,284,
sadar5,Sadar-5,45,84,97,0276,डिप्टीखेड़ा,ward 072 आलमनगर वार्ड,नगरीय क्षेत्र,8500,9500,10500,11000,30000,32500,32500,25500,20000,,398,355,,398,284,
sadar5,Sadar-5,45,84,98,0175,तकिया नुसरत अली,ward 083 मौलाना कल्बे आबिद वार्ड,नगरीय क्षेत्र,10500,11500,12500,13000,29000,31500,35500,28000,22500,,,,,,,
sadar5,Sadar-5,45,84,99,0245,तम्बाकू नगर,ward 089 हैदरगंज वार्ड,नगरीय क्षेत्र,5500,6000,6500,7000,29000,31500,28000,23500,18000,,,,,,,
sadar5,Sadar-5,45,85,100,0079,तालकटोरा रोड मोहल्ला,ward 075 केसरी खेड़ा वार्ड,नगरीय क्षेत्र,16500,18500,20000,21000,30000,32500,40000,31000,24500,,,,,,,
sadar5,Sadar-5,45,85,101,0182,तालकटोरा की आबादी,ward 084 राजाजीपुरम वार्ड,नगरीय क्षेत्र,16500,18500,20000,21000,29000,31500,35500,28000,22500,,,,,,,
sadar5,Sadar-5,45,85,102,0126,तिवारीपुरम्,ward 079 चित्रगुप्त नगर वार्ड,नगरीय क्षेत्र,20000,22000,24000,25000,29000,31500,35500,28000,22500,,,,,,,
sadar5,Sadar-5,45,85,103,0009,तुलसीदास मार्ग मोहल्ला,ward 070 अशर्फाबाद वार्ड,नगरीय क्षेत्र,16500,18500,20000,21000,30000,32500,40000,31000,24500,,,,,,,
sadar5,Sadar-5,45,85,104,0281,तुलसीदास मार्ग मोहल्ला,ward 073 ऐशबाग वार्ड,नगरीय क्षेत्र,16500,18500,20000,21000,30000,32500,40000,31000,24500,,,,,,,"p4: name same as serial 103 (different vcode), as printed"
sadar5,Sadar-5,45,85,105,0073,तेजीखेड़ा,ward 075 केसरी खेड़ा वार्ड,नगरीय क्षेत्र,11500,13000,14000,15000,30000,32500,40000,31000,24500,,,,,,,
sadar5,Sadar-5,45,85,106,0236,त्रिमिनी गंज,ward 088 शीतलादेवी वार्ड,नगरीय क्षेत्र,8500,9500,10500,11000,29000,31500,35500,28000,22500,,,,,,,
sadar5,Sadar-5,46,85,107,0144,थाली वाली गली,ward 080 जलसंस्थान वार्ड,नगरीय क्षेत्र,8500,9500,10500,11000,29000,31500,32500,25500,20000,,,,,,,
sadar5,Sadar-5,46,85,108,0010,दलाली मोहल्ला,ward 070 अशर्फाबाद वार्ड,नगरीय क्षेत्र,7000,7500,8500,9000,29000,31500,27000,22500,17000,,,,,,,
sadar5,Sadar-5,46,85,109,0086,दरगाह हज़रत अब्बास रोड के पुराने चबूतरे से कशमीरी मोहल्ले चौराहे तक,ward 076 कशमीरी मोहल्ला वार्ड,नगरीय क्षेत्र,7000,7500,8500,9000,29000,31500,28000,23500,18000,,,,,,,
sadar5,Sadar-5,46,86,110,0183,दरियापुर,ward 084 राजाजीपुरम वार्ड,नगरीय क्षेत्र,16500,18500,20000,21000,29000,31500,35500,28000,22500,,,,,,,
sadar5,Sadar-5,46,86,111,0187,दरियापुर कालोनी,ward 085 लेबर कालोनी वार्ड,नगरीय क्षेत्र,16500,18500,20000,21000,29000,31500,35500,28000,22500,,,,,,,
sadar5,Sadar-5,46,86,112,0214,दरगाह रोड,ward 087 सआदतगंज वार्ड,नगरीय क्षेत्र,8500,9500,10500,11000,29000,31500,28000,23500,18000,,,,,,,
sadar5,Sadar-5,46,86,113,0160,दारूगोदाम,ward 082 मालवीय नगर वार्ड,नगरीय क्षेत्र,6000,6500,7000,7500,29000,31500,28000,23500,18000,,,,,,,
sadar5,Sadar-5,46,86,114,0011,दीनदयाल रोड,ward 070 अशर्फाबाद वार्ड,नगरीय क्षेत्र,21500,24000,26000,27000,31000,33500,53000,43000,33000,,,,,,,
sadar5,Sadar-5,46,86,115,0075,दीप नगर,ward 075 केसरी खेड़ा वार्ड,नगरीय क्षेत्र,11500,13000,14000,15000,29000,31500,40000,31000,24500,,,,,,,
sadar5,Sadar-5,46,86,116,0213,दुर्गादीन,ward 087 सआदतगंज वार्ड,नगरीय क्षेत्र,7000,7500,8500,9000,29000,31500,28000,23500,18000,,,,,,,
sadar5,Sadar-5,47,86,117,0074,देवपुर,ward 075 केसरी खेड़ा वार्ड,नगरीय क्षेत्र,11500,13000,14000,15000,29000,31500,40000,31000,24500,,466,415,,466,333,
sadar5,Sadar-5,47,86,118,0024,धर्मवीर नगर,ward 071 अम्बेडकर नगर वार्ड,नगरीय क्षेत्र,10500,11500,12500,13000,29000,31500,35500,28000,22500,,,,,,,
sadar5,Sadar-5,47,86,119,0275,धनहर खेड़ा,ward 072 आलमनगर वार्ड,नगरीय क्षेत्र,8500,9500,10500,11000,29000,31500,32500,25500,20000,,398,355,,398,284,
sadar5,Sadar-5,47,86,120,0070,धौधा खेड़ा (दौदाखेडा),ward 075 केसरी खेड़ा वार्ड,नगरीय क्षेत्र,11500,13000,14000,15000,29000,31500,40000,31000,24500,,,,,,,
sadar5,Sadar-5,47,86,121,0271,नरपतखेड़ा,ward 072 आलमनगर वार्ड,नगरीय क्षेत्र,8500,9500,10500,11000,30000,32500,32500,25500,20000,,398,355,,398,284,
sadar5,Sadar-5,47,87,122,0049,नन्दाखेड़ा,ward 073 ऐशबाग वार्ड,नगरीय क्षेत्र,8500,9500,10500,11000,29000,31500,35500,28000,22500,,,,,,,
sadar5,Sadar-5,47,87,123,0282,नरायन गार्डेन,ward 074 कन्हैया माधवपुर वार्ड,नगरीय क्षेत्र,13000,14500,15500,16500,31000,33500,35500,28000,22500,,,,,,,
sadar5,Sadar-5,47,87,124,0188,नन्दा खेड़ा,ward 085 लेबर कालोनी वार्ड,नगरीय क्षेत्र,8500,9500,10500,11000,29000,31500,35500,28000,22500,,,,,,,
sadar5,Sadar-5,47,87,125,0189,नया जी.एच.कैनाल कालोनी से मोहान रोड तक,ward 085 लेबर कालोनी वार्ड,नगरीय क्षेत्र,19000,21000,23000,24000,31000,33500,44500,34500,26500,,,,,,,
sadar5,Sadar-5,47,87,126,0246,नरीमनपुरवा,ward 089 हैदरगंज वार्ड,नगरीय क्षेत्र,5500,6000,6500,7000,29000,31500,28000,23500,18000,,,,,,,
sadar5,Sadar-5,47,87,127,0289,न्यू श्रीनगर,ward 079 चित्रगुप्त नगर वार्ड,नगरीय क्षेत्र,16500,18500,20000,21000,30000,32500,35500,28000,22500,,,,,,,
sadar5,Sadar-5,48,87,128,0087,नूरबाड़ी,ward 076 कशमीरी मोहल्ला वार्ड,नगरीय क्षेत्र,8500,9500,10500,11000,29000,31500,28000,23500,18000,,,,,,,
sadar5,Sadar-5,48,87,129,0108,नूरबेग हाता,ward 078 गढ़ीपीर खां वार्ड,नगरीय क्षेत्र,8500,9500,10500,11000,29000,31500,28000,23500,18000,,,,,,,
sadar5,Sadar-5,48,87,130,0107,नेवाती टोला,ward 078 गढ़ीपीर खां वार्ड,नगरीय क्षेत्र,8000,8500,9500,10000,29000,31500,28000,23500,18000,,,,,,,
sadar5,Sadar-5,48,87,131,0215,नौबस्ता,ward 087 सआदतगंज वार्ड,नगरीय क्षेत्र,7000,7500,8500,9000,29000,31500,35500,28000,22500,,,,,,,
sadar5,Sadar-5,48,87,132,0237,नौबस्ता,ward 088 शीतलादेवी वार्ड,नगरीय क्षेत्र,7000,7500,8500,9000,29000,31500,35500,28000,22500,,,,,,,"p4: name same as serial 131 (different vcode), as printed"
sadar5,Sadar-5,48,88,133,0247,पक्का बाग,ward 089 हैदरगंज वार्ड,नगरीय क्षेत्र,9000,10000,11000,11500,29000,31500,28000,23500,18000,,,,,,,
sadar5,Sadar-5,48,88,134,0217,परसहा उत्तरी,ward 087 सआदतगंज वार्ड,नगरीय क्षेत्र,5500,6000,6500,7000,29000,31500,25500,20000,15500,,,,,,,
sadar5,Sadar-5,48,88,135,0048,प्रकाशपुरम,ward 073 ऐशबाग वार्ड,नगरीय क्षेत्र,10500,11500,12500,13000,29000,31500,35500,28000,22500,,,,,,,
sadar5,Sadar-5,48,88,136,0287,प्रताप नगर,ward 079 चित्रगुप्त नगर वार्ड,नगरीय क्षेत्र,23500,25500,28000,29000,31000,33500,35500,28000,22500,,,,,,,
sadar5,Sadar-5,48,88,137,0025,पाण्डे का तालाब कालोनी,ward 071 अम्बेडकर नगर वार्ड,नगरीय क्षेत्र,11500,13000,14000,15000,29000,31500,35500,28000,22500,,,,,,,
sadar5,Sadar-5,48,88,138,0039,पारा,ward 072 आलमनगर वार्ड,नगरीय क्षेत्र,8500,9500,10500,11000,29000,31500,32500,25500,20000,,398,355,,398,284,
sadar5,Sadar-5,49,88,139,0047,पाण्डे का तालाब,ward 073 ऐशबाग वार्ड,नगरीय क्षेत्र,11500,13000,14000,15000,29000,31500,40000,31000,24500,,,,,,,
sadar5,Sadar-5,49,88,140,0161,पाण्डे का तालाब,ward 082 मालवीय नगर वार्ड,नगरीय क्षेत्र,11500,13000,14000,15000,29000,31500,35500,28000,22500,,,,,,,"p4: name same as serial 139 (different vcode), as printed"
sadar5,Sadar-5,49,88,141,0216,पान दरीबा,ward 087 सआदतगंज वार्ड,नगरीय क्षेत्र,6000,6500,7000,7500,29000,31500,28000,23500,18000,,,,,,,
sadar5,Sadar-5,49,88,142,0248,पिंकसिटी,ward 089 हैदरगंज वार्ड,नगरीय क्षेत्र,9000,10000,11000,11500,30000,32500,28000,23500,18000,,,,,,,
sadar5,Sadar-5,49,88,143,0040,पीताम्बर खेड़ा,ward 072 आलमनगर वार्ड,नगरीय क्षेत्र,8500,9500,10500,11000,29000,31500,32500,25500,20000,,,,,,,
sadar5,Sadar-5,49,88,144,0286,पीर बक्का,ward 077 कुवर ज्योति प्रसाद वार्ड,नगरीय क्षेत्र,10500,11500,12500,13000,29000,31500,27000,22500,17000,,,,,,,
sadar5,Sadar-5,49,89,145,0285,पुरानी आबादी,ward 077 कुवर ज्योति प्रसाद वार्ड,नगरीय क्षेत्र,10500,11500,12500,13000,29000,31500,27000,22500,17000,,,,,,,
sadar5,Sadar-5,49,89,146,0012,पुराना नक्खास,ward 070 अशर्फाबाद वार्ड,नगरीय क्षेत्र,12500,14000,15000,16500,31000,33500,35500,28000,22500,,,,,,,
sadar5,Sadar-5,49,89,147,0088,पुलगुलाम हुसौन,ward 076 कशमीरी मोहल्ला वार्ड,नगरीय क्षेत्र,8500,9500,10500,11000,29000,31500,32500,25500,20000,,,,,,,
sadar5,Sadar-5,49,89,148,0089,पुराना चबूतरा,ward 076 कशमीरी मोहल्ला वार्ड,नगरीय क्षेत्र,8500,9500,10500,11000,29000,31500,32500,25500,20000,,,,,,,
sadar5,Sadar-5,49,89,149,0173,पुलगुलाम हुसैन रोड,ward 083 मौलाना कल्बे आबिद वार्ड,नगरीय क्षेत्र,11500,13000,14000,15000,29000,31500,35500,28000,22500,,,,,,,
sadar5,Sadar-5,50,89,150,0184,पुरानी चुंगी नाका,ward 084 राजाजीपुरम वार्ड,नगरीय क्षेत्र,16500,18500,20000,21000,29000,31500,35500,28000,22500,,,,,,,
sadar5,Sadar-5,50,89,151,0272,पूर्वीदीनखेड़ा,ward 072 आलमनगर वार्ड,नगरीय क्षेत्र,8500,9500,10500,11000,31000,33500,32500,25500,20000,,398,355,,398,284,
sadar5,Sadar-5,50,89,152,0026,प्रेमवती नगर,ward 071 अम्बेडकर नगर वार्ड,नगरीय क्षेत्र,8000,8500,9500,10000,29000,31500,35500,28000,22500,,,,,,,
sadar5,Sadar-5,50,89,153,0057,फरीदीपुर,ward 074 कन्हैया माधवपुर वार्ड,नगरीय क्षेत्र,8500,9500,10500,11000,29000,31500,35500,28000,22500,,355,318,,355,254,
sadar5,Sadar-5,50,89,154,0218,फतुवाबाद,ward 087 सआदतगंज वार्ड,नगरीय क्षेत्र,7000,7500,8500,9000,29000,31500,25500,20000,15500,,,,,,,
sadar5,Sadar-5,50,89,155,0109,फाजिल नगर,ward 078 गढ़ीपीर खां वार्ड,नगरीय क्षेत्र,7000,7500,8500,9000,29000,31500,28000,23500,18000,,,,,,,
sadar5,Sadar-5,50,89,156,0013,फिरंगी महल,ward 070 अशर्फाबाद वार्ड,नगरीय क्षेत्र,7000,7500,8500,9000,29000,31500,35500,28000,22500,,,,,,,
sadar5,Sadar-5,50,90,157,0058,बरौरा हुसैनबाड़ी,ward 074 कन्हैया माधवपुर वार्ड,नगरीय क्षेत्र,10500,11500,12500,13000,29000,31500,35500,28000,22500,,466,415,,466,333,
sadar5,Sadar-5,50,90,158,0128,बहादुरखेड़ा,ward 079 चित्रगुप्त नगर वार्ड,नगरीय क्षेत्र,16500,18500,20000,21000,30000,32500,35500,28000,22500,,,,,,,
sadar5,Sadar-5,50,90,159,0266,बजरंग नगर,ward 079 चित्रगुप्त नगर वार्ड,नगरीय क्षेत्र,23500,25500,28000,29000,31000,33500,35500,28000,22500,,,,,,,
sadar5,Sadar-5,50,90,160,0162,बरूवाहार,ward 082 मालवीय नगर वार्ड,नगरीय क्षेत्र,7000,7500,8500,9000,29000,31500,35500,28000,22500,,,,,,,
sadar5,Sadar-5,51,90,161,0220,बदली बाजार सुलतानपुर गढ़ैया,ward 087 सआदतगंज वार्ड,नगरीय क्षेत्र,8500,9500,10500,11000,29000,31500,28000,23500,18000,,,,,,,
sadar5,Sadar-5,51,90,162,0221,बदली बाजार,ward 087 सआदतगंज वार्ड,नगरीय क्षेत्र,8500,9500,10500,11000,29000,31500,28000,23500,18000,,,,,,,
sadar5,Sadar-5,51,90,163,0240,ब्रह्मणी टोला,ward 088 शीतलादेवी वार्ड,नगरीय क्षेत्र,5500,6000,6500,7000,29000,31500,35500,28000,22500,,,,,,,
sadar5,Sadar-5,51,90,164,0277,बादशाहखेड़ा,ward 072 आलमनगर वार्ड,नगरीय क्षेत्र,8500,9500,10500,11000,31000,33500,32500,25500,20000,,398,355,,398,284,
sadar5,Sadar-5,51,90,165,0110,बाबा हज़ारा बाग़,ward 078 गढ़ीपीर खां वार्ड,नगरीय क्षेत्र,8500,9500,10500,11000,29000,31500,28000,23500,18000,,,,,,,
sadar5,Sadar-5,51,90,166,0148,बाजार खाला,ward 081 भवानीगंज वार्ड,नगरीय क्षेत्र,11500,13000,14000,15000,29000,31500,32500,25500,20000,,,,,,,
sadar5,Sadar-5,51,90,167,0238,बाग शीतलाजी,ward 088 शीतलादेवी वार्ड,नगरीय क्षेत्र,5500,6000,6500,7000,30000,32500,35500,28000,22500,,,,,,,
sadar5,Sadar-5,51,91,168,0219,बिहारीपुर उत्तरी भाग,ward 087 सआदतगंज वार्ड,नगरीय क्षेत्र,10500,11500,12500,13000,30000,32500,28000,23500,18000,,,,,,,
sadar5,Sadar-5,51,91,169,0260,बिहारीपुर,ward 090 हरदीन रामनगर वार्ड,नगरीय क्षेत्र,10500,11500,12500,13000,30000,32500,27000,22500,17000,,,,,,,
sadar5,Sadar-5,51,91,170,0279,बीबीखेड़ा,ward 072 आलमनगर वार्ड,नगरीय क्षेत्र,8500,9500,10500,11000,30000,32500,32500,25500,20000,,398,355,,398,284,
sadar5,Sadar-5,51,91,171,0249,बीबीगंज,ward 089 हैदरगंज वार्ड,नगरीय क्षेत्र,9000,10000,11000,11500,29000,31500,28000,23500,18000,,,,,,,
sadar5,Sadar-5,52,91,172,0190,बुलाकी अड्डा,ward 085 लेबर कालोनी वार्ड,नगरीय क्षेत्र,16500,18500,20000,21000,29000,31500,35500,28000,22500,,,,,,,
sadar5,Sadar-5,52,91,173,0239,बुद्धूलाल तिवारी रोड,ward 088 शीतलादेवी वार्ड,नगरीय क्षेत्र,5500,6000,6500,7000,29000,31500,35500,28000,22500,,,,,,,
sadar5,Sadar-5,52,91,174,0059,बेगरिया,ward 074 कन्हैया माधवपुर वार्ड,नगरीय क्षेत्र,10500,11500,12500,13000,31000,33500,35500,28000,22500,,466,415,,466,333,
sadar5,Sadar-5,52,91,175,0111,बेदन टोला,ward 078 गढ़ीपीर खां वार्ड,नगरीय क्षेत्र,7000,7500,8500,9000,29000,31500,28000,23500,18000,,,,,,,
sadar5,Sadar-5,52,91,176,0222,बेलदारी (बेलवारी),ward 087 सआदतगंज वार्ड,नगरीय क्षेत्र,5500,6000,6500,7000,29000,31500,28000,23500,18000,,,,,,,
sadar5,Sadar-5,52,91,177,0156,बौरागी टोला,ward 081 भवानीगंज वार्ड,नगरीय क्षेत्र,7000,7500,8500,9000,29000,31500,35500,28000,22500,,,,,,,
sadar5,Sadar-5,52,91,178,0027,भरतपुरी,ward 071 अम्बेडकर नगर वार्ड,नगरीय क्षेत्र,7000,7500,8500,9000,29000,31500,35500,28000,22500,,,,,,,
sadar5,Sadar-5,52,91,179,0050,भदेवां नई बस्ती,ward 073 ऐशबाग वार्ड,नगरीय क्षेत्र,10500,11500,12500,13000,30000,32500,35500,28000,22500,,,,,,,
sadar5,Sadar-5,52,92,180,0149,भदेवां साबिक,ward 081 भवानीगंज वार्ड,नगरीय क्षेत्र,13000,14500,15500,16500,30000,32500,32500,25500,20000,,,,,,,
sadar5,Sadar-5,52,92,181,0150,भदेवां,ward 081 भवानीगंज वार्ड,नगरीय क्षेत्र,13000,14500,15500,16500,30000,32500,32500,25500,20000,,,,,,,
sadar5,Sadar-5,52,92,182,0151,भवानीगंज,ward 081 भवानीगंज वार्ड,नगरीय क्षेत्र,13000,14500,15500,16500,30000,32500,32500,25500,20000,,,,,,,
sadar5,Sadar-5,53,92,183,0250,भपटामऊ,ward 089 हैदरगंज वार्ड,नगरीय क्षेत्र,9000,10000,11000,11500,29000,31500,28000,23500,18000,,398,355,,398,284,
sadar5,Sadar-5,53,92,184,0028,भूसामण्डी चौराहा,ward 071 अम्बेडकर नगर वार्ड,नगरीय क्षेत्र,6000,6500,7000,7500,29000,31500,35500,28000,22500,,,,,,,
sadar5,Sadar-5,53,92,185,0251,भूहर,ward 089 हैदरगंज वार्ड,नगरीय क्षेत्र,8000,8500,9500,10000,29000,31500,28000,23500,18000,,355,318,,355,254,
sadar5,Sadar-5,53,92,186,0127,भोलाखेड़ा,ward 079 चित्रगुप्त नगर वार्ड,नगरीय क्षेत्र,16500,18500,20000,21000,30000,32500,35500,28000,22500,,,,,,,
sadar5,Sadar-5,53,92,187,0294,भोलाखेड़ा,ward 082 मालवीय नगर वार्ड,नगरीय क्षेत्र,8500,9500,10500,11000,29000,31500,32500,25500,20000,,,,,,,"p4: name same as serial 186 (different vcode), as printed"
sadar5,Sadar-5,53,92,188,0041,मरदनखेड़ा,ward 072 आलमनगर वार्ड,नगरीय क्षेत्र,8500,9500,10500,11000,29000,31500,32500,25500,20000,,,,,,,
sadar5,Sadar-5,53,92,189,0090,मन्सूर नगर,ward 076 कशमीरी मोहल्ला वार्ड,नगरीय क्षेत्र,11500,13000,14000,15000,29000,31500,32500,25500,20000,,,,,,,
sadar5,Sadar-5,53,92,190,0177,महमूद नगर,ward 083 मौलाना कल्बे आबिद वार्ड,नगरीय क्षेत्र,9000,10000,11000,11500,29000,31500,35500,28000,22500,,,,,,,
sadar5,Sadar-5,53,92,191,0252,मल्हपुर,ward 089 हैदरगंज वार्ड,नगरीय क्षेत्र,9000,10000,11000,11500,29000,31500,28000,23500,18000,,398,355,,398,284,
sadar5,Sadar-5,53,93,192,0060,माधवपुर,ward 074 कन्हैया माधवपुर वार्ड,नगरीय क्षेत्र,7000,7500,8500,9000,29000,31500,35500,28000,22500,,355,318,,355,254,
sadar5,Sadar-5,53,93,193,0288,मालवीय नगर,ward 079 चित्रगुप्त नगर वार्ड,नगरीय क्षेत्र,23500,25500,28000,29000,31000,33500,35500,28000,22500,,,,,,,
sadar5,Sadar-5,54,93,194,0267,मास्टर कन्हैयालाल रोड,ward 080 जलसंस्थान वार्ड,नगरीय क्षेत्र,16500,18500,20000,21000,31000,33500,35500,28000,22500,,,,,,,
sadar5,Sadar-5,54,93,195,0163,मालवीय नगर,ward 082 मालवीय नगर वार्ड,नगरीय क्षेत्र,13000,14500,15500,16500,29000,31500,35500,28000,22500,,,,,,,"p4: name same as serial 193 (different vcode), as printed"
sadar5,Sadar-5,54,93,196,0223,मातादीन शुक्ल रोड,ward 087 सआदतगंज वार्ड,नगरीय क्षेत्र,13000,14500,15500,16500,29000,31500,32500,25500,20000,,,,,,,
sadar5,Sadar-5,54,93,197,0029,मिल रोड,ward 071 अम्बेडकर नगर वार्ड,नगरीय क्षेत्र,13000,14500,15500,16500,31000,33500,40000,31000,24500,,,,,,,
sadar5,Sadar-5,54,93,198,0274,मुन्नूखेड़ा,ward 072 आलमनगर वार्ड,नगरीय क्षेत्र,8500,9500,10500,11000,30000,32500,32500,25500,20000,,398,355,,398,284,
sadar5,Sadar-5,54,93,199,0042,मुराई टोला,ward 072 आलमनगर वार्ड,नगरीय क्षेत्र,8500,9500,10500,11000,29000,31500,32500,25500,20000,,,,,,,
sadar5,Sadar-5,54,93,200,0097,मुराऊ टोला,ward 077 कुवर ज्योति प्रसाद वार्ड,नगरीय क्षेत्र,10500,11500,12500,13000,29000,31500,53000,43000,33000,,,,,,,
sadar5,Sadar-5,54,93,201,0061,मेहताविहार,ward 074 कन्हैया माधवपुर वार्ड,नगरीय क्षेत्र,13000,14500,15500,16500,30000,32500,35500,28000,22500,,,,,,,
sadar5,Sadar-5,54,93,202,0152,मेंहदीगंज,ward 081 भवानीगंज वार्ड,नगरीय क्षेत्र,11500,13000,14000,15000,29000,31500,32500,25500,20000,,,,,,,
sadar5,Sadar-5,54,93,203,0091,मोअज़्ज़म नगर,ward 076 कशमीरी मोहल्ला वार्ड,नगरीय क्षेत्र,11500,13000,14000,15000,29000,31500,35500,28000,22500,,,,,,,
sadar5,Sadar-5,54,94,204,0095,मोहान रोड का पश्चिमी भाग,ward 077 कुवर ज्योति प्रसाद वार्ड,नगरीय क्षेत्र,11500,13000,14000,15000,31000,33500,53000,43000,33000,,,,,,,
sadar5,Sadar-5,55,94,205,0112,मोअज़्ज़म नगर,ward 078 गढ़ीपीर खां वार्ड,नगरीय क्षेत्र,11500,13000,14000,15000,29000,31500,35500,28000,22500,,,,,,,"p4: name same as serial 203 (different vcode), as printed"
sadar5,Sadar-5,55,94,206,0293,मोतीझील,ward 082 मालवीय नगर वार्ड,नगरीय क्षेत्र,13000,14500,15500,16500,29000,31500,35500,28000,22500,,,,,,,
sadar5,Sadar-5,55,94,207,0225,मोहम्मदगंज,ward 087 सआदतगंज वार्ड,नगरीय क्षेत्र,8500,9500,10500,11000,29000,31500,32500,25500,20000,,,,,,,
sadar5,Sadar-5,55,94,208,0261,मोहान रोड का दक्षिणी भाग,ward 090 हरदीन रामनगर वार्ड,नगरीय क्षेत्र,11500,13000,14000,15000,31000,33500,35500,28000,22500,,,,,,,
sadar5,Sadar-5,55,94,209,0176,मैदान एल.एच. खांन,ward 083 मौलाना कल्बे आबिद वार्ड,नगरीय क्षेत्र,8500,9500,10500,11000,29000,31500,35500,28000,22500,,,,,,,
sadar5,Sadar-5,55,94,210,0113,यासीनगंज,ward 078 गढ़ीपीर खां वार्ड,नगरीय क्षेत्र,11500,13000,14000,15000,29000,31500,35500,28000,22500,,,,,,,
sadar5,Sadar-5,55,94,211,0114,रज्जबगंज,ward 078 गढ़ीपीर खां वार्ड,नगरीय क्षेत्र,11500,13000,14000,15000,30000,32500,35500,28000,22500,,,,,,,
sadar5,Sadar-5,55,94,212,0253,रमना,ward 089 हैदरगंज वार्ड,नगरीय क्षेत्र,9000,10000,11000,11500,29000,31500,28000,23500,18000,,,,,,,
sadar5,Sadar-5,55,94,213,0178,रूस्तम नगर,ward 083 मौलाना कल्बे आबिद वार्ड,नगरीय क्षेत्र,8500,9500,10500,11000,29000,31500,35500,28000,22500,,,,,,,
sadar5,Sadar-5,55,94,214,0224,रूकमुद्दीन,ward 087 सआदतगंज वार्ड,नगरीय क्षेत्र,7000,7500,8500,9000,30000,32500,32500,25500,20000,,,,,,,
sadar5,Sadar-5,55,95,215,0262,रूकन्दीपुर,ward 090 हरदीन रामनगर वार्ड,नगरीय क्षेत्र,8500,9500,10500,11000,30000,32500,28000,23500,18000,,,,,,,
sadar5,Sadar-5,56,95,216,0185,राजाजीपुरम ब्लाक ए,ward 084 राजाजीपुरम वार्ड,नगरीय क्षेत्र,25500,28000,31000,32000,31000,33500,53000,43000,33000,,,,,,,
sadar5,Sadar-5,56,95,217,0295,राजाजीपुरम ब्लाक बी,ward 084 राजाजीपुरम वार्ड,नगरीय क्षेत्र,25500,28000,31000,32000,31000,33500,53000,43000,33000,,,,,,,
sadar5,Sadar-5,56,95,218,0296,राजाजीपुरम ब्लाक सी,ward 084 राजाजीपुरम वार्ड,नगरीय क्षेत्र,25500,28000,31000,32000,31000,33500,53000,43000,33000,,,,,,,
sadar5,Sadar-5,56,95,219,0191,राजाजीपुरम ब्लाक सी,ward 085 लेबर कालोनी वार्ड,नगरीय क्षेत्र,25500,28000,31000,32000,31000,33500,53000,43000,33000,,,,,,,
sadar5,Sadar-5,56,95,220,0297,राजाजीपुरम ब्लाक डी,ward 084 राजाजीपुरम वार्ड,नगरीय क्षेत्र,25500,28000,31000,32000,31000,33500,53000,43000,33000,,,,,,,
sadar5,Sadar-5,56,95,221,0298,राजाजीपुरम ब्लाक डी,ward 085 लेबर कालोनी वार्ड,नगरीय क्षेत्र,25500,28000,31000,32000,31000,33500,53000,43000,33000,,,,,,,
sadar5,Sadar-5,56,95,222,0264,राजाजीपुरम न्यू सी ब्लाक,ward 090 हरदीन रामनगर वार्ड,नगरीय क्षेत्र,25500,28000,31000,32000,31000,33500,53000,43000,33000,,,,,,,
sadar5,Sadar-5,56,95,223,0094,राजाजीपुरम ई ब्लाक,ward 077 कुवर ज्योति प्रसाद वार्ड,नगरीय क्षेत्र,25500,28000,31000,32000,31000,33500,53000,43000,33000,,,,,,,
sadar5,Sadar-5,56,95,224,0263,राजाजीपुरम ई ब्लाक,ward 090 हरदीन रामनगर वार्ड,नगरीय क्षेत्र,25500,28000,31000,32000,31000,33500,53000,43000,33000,,,,,,,
sadar5,Sadar-5,56,95,225,0096,राजाजी पुरम एफ ब्लाक,ward 077 कुवर ज्योति प्रसाद वार्ड,नगरीय क्षेत्र,25500,28000,31000,32000,31000,33500,53000,43000,33000,,,,,,,
sadar5,Sadar-5,56,95,226,0115,रामनगर,ward 078 गढ़ीपीर खां वार्ड,नगरीय क्षेत्र,11500,13000,14000,15000,29000,31500,35500,28000,22500,,,,,,,
sadar5,Sadar-5,57,96,227,0290,रिफ्यूजी कालोनी,ward 080 जलसंस्थान वार्ड,नगरीय क्षेत्र,10500,11500,12500,13000,29000,31500,32500,25500,20000,,,,,,,
sadar5,Sadar-5,57,96,228,0043,लखनऊ हरदोई रेलवे का पश्चिमी भाग,ward 072 आलमनगर वार्ड,नगरीय क्षेत्र,8000,8500,9500,10000,31000,33500,32500,25500,20000,,,,,,,
sadar5,Sadar-5,57,96,229,0051,लक्ष्मनगंज,ward 073 ऐशबाग वार्ड,नगरीय क्षेत्र,13000,14500,15500,16500,29000,31500,35500,28000,22500,,,,,,,
sadar5,Sadar-5,57,96,230,0226,लकड़मंडी,ward 087 सआदतगंज वार्ड,नगरीय क्षेत्र,10500,11500,12500,13000,29000,31500,32500,25500,20000,,,,,,,
sadar5,Sadar-5,57,96,231,0254,लकड़मण्डी,ward 089 हैदरगंज वार्ड,नगरीय क्षेत्र,10500,11500,12500,13000,29000,31500,32500,25500,20000,,,,,,,
sadar5,Sadar-5,57,96,232,0193,लाईन खेड़ा,ward 085 लेबर कालोनी वार्ड,नगरीय क्षेत्र,11500,13000,14000,15000,29000,31500,35500,28000,22500,,,,,,,
sadar5,Sadar-5,57,96,233,0304,लाला बाग,ward 089 हैदरगंज वार्ड,नगरीय क्षेत्र,9000,10000,11000,11500,29000,31500,28000,23500,18000,,,,,,,
sadar5,Sadar-5,57,96,234,0192,लेबर कालोनी,ward 085 लेबर कालोनी वार्ड,नगरीय क्षेत्र,14500,16000,17500,19000,30000,32500,35500,28000,22500,,,,,,,
sadar5,Sadar-5,57,96,235,0153,लोटनपुरवा,ward 081 भवानीगंज वार्ड,नगरीय क्षेत्र,5500,6000,6500,7000,29000,31500,32500,25500,20000,,,,,,,
sadar5,Sadar-5,57,96,236,0062,वरदानी मन्दिर,ward 074 कन्हैया माधवपुर वार्ड,नगरीय क्षेत्र,13000,14500,15500,16500,29000,31500,35500,28000,22500,,,,,,,
sadar5,Sadar-5,58,97,237,0145,वाटर वर्कस से गोपीनाथ लक्ष्मणदास रस्तोगी रोड से शंकर दयाल रोड तक,ward 080 जलसंस्थान वार्ड,नगरीय क्षेत्र,13000,14500,15500,16500,29000,31500,44500,34500,26500,,,,,,,
sadar5,Sadar-5,58,97,238,0030,विजय खेड़ा,ward 071 अम्बेडकर नगर वार्ड,नगरीय क्षेत्र,8500,9500,10500,11000,29000,31500,32500,25500,20000,,,,,,,
sadar5,Sadar-5,58,97,239,0052,विक्टोरिया स्ट्रीट मोहल्ला,ward 073 ऐशबाग वार्ड,नगरीय क्षेत्र,16500,18500,20000,21000,30000,32500,40000,31000,24500,,,,,,,
sadar5,Sadar-5,58,97,240,0054,विक्टोरियागंज मुहल्ला,ward 073 ऐशबाग वार्ड,नगरीय क्षेत्र,16500,18500,20000,21000,30000,32500,40000,31000,24500,,,,,,,
sadar5,Sadar-5,58,97,241,0076,विक्रम नगर,ward 075 केसरी खेड़ा वार्ड,नगरीय क्षेत्र,11500,13000,14000,15000,29000,31500,40000,31000,24500,,,,,,,
sadar5,Sadar-5,58,97,242,0129,विजय नगर,ward 079 चित्रगुप्त नगर वार्ड,नगरीय क्षेत्र,23500,25500,28000,29000,31000,33500,35500,28000,22500,,,,,,,
sadar5,Sadar-5,58,97,243,0130,विनय नगर,ward 079 चित्रगुप्त नगर वार्ड,नगरीय क्षेत्र,23500,25500,28000,29000,31000,33500,35500,28000,22500,,,,,,,
sadar5,Sadar-5,58,97,244,0154,विक्टोरिया गंज स्ट्रीट,ward 081 भवानीगंज वार्ड,नगरीय क्षेत्र,16500,18500,20000,21000,31000,33500,40000,31000,24500,,,,,,,
sadar5,Sadar-5,58,97,245,0135,श्याम नगर,ward 079 चित्रगुप्त नगर वार्ड,नगरीय क्षेत्र,16500,18500,20000,21000,30000,32500,44500,34500,26500,,,,,,,
sadar5,Sadar-5,58,97,246,0016,शाहगंज,ward 070 अशर्फाबाद वार्ड,नगरीय क्षेत्र,9000,10000,11000,11500,31000,33500,35500,28000,22500,,,,,,,
sadar5,Sadar-5,59,98,247,0137,शारदा कैनाल कालोनी कानपुर रोड का पश्चिमी भाग,ward 079 चित्रगुप्त नगर वार्ड,नगरीय क्षेत्र,11500,13000,14000,15000,31000,33500,35500,28000,22500,,,,,,,
sadar5,Sadar-5,59,98,248,0257,शाहपुर भमरौली,ward 089 हैदरगंज वार्ड,नगरीय क्षेत्र,7000,7500,8500,9000,29000,31500,25500,20000,15500,,355,318,,355,254,
sadar5,Sadar-5,59,98,249,0269,शिवपुरी,ward 072 आलमनगर वार्ड,नगरीय क्षेत्र,8500,9500,10500,11000,29000,31500,32500,25500,20000,,,,,,,
sadar5,Sadar-5,59,98,250,0078,शिवम नगर,ward 075 केसरी खेड़ा वार्ड,नगरीय क्षेत्र,11500,13000,14000,15000,29000,31500,40000,31000,24500,,,,,,,
sadar5,Sadar-5,59,98,251,0164,शीतल खेड़ा,ward 082 मालवीय नगर वार्ड,नगरीय क्षेत्र,8500,9500,10500,11000,29000,31500,32500,25500,20000,,,,,,,
sadar5,Sadar-5,59,98,252,0230,शेखपुर हबीबपुर,ward 087 सआदतगंज वार्ड,नगरीय क्षेत्र,8500,9500,10500,11000,29000,31500,32500,25500,20000,,,,,,,
sadar5,Sadar-5,59,98,253,0031,श्रमबिहार नगर,ward 071 अम्बेडकर नगर वार्ड,नगरीय क्षेत्र,7000,7500,8500,9000,29000,31500,32500,25500,20000,,,,,,,
sadar5,Sadar-5,59,98,254,0131,श्रंगार नगर,ward 079 चित्रगुप्त नगर वार्ड,नगरीय क्षेत्र,30500,34000,37000,38500,31000,33500,44500,34500,26500,,,,,,,lt9m 30500 unusually high but clearly printed; P4 prints name as श्रृंगार नगर
sadar5,Sadar-5,59,98,255,0136,श्रीनगर,ward 079 चित्रगुप्त नगर वार्ड,नगरीय क्षेत्र,16500,18500,20000,21000,31000,33500,35500,28000,22500,,,,,,,
sadar5,Sadar-5,59,98,256,0014,सराय बांस,ward 070 अशर्फाबाद वार्ड,नगरीय क्षेत्र,7000,7500,8500,9000,30000,32500,35500,28000,22500,,,,,,,
sadar5,Sadar-5,59,98,257,0015,सरांय बीच,ward 070 अशर्फाबाद वार्ड,नगरीय क्षेत्र,8500,9500,10500,11000,30000,32500,35500,28000,22500,,,,,,,
sadar5,Sadar-5,60,99,258,0044,सरीपुरा,ward 072 आलमनगर वार्ड,नगरीय क्षेत्र,8500,9500,10500,11000,29000,31500,32500,25500,20000,,,,,,,
sadar5,Sadar-5,60,99,259,0063,सरदार नगर,ward 074 कन्हैया माधवपुर वार्ड,नगरीय क्षेत्र,11500,13000,14000,15000,29000,31500,35500,28000,22500,,,,,,,
sadar5,Sadar-5,60,99,260,0064,समनाम गार्डेन,ward 074 कन्हैया माधवपुर वार्ड,नगरीय क्षेत्र,13000,14500,15500,16500,29000,31500,35500,28000,22500,,,,,,,
sadar5,Sadar-5,60,99,261,0134,समर बिहार कालोनी,ward 079 चित्रगुप्त नगर वार्ड,नगरीय क्षेत्र,25500,28000,31000,32000,31000,33500,44500,34500,26500,,,,,,,
sadar5,Sadar-5,60,99,262,0227,सआदतगंज,ward 087 सआदतगंज वार्ड,नगरीय क्षेत्र,10500,11500,12500,13000,29000,31500,35500,28000,22500,,,,,,,
sadar5,Sadar-5,60,99,263,0229,समराही,ward 087 सआदतगंज वार्ड,नगरीय क्षेत्र,8500,9500,10500,11000,29000,31500,32500,25500,20000,,,,,,,
sadar5,Sadar-5,60,99,264,0228,सराय मुगल,ward 087 सआदतगंज वार्ड,नगरीय क्षेत्र,5500,6000,6500,7000,29000,31500,32500,25500,20000,,,,,,,
sadar5,Sadar-5,60,99,265,0280,संतोषी खेड़ा,ward 072 आलमनगर वार्ड,नगरीय क्षेत्र,8500,9500,10500,11000,29000,31500,32500,25500,20000,,,,,,,
sadar5,Sadar-5,60,99,266,0194,सुप्पारौस,ward 085 लेबर कालोनी वार्ड,नगरीय क्षेत्र,8500,9500,10500,11000,29000,31500,35500,28000,22500,,,,,,,
sadar5,Sadar-5,60,99,267,0092,सिरके वाली गली,ward 076 कशमीरी मोहल्ला वार्ड,नगरीय क्षेत्र,11500,13000,14000,15000,29000,31500,32500,25500,20000,,,,,,,
sadar5,Sadar-5,60,99,268,0132,सिंधु नगर,ward 079 चित्रगुप्त नगर वार्ड,नगरीय क्षेत्र,23500,25500,28000,29000,31000,33500,44500,34500,26500,,,,,,,
sadar5,Sadar-5,61,100,269,0138,सिन्डर्स डम्ब योजना (एल डी ए),ward 079 चित्रगुप्त नगर वार्ड,नगरीय क्षेत्र,27000,30000,32500,34000,29000,31500,35500,28000,22500,,,,,,,
sadar5,Sadar-5,61,100,270,0284,सुलतान बहादुर रोड,ward 076 कशमीरी मोहल्ला वार्ड,नगरीय क्षेत्र,11500,13000,14000,15000,29000,31500,32500,25500,20000,,,,,,,
sadar5,Sadar-5,61,100,271,0133,सुभाष नगर,ward 079 चित्रगुप्त नगर वार्ड,नगरीय क्षेत्र,23500,25500,28000,29000,30000,32500,44500,34500,26500,,,,,,,
sadar5,Sadar-5,61,100,272,0077,सूर्य नगर,ward 075 केसरी खेड़ा वार्ड,नगरीय क्षेत्र,11500,13000,14000,15000,29000,31500,40000,31000,24500,,,,,,,
sadar5,Sadar-5,61,100,273,0179,सेनटरी रोड,ward 083 मौलाना कल्बे आबिद वार्ड,नगरीय क्षेत्र,11500,13000,14000,15000,29000,31500,35500,28000,22500,,,,,,,
sadar5,Sadar-5,61,100,274,0255,सोनापुरम,ward 089 हैदरगंज वार्ड,नगरीय क्षेत्र,9000,10000,11000,11500,29000,31500,28000,23500,18000,,,,,,,
sadar5,Sadar-5,61,100,275,0256,सोनाबिहार,ward 089 हैदरगंज वार्ड,नगरीय क्षेत्र,9000,10000,11000,11500,29000,31500,28000,23500,18000,,,,,,,
sadar5,Sadar-5,61,100,276,0032,हड्डी खेड़ा,ward 071 अम्बेडकर नगर वार्ड,नगरीय क्षेत्र,7000,7500,8500,9000,29000,31500,32500,25500,20000,,,,,,,
sadar5,Sadar-5,61,100,277,0033,हरचन्दपुर गढ़ी कनौरा,ward 071 अम्बेडकर नगर वार्ड,नगरीय क्षेत्र,9000,10000,11000,11500,29000,31500,35500,28000,22500,,,,,,,
sadar5,Sadar-5,61,100,278,0180,हसनपुरिया,ward 083 मौलाना कल्बे आबिद वार्ड,नगरीय क्षेत्र,8000,8500,9500,10000,29000,31500,35500,28000,22500,,,,,,,
sadar5,Sadar-5,61,100,279,0231,हज़रत अब्बास रोड,ward 087 सआदतगंज वार्ड,नगरीय क्षेत्र,8500,9500,10500,11000,30000,32500,32500,25500,20000,,,,,,,
sadar5,Sadar-5,62,101,280,0232,हसनगंज बावली,ward 087 सआदतगंज वार्ड,नगरीय क्षेत्र,11500,13000,14000,15000,30000,32500,32500,25500,20000,,,,,,,
sadar5,Sadar-5,62,101,281,0270,हंसखेड़ा,ward 072 आलमनगर वार्ड,नगरीय क्षेत्र,8500,9500,10500,11000,30000,32500,32500,25500,20000,,,,,,,
sadar5,Sadar-5,62,101,282,0017,हाता संगीबेग,ward 070 अशर्फाबाद वार्ड,नगरीय क्षेत्र,7000,7500,8500,9000,29000,31500,35500,28000,22500,,,,,,,
sadar5,Sadar-5,62,101,283,0116,हाता गुरदास मल,ward 078 गढ़ीपीर खां वार्ड,नगरीय क्षेत्र,6000,6500,7000,7500,29000,31500,35500,28000,22500,,,,,,,
sadar5,Sadar-5,62,101,284,0053,हिन्द नगर कालोनी,ward 073 ऐशबाग वार्ड,नगरीय क्षेत्र,7000,7500,8500,9000,29000,31500,35500,28000,22500,,,,,,,
sadar5,Sadar-5,62,101,285,0155,हैदरगंज क़दीम (पुराना),ward 081 भवानीगंज वार्ड,नगरीय क्षेत्र,10500,11500,12500,13000,29000,31500,35500,28000,22500,,,,,,,
sadar5,Sadar-5,62,101,286,0258,हैदरगंज,ward 089 हैदरगंज वार्ड,नगरीय क्षेत्र,8500,9500,10000,10500,29000,31500,25500,20000,15500,,,,,,,
mohanlalganj,Mohanlalganj,34,60,1,,अतरौली,101 मोहनलाल गंज,,7000,7500,8000,8500,20000,22000,28000,26000,25000,,51,44,,51,37,
mohanlalganj,Mohanlalganj,34,60,2,,अकबरपुर बेनीगंज,102 निगोहाँ,,3500,3700,3900,4100,19000,21000,23000,22000,21500,,29,26,,29,21,
mohanlalganj,Mohanlalganj,34,60,3,,अकरहदू,101 मोहनलाल गंज,,3200,3400,3600,3800,19000,21000,23000,22000,21500,,27,24,,27,20,
mohanlalganj,Mohanlalganj,34,60,4,,अमरावती आई टी सिटी,101 मोहनलालगंज,,25000,30000,33000,35000,26000,28000,40000,38000,36000,,,,,,,
mohanlalganj,Mohanlalganj,34,60,5,,अनैया खरगापुर,101 मोहनलाल गंज,,4000,4400,4800,5000,19000,21000,23000,22000,21500,,32,28,,32,23,
mohanlalganj,Mohanlalganj,34,60,6,,आदमपुर नौबस्ता,101 मोहनलाल गंज,,4000,4400,4800,5000,19000,21000,23000,22000,21500,,32,28,,32,23,
mohanlalganj,Mohanlalganj,34,60,7,,अस्ती,101 मोहनलाल गंज,,3200,3400,3600,3800,19000,21000,23000,22000,21500,,27,24,,27,20,
mohanlalganj,Mohanlalganj,34,60,8,,असलम नगर,101 मोहनलाल गंज,,3200,3400,3600,3800,19000,21000,23000,22000,21500,,27,24,,27,20,
mohanlalganj,Mohanlalganj,34,60,9,,अहमदपुर खालसा,101 मोहनलाल गंज,,3200,3400,3600,3800,19000,21000,23000,22000,21500,,27,24,,27,20,
mohanlalganj,Mohanlalganj,34,61,10,,अहमदपुर आजम अली,101 मोहनलाल गंज,,3200,3400,3600,3800,19000,21000,23000,22000,21500,,27,24,,27,20,
mohanlalganj,Mohanlalganj,34,61,11,,अहमदपुर अहसान अली,101 मोहनलाल गंज,,3200,3400,3600,3800,19000,21000,23000,22000,21500,,27,24,,27,20,
mohanlalganj,Mohanlalganj,34,61,12,,अब्बास नगर,101 मोहनलाल गंज,,3200,3400,3600,3800,19000,21000,23000,22000,21500,,27,24,,27,20,
mohanlalganj,Mohanlalganj,34,61,13,,अघइया,102 निगोहाँ,,3000,3200,3400,3600,19000,21000,23000,22000,21500,,26,22,,26,18,
mohanlalganj,Mohanlalganj,34,61,14,,अलियामऊ,101 मोहनलाल गंज,,3200,3400,3600,3800,19000,21000,23000,22000,21500,,27,24,,27,20,
mohanlalganj,Mohanlalganj,35,61,15,,अमिलिहा खेडा,102 निगोहाँ,,3500,3700,3900,4100,19000,21000,23000,22000,21500,,29,26,,29,21,
mohanlalganj,Mohanlalganj,35,61,16,,अचली खेड़ा,101 मोहनलाल गंज,,4000,4400,4800,5000,19000,21000,23000,22000,21500,,32,28,,32,23,
mohanlalganj,Mohanlalganj,35,61,17,,अमेठी,101 मोहनलाल गंज,,6000,6500,7000,7500,20000,22000,32000,29000,25000,,46,40,,46,33,
mohanlalganj,Mohanlalganj,35,61,18,,अमवा मुर्तजापुर,101 मोहनलाल गंज,,3200,3400,3600,3800,19000,21000,23000,22000,21500,,27,24,,27,20,
mohanlalganj,Mohanlalganj,35,62,19,,इस्माइल नगर,101 मोहनलाल गंज,,3200,3400,3600,3800,19000,21000,23000,22000,21500,,27,24,,27,20,
mohanlalganj,Mohanlalganj,35,62,20,,इन्द्रजीत खेड़ा,101 मोहनलाल गंज,,7000,7500,8000,8500,20000,22000,28000,26000,25000,,51,44,,51,37,
mohanlalganj,Mohanlalganj,35,62,21,,इचवलिया,101 मोहनलाल गंज,,3200,3400,3600,3800,19000,21000,23000,22000,21500,,27,24,,27,20,
mohanlalganj,Mohanlalganj,35,62,22,,उतरावॉ,101 मोहनलाल गंज,,4000,4400,4800,5000,19000,21000,23000,22000,21500,,32,28,,32,23,
mohanlalganj,Mohanlalganj,35,62,23,,उदयपुर,102 निगोहाँ,,7000,7500,8000,8500,20000,22000,28000,26000,25000,,51,44,,51,37,
mohanlalganj,Mohanlalganj,35,62,24,,उत्तरगॉव,102 निगोहाँ,,7000,7500,8000,8500,20000,22000,28000,26000,25000,,51,44,,51,37,
mohanlalganj,Mohanlalganj,35,62,25,,कटरा नगराम,101 मोहनलाल गंज,,6000,6500,7000,7500,20000,22000,32000,29000,25000,,46,40,,46,33,
mohanlalganj,Mohanlalganj,35,62,26,,कनकहॉ,102 निगोहाँ,,7000,7500,8000,8500,20000,22000,28000,26000,25000,,51,44,,51,37,
mohanlalganj,Mohanlalganj,35,62,27,,कॉटा करौन्दी,101 मोहनलाल गंज,,3200,3400,3600,3800,19000,21000,23000,22000,21500,,27,24,,27,20,
mohanlalganj,Mohanlalganj,35,63,28,,कोरियानी,101 मोहनलाल गंज,,10000,11000,12000,13000,22000,24000,36000,33000,30000,,95,80,,95,64,
mohanlalganj,Mohanlalganj,36,63,29,,कोड़रा रायपुर,102 निगोहाँ,,3000,3200,3400,3600,19000,21000,23000,22000,21500,,26,22,,26,18,
mohanlalganj,Mohanlalganj,36,63,30,,कनेरी,101 मोहनलाल गंज,,3200,3400,3600,3800,19000,21000,23000,22000,21500,,27,24,,27,20,
mohanlalganj,Mohanlalganj,36,63,31,,काजी खेड़ा,101 मोहनलाल गंज,,6000,6500,7000,7500,20000,22000,32000,29000,25000,,46,40,,46,33,
mohanlalganj,Mohanlalganj,36,63,32,,कासिमपुर विरूहा,101 मोहनलाल गंज,,10000,11000,12000,13000,22000,24000,36000,33000,30000,,95,80,,95,64,
mohanlalganj,Mohanlalganj,36,63,33,,कासिमपुर विरूहा लखनउ ग्रीन्स,101 मोहनलाल गंज,,15000,17000,19000,21000,22000,24000,36000,33000,30000,,,,,,,
mohanlalganj,Mohanlalganj,36,63,34,,कबीरपुर,101 मोहनलाल गंज,,7000,7500,8000,8500,20000,22000,28000,26000,25000,,51,44,,51,37,
mohanlalganj,Mohanlalganj,36,63,35,,करोरा,101 मोहनलाल गंज,,4200,4600,5000,5500,19000,21000,23000,22000,21500,,32,29,,32,26,
mohanlalganj,Mohanlalganj,36,63,36,,करोरवा,101 मोहनलाल गंज,,3200,3400,3600,3800,19000,21000,23000,22000,21500,,27,24,,27,20,
mohanlalganj,Mohanlalganj,36,64,37,,करनपुर,102 निगोहाँ,,3500,3700,3900,4100,19000,21000,23000,22000,21500,,29,26,,29,21,
mohanlalganj,Mohanlalganj,36,64,38,,करसन्डा,101 मोहनलाल गंज,,3200,3400,3600,3800,19000,21000,23000,22000,21500,,27,24,,27,20,
mohanlalganj,Mohanlalganj,36,64,39,,कमालपुर विचलिका,101 मोहनलाल गंज,,4200,4600,5000,5500,19000,21000,23000,22000,21500,,32,29,,32,26,
mohanlalganj,Mohanlalganj,36,64,40,,कपेरा मदार पुर,101 मोहनलाल गंज,,4200,4600,5000,5500,19000,21000,23000,22000,21500,,32,29,,32,26,
mohanlalganj,Mohanlalganj,36,64,41,,केवली,101 मोहनलाल गंज,,4200,4600,5000,5500,19000,21000,23000,22000,21500,,32,29,,32,26,
mohanlalganj,Mohanlalganj,36,64,42,,कुशमौरा,102 निगोहाँ,,3500,3700,3900,4100,19000,21000,23000,22000,21500,,29,26,,29,21,
mohanlalganj,Mohanlalganj,37,64,43,,कुतुबपुर,101 मोहनलाल गंज,,3200,3400,3600,3800,19000,21000,23000,22000,21500,,27,24,,27,20,
mohanlalganj,Mohanlalganj,37,64,44,,कुढ़ा,101 मोहनलाल गंज,,3200,3400,3600,3800,19000,21000,23000,22000,21500,,27,24,,27,20,
mohanlalganj,Mohanlalganj,37,64,45,,कुबहरा,101 मोहनलाल गंज,,4200,4600,5000,5500,19000,21000,23000,22000,21500,,32,29,,32,26,
mohanlalganj,Mohanlalganj,37,65,46,,खवास खेड़ा,101 मोहनलाल गंज,,3200,3400,3600,3800,19000,21000,23000,22000,21500,,27,24,,27,20,
mohanlalganj,Mohanlalganj,37,65,47,,खुजौली,101 मोहनलाल गंज,,7000,7500,8000,8500,20000,22000,28000,26000,25000,,51,44,,51,37,
mohanlalganj,Mohanlalganj,37,65,48,,खुजेहटा,101 मोहनलाल गंज,,4000,4400,4800,5000,19000,21000,23000,22000,21500,,32,28,,32,23,
mohanlalganj,Mohanlalganj,37,65,49,,खुददीखेडा,102 निगोहाँ,,3000,3200,3400,3600,19000,21000,23000,22000,21500,,26,22,,26,18,
mohanlalganj,Mohanlalganj,37,65,50,,गौतम खेडा,102 निगोहाँ,,3500,3700,3900,4100,19000,21000,23000,22000,21500,,29,26,,29,21,
mohanlalganj,Mohanlalganj,37,65,51,,गौरिया कलॉ,101 मोहनलाल गंज,,4000,4400,4800,5000,19000,21000,23000,22000,21500,,32,28,,32,23,
mohanlalganj,Mohanlalganj,37,65,52,,गौरिया खुर्द,101 मोहनलाल गंज,,4000,4400,4800,5000,19000,21000,23000,22000,21500,,32,28,,32,23,
mohanlalganj,Mohanlalganj,37,65,53,,गौरा,101 मोहनलाल गंज,,7000,7500,8000,8500,20000,22000,28000,26000,25000,,51,44,,51,37,
mohanlalganj,Mohanlalganj,37,65,54,,गढ़ी,101 मोहनलाल गंज,,3200,3400,3600,3800,19000,21000,23000,22000,21500,,27,24,,27,20,
mohanlalganj,Mohanlalganj,37,66,55,,गढ़ी मुस्तफाबाद,101 मोहनलाल गंज,,3200,3400,3600,3800,19000,21000,23000,22000,21500,,27,24,,27,20,
mohanlalganj,Mohanlalganj,37,66,56,,गढ़ा,101 मोहनलाल गंज,,3200,3400,3600,3800,19000,21000,23000,22000,21500,,27,24,,27,20,
mohanlalganj,Mohanlalganj,38,66,57,,गोविन्दपुर,102 निगोहाँ,,3000,3200,3400,3600,19000,21000,23000,22000,21500,,26,22,,26,18,
mohanlalganj,Mohanlalganj,38,66,58,,गोमी खेड़ा,101 मोहनलाल गंज,,3200,3400,3600,3800,19000,21000,23000,22000,21500,,27,24,,27,20,
mohanlalganj,Mohanlalganj,38,66,59,,गदियाना,101 मोहनलाल गंज,,3200,3400,3600,3800,19000,21000,23000,22000,21500,,27,24,,27,20,
mohanlalganj,Mohanlalganj,38,66,60,,घोड़सारा,101 मोहनलाल गंज,,3200,3400,3600,3800,19000,21000,23000,22000,21500,,27,24,,27,20,
mohanlalganj,Mohanlalganj,38,66,61,,घुसकर,101 मोहनलाल गंज,,3200,3400,3600,3800,19000,21000,23000,22000,21500,,27,24,,27,20,
mohanlalganj,Mohanlalganj,38,66,62,,चक कंजेहरा,101 मोहनलाल गंज,,11000,12000,13000,14000,23000,26000,28000,26000,25000,,52,45,,52,38,
mohanlalganj,Mohanlalganj,38,66,63,,चॉद सरांय,101 मोहनलाल गंज,,10000,11000,12000,13000,22000,24000,36000,33000,30000,,95,80,,95,64,
mohanlalganj,Mohanlalganj,38,67,64,,चौगानपुर,101 मोहनलाल गंज,,3200,3400,3600,3800,19000,21000,23000,22000,21500,,27,24,,27,20,
mohanlalganj,Mohanlalganj,38,67,65,,चौरासी,101 मोहनलाल गंज,,10000,11000,12000,13000,22000,24000,36000,33000,30000,,95,80,,95,64,
mohanlalganj,Mohanlalganj,38,67,66,,चौरहिया,101 मोहनलाल गंज,,4000,4400,4800,5000,19000,21000,23000,22000,21500,,32,28,,32,23,
mohanlalganj,Mohanlalganj,38,67,67,,चमर तलिया,101 मोहनलाल गंज,,3200,3400,3600,3800,19000,21000,23000,22000,21500,,27,24,,27,20,
mohanlalganj,Mohanlalganj,38,67,68,,छतौनी,101 मोहनलाल गंज,,3200,3400,3600,3800,19000,21000,23000,22000,21500,,27,24,,27,20,
mohanlalganj,Mohanlalganj,38,67,69,,जमालपुर ददुरी,101 मोहनलाल गंज,,4200,4600,5000,5500,19000,21000,23000,22000,21500,,32,29,,32,26,
mohanlalganj,Mohanlalganj,38,67,70,,जमालपुर कुरमीयान,101 मोहनलाल गंज,,4000,4400,4800,5000,19000,21000,23000,22000,21500,,32,28,,32,23,
mohanlalganj,Mohanlalganj,39,67,71,,जमौरिया,102 निगोहाँ,,3000,3200,3400,3600,19000,21000,23000,22000,21500,,26,22,,26,18,
mohanlalganj,Mohanlalganj,39,67,72,,जबरौली,102 निगोहाँ,,7000,7500,8000,8500,20000,22000,28000,26000,25000,,51,44,,51,37,
mohanlalganj,Mohanlalganj,39,68,73,,जहॉगीर पुर,101 मोहनलाल गंज,,3200,3400,3600,3800,19000,21000,23000,22000,21500,,27,24,,27,20,
mohanlalganj,Mohanlalganj,39,68,74,,जौखण्डी,101 मोहनलाल गंज,,3200,3400,3600,3800,19000,21000,23000,22000,21500,,27,24,,27,20,
mohanlalganj,Mohanlalganj,39,68,75,,टिकरा जुगराज,101 मोहनलाल गंज,,4200,4600,5000,5500,19000,21000,23000,22000,21500,,32,29,,32,26,
mohanlalganj,Mohanlalganj,39,68,76,,टिकरा,102 निगोहाँ,,4200,4600,5000,5500,19000,21000,23000,22000,21500,,32,29,,32,26,
mohanlalganj,Mohanlalganj,39,68,77,,डेहवा,101 मोहनलाल गंज,,7000,7500,8000,8500,20000,22000,28000,26000,25000,,51,44,,51,37,
mohanlalganj,Mohanlalganj,39,68,78,,डेवरिया भरसवा,102 निगोहाँ,,3500,3700,3900,4100,19000,21000,23000,22000,21500,,29,26,,29,21,
mohanlalganj,Mohanlalganj,39,68,79,,डलौना,101 मोहनलाल गंज,,10000,11000,12000,13000,22000,24000,36000,33000,30000,,95,80,,95,64,
mohanlalganj,Mohanlalganj,39,68,80,,डांडा सिकन्दर पुर,101 मोहनलाल गंज,,3200,3400,3600,3800,19000,21000,23000,22000,21500,,27,24,,27,20,
mohanlalganj,Mohanlalganj,39,68,81,,डिघारी,102 निगोहाँ,,3000,3200,3400,3600,19000,21000,23000,22000,21500,,26,22,,26,18,
mohanlalganj,Mohanlalganj,39,69,82,,ढखवा,101 मोहनलाल गंज,,4200,4600,5000,5500,19000,21000,23000,22000,21500,,32,29,,32,26,
mohanlalganj,Mohanlalganj,39,69,83,,तमोरिया,101 मोहनलाल गंज,,3200,3400,3600,3800,19000,21000,23000,22000,21500,,27,24,,27,20,
mohanlalganj,Mohanlalganj,39,69,84,,दाउदनगर,101 मोहनलाल गंज,,10000,11000,12000,13000,22000,24000,36000,33000,30000,,95,80,,95,64,
mohanlalganj,Mohanlalganj,40,69,85,,दाउद पुर सौदापुर,101 मोहनलाल गंज,,3200,3400,3600,3800,19000,21000,23000,22000,21500,,27,24,,27,20,
mohanlalganj,Mohanlalganj,40,69,86,,दयालपुर,102 निगोहाँ,,3000,3200,3400,3600,19000,21000,23000,22000,21500,,26,22,,26,18,
mohanlalganj,Mohanlalganj,40,69,87,,दखिनाशेखपुर,102 निगोहाँ,,3500,3700,3900,4100,19000,21000,23000,22000,21500,,29,26,,29,21,
mohanlalganj,Mohanlalganj,40,69,88,,दखिनवारा,101 मोहनलाल गंज,,3200,3400,3600,3800,19000,21000,23000,22000,21500,,27,24,,27,20,
mohanlalganj,Mohanlalganj,40,69,89,,दहियर,101 मोहनलाल गंज,,7000,7500,8000,8500,20000,22000,28000,26000,25000,,51,44,,51,37,
mohanlalganj,Mohanlalganj,40,69,90,,दौदामऊ,101 मोहनलाल गंज,,3200,3400,3600,3800,19000,21000,23000,22000,21500,,27,24,,27,20,
mohanlalganj,Mohanlalganj,40,70,91,,देहरा मऊ,101 मोहनलाल गंज,,3200,3400,3600,3800,19000,21000,23000,22000,21500,,27,24,,27,20,
mohanlalganj,Mohanlalganj,40,70,92,,देवती,101 मोहनलाल गंज,,4200,4600,5000,5500,19000,21000,23000,22000,21500,,32,29,,32,26,
mohanlalganj,Mohanlalganj,40,70,93,,देईटीकर,101 मोहनलाल गंज,,4200,4600,5000,5500,19000,21000,23000,22000,21500,,32,29,,32,26,
mohanlalganj,Mohanlalganj,40,70,94,,दुलारमऊ,101 मोहनलाल गंज,,10000,11000,12000,13000,22000,24000,36000,33000,30000,,95,80,,95,64,
mohanlalganj,Mohanlalganj,40,70,95,,दुल्हापुर हुसौनाबाद,101 मोहनलाल गंज,,4200,4600,5000,5500,19000,21000,23000,22000,21500,,32,29,,32,26,
mohanlalganj,Mohanlalganj,40,70,96,,धरमंगदत खेडा,101 मोहनलाल गंज,,4000,4400,4800,5000,19000,21000,23000,22000,21500,,33,29,,33,23,
mohanlalganj,Mohanlalganj,40,70,97,,धरमावत खेड़ा,101 मोहनलाल गंज,,4000,4400,4800,5000,19000,21000,23000,22000,21500,,33,29,,33,23,
mohanlalganj,Mohanlalganj,40,70,98,,धनुवासांड़,102 निगोहाँ,,3500,3700,3900,4100,19000,21000,23000,22000,21500,,29,26,,29,21,
mohanlalganj,Mohanlalganj,41,70,99,,धौरहरा,101 मोहनलाल गंज,,4000,4400,4800,5000,19000,21000,23000,22000,21500,,33,29,,33,23,
mohanlalganj,Mohanlalganj,41,71,100,,नन्दौली,102 निगोहाँ,,3000,3200,3400,3600,19000,21000,23000,22000,21500,,26,22,,26,18,
mohanlalganj,Mohanlalganj,41,71,101,,नगराम,101 मोहनलाल गंज,,6000,6500,7000,7500,20000,22000,32000,29000,25000,,46,40,,46,33,
mohanlalganj,Mohanlalganj,41,71,102,,नटौली,102 निगोहाँ,,3000,3200,3400,3600,19000,21000,23000,22000,21500,,26,22,,26,18,
mohanlalganj,Mohanlalganj,41,71,103,,नूर पुर बेहटा,101 मोहनलाल गंज,,7000,7500,8000,8500,20000,22000,28000,26000,25000,,51,44,,51,37,
mohanlalganj,Mohanlalganj,41,71,104,,निजामपुर,101 मोहनलाल गंज,,3500,3700,3900,4100,19000,21000,23000,22000,21500,,29,26,,29,21,
mohanlalganj,Mohanlalganj,41,71,105,,निगोहॉ,102 निगोहाँ,,7000,7500,8000,8500,20000,22000,28000,26000,25000,,51,44,,51,37,
mohanlalganj,Mohanlalganj,41,71,106,,पतौना,101 मोहनलाल गंज,,3200,3400,3600,3800,19000,21000,23000,22000,21500,,27,24,,27,20,
mohanlalganj,Mohanlalganj,41,71,107,,पंजसरा,101 मोहनलाल गंज,,3200,3400,3600,3800,19000,21000,23000,22000,21500,,27,24,,27,20,
mohanlalganj,Mohanlalganj,41,71,108,,पहाड़ नगर टिकरिया,101 मोहनलाल गंज,,10000,11000,12000,13000,22000,24000,36000,33000,30000,,95,80,,95,64,
mohanlalganj,Mohanlalganj,41,72,109,,पहासा,101 मोहनलाल गंज,,3200,3400,3600,3800,19000,21000,23000,22000,21500,,27,24,,27,20,
mohanlalganj,Mohanlalganj,41,72,110,,पिन्टेल पार्क सिटी,101 मोहनलालगंज,,25000,30000,33000,35000,26000,28000,40000,38000,36000,,,,,,,
mohanlalganj,Mohanlalganj,41,72,111,,पूरनपुर,101 मोहनलाल गंज,,5800,6300,6800,7200,19000,21000,23000,22000,21500,,80,75,,80,52,nonagri 5800 breaks pattern but clearly printed (verified 400dpi); agri values high vs land-rate peers but clearly printed
mohanlalganj,Mohanlalganj,41,72,112,,पुरसेनी ओमेगा सुरक्षा इनक्लेव,101 मोहनलाल गंज,,20000,22000,24000,26000,24000,26000,37000,34000,31000,,,,,,,
mohanlalganj,Mohanlalganj,42,72,113,,पुरसेनी डी0एल0एफ0 योजना,101 मोहनलाल गंज,,20000,22000,24000,26000,24000,26000,37000,34000,31000,,,,,,,
mohanlalganj,Mohanlalganj,42,72,114,,पुरसेनी,101 मोहनलाल गंज,,10000,11000,12000,13000,22000,24000,36000,33000,30000,,95,80,,95,64,
mohanlalganj,Mohanlalganj,42,72,115,,पुरहिया,102 निगोहाँ,,4000,4400,4800,5000,19000,21000,23000,22000,21500,,33,29,,33,23,
mohanlalganj,Mohanlalganj,42,72,116,,परसपुर ठट्ठा,102 निगोहाँ,,3000,3200,3400,3600,19000,21000,23000,22000,21500,,26,22,,26,18,
mohanlalganj,Mohanlalganj,42,72,117,,परेहटा,101 मोहनलाल गंज,,7000,7500,8000,8500,20000,22000,28000,26000,25000,,51,44,,51,37,
mohanlalganj,Mohanlalganj,42,73,118,,फरीदपुर,101 मोहनलाल गंज,,4000,4400,4800,5000,19000,21000,23000,22000,21500,,32,28,,32,23,
mohanlalganj,Mohanlalganj,42,73,119,,फतेहपुर,101 मोहनलाल गंज,,4000,4400,4800,5000,19000,21000,23000,22000,21500,,32,28,,32,23,
mohanlalganj,Mohanlalganj,42,73,120,,बजगहिया,101 मोहनलाल गंज,,4000,4400,4800,5000,19000,21000,23000,22000,21500,,32,28,,32,23,
mohanlalganj,Mohanlalganj,42,73,121,,बरूआ,101 मोहनलाल गंज,,4000,4400,4800,5000,19000,21000,23000,22000,21500,,32,28,,32,23,
mohanlalganj,Mohanlalganj,42,73,122,,बस्तौली,101 मोहनलाल गंज,,4000,4400,4800,5000,19000,21000,23000,22000,21500,,32,28,,32,23,
mohanlalganj,Mohanlalganj,42,73,123,,बस्तिया,101 मोहनलाल गंज,,4000,4400,4800,5000,19000,21000,23000,22000,21500,,32,28,,32,23,
mohanlalganj,Mohanlalganj,42,73,124,,बसरहिया,101 मोहनलाल गंज,,4000,4400,4800,5000,19000,21000,23000,22000,21500,,32,28,,32,23,
mohanlalganj,Mohanlalganj,42,73,125,,बक्कास,101 मोहनलाल गंज,,11000,12000,13000,14000,23000,26000,37000,34000,31000,,96,90,,96,73,
mohanlalganj,Mohanlalganj,42,73,126,,बरवारी,101 मोहनलाल गंज,,4000,4400,4800,5000,19000,21000,23000,22000,21500,,32,28,,32,23,
mohanlalganj,Mohanlalganj,43,74,127,,बधौली,101 मोहनलाल गंज,,3200,3400,3600,3800,19000,21000,23000,22000,21500,,27,24,,27,20,
mohanlalganj,Mohanlalganj,43,74,128,,बाजूपुर,101 मोहनलाल गंज,,4000,4400,4800,5000,19000,21000,23000,22000,21500,,32,28,,32,23,
mohanlalganj,Mohanlalganj,43,74,129,,बलसिंह खेडा,101 मोहनलाल गंज,,4000,4400,4800,5000,19000,21000,23000,22000,21500,,32,28,,32,23,
mohanlalganj,Mohanlalganj,43,74,130,,बलियाखेडा,101 मोहनलाल गंज,,10000,11000,12000,13000,22000,24000,36000,33000,30000,,95,80,,95,64,
mohanlalganj,Mohanlalganj,43,74,131,,बेली,101 मोहनलाल गंज,,7000,7500,8000,8500,20000,22000,28000,26000,25000,,51,44,,51,37,
mohanlalganj,Mohanlalganj,43,74,132,,बेली सिग्नेचर पार्क,101 मोहनलाल गंज,,20000,22000,24000,26000,22000,24000,37000,34000,31000,,,,,,,
mohanlalganj,Mohanlalganj,43,74,133,,बरवलिया,102 निगोहाँ,,3000,3200,3400,3600,19000,21000,23000,22000,21500,,26,22,,26,18,
mohanlalganj,Mohanlalganj,43,74,134,,बघौना,102 निगोहाँ,,3000,3200,3400,3600,19000,21000,23000,22000,21500,,26,22,,26,18,
mohanlalganj,Mohanlalganj,43,74,135,,बेगरिया,101 मोहनलाल गंज,,3200,3400,3600,3800,19000,21000,23000,22000,21500,,27,24,,27,20,
mohanlalganj,Mohanlalganj,43,75,136,,बिरसिंहपुर,102 निगोहाँ,,3500,3700,3900,4100,19000,21000,23000,22000,21500,,29,26,,29,21,
mohanlalganj,Mohanlalganj,43,75,137,,बैरीशालपुर,102 निगोहाँ,,3500,3700,3900,4100,19000,21000,23000,22000,21500,,29,26,,29,21,
mohanlalganj,Mohanlalganj,43,75,138,,बेन्दौवा,101 मोहनलाल गंज,,7000,7500,8000,8500,20000,22000,28000,26000,25000,,51,44,,51,37,
mohanlalganj,Mohanlalganj,43,75,139,,ब्रह्मदासपुर,102 निगोहाँ,,3500,3700,3900,4100,19000,21000,23000,22000,21500,,29,26,,29,21,
mohanlalganj,Mohanlalganj,43,75,140,,बहरौली,101 मोहनलाल गंज,,4000,4400,4800,5000,19000,21000,23000,22000,21500,,32,28,,32,23,
mohanlalganj,Mohanlalganj,44,75,141,,भट्टी बरकतनगर,101 मोहनलाल गंज,,4000,4400,4800,5000,19000,21000,23000,22000,21500,,32,28,,32,23,
mohanlalganj,Mohanlalganj,44,75,142,,भटपुरा,102 निगोहाँ,,3500,3700,3900,4100,19000,21000,23000,22000,21500,,29,26,,29,21,
mohanlalganj,Mohanlalganj,44,75,143,,भीलमपुर,102 निगोहाँ,,3000,3200,3400,3600,19000,21000,23000,22000,21500,,26,22,,26,18,
mohanlalganj,Mohanlalganj,44,75,144,,भावाखेडा,102 निगोहाँ,,7000,7500,8000,8500,20000,22000,28000,26000,25000,,51,44,,51,37,
mohanlalganj,Mohanlalganj,44,76,145,,भगवानपुर,102 निगोहाँ,,3500,3700,3900,4100,19000,21000,23000,22000,21500,,29,26,,29,21,
mohanlalganj,Mohanlalganj,44,76,146,,भसण्डा,102 निगोहाँ,,7000,7500,8000,8500,20000,22000,28000,26000,25000,,51,44,,51,37,
mohanlalganj,Mohanlalganj,44,76,147,,भदेसवा,102 निगोहाँ,,3500,3700,3900,4100,19000,21000,23000,22000,21500,,29,26,,29,21,
mohanlalganj,Mohanlalganj,44,76,148,,भजमरमऊ,102 निगोहाँ,,3000,3200,3400,3600,19000,21000,23000,22000,21500,,26,22,,26,18,
mohanlalganj,Mohanlalganj,44,76,149,,भटवारा,101 मोहनलाल गंज,,4300,4700,5100,5500,19000,21000,23000,22000,21500,,42,38,,42,29,
mohanlalganj,Mohanlalganj,44,76,150,,भौंदरी,102 निगोहाँ,,7000,7500,8000,8500,20000,22000,28000,26000,25000,,51,44,,51,37,
mohanlalganj,Mohanlalganj,44,76,151,,भददीखेडा,102 निगोहाँ,,4000,4400,4800,5000,19000,21000,23000,22000,21500,,32,26,,32,23,link road 26 differs from peers (28) but clearly printed
mohanlalganj,Mohanlalganj,44,76,152,,भौराखुर्द,101 मोहनलाल गंज,,4000,4400,4800,5000,19000,21000,23000,22000,21500,,32,28,,32,23,
mohanlalganj,Mohanlalganj,44,76,153,,भोराकला,101 मोहनलाल गंज,,4000,4400,4800,5000,19000,21000,23000,22000,21500,,32,28,,32,23,
mohanlalganj,Mohanlalganj,44,77,154,,मदारपुर,101 मोहनलाल गंज,,4000,4400,4800,5000,19000,21000,23000,22000,21500,,32,28,,32,23,
mohanlalganj,Mohanlalganj,45,77,155,,ममईमऊ,101 मोहनलाल गंज,,3200,3400,3600,3800,19000,21000,23000,22000,21500,,27,24,,27,20,
mohanlalganj,Mohanlalganj,45,77,156,,मगहुवा,101 मोहनलाल गंज,,4000,4400,4800,5000,19000,21000,23000,22000,21500,,32,28,,32,23,
mohanlalganj,Mohanlalganj,45,77,157,,मलौली,101 मोहनलाल गंज,,4300,4700,5100,5500,19000,21000,23000,22000,21500,,42,38,,42,29,
mohanlalganj,Mohanlalganj,45,77,158,,महमूदपुर,101 मोहनलाल गंज,,4000,4400,4800,5000,19000,21000,23000,22000,21500,,32,28,,32,23,
mohanlalganj,Mohanlalganj,45,77,159,,मलूकपुर ढकवा,101 मोहनलाल गंज,,4000,4400,4800,5000,19000,21000,23000,22000,21500,,32,28,,32,23,
mohanlalganj,Mohanlalganj,45,77,160,,मस्तेमऊ,101 मोहनलाल गंज,,11000,12000,13000,14000,23000,26000,37000,34000,31000,,96,90,,96,73,
mohanlalganj,Mohanlalganj,45,77,161,,मदापुर,102 निगोहाँ,,7000,7500,8000,8500,20000,22000,28000,26000,25000,,51,44,,51,37,
mohanlalganj,Mohanlalganj,45,77,162,,मदारीखेडा,102 निगोहाँ,,3500,3700,3900,4100,19000,21000,23000,22000,21500,,29,26,,29,21,
mohanlalganj,Mohanlalganj,45,78,163,,मऊ,101 मोहनलाल गंज,,11000,12000,13000,14000,23000,26000,37000,34000,31000,,96,90,,96,73,
mohanlalganj,Mohanlalganj,45,78,164,,महुराखुर्द,101 मोहनलाल गंज,,7000,7500,8000,8500,20000,22000,28000,26000,25000,,51,44,,51,37,
mohanlalganj,Mohanlalganj,45,78,165,,महुराकला,101 मोहनलाल गंज,,7000,7500,8000,8500,20000,22000,28000,26000,25000,,51,44,,51,37,
mohanlalganj,Mohanlalganj,45,78,166,,मस्तीपुर,102 निगोहाँ,,7000,7500,8000,8500,20000,22000,28000,26000,25000,,51,44,,51,37,
mohanlalganj,Mohanlalganj,45,78,167,,मेंहदौली,101 मोहनलाल गंज,,3200,3400,3600,3800,19000,21000,23000,22000,21500,,27,24,,27,20,
mohanlalganj,Mohanlalganj,45,78,168,,मोहिउददीनपुर,101 मोहनलाल गंज,,4000,4400,4800,5000,19000,21000,23000,22000,21500,,32,28,,32,23,
mohanlalganj,Mohanlalganj,46,78,169,,मोअज्जमनगर,101 मोहनलाल गंज,,10000,11000,12000,13000,22000,24000,36000,33000,30000,,95,80,,95,64,
mohanlalganj,Mohanlalganj,46,78,170,,मोहम्मद पुर गढी,101 मोहनलाल गंज,,4000,4400,4800,5000,19000,21000,23000,22000,21500,,32,28,,32,23,
mohanlalganj,Mohanlalganj,46,78,171,,मोहम्मदाबाद,101 मोहनलाल गंज,,3200,3400,3600,3800,19000,21000,23000,22000,21500,,27,24,,27,20,
mohanlalganj,Mohanlalganj,46,79,172,,मोहारी खुर्द,101 मोहनलाल गंज,,7000,7500,8000,8500,20000,22000,28000,26000,25000,,51,44,,51,37,
mohanlalganj,Mohanlalganj,46,79,173,,मोहारी कला,101 मोहनलाल गंज,,7000,7500,8000,8500,20000,22000,28000,26000,25000,,51,44,,51,37,
mohanlalganj,Mohanlalganj,46,79,174,,माढरमऊ खुर्द,101 मोहनलाल गंज,,10000,11000,12000,13000,22000,24000,36000,33000,30000,,95,80,,95,64,
mohanlalganj,Mohanlalganj,46,79,175,,माढरमऊ कला,101 मोहनलाल गंज,,10000,11000,12000,13000,22000,24000,36000,33000,30000,,95,80,,95,64,
mohanlalganj,Mohanlalganj,46,79,176,,मंगटैया,102 निगोहाँ,,3000,3200,3400,3600,19000,21000,23000,22000,21500,,26,22,,26,18,
mohanlalganj,Mohanlalganj,46,79,177,,मीरानपुर,102 निगोहाँ,,3000,3200,3400,3600,19000,21000,23000,22000,21500,,26,22,,26,18,
mohanlalganj,Mohanlalganj,46,79,178,,मीरकनगर,101 मोहनलाल गंज,,4000,4400,4800,5000,19000,21000,23000,22000,21500,,32,28,,32,23,
mohanlalganj,Mohanlalganj,46,79,179,,मीसा,101 मोहनलाल गंज,,4000,4400,4800,5000,19000,21000,23000,22000,21500,,32,28,,32,23,
mohanlalganj,Mohanlalganj,46,79,180,,मीनापुर,102 निगोहाँ,,4300,4700,5100,5500,19000,21000,23000,22000,21500,,42,38,,42,29,
mohanlalganj,Mohanlalganj,46,80,181,,मितौली आदमपुर,101 मोहनलाल गंज,,3200,3400,3600,3800,19000,21000,23000,22000,21500,,27,24,,27,20,
mohanlalganj,Mohanlalganj,46,80,182,,रामदासपुर,102 निगोहाँ,,3500,3700,3900,4100,19000,21000,23000,22000,21500,,29,26,,29,21,
mohanlalganj,Mohanlalganj,47,80,183,,रतियामऊ,101 मोहनलाल गंज,,3200,3400,3600,3800,19000,21000,23000,22000,21500,,27,24,,27,20,
mohanlalganj,Mohanlalganj,47,80,184,,रधुनाथ खेडा,102 निगोहाँ,,3000,3200,3400,3600,19000,21000,23000,22000,21500,,26,22,,26,18,name printed रधुनाथ (prob. रघुनाथ)
mohanlalganj,Mohanlalganj,47,80,185,,रतनापुर,102 निगोहाँ,,3000,3200,3400,3600,19000,21000,23000,22000,21500,,26,22,,26,18,
mohanlalganj,Mohanlalganj,47,80,186,,रहमतनगर,101 मोहनलाल गंज,,7000,7500,8000,8500,20000,22000,28000,26000,25000,,51,44,,51,37,
mohanlalganj,Mohanlalganj,47,80,187,,रसूलपुर टिकनिया मऊ,101 मोहनलाल गंज,,4000,4400,4800,5000,19000,21000,23000,22000,21500,,32,28,,32,23,
mohanlalganj,Mohanlalganj,47,80,188,,रसूलपुर आशिक अली,101 मोहनलाल गंज,,4000,4400,4800,5000,19000,21000,23000,22000,21500,,32,28,,32,23,
mohanlalganj,Mohanlalganj,47,80,189,,रामपुर गढी जमुनी,102 निगोहाँ,,3500,3700,3900,4100,19000,21000,23000,22000,21500,,29,26,,29,21,
mohanlalganj,Mohanlalganj,47,81,190,,रामभानखेडा,101 मोहनलाल गंज,,4000,4400,4800,5000,19000,21000,23000,22000,21500,,32,28,,32,23,
mohanlalganj,Mohanlalganj,47,81,191,,रायपुर,101 मोहनलाल गंज,,3200,3400,3600,3800,19000,21000,23000,22000,21500,,27,24,,27,20,
mohanlalganj,Mohanlalganj,47,81,192,,राती,102 निगोहाँ,,3000,3200,3400,3600,19000,21000,23000,22000,21500,,26,22,,26,18,
mohanlalganj,Mohanlalganj,47,81,193,,रकीबाबाद,101 मोहनलाल गंज,,4300,4700,5100,5500,19000,21000,23000,22000,21500,,42,38,,42,29,
mohanlalganj,Mohanlalganj,47,81,194,,लखपेड़ा,101 मोहनलाल गंज,,7000,7500,8000,8500,20000,22000,28000,26000,25000,,51,44,,51,37,
mohanlalganj,Mohanlalganj,47,81,195,,लालपुर,102 निगोहाँ,,3500,3700,3900,4100,19000,21000,23000,22000,21500,,29,26,,29,21,
mohanlalganj,Mohanlalganj,47,81,196,,शेखनापुर,101 मोहनलाल गंज,,4000,4400,4800,5000,19000,21000,23000,22000,21500,,32,28,,32,23,
mohanlalganj,Mohanlalganj,48,81,197,,शेरपुर लवल,102 निगोहाँ,,3500,3700,3900,4100,19000,21000,23000,22000,21500,,29,26,,29,21,
mohanlalganj,Mohanlalganj,48,81,198,,शाहमोहम्मदपुर अपैया,101 मोहनलाल गंज,,3200,3400,3600,3800,19000,21000,23000,22000,21500,,27,24,,27,20,
mohanlalganj,Mohanlalganj,48,82,199,,शाहजादेपुर,101 मोहनलाल गंज,,3200,3400,3600,3800,19000,21000,23000,22000,21500,,27,24,,27,20,
mohanlalganj,Mohanlalganj,48,82,200,,शिवलर,101 मोहनलाल गंज,,7000,7500,8000,8500,20000,22000,28000,26000,25000,,51,44,,51,37,
mohanlalganj,Mohanlalganj,48,82,201,,शिवढ़रा,101 मोहनलाल गंज,,4000,4400,4800,5000,19000,21000,23000,22000,21500,,32,28,,32,23,
mohanlalganj,Mohanlalganj,48,82,202,,सठवारा,101 मोहनलाल गंज,,4000,4400,4800,5000,19000,21000,23000,22000,21500,,32,28,,32,23,
mohanlalganj,Mohanlalganj,48,82,203,,सीफतनगर,101 मोहनलाल गंज,,3200,3400,3600,3800,19000,21000,23000,22000,21500,,27,24,,27,20,
mohanlalganj,Mohanlalganj,48,82,204,,सौनई कजेंहरा,101 मोहनलाल गंज,,10000,11000,12000,13000,22000,24000,36000,33000,30000,,95,80,,95,64,
mohanlalganj,Mohanlalganj,48,82,205,,सेल्हू मऊ,101 मोहनलाल गंज,,4000,4400,4800,5000,19000,21000,23000,22000,21500,,32,28,,32,23,
mohanlalganj,Mohanlalganj,48,82,206,,सेमनापुर,101 मोहनलाल गंज,,4000,4400,4800,5000,19000,21000,23000,22000,21500,,32,28,,32,23,
mohanlalganj,Mohanlalganj,48,82,207,,सेमरापीतपुर,101 मोहनलाल गंज,,4000,4400,4800,5000,19000,21000,23000,22000,21500,,32,28,,32,23,
mohanlalganj,Mohanlalganj,48,83,208,,सहसघाट,101 मोहनलाल गंज,,3200,3400,3600,3800,19000,21000,23000,22000,21500,,27,24,,27,20,
mohanlalganj,Mohanlalganj,48,83,209,,सुरियामऊ,101 मोहनलाल गंज,,4000,4400,4800,5000,19000,21000,23000,22000,21500,,32,28,,32,23,
mohanlalganj,Mohanlalganj,48,83,210,,सुल्सामऊ,102 निगोहाँ,,3500,3700,3900,4100,19000,21000,23000,22000,21500,,29,26,,29,21,
mohanlalganj,Mohanlalganj,49,83,211,,सुशांत गोल्फ सिटी अंसल,101 मोहनलाल गंज,,20000,25000,30000,35000,27000,30000,40000,38000,36000,,,,,,,covered 27000/30000 unique in list but clearly printed (verified 400dpi)
mohanlalganj,Mohanlalganj,49,83,212,,सदरापुर,101 मोहनलाल गंज,,3200,3400,3600,3800,19000,21000,23000,22000,21500,,27,24,,27,20,
mohanlalganj,Mohanlalganj,49,83,213,,सदरपुर करोरा,101 मोहनलाल गंज,,10000,11000,12000,13000,22000,24000,36000,33000,30000,,95,80,,95,64,
mohanlalganj,Mohanlalganj,49,83,214,,सलौली,101 मोहनलाल गंज,,4300,4700,4100,5500,19000,21000,23000,22000,21500,,42,38,,42,29,12-18m 4100 < 9-12m 4700 (peers 5100) but clearly printed at 350dpi
mohanlalganj,Mohanlalganj,49,83,215,,सलेमपुर अचाका,101 मोहनलाल गंज,,4000,4400,4800,5000,19000,21000,23000,22000,21500,,32,28,,32,23,
mohanlalganj,Mohanlalganj,49,83,216,,सलेमपुर,101 मोहनलाल गंज,,7000,7500,8000,8500,20000,22000,28000,26000,25000,,51,44,,51,37,
mohanlalganj,Mohanlalganj,49,84,217,,सल्लाहीमऊ,101 मोहनलाल गंज,,4000,4400,4800,5000,19000,21000,23000,22000,21500,,32,28,,32,23,
mohanlalganj,Mohanlalganj,49,84,218,,सरौना,101 मोहनलाल गंज,,3200,3400,3600,3800,19000,21000,23000,22000,21500,,27,24,,27,20,
mohanlalganj,Mohanlalganj,49,84,219,,सरायेकरोरा,101 मोहनलाल गंज,,10000,11000,12000,13000,22000,24000,36000,33000,30000,,95,80,,95,64,
mohanlalganj,Mohanlalganj,49,84,220,,सरई गुदौली,101 मोहनलाल गंज,,4000,4400,4800,5000,19000,21000,23000,22000,21500,,32,28,,32,23,
mohanlalganj,Mohanlalganj,49,84,221,,सरथुवा,101 मोहनलाल गंज,,7000,7500,8000,8500,20000,22000,28000,26000,25000,,51,44,,51,37,
mohanlalganj,Mohanlalganj,49,84,222,,समेसी,101 मोहनलाल गंज,,7000,7500,8000,8500,20000,22000,28000,26000,25000,,51,44,,51,37,
mohanlalganj,Mohanlalganj,49,84,223,,सिकन्दरपुर अमोलिया,101 मोहनलाल गंज,,7000,7500,8000,8500,20000,22000,28000,26000,25000,,51,44,,51,37,
mohanlalganj,Mohanlalganj,49,84,224,,सिठौलीकला,101 मोहनलाल गंज,,7000,7500,8000,8500,20000,22000,28000,26000,25000,,51,44,,51,37,
mohanlalganj,Mohanlalganj,50,84,225,,सिठौलीखुर्द,101 मोहनलाल गंज,,7000,7500,8000,8500,20000,22000,28000,26000,25000,,51,44,,51,37,
mohanlalganj,Mohanlalganj,50,85,226,,सिर्स,102 निगोहाँ,,3500,3700,3900,4100,19000,21000,23000,22000,21500,,29,26,,29,21,
mohanlalganj,Mohanlalganj,50,85,227,,सिसेण्डी,102 निगोहाँ,,7000,7500,8000,8500,20000,22000,28000,26000,25000,,51,44,,51,37,
mohanlalganj,Mohanlalganj,50,85,228,,सिद्बपुरा,101 मोहनलाल गंज,,4000,4400,4800,5000,19000,21000,23000,22000,21500,,52,45,,52,38,agri 52/45/52/38 high vs land-rate peers (32/28/32/23) but clearly printed
mohanlalganj,Mohanlalganj,50,85,229,,सिद्धपुरा विकास विहार,101 मोहनलाल गंज,,20000,22000,24000,26000,22000,24000,37000,34000,31000,,,,,,,
mohanlalganj,Mohanlalganj,50,85,230,,हसनापुर,101 मोहनलाल गंज,,3200,3400,3600,3800,19000,21000,23000,22000,21500,,27,24,,27,20,
mohanlalganj,Mohanlalganj,50,85,231,,हसनपुर,101 मोहनलाल गंज,,3200,3400,3600,3800,19000,21000,23000,22000,21500,,27,24,,27,20,
mohanlalganj,Mohanlalganj,50,85,232,,हबुवापुर,101 मोहनलाल गंज,,7000,7500,8000,8500,20000,22000,28000,26000,25000,,51,44,,51,37,
mohanlalganj,Mohanlalganj,50,85,233,,हरिनाम खेडा,102 निगोहाँ,,3000,3200,3400,3600,19000,21000,23000,22000,21500,,26,22,,26,18,
mohanlalganj,Mohanlalganj,50,85,234,,हरिकॅंशगढी,101 मोहनलाल गंज,,10000,11000,12000,13000,22000,24000,36000,33000,30000,,95,80,,95,64,
mohanlalganj,Mohanlalganj,50,86,235,,हरिहरपुर पटसा,102 निगोहाँ,,3000,3200,3400,2800,19000,21000,23000,22000,21500,,26,22,,26,18,>18m 2800 < 12-18m 3400 (peers 3600) but clearly printed at 350dpi
mohanlalganj,Mohanlalganj,50,86,236,,हरदोईया,101 मोहनलाल गंज,,7000,7500,8000,8500,20000,22000,28000,26000,25000,,51,44,,51,37,
mohanlalganj,Mohanlalganj,50,86,237,,हर्रई,101 मोहनलाल गंज,,3200,3400,3600,3800,19000,21000,23000,22000,21500,,27,24,,27,20,
mohanlalganj,Mohanlalganj,50,86,238,,हुलासखेड़ा,101 मोहनलाल गंज,,4000,4400,4800,5000,19000,21000,23000,22000,21500,,32,28,,32,23,
sarojininagar,Sarojini Nagar,33,54,1,,अम्बेडकर नगर,002 खरिका,,7000,7500,8500,9500,26000,28000,40000,33000,30000,,,,,,,
sarojininagar,Sarojini Nagar,33,54,2,,अहमदपुर उर्फ कमलापुर,101 बिजनौर,,6000,6500,7500,8000,24000,26000,30000,28000,27000,,155,145,,155,110,
sarojininagar,Sarojini Nagar,33,54,3,,अवध नगर,002 खरिका,,7500,8500,9000,10000,26000,28000,40000,35000,30000,,,,,,,
sarojininagar,Sarojini Nagar,33,54,4,,अवध विहार योजना,001 इब्राहिमपुर,,25000,28000,31000,34000,30000,34000,49000,38000,35000,,,,,,,
sarojininagar,Sarojini Nagar,33,54,5,,अशरफ नगर,101 शारदा नगर,,4500,5000,5500,6000,24000,26000,30000,28000,27000,,105,95,,105,75,pargana code 101/name mismatch as printed
sarojininagar,Sarojini Nagar,33,54,6,,अली नगर खुर्द,101 बिजनौर,,4500,5000,5500,6000,24000,26000,30000,28000,27000,,105,95,,105,75,
sarojininagar,Sarojini Nagar,33,54,7,,अहमामऊ,111 लखनऊ,,12000,13000,14000,15000,26000,28000,38000,35000,30000,,215,200,,215,155,
sarojininagar,Sarojini Nagar,33,54,8,,अरदौनामऊ,111 लखनऊ,,12000,13000,14000,15000,30000,34000,48000,40000,35000,,175,160,,175,125,
sarojininagar,Sarojini Nagar,33,54,9,,"ओमेक्स (अहमामऊ, सरसवां, अरदौनामऊ)",111 लखनऊ,,35000,39000,43000,47000,30000,34000,75000,70000,65000,,,,,,,
sarojininagar,Sarojini Nagar,34,54,10,,ओमेक्स सिटी,003 राजा बिजली पासी,,25000,28000,31000,34000,30000,34000,50000,40000,35000,,,,,,,
sarojininagar,Sarojini Nagar,34,54,11,,ओमेक्स मेट्रो सिटी,101 बिजनौर,,20000,22000,24000,26000,30000,34000,50000,40000,35000,,,,,,,
sarojininagar,Sarojini Nagar,34,54,12,,औरंगाबाद जागीर,003 राजा बिजली पासी,,12000,13000,14000,15000,26000,28000,48000,40000,33000,,375,345,,370,265,
sarojininagar,Sarojini Nagar,34,55,13,,औरंगाबाद खालसा,003 राजा बिजली पासी,,12000,13000,14000,15000,26000,28000,48000,40000,33000,,375,345,,370,265,
sarojininagar,Sarojini Nagar,34,55,14,,इब्राहिमपुर (रेवतापुर),001 इब्राहिमपुर,,7000,7500,8500,9500,26000,28000,40000,35000,30000,,,,,,,
sarojininagar,Sarojini Nagar,34,55,15,,ईश्वरी खेड़ा,001 इब्राहिमपुर,,8000,9000,10000,11000,26000,28000,40000,35000,30000,,,,,,,
sarojininagar,Sarojini Nagar,34,55,16,,उसरी,005 शारदा नगर,,10000,11000,12000,13000,26000,28000,40000,35000,30000,,,,,,,
sarojininagar,Sarojini Nagar,34,55,17,,उत्तरठिया,001 इब्राहिमपुर,,8000,9000,10000,11000,26000,28000,40000,35000,30000,,,,,,,
sarojininagar,Sarojini Nagar,34,55,18,,एल्डिको,005 शारदा नगर,,25000,28000,31000,34000,30000,34000,50000,45000,40000,,,,,,,
sarojininagar,Sarojini Nagar,35,55,19,,एल्डिको इम्पीरिया,101 बिजनौर,,22000,24000,26000,28000,30000,34000,50000,40000,35000,,,,,,,
sarojininagar,Sarojini Nagar,35,55,20,,एल्डिको शौर्य,101 बिजनौर,,20000,22000,24000,26000,26000,28000,40000,35000,30000,,,,,,,
sarojininagar,Sarojini Nagar,35,55,21,,एम0आर0जी0एफ0 (गोमती ग्रीन्स),111 लखनऊ,,35000,39000,43000,47000,30000,34000,75000,70000,65000,,,,,,,
sarojininagar,Sarojini Nagar,35,55,22,,एक्सला रिजाटिको,111 लखनऊ,,22000,24000,26000,28000,30000,34000,50000,40000,35000,,,,,,,
sarojininagar,Sarojini Nagar,35,55,23,,कल्ली पश्चिम,101 बिजनौर,,10000,11000,12000,13000,24000,26000,40000,35000,30000,,180,170,,180,130,
sarojininagar,Sarojini Nagar,35,55,24,,कल्ली पूरब,101 बिजनौर,,3500,4000,4500,5000,22000,24000,35000,30000,25000,,85,80,,85,60,
sarojininagar,Sarojini Nagar,35,56,25,,कृष्ण विहार कॉलोनी,001 इब्राहिमपुर,,9000,10000,11000,12000,26000,28000,40000,35000,30000,,,,,,,
sarojininagar,Sarojini Nagar,35,56,26,,कुबेर की बगिया,002 खरिका,,8000,9000,10000,11000,26000,28000,40000,35000,30000,,,,,,,
sarojininagar,Sarojini Nagar,35,56,27,,कुम्हार मन्डी,002 खरिका,,8000,9000,10000,11000,26000,28000,40000,35000,30000,,,,,,,
sarojininagar,Sarojini Nagar,36,56,28,,कांती निकेतन,101 बिजनौर,,20000,22000,24000,26000,30000,34000,50000,40000,35000,,,,,,,
sarojininagar,Sarojini Nagar,36,56,29,,किला मोहम्मदी,003 राजा बिजली पासी,,8000,9000,10000,11000,26000,28000,40000,35000,30000,,,,,,,
sarojininagar,Sarojini Nagar,36,56,30,,खटोला,101 बिजनौर,,2500,3000,3500,4000,20000,22000,30000,25000,23000,,50,45,,50,35,
sarojininagar,Sarojini Nagar,36,56,31,,खरिका,002 खरिका,,10000,11000,12000,13000,30000,34000,45000,40000,35000,,,,,,,
sarojininagar,Sarojini Nagar,36,56,32,,गुडौरा,003 राजा बिजली पासी,,5500,6500,7000,7500,26000,28000,40000,35000,30000,,440,394,,440,315,
sarojininagar,Sarojini Nagar,36,56,33,,गोमती नगर विस्तार सेक्टर 7 एवं 8,111 लखनऊ,,35000,39000,43000,47000,30000,34000,60000,55000,50000,,,,,,,
sarojininagar,Sarojini Nagar,36,56,34,,गांधी नगर,002 खरिका,,10000,11000,12000,13000,26000,28000,40000,33000,30000,,,,,,,
sarojininagar,Sarojini Nagar,36,56,35,,घुसवल कलॉं,101 बिजनौर,,7000,7500,8500,9500,24000,26000,40000,35000,30000,,155,145,,155,110,
sarojininagar,Sarojini Nagar,36,56,36,,घोसियाना,002 खरिका,,8000,9000,10000,11000,26000,28000,40000,35000,30000,,,,,,,
sarojininagar,Sarojini Nagar,37,57,37,,चमरी भीम टोला,002 खरिका,,7000,8000,8500,9500,26000,28000,40000,35000,30000,,,,,,,
sarojininagar,Sarojini Nagar,37,57,38,,चिरैया बाग,001 इब्राहिमपुर,,6000,6500,7500,8000,26000,28000,40000,35000,30000,,,,,,,
sarojininagar,Sarojini Nagar,37,57,39,,चन्द्रावल,101 बिजनौर,,6000,6500,7500,8000,24000,26000,35000,30000,27000,,155,145,,155,110,
sarojininagar,Sarojini Nagar,37,57,40,,छोहारा खेड़ा,003 राजा बिजली पासी,,7000,8000,9000,10000,26000,28000,40000,35000,30000,,450,410,,440,315,
sarojininagar,Sarojini Nagar,37,57,41,,जैतीखेडा,101 बिजनौर,,2500,3000,3500,4000,20000,22000,30000,25000,23000,,50,45,,50,35,
sarojininagar,Sarojini Nagar,37,57,42,,डिफेन्स कॉलोनी,001 इब्राहिमपुर,,6000,7000,7500,8000,26000,28000,40000,35000,30000,,,,,,,
sarojininagar,Sarojini Nagar,37,57,43,,तेलीबाग,002 खरिका,,10000,11000,12000,13000,26000,28000,40000,35000,30000,,,,,,,
sarojininagar,Sarojini Nagar,37,57,44,,तोदेखेड़ा,003 राजा बिजली पासी,,6000,6500,7500,8000,26000,28000,40000,35000,30000,,,,,,,
sarojininagar,Sarojini Nagar,37,57,45,,देवामऊ,101 बिजनौर,,7000,7500,8500,9500,24000,26000,40000,35000,30000,,105,95,,105,75,
sarojininagar,Sarojini Nagar,38,57,46,,देवीखेड़ा,005 शारदा नगर,,10000,11000,12000,13000,26000,28000,40000,35000,30000,,,,,,,
sarojininagar,Sarojini Nagar,38,57,47,,द्वारिकापुरी,002 खरिका,,7000,7500,8500,9500,26000,28000,40000,35000,30000,,,,,,,
sarojininagar,Sarojini Nagar,38,57,48,,धावापुर,101 बिजनौर,,2500,3000,3500,4000,20000,22000,35000,30000,25000,,50,45,,50,35,
sarojininagar,Sarojini Nagar,38,58,49,,निजामपुर मझगवॉ,101 बिजनौर,,7000,7500,8500,9500,24000,26000,40000,35000,30000,,105,95,,105,75,
sarojininagar,Sarojini Nagar,38,58,50,,नेपाल गंज,002 खरिका,,8000,9000,10000,11000,26000,28000,40000,35000,30000,,,,,,,
sarojininagar,Sarojini Nagar,38,58,51,,नटखेड़ा,002 खरिका,,8000,9000,10000,11000,26000,28000,40000,35000,30000,,,,,,,
sarojininagar,Sarojini Nagar,38,58,52,,नई बस्ती,001 इब्राहिमपुर,,5500,6000,7000,7500,26000,28000,40000,35000,30000,,,,,,,
sarojininagar,Sarojini Nagar,38,58,53,,नूरनगर भदरसा,101 बिजनौर,,6000,7000,8000,9000,24000,26000,35000,30000,27000,,155,145,,155,110,
sarojininagar,Sarojini Nagar,38,58,54,,नीवां,101 बिजनौर,,2500,3000,3500,4000,20000,22000,30000,25000,23000,,50,45,,50,35,
sarojininagar,Sarojini Nagar,39,58,55,,परवर पूरब,101 बिजनौर,,3500,4000,4500,5000,22000,24000,35000,30000,27000,,85,80,,85,60,
sarojininagar,Sarojini Nagar,39,58,56,,परवर पश्चिम,101 बिजनौर,,3500,4000,4500,5000,22000,24000,35000,30000,27000,,85,80,,85,60,
sarojininagar,Sarojini Nagar,39,58,57,,पाठक पुरम,001 इब्राहिमपुर,,9000,10000,11000,12000,26000,28000,40000,35000,30000,,,,,,,
sarojininagar,Sarojini Nagar,39,58,58,,पिपरौली,005 शारदा नगर,,10000,11000,12000,13000,26000,28000,40000,350000,30000,,,,,,,office printed 350000 (likely typo for 35000) - kept as printed
sarojininagar,Sarojini Nagar,39,58,59,,फैन्डस कालोनी,101 इब्राहिमपुर,,15000,17000,19000,21000,24000,26000,40000,35000,30000,,,,,,,pargana code 101/name mismatch as printed
sarojininagar,Sarojini Nagar,39,58,60,,फिरंगी खेड़ा,005 शारदा नगर,,10000,11000,12000,13000,26000,28000,40000,35000,30000,,105,95,,105,75,
sarojininagar,Sarojini Nagar,39,59,61,,फर्रूखाबाद चिल्लावां,010 राजा बिजली पासी,,10000,11000,12000,13000,26000,28000,40000,35000,30000,,370,330,,370,265,
sarojininagar,Sarojini Nagar,39,59,62,,बेहसा,003 राजा बिजली पासी,,12000,13000,14000,15000,26000,28000,40000,35000,30000,,440,394,,440,315,
sarojininagar,Sarojini Nagar,39,59,63,,बरौली खलीलाबाद,101 इब्राहिमपुर,,8000,9000,10000,11000,26000,28000,40000,35000,30000,,485,450,,485,348,pargana code 101/name mismatch as printed
sarojininagar,Sarojini Nagar,40,59,64,,बरौना,101 बिजनौर,,7000,7500,8500,9500,24000,26000,40000,35000,30000,,105,95,,105,75,
sarojininagar,Sarojini Nagar,40,59,65,,बलदेव बिहार,002 खरिका,,7000,7500,8500,9500,26000,28000,40000,35000,30000,,,,,,,
sarojininagar,Sarojini Nagar,40,59,66,,बंगाली टोला,002 खरिका,,7000,7500,8500,9500,26000,28000,40000,35000,30000,,,,,,,
sarojininagar,Sarojini Nagar,40,59,67,,ब्रज बिहार,002 खरिका,,7000,7500,8500,9500,26000,28000,40000,35000,30000,,,,,,,
sarojininagar,Sarojini Nagar,40,59,68,,ब्राहम्ण टोला,002 खरिका,,7000,7500,8500,9500,26000,28000,40000,35000,30000,,,,,,,
sarojininagar,Sarojini Nagar,40,59,69,,बंगला बाजार,003 राजा बिजली पासी,,12000,13000,14000,15000,26000,28000,40000,35000,30000,,,,,,,
sarojininagar,Sarojini Nagar,40,59,70,,बाबा की बगिया,002 खरिका,,8000,9000,10000,11000,26000,28000,40000,35000,30000,,,,,,,
sarojininagar,Sarojini Nagar,40,59,71,,बंगला बाजार,005 शारदा नगर,,12000,13000,14000,15000,26000,28000,40000,35000,30000,,,,,,,
sarojininagar,Sarojini Nagar,40,59,72,,बिजनौर,101 बिजनौर,,8000,9000,10000,11000,24000,26000,40000,35000,30000,,180,170,,180,130,
sarojininagar,Sarojini Nagar,41,60,73,,बिरुरा,101 इब्राहिमपुर,,4000,4500,5000,5500,24000,26000,40000,35000,30000,,105,95,,105,75,pargana code 101/name mismatch as printed
sarojininagar,Sarojini Nagar,41,60,74,,बीबीपुर,101 बिजनौर,,2500,3000,3500,4000,20000,22000,30000,25000,23000,,180,170,,180,130,
sarojininagar,Sarojini Nagar,41,60,75,,भदरूख,005 शारदा नगर,,13000,14000,15000,16000,26000,28000,40000,35000,30000,,,,,,,
sarojininagar,Sarojini Nagar,41,60,76,,भगवन्त नगर,001 इब्राहिमपुर,,5500,6000,7000,7500,26000,28000,40000,35000,30000,,,,,,,
sarojininagar,Sarojini Nagar,41,60,77,,भागूखेडा,101 बिजनौर,,2500,3000,3500,4000,20000,22000,30000,25000,23000,,50,45,,50,35,
sarojininagar,Sarojini Nagar,41,60,78,,मलाक,101 इब्राहिमपुर,,8000,9000,10000,11000,22000,24000,35000,30000,25000,,180,170,,180,130,pargana code 101/name mismatch as printed
sarojininagar,Sarojini Nagar,41,60,79,,मुराव खेड़ा,101 शारदा नगर,,10000,11000,12000,13000,26000,28000,40000,35000,30000,,,,,,,pargana code 101/name mismatch as printed
sarojininagar,Sarojini Nagar,41,60,80,,मुशी खेड़ा,003 राजा बिजली पासी,,6500,7500,8500,9000,26000,28000,40000,35000,30000,,,,,,,
sarojininagar,Sarojini Nagar,41,60,81,,मुजफ्फरनगर घुसवल,101 बिजनौर,,7000,7500,8500,9500,24000,26000,40000,35000,30000,,155,145,,155,110,
sarojininagar,Sarojini Nagar,42,60,82,,मस्ती खेड़ा,003 राजा बिजली पासी,,6500,7500,8500,9000,26000,28000,40000,35000,30000,,,,,,,
sarojininagar,Sarojini Nagar,42,60,83,,मखदूमपुर कैथी,101 बिजनौर,,2500,3000,3500,4000,20000,22000,30000,25000,23000,,50,45,,50,35,
sarojininagar,Sarojini Nagar,42,60,84,,माती,101 बिजनौर,,6500,7000,8000,9000,24000,26000,35000,30000,28000,,155,145,,155,110,
sarojininagar,Sarojini Nagar,42,61,85,,मोहारी बाग,002 खरिका,,7000,7500,8500,9500,26000,28000,40000,35000,30000,,,,,,,
sarojininagar,Sarojini Nagar,42,61,86,,मेमौरा,101 बिजनौर,,2500,3000,3500,4000,20000,22000,30000,25000,23000,,50,45,,50,35,
sarojininagar,Sarojini Nagar,42,61,87,,मिर्जा पुर,003 राजा बिजली पासी,,6500,7000,8000,9000,26000,28000,40000,35000,30000,,450,410,,440,315,
sarojininagar,Sarojini Nagar,42,61,88,,यूसुफ नगर उर्फ बगियामऊ,101 बिजनौर,,7000,7500,8500,9500,24000,26000,40000,35000,30000,,105,95,,105,75,
sarojininagar,Sarojini Nagar,42,61,89,,रसूलपुर इठुरिया,101 शारदा नगर,,4000,4500,5000,5500,24000,26000,35000,30000,28000,,105,95,,105,75,pargana code 101/name mismatch as printed
sarojininagar,Sarojini Nagar,42,61,90,,रहीमाबाद,003 राजा बिजली पासी,,7000,7500,8500,9500,26000,28000,40000,35000,30000,,440,394,,440,315,
sarojininagar,Sarojini Nagar,43,61,91,,राम टोला,002 खरिका,,7000,7500,8500,9500,26000,28000,40000,35000,30000,,,,,,,
sarojininagar,Sarojini Nagar,43,61,92,,रायबरेली रोड योजना,005 शारदा नगर,,25000,28000,31000,34000,26000,28000,50000,40000,35000,,,,,,,
sarojininagar,Sarojini Nagar,43,61,93,,रतौली,101 बिजनौर,,2500,2500,3000,3500,20000,22000,30000,25000,23000,,50,45,,50,35,
sarojininagar,Sarojini Nagar,43,61,94,,रथीन्द्र नगर,002 खरिका,,10000,11000,12000,13000,26000,28000,40000,35000,30000,,,,,,,
sarojininagar,Sarojini Nagar,43,61,95,,लौंगा खेड़ा,002 खरिका,,7000,7500,8500,9500,26000,28000,40000,35000,30000,,,,,,,
sarojininagar,Sarojini Nagar,43,61,96,,लिलमथा,001 इब्राहिमपुर,,7000,7500,8500,9500,26000,28000,40000,35000,30000,,,,,,,
sarojininagar,Sarojini Nagar,43,62,97,,वृन्दावन योजना,001 इब्राहिमपुर,,28000,31000,34000,37000,30000,34000,50000,45000,40000,,,,,,,
sarojininagar,Sarojini Nagar,43,62,98,,शकूरपुर,001 इब्राहिमपुर,,7000,7500,8500,9500,26000,28000,40000,35000,30000,,,,,,,
sarojininagar,Sarojini Nagar,43,62,99,,शारदा कैनाल कालोनी,010 शारदा नगर,,13000,14000,15000,16000,26000,28000,40000,35000,30000,,,,,,,
sarojininagar,Sarojini Nagar,44,62,100,,शारदा नगर,005 शारदा नगर,,25000,28000,31000,34000,26000,28000,50000,40000,35000,,,,,,,
sarojininagar,Sarojini Nagar,44,62,101,,शारदा नगर योजना,005 शारदा नगर,,25000,28000,31000,34000,26000,28000,50000,40000,35000,,,,,,,
sarojininagar,Sarojini Nagar,44,62,102,,शान्तिनगर,0207 राजा बिजली पासी,,7000,7500,8500,9500,26000,28000,40000,35000,30000,,,,,,,pargana code 0207/name mismatch as printed
sarojininagar,Sarojini Nagar,44,62,103,,शाहपुर मझगवां,101 बिजनौर,,2500,2500,3000,3500,20000,22000,35000,30000,25000,,50,45,,50,35,
sarojininagar,Sarojini Nagar,44,62,104,,शीतलखेड़ा,005 शारदा नगर,,5000,5500,6500,7000,26000,28000,40000,35000,30000,,,,,,,
sarojininagar,Sarojini Nagar,44,62,105,,शिव बिहार,002 खरिका,,7000,7500,8500,9500,26000,28000,40000,35000,30000,,,,,,,
sarojininagar,Sarojini Nagar,44,62,106,,सरैयॉ,101 बिजनौर,,2500,2500,3000,3500,20000,22000,30000,25000,23000,,50,45,,50,35,
sarojininagar,Sarojini Nagar,44,62,107,,सरसवां/अर्जुनगंज,111 इब्राहिमपुर,,12000,13000,14000,15000,26000,28000,40000,35000,30000,,215,200,,215,155,pargana code 111/name mismatch as printed
sarojininagar,Sarojini Nagar,44,62,108,,सरस्वती पुरम,001 इब्राहिमपुर,,12000,13000,14000,15000,26000,28000,40000,35000,30000,,,,,,,
sarojininagar,Sarojini Nagar,45,63,109,,सरपोटगंज,005 शारदा नगर,,12000,13000,14000,15000,26000,28000,40000,35000,30000,,,,,,,
sarojininagar,Sarojini Nagar,45,63,110,,सालेह नगर,005 शारदा नगर,,12000,13000,14000,15000,26000,28000,40000,35000,30000,,,,,,,
sarojininagar,Sarojini Nagar,45,63,111,,सुशान्त सिटी (सेक्टर-ए से ई तक),001 इब्राहिमपुर,,35000,39000,43000,47000,30000,34000,75000,70000,65000,,,,,,,
sarojininagar,Sarojini Nagar,45,63,112,,सुशान्त सिटी (सेक्टर-एफ से आई तक),001 इब्राहिमपुर,,25000,28000,31000,34000,30000,34000,70000,65000,60000,,,,,,,
sarojininagar,Sarojini Nagar,45,63,113,,सुशान्त सिटी (सेक्टर-जे से एम तक),001 इब्राहिमपुर,,21000,23000,25000,28000,30000,34000,65000,60000,55000,,,,,,,
sarojininagar,Sarojini Nagar,45,63,114,,सुभानी खेड़ा,002 खरिका,,8000,9000,10000,11000,26000,28000,40000,35000,30000,,,,,,,
sarojininagar,Sarojini Nagar,45,63,115,,सुभाष नगर,002 खरिका,,8000,9000,10000,11000,26000,28000,40000,35000,30000,,,,,,,
sarojininagar,Sarojini Nagar,45,63,116,,सेंवई,101 बिजनौर,,6500,7500,8000,8500,24000,26000,35000,30000,27000,,155,145,,155,110,
sarojininagar,Sarojini Nagar,45,63,117,,सेनानी बिहार,002 खरिका,,14000,15000,16000,17000,26000,28000,45000,40000,35000,,,,,,,
sarojininagar,Sarojini Nagar,46,63,118,,सैनिक नगर,002 खरिका,,14000,15000,16000,17000,26000,28000,40000,35000,30000,,,,,,,
sarojininagar,Sarojini Nagar,46,63,119,,साउथ सिटी,005 शारदा नगर,,25000,28000,31000,34000,26000,28000,40000,35000,30000,,,,,,,
sarojininagar,Sarojini Nagar,46,63,120,,हसनपुर खेवली,101 बिजनौर,,7000,7500,8500,9500,24000,26000,40000,35000,30000,,155,145,,155,110,
sarojininagar,Sarojini Nagar,46,64,121,,हरिहरपुर,101 इब्राहिमपुर,,12000,13000,14000,15000,30000,34000,45000,40000,35000,,180,170,,180,130,pargana code 101/name mismatch as printed
sarojininagar,Sarojini Nagar,46,64,122,,हैबतमऊ मवैया,001 इब्राहिमपुर,,10000,11000,12000,13000,26000,28000,40000,35000,30000,,,,,,,
sarojininagar2,Sarojini Nagar-2,27,42,1,,अनौरा,0201 सरोजनी नगर वार्ड,,8000,9000,10000,11000,25000,27000,30000,29000,28000,,280,250,,280,200,serial printed as 1* (footnote: clerical error corrected per SR report)
sarojininagar2,Sarojini Nagar-2,27,42,2,,अन्धपुर उमराव,0101 बिजनौर,,4000,5000,6000,7000,20000,22000,25000,24000,23000,,98,88,,98,70,
sarojininagar2,Sarojini Nagar-2,27,42,3,,अन्धपुर देव,0101 बिजनौर,,2500,2700,3000,3300,18000,20000,23000,22000,21000,,50,44,,50,35,
sarojininagar2,Sarojini Nagar-2,27,42,4,,अमावां,0101 बिजनौर,,2500,2700,3000,3300,18000,20000,23000,22000,21000,,42,38,,42,30,
sarojininagar2,Sarojini Nagar-2,27,42,5,,अमौसी,0195 सरोजनी नगर वार्ड,,12000,13000,14000,15000,25000,27000,30000,29000,28000,,370,330,,370,265,
sarojininagar2,Sarojini Nagar-2,27,42,6,,अली नगर सुनहरा,0196 सरोजनी नगर वार्ड,,8000,8800,9900,10400,25000,27000,30000,29000,28000,,277,248,,277,198,
sarojininagar2,Sarojini Nagar-2,27,42,7,,अवध विहार कालोनी,0302 सरोजनी नगर वार्ड,,8500,9200,10000,10400,24000,26000,29000,28000,27000,,,,,,,
sarojininagar2,Sarojini Nagar-2,27,42,8,,आजाद विहार कालोनी,0101 बिजनौर,,2500,2700,3000,3300,20000,22000,25000,24000,23000,,,,,,,
sarojininagar2,Sarojini Nagar-2,27,42,9,,आदमपुर इन्दवारा,0113 परगना काकोरी,,2500,2700,3300,3800,20000,22000,25000,24000,23000,,94,88,,94,70,
sarojininagar2,Sarojini Nagar-2,27,42,10,,आशियाना,0007 विद्य्यावती देवीनगर,,24000,26500,29000,31000,26000,28000,58000,45000,36000,,,,,,,
sarojininagar2,Sarojini Nagar-2,27,42,11,,इब्राहिमगंज,0113 परगना काकोरी,,5000,6000,7000,8000,20000,22000,25000,24000,23000,,94,88,,94,70,
sarojininagar2,Sarojini Nagar-2,27,42,12,,ऍन,0101 बिजनौर,,2500,2700,3000,3300,18000,20000,23000,22000,21000,,42,38,,42,30,
sarojininagar2,Sarojini Nagar-2,27,42,13,,औरावां,0101 बिजनौर,,2500,2700,3000,3300,18000,20000,23000,22000,21000,,50,44,,50,35,
sarojininagar2,Sarojini Nagar-2,27,42,14,,कलिया खेड़ा,0101 बिजनौर,,5500,6000,6600,7200,20000,22000,25000,24000,23000,,154,138,,154,110,
sarojininagar2,Sarojini Nagar-2,28,43,15,,कलिया खेड़ा (अनन्त नगर योजना),0101 बिजनौर,,15000,16000,17000,18000,25000,27000,30000,29000,28000,,,,,,,
sarojininagar2,Sarojini Nagar-2,28,43,16,,कानपुर रोड योजना,0007 विद्य्यावती देवीनगर,,22000,23000,24000,25000,26000,28000,45000,35000,29000,,,,,,,
sarojininagar2,Sarojini Nagar-2,28,43,17,,कानपुर रोड योजना,0010 हिन्दनगर,,22000,23000,24000,25000,26000,28000,45000,35000,29000,,,,,,,
sarojininagar2,Sarojini Nagar-2,28,43,18,,कासिमपुर पकरी,0010 हिन्दनगर,,12000,13000,14000,15000,25000,27000,40000,35000,30000,,,,,,,
sarojininagar2,Sarojini Nagar-2,28,43,19,,किला मोहम्मदीनगर,0003 हिन्दनगर,,8000,9000,10000,11000,26000,28000,35000,29000,28000,,370,340,,370,270,serial printed as 19* (footnote: clerical error corrected per SR report); P2 name किला मोहम्मदीनगर
sarojininagar2,Sarojini Nagar-2,28,43,20,,किशनपुर कौडिया,0101 बिजनौर,,2500,2700,3000,3300,18000,20000,23000,22000,21000,,50,44,,50,35,
sarojininagar2,Sarojini Nagar-2,28,43,21,,कुरौनी,0101 बिजनौर,,2500,2700,3000,3300,18000,20000,23000,22000,21000,,50,44,,50,35,
sarojininagar2,Sarojini Nagar-2,28,43,22,,कूढ़ाईटगांव,0113 परगना काकोरी,,2500,2700,3300,3800,18000,20000,23000,22000,21000,,70,56,,70,45,
sarojininagar2,Sarojini Nagar-2,28,43,23,,कृष्णलोक कालोनी,0101 बिजनौर,,7000,7700,8400,9000,22000,24000,27000,26000,25000,,,,,,,
sarojininagar2,Sarojini Nagar-2,28,43,24,,खसरवारा,0101 बिजनौर,,2500,2700,3000,3300,18000,20000,23000,22000,21000,,50,44,,50,35,
sarojininagar2,Sarojini Nagar-2,28,43,25,,खाण्डेदेव,0101 बिजनौर,,2500,2700,3000,3300,18000,20000,23000,22000,21000,,50,44,,50,35,
sarojininagar2,Sarojini Nagar-2,28,43,26,,खुर्रमपुर,0101 बिजनौर,,4000,4500,5000,5500,20000,22000,25000,24000,23000,,98,88,,98,70,
sarojininagar2,Sarojini Nagar-2,28,43,27,,खुशहालगंज,0113 परगना काकोरी,,6500,7100,7800,8500,20000,22000,25000,24000,23000,,168,150,,168,120,
sarojininagar2,Sarojini Nagar-2,28,43,28,,गढ़ी चुनौटी,0101 बिजनौर,,2500,2700,3000,3300,18000,20000,23000,22000,21000,,50,44,,50,35,
sarojininagar2,Sarojini Nagar-2,29,44,29,,गहरू,0198 सरोजनी नगर वार्ड,,8500,9000,9500,10000,24000,26000,29000,28000,27000,,330,294,,330,235,
sarojininagar2,Sarojini Nagar-2,29,44,30,,गहलवारा,0113 परगना काकोरी,,2500,2700,3300,3800,20000,22000,25000,24000,23000,,94,88,,94,70,
sarojininagar2,Sarojini Nagar-2,29,44,31,,गुडौरा,0003 हिन्दनगर,,5500,6500,7000,7500,26000,28000,40000,35000,30000,,440,394,,440,315,
sarojininagar2,Sarojini Nagar-2,29,44,32,,गुदौली,0101 बिजनौर,,2500,2700,3000,3300,18000,20000,23000,22000,21000,,42,38,,42,30,
sarojininagar2,Sarojini Nagar-2,29,44,33,,गौरी,0197 सरोजनी नगर वार्ड,,9000,9900,10800,11800,24000,26000,29000,28000,27000,,370,330,,370,265,
sarojininagar2,Sarojini Nagar-2,29,44,34,,गौरी बिहार,0199 सरोजनी नगर वार्ड,,9000,9900,10800,11800,24000,26000,29000,28000,27000,,,,,,,
sarojininagar2,Sarojini Nagar-2,29,44,35,,चकौली,0101 बिजनौर,,6000,6500,7000,7500,20000,22000,25000,24000,23000,,154,138,,154,110,
sarojininagar2,Sarojini Nagar-2,29,44,36,,जयराजपुरी,0200 सरोजनी नगर वार्ड,,15000,16000,17000,18000,24000,26000,29000,28000,27000,,,,,,,
sarojininagar2,Sarojini Nagar-2,29,44,37,,जहानाबाद,0101 बिजनौर,,2500,2700,3000,3300,18000,20000,23000,22000,21000,,50,44,,50,35,
sarojininagar2,Sarojini Nagar-2,29,44,38,,ट्रान्सपोर्ट नगर,0010 हिन्दनगर,,30000,33000,34000,35000,26000,28000,50000,40000,30000,,,,,,,
sarojininagar2,Sarojini Nagar-2,29,44,39,,डिघिया,0113 परगना काकोरी,,5000,5000,5500,6000,20000,22000,25000,24000,23000,,100,90,,100,72,
sarojininagar2,Sarojini Nagar-2,29,44,40,,तेजकृष्ण खेड़ा,0113 परगना काकोरी,,2500,2700,3300,3800,20000,22000,25000,24000,23000,,94,88,,94,70,
sarojininagar2,Sarojini Nagar-2,29,44,41,,तेरवा,0101 बिजनौर,,2500,2700,3000,3300,18000,20000,23000,22000,21000,,42,38,,42,30,
sarojininagar2,Sarojini Nagar-2,29,44,42,,दराबनगर बरकोता,0101 बिजनौर,,2500,2700,3000,3300,18000,20000,23000,22000,21000,,42,38,,42,30,
sarojininagar2,Sarojini Nagar-2,30,45,43,,दादूपुर,0101 बिजनौर,,2500,2700,3000,3300,18000,20000,23000,22000,21000,,50,44,,50,35,
sarojininagar2,Sarojini Nagar-2,30,45,44,,दोना,0113 परगना काकोरी,,2500,2700,3300,3800,20000,22000,25000,24000,23000,,94,88,,94,70,
sarojininagar2,Sarojini Nagar-2,30,45,45,,नकटौरा,0113 परगना काकोरी,,2500,2700,3300,3800,20000,22000,25000,24000,23000,,94,88,,94,70,
sarojininagar2,Sarojini Nagar-2,30,45,46,,नटकुर,0101 बिजनौर,,7000,7700,8400,9200,20000,22000,25000,24000,23000,,154,138,,154,110,
sarojininagar2,Sarojini Nagar-2,30,45,47,,नटकुर (एल्डिको शौर्य),0101 बिजनौर,,20000,22000,24000,26000,26000,28000,40000,35000,30000,,,,,,,
sarojininagar2,Sarojini Nagar-2,30,45,48,,नरायनपुर,0101 बिजनौर,,2500,2700,3000,3300,18000,20000,23000,22000,21000,,42,38,,42,30,
sarojininagar2,Sarojini Nagar-2,30,45,49,,नानमऊ,0101 बिजनौर,,2500,2700,3000,3300,18000,20000,23000,22000,21000,,42,38,,42,30,
sarojininagar2,Sarojini Nagar-2,30,45,50,,नारायनपुरी,0301 सरोजनी नगर वार्ड,,8500,9000,9500,10000,24000,26000,29000,28000,27000,,,,,,,
sarojininagar2,Sarojini Nagar-2,30,45,51,,पलेहन्दा,0101 बिजनौर,,4000,4500,5000,5500,20000,22000,25000,24000,23000,,98,88,,98,70,
sarojininagar2,Sarojini Nagar-2,30,45,52,,पहाड़पुर,0101 बिजनौर,,2500,2700,3000,3300,18000,20000,23000,22000,21000,,50,44,,50,35,
sarojininagar2,Sarojini Nagar-2,30,45,53,,पिपरसण्ड,0101 बिजनौर,,7000,7700,8400,9200,20000,22000,25000,24000,23000,,154,138,,154,110,
sarojininagar2,Sarojini Nagar-2,30,45,54,,पिपरसण्ड (संतुष्टि इन्क्लेव),0101 बिजनौर,,8000,8000,9000,10000,25000,27000,30000,29000,28000,,,,,,,
sarojininagar2,Sarojini Nagar-2,30,45,55,,पुरैना,0113 परगना काकोरी,,2500,2700,3300,3800,18000,20000,23000,22000,21000,,42,38,,42,30,
sarojininagar2,Sarojini Nagar-2,30,45,56,,प्यारेपुर,0101 परगना काकोरी,,5000,5500,6000,6500,20000,22000,25000,24000,23000,,100,90,,100,72,code 0101 printed with name परगना काकोरी (code/name mismatch as printed)
sarojininagar2,Sarojini Nagar-2,31,46,57,,प्यारेपुर (अनन्त नगर योजना),0101 परगना काकोरी,,15000,16000,17000,18000,25000,27000,30000,29000,28000,,,,,,,code 0101 printed with name परगना काकोरी (code/name mismatch as printed)
sarojininagar2,Sarojini Nagar-2,31,46,58,,फतेहगंज,0113 परगना काकोरी,,6000,6500,7000,7500,20000,22000,25000,24000,23000,,168,150,,168,120,
sarojininagar2,Sarojini Nagar-2,31,46,59,,फर्रूखाबाद चिल्लावां,0010 हिन्दनगर,,10000,11000,12000,13000,26000,28000,40000,35000,30000,,370,330,,370,265,
sarojininagar2,Sarojini Nagar-2,31,46,60,,बदाली खेड़ा,0010 हिन्दनगर,,9500,10000,11000,12000,24000,26000,37000,30000,27000,,440,394,,440,315,
sarojininagar2,Sarojini Nagar-2,31,46,61,,बनी,0101 बिजनौर,,2500,2700,3000,3300,18000,20000,23000,22000,21000,,50,44,,50,35,
sarojininagar2,Sarojini Nagar-2,31,46,62,,बन्थरा सिकन्दरपुर,0101 बिजनौर,,4500,5000,5500,6000,18000,20000,24000,22000,21000,,84,75,,84,60,
sarojininagar2,Sarojini Nagar-2,31,46,63,,बरकताबाद जहांगीराबाद,0113 परगना काकोरी,,4500,5000,5500,6000,20000,22000,25000,24000,23000,,95,85,,95,68,
sarojininagar2,Sarojini Nagar-2,31,46,64,,बरगवा (बारा बिरवा),0010 हिन्दनगर,,12000,13000,14000,15000,24000,26000,37000,30000,27000,,,,,,,
sarojininagar2,Sarojini Nagar-2,31,46,65,,बल्दी खेड़ा,0010 हिन्दनगर,,10000,11000,12000,13000,24000,26000,37000,30000,27000,,,,,,,
sarojininagar2,Sarojini Nagar-2,31,46,66,,बहदनामऊ,0101 बिजनौर,,2500,2700,3000,3300,18000,20000,23000,22000,21000,,42,38,,42,30,
sarojininagar2,Sarojini Nagar-2,31,46,67,,बापू नगर,0203 सरोजनी नगर वार्ड,,7500,8200,9000,10000,24000,26000,29000,28000,27000,,,,,,,
sarojininagar2,Sarojini Nagar-2,31,46,68,,बेंती,0101 बिजनौर,,2500,2700,3000,3300,18000,20000,23000,22000,21000,,50,44,,50,35,
sarojininagar2,Sarojini Nagar-2,31,46,69,,बेलवा,0113 परगना काकोरी,,5000,5500,6000,6600,20000,22000,25000,24000,23000,,95,85,,95,68,
sarojininagar2,Sarojini Nagar-2,31,46,70,,बेहटवा,0202 सरोजनी नगर वार्ड,,7000,7500,8000,8500,24000,26000,29000,28000,27000,,330,294,,330,235,
sarojininagar2,Sarojini Nagar-2,32,47,71,,बेहटा,0101 बिजनौर,,4000,4500,5000,5500,20000,22000,25000,24000,23000,,98,88,,98,70,
sarojininagar2,Sarojini Nagar-2,32,47,72,,बेहसा,0003 सरोजनी नगर वार्ड,,12000,13000,14000,15000,26000,28000,40000,35000,30000,,440,394,,440,315,
sarojininagar2,Sarojini Nagar-2,32,47,73,,भटगवां पाण्डेय,0101 बिजनौर,,2500,2700,3000,3300,18000,20000,23000,22000,21000,,42,38,,42,30,
sarojininagar2,Sarojini Nagar-2,32,47,74,,भटगावं,0101 बिजनौर,,2500,2700,3000,3300,18000,20000,23000,22000,21000,,50,44,,50,35,
sarojininagar2,Sarojini Nagar-2,32,47,75,,भदरूख,0005 बिजनौर,,13000,14000,15000,16000,26000,28000,40000,35000,30000,,410,390,,410,310,
sarojininagar2,Sarojini Nagar-2,32,47,76,,भदोई,0101 बिजनौर,,2500,2700,3000,3300,18000,20000,23000,22000,21000,,50,44,,50,35,
sarojininagar2,Sarojini Nagar-2,32,47,77,,भौकापुर,0101 बिजनौर,,2500,2700,3000,3300,18000,20000,23000,22000,21000,,50,44,,50,35,
sarojininagar2,Sarojini Nagar-2,32,47,78,,मदारपुर,0113 परगना काकोरी,,2500,2700,3300,3800,20000,22000,25000,24000,23000,,56,50,,56,42,serial printed as 78* (footnote: clerical error corrected per SR report)
sarojininagar2,Sarojini Nagar-2,32,47,79,,मदारी खेड़ा,0010 हिन्दनगर,,10000,11000,12000,13000,24000,26000,37000,30000,27000,,440,394,,440,315,
sarojininagar2,Sarojini Nagar-2,32,47,80,,मवई पड़ियाना,0101 बिजनौर,,2500,2700,3000,3300,18000,20000,23000,22000,21000,,50,44,,50,35,
sarojininagar2,Sarojini Nagar-2,32,47,81,,मान सरोवर योजना,0010 हिन्दनगर,,21000,22000,23000,24000,26000,28000,45000,35000,29000,,,,,,,
sarojininagar2,Sarojini Nagar-2,32,47,82,,मानस नगर,0204 सरोजनी नगर वार्ड,,8500,9000,9500,10000,24000,26000,29000,28000,27000,,,,,,,
sarojininagar2,Sarojini Nagar-2,32,47,83,,मिर्जापुर लुटौवा,0101 बिजनौर,,2500,2700,3000,3300,18000,20000,23000,22000,21000,,42,38,,42,30,
sarojininagar2,Sarojini Nagar-2,32,47,84,,मिश्रा पुरम कॉलोनी,0303 सरोजनी नगर वार्ड,,13000,18000,19000,20000,24000,26000,32000,28000,27000,,,,,,,
sarojininagar2,Sarojini Nagar-2,33,48,85,,मीरानपुर पिनवट,0101 बिजनौर,,6500,7100,7800,8500,20000,22000,25000,24000,23000,,154,138,,154,110,
sarojininagar2,Sarojini Nagar-2,33,48,86,,मीरानपुर पिनवट (पार्थ रिपब्लिक),0101 बिजनौर,,20000,21000,22000,23000,26000,28000,31000,30000,29000,,,,,,,name cut off in P4 (printed 'मीरानपुर पिनवट (पार्थ रिपबि'); completed from P2
sarojininagar2,Sarojini Nagar-2,33,48,87,,मुरली नगर,0268 सरोजनी नगर वार्ड,,10000,11000,12000,13000,24000,26000,29000,28000,27000,,,,,,,
sarojininagar2,Sarojini Nagar-2,33,48,88,,मुहम्मदपुर भक्तीखेड़ा,0101 बिजनौर,,2500,2700,3000,3300,18000,20000,23000,22000,21000,,42,38,,42,30,
sarojininagar2,Sarojini Nagar-2,33,48,89,,मौंदा,0101 बिजनौर,,6500,7100,7800,8500,20000,22000,25000,24000,23000,,154,138,,154,110,
sarojininagar2,Sarojini Nagar-2,33,48,90,,रहीमनगर पड़ियाना,0101 बिजनौर,,2500,2700,3000,3300,18000,20000,23000,22000,21000,,42,38,,42,30,
sarojininagar2,Sarojini Nagar-2,33,48,91,,रहीमाबाद,0003 बिजनौर,,7000,7500,8500,9500,26000,28000,40000,35000,30000,,440,394,,440,315,
sarojininagar2,Sarojini Nagar-2,33,48,92,,राम चौरा,0101 बिजनौर,,2500,2700,3000,3300,18000,20000,23000,22000,21000,,50,44,,50,35,
sarojininagar2,Sarojini Nagar-2,33,48,93,,राम विहार कालोनी,0101 बिजनौर,,5500,6000,6600,7200,20000,22000,25000,24000,23000,,,,,,,
sarojininagar2,Sarojini Nagar-2,33,48,94,,रामगढ़ कालोनी,0101 हिन्दनगर,,11000,12000,13000,14000,24000,26000,37000,30000,27000,,,,,,,code 0101 printed with name हिन्दनगर (code/name mismatch as printed)
sarojininagar2,Sarojini Nagar-2,33,48,95,,रामदासपुर,0010 बिजनौर,,2500,2700,3000,3300,18000,20000,23000,22000,21000,,42,38,,42,30,code 0010 printed with name बिजनौर (code/name mismatch as printed)
sarojininagar2,Sarojini Nagar-2,33,48,96,,रेवरी,0113 परगना काकोरी,,2500,2700,3300,3800,20000,22000,25000,24000,23000,,94,88,,94,70,
sarojininagar2,Sarojini Nagar-2,33,48,97,,लतीफनगर,0101 बिजनौर,,2500,2700,3000,3300,18000,20000,23000,22000,21000,,50,44,,50,35,
sarojininagar2,Sarojini Nagar-2,33,48,98,,लिटरैसी हाऊस,0010 हिन्दनगर,,8500,9000,10000,11000,24000,26000,37000,30000,27000,,370,330,,370,265,
sarojininagar2,Sarojini Nagar-2,34,49,99,,लोनहा,0101 बिजनौर,,2500,2700,3000,3300,18000,20000,23000,22000,21000,,46,44,,46,42,
sarojininagar2,Sarojini Nagar-2,34,49,100,,विष्णुलोक कॉलोनी,0205 सरोजनी नगर वार्ड,,16000,18000,19000,20000,24000,26000,29000,28000,27000,,,,,,,
sarojininagar2,Sarojini Nagar-2,34,49,101,,शान्तिनगर,0207 सरोजनी नगर वार्ड,,15000,18000,19000,20000,24000,26000,35000,28000,27000,,,,,,,
sarojininagar2,Sarojini Nagar-2,34,49,102,,शारदा कैनाल कालोनी,0010 हिन्दनगर,,13000,14000,15000,16000,26000,28000,40000,35000,30000,,,,,,,
sarojininagar2,Sarojini Nagar-2,34,49,103,,शिवरी,0113 परगना काकोरी,,7000,7700,8400,9200,20000,22000,25000,24000,23000,,168,150,,168,120,
sarojininagar2,Sarojini Nagar-2,34,49,104,,सकरा,0113 परगना काकोरी,,2500,2800,3300,3800,18000,20000,23000,22000,21000,,60,57,,60,42,
sarojininagar2,Sarojini Nagar-2,34,49,105,,सदरौना,0101 बिजनौर,,7000,7700,8400,9200,20000,22000,25000,24000,23000,,154,138,,154,110,
sarojininagar2,Sarojini Nagar-2,34,49,106,,समदा,0101 बिजनौर,,6000,6600,7200,7900,20000,22000,25000,24000,23000,,154,138,,154,110,
sarojininagar2,Sarojini Nagar-2,34,49,107,,सम्भरखेड़ा,0010 हिन्दनगर,,10000,11000,12000,13000,24000,26000,37000,30000,27000,,440,394,,440,315,
sarojininagar2,Sarojini Nagar-2,34,49,108,,सरांय मुहिब,0113 परगना काकोरी,,2500,2700,3300,3800,18000,20000,23000,22000,21000,,50,44,,50,35,
sarojininagar2,Sarojini Nagar-2,34,49,109,,सराय शहजादी,0101 बिजनौर,,3200,3500,4000,4500,18000,20000,23000,22000,21000,,84,75,,84,60,
sarojininagar2,Sarojini Nagar-2,34,49,110,,सरोजनी नगर,0206 सरोजनी नगर वार्ड,,12000,13000,14000,15000,24000,26000,32000,28000,27000,,,,,,,
sarojininagar2,Sarojini Nagar-2,34,49,111,,सरोसा भरोसा,0113 परगना काकोरी,,8500,9300,10200,11200,20000,22000,32000,25000,23000,,196,175,,196,140,
sarojininagar2,Sarojini Nagar-2,34,49,112,,सहिजनपुर,0101 बिजनौर,,2500,2700,3000,3300,18000,20000,23000,22000,21000,,42,38,,42,30,
sarojininagar2,Sarojini Nagar-2,35,50,113,,सादुल्लानगर,0101 बिजनौर,,2500,2700,3000,3300,18000,20000,23000,22000,21000,,42,38,,42,30,
sarojininagar2,Sarojini Nagar-2,35,50,114,,सालेहनगर,0005 बिजनौर,,12000,13000,14000,15000,26000,28000,40000,35000,30000,,,,,,,
sarojininagar2,Sarojini Nagar-2,35,50,115,,सैदपुर पुरही,0101 बिजनौर,,2500,2700,3000,3300,18000,20000,23000,22000,21000,,42,38,,42,30,
sarojininagar2,Sarojini Nagar-2,35,50,116,,स्वपन लोक कालोनी,0010 हिन्दनगर,,12000,13000,14000,15000,24000,26000,37000,30000,27000,,,,,,,
sarojininagar2,Sarojini Nagar-2,35,50,117,,हनुमानपुरी,0300 सरोजनी नगर वार्ड,,11000,12000,13000,14000,24000,26000,29000,28000,27000,,,,,,,
sarojininagar2,Sarojini Nagar-2,35,50,118,,हरदोईया लाल नगर,0113 परगना काकोरी,,5500,6000,7000,8000,20000,22000,25000,24000,23000,,95,85,,95,68,
sarojininagar2,Sarojini Nagar-2,35,50,119,,हरौनी,0101 बिजनौर,,2500,2700,3000,3300,18000,20000,23000,22000,21000,,50,44,,50,35,
sarojininagar2,Sarojini Nagar-2,35,50,120,,हिन्दनगर,0010 हिन्दनगर,,13000,14000,15400,16900,24000,26000,37000,30000,27000,,,,,,,
sarojininagar2,Sarojini Nagar-2,35,50,121,,हुलास खेड़ा,0101 बिजनौर,,2500,2700,3000,3300,18000,20000,23000,22000,21000,,42,38,,42,30,
