sro,serial,village_hi,category,road_hi,pages,khasra_count,khasra,flags
sadar4,1,अजमतनगर,nh,,1,9,"214, 222, 223, 224, 179, 177, 176, 178, 167",
sadar4,1,अजमतनगर,link,,1,17,"115, 196, 200, 201, 199, 197, 211, 284, 81, 82, 88, 92, 101, 100, 104, 116, 115",
sadar4,1,अजमतनगर,abadi,,1,43,"13, 21, 32, 61, 65, 105, 88, 92, 101, 100, 95, 96, 97, 126, 125, 124, 192, 127, 137, 138, 141, 142, 253, 154, 104, 182, 181, 173, 171, 224, 222, 175, 174, 181, 180, 182, 164, 170, 171, 122, 155, 159, 158",
sadar4,2,अमेठिया सलेमपुर,nh,,1 2,100,"202, 205, 206, 208, 209, 212, 1193-1198, 923, 928, 929, 937, 938, 941, 943, 945, 947, 959, 961, 962, 962, 963, 965, 967, 969, 970, 972, 973, 974, 975, 978, 992, 993, 995, 996, 999, 1000, 1002, 1017, 1066, 1065, 1066, 1069, 1072, 1073, 1074, 1076, 1077, 1068, 748, 750, 754, 760, 761, 763, 688, 689, 699, 822, 832, 839, 848, 864, 873, 893, 894, 818, 819, 831, 840, 849, 863, 874, 877, 932, 936, 938, 1039, 1040, 1043, 1044, 1046, 1048, 1049, 1050, 1054, 1058, 1063, 1064, 1065, 1066, 1095, 1267, 1271, 1272, 1275, 1276, 1280, 1281, 1283, 1284",p2: continued from p1
sadar4,2,अमेठिया सलेमपुर,district,,1,52,"1, 2, 4, 6, 7, 332, 350, 718, 720, 721, 722, 22, 327, 328, 330, 352, 353, 354, 358, 359, 364, 594, 595, 599, 601, 603, 613, 689, 690, 805, 806, 809, 810, 812, 817, 821, 692, 694, 696, 709, 754, 755, 756, 763, 764, 765, 788, 789, 791, 792, 796, 797",
sadar4,2,अमेठिया सलेमपुर,link,,1 2,122,"96, 91, 92, 90, 82, 78, 76, 75, 73, 62, 55, 54, 47, 46, 45, 39, 38, 37, 36, 35, 28, 27, 26, 22, 243, 256, 257, 288, 262, 267, 268, 269, 283, 284, 286, 288, 290, 309, 310, 311, 312, 313, 314, 315, 320, 322, 323, 325, 326, 327, 243, 244, 245, 246, 444, 456, 458, 459, 470, 501, 502, 503, 504, 241, 239, 237, 236, 233, 228, 229, 886, 884, 883, 890, 894, 895, 896, 897, 910, 909, 956, 954, 941, 934, 933, 932, 931, 926, 925, 923, 924, 921, 920, 912, 522, 523, 524, 542, 539, 544, 445, 576, 580, 581, 582, 583, 658, 652, 631, 632, 628, 616, 601, 1095, 1050, 1043, 1042, 1148, 1150, 1151, 1152, 1158",p2: continued from p1
sadar4,2,अमेठिया सलेमपुर,abadi,,1 2,114,"722, 27, 38, 43, 44, 54, 55, 87, 103, 104, 153, 154, 155, 163, 168, 186, 190, 191, 192, 244, 245, 251, 253, 265, 281, 282, 286, 297, 334, 335, 336, 337, 339, 340, 341, 343, 362, 365, 454, 459, 475, 477, 503, 594, 595, 596, 601, 616, 632, 692, 699, 713, 715, 716, 736, 737, 738, 739, 827, 828, 829, 830, 831, 843, 844, 845, 694, 693, 602, 613, 619, 687, 688, 809, 808, 810, 850, 862, 853, 857, 876, 855, 870, 658, 520, 522, 913, 1120, 914, 1127, 1123, 1113, 1139, 1140, 1169, 1170, 1136, 1173, 1172, 1178, 1179, 1156, 1150, 1151, 1178, 1179, 1243, 1284, 300, 358, 602, 769, 789, 806",p2: continued from p1
sadar4,3,कठिंगरा,nh,,2,30,"41, 42, 13, 14, 45, 16, 18, 19, 20, 29, 30, 106, 107, 108, 109, 107, 123, 124, 118, 122, 119, 120, 114, 113, 400, 401, 402, 412, 418, 419",
sadar4,3,कठिंगरा,link,,2,38,"413, 414, 437, 512, 513, 514, 531, 523, 524, 525, 527, 529, 530, 586, 584, 620, 601, 609, 608, 599, 595, 593, 592, 591, 597, 599, 588, 382, 384, 395, 399, 393, 131, 130, 2, 3, 4, 585",
sadar4,3,कठिंगरा,abadi,,2,127,"13, 14, 41, 42, 16, 17, 18, 19, 29, 30, 34, 106, 105, 100, 104, 107, 108, 101, 102, 103, 122, 124, 125, 126, 134, 118, 130, 127, 128, 401, 131, 392, 393, 388, 223, 222, 221, 232, 230, 229, 228, 227, 370, 373, 362, 361, 363, 366, 371, 372, 72, 77, 322, 615, 415, 414, 413, 416, 434, 562, 559, 452, 421, 427, 428, 430, 429, 425, 467, 512, 513, 514, 465, 466, 501, 502, 500, 430, 459, 450, 454, 453, 457, 448, 447, 446, 445, 439, 440, 441, 499, 496, 497, 495, 477, 473, 433, 432, 431, 521, 517, 507, 506, 505, 509, 492, 485, 544, 543, 570, 583, 539, 534, 530, 529, 620, 530, 535, 536, 538, 539, 543, 492, 370, 237, 228, 221",
sadar4,4,करझन,link,,2 3,30,"3, 5, 1, 100, 99, 98, 12, 8, 9, 31, 51, 52, 53, 56, 57, 85, 84, 83, 82, 123, 124, 67, 133, 132, 131, 126, 127, 128, 162, 164",p3: continued from p2
sadar4,4,करझन,abadi,,2,14,"35, 36, 31, 39, 31, 43, 50, 51, 98, 100, 112, 104, 103, 113",
sadar4,5,करिमाबाद,nh,,3,89,"363, 364, 373, 374, 224, 225, 223, 222, 219, 217, 218, 216, 215, 214, 213, 212, 211, 210, 209, 208, 207, 204, 205, 203, 202, 199, 198, 195, 193, 192, 179, 188, 143, 144, 151, 146, 147, 148, 184, 185, 402, 404, 405, 414, 412, 423, 434, 427, 431, 430, 457, 472, 471, 470, 480, 460, 481, 557, 555, 554, 551, 495, 526, 524, 510, 511, 523, 508, 301, 316, 330, 319, 345, 343, 338, 337, 365, 364, 375, 300, 302, 303, 305, 311, 312, 331, 335, 228, 225",
sadar4,5,करिमाबाद,link,,3,98,"15, 20, 165, 164, 163, 175, 159, 158, 156, 152, 144, 143, 103, 105, 141, 134, 130, 129, 516, 510, 519, 518, 524, 523, 525, 81, 82, 86, 88, 89, 99, 100, 109, 78, 79, 1, 2, 3, 4, 5, 6, 26, 25, 13, 12, 10, 9, 560, 561, 562, 575, 574, 470, 467, 466, 581, 590, 591, 642, 636, 630, 628, 627, 626, 646, 653, 655, 661, 662, 663, 669, 671, 672, 673, 674, 677, 680, 689, 690, 695, 699, 714, 718, 731, 732, 745, 746, 747, 748, 760, 761, 762, 763, 764, 765, 768, 782, 783",
sadar4,5,करिमाबाद,abadi,,3,93,"577, 586, 590, 784, 785, 786, 780, 779, 33, 44, 49, 20, 21, 1, 2, 3, 4, 5, 6, 26, 25, 13, 12, 9, 10, 175, 120, 68, 64, 75, 81, 82, 89, 83, 84, 85, 86, 87, 88, 89, 91, 92, 96, 97, 98, 99, 555, 564, 565, 566, 568, 569, 546, 584, 588, 587, 443, 453, 428, 783, 718, 722, 724, 627, 416, 417, 597, 596, 623, 624, 625, 619, 599, 600, 601, 602, 603, 604, 605, 297, 294, 293, 290, 335, 222, 202, 204, 211, 218, 195, 198, 199, 510",
sadar4,6,काकोरी,nh,,3 4,62,"2321/1, 2345/1, 2348, 2344/1, 2346, 2343, 2341/1, 2342, 2340/1, 2320/1, 767/3, 766/1, 765, 764/2, 748/2, 744, 747, 746/2, 747/2, 710/2, 711, 709, 712, 697/1, 695/1, 76, 48, 75, 74, 51, 72, 53, 71, 57, 56, 58, 55, 2334, 2335, 2336/1, 2339/1, 2322/1/2, 764/2, 742/2, 746/2, 706/1, 710/2, 709/1, 697/1, 39, 40, 41, 42, 44, 32, 31, 30, 3172, 3130, 3127, 3130, 3167",p4: continued from p3
sadar4,6,काकोरी,link,,3 4 5 6,398,"2324, 2323, 2322, 2321, 2320, 2329, 2316, 2311, 2312, 2307, 2306, 2305, 2295, 2294, 2289, 2288, 2287, 2286, 2285, 2284, 2281, 2276, 763, 764, 767, 769, 783, 784, 785, 791, 792, 799, 844, 845, 861, 862, 863, 864, 872, 873, 877, 1640, 1639, 1638, 1631, 1630, 1600, 1599, 1598, 1557, 1556, 1546, 1545, 1544, 1520, 1519, 1518, 1517, 1516, 1382, 1381, 1365, 1355, 1354, 1345, 1346, 1348, 1349, 1350, 1645, 1654, 1655, 1656, 1665, 1666, 1667, 1672, 1673, 1677, 1679, 1680, 1692, 1693, 1696, 1697, 1699, 1352, 1700, 1702, 1703, 1704, 536, 537, 538, 299, 284, 285, 105, 540, 542, 543, 282, 281, 115, 114, 107, 108, 103, 133, 534, 415, 414, 2396, 2394, 536, 299, 301, 303, 304, 316, 317, 578, 579, 581, 582, 524, 433, 434, 436, 437, 438, 439, 440, 527, 431, 429, 428, 427, 409, 408, 407, 406, 1115, 1111, 1110, 1109, 1107, 1106, 1036, 1033, 1041, 1040, 1035, 117, 1123, 1124, 1125, 1101, 1102, 1103, 1104, 1091, 1088, 1087, 1038, 1080, 1066, 1063, 1059, 1060, 1618, 1617, 1616, 1583, 1582, 1581, 1576, 1572, 1573, 1451, 1450, 1449, 1448, 1447, 1416, 1445, 1415, 1413, 1412, 1286, 1285, 1284, 1283, 1255, 1254, 1252, 1249, 1248, 1247, 1234, 1233, 1210, 1209, 1208, 1203, 1204, 1176, 1175, 1172, 1171, 1166, 1165, 1164, 1062, 1075, 1071, 1070, 1062, 1063, 1056, 1055, 1051, 552, 255, 256, 231, 228, 227, 226, 225, 224, 208, 200, 192, 199, 198, 189, 151, 155, 157, 554, 252, 253, 250, 249, 248, 233, 234, 235, 221, 222, 210, 211, 187, 176, 175, 174, 173, 172, 162, 159, 2329, 2340, 2366, 2335, 2334, 2345, 2344, 777, 770, 769, 782, 781, 780, 779, 778, 730, 729, 728, 727, 815, 819, 818, 821, 667, 650, 646, 439, 637, 242, 244, 246, 250, 553, 551, 550, 547, 548, 562, 571, 572, 574, 530, 529, 527, 582, 583, 522, 513, 512, 504, 502, 501, 497, 484, 483, 481, 487, 488, 495, 491, 515, 514, 520, 523, 524, 431, 421, 420, 419, 434, 436, 536, 541, 272, 267, 264, 266, 265, 256, 248, 240, 241, 249, 242, 243, 238, 236, 646, 659, 652, 651, 654, 655, 653, 663, 665, 669, 670, 671, 672, 673, 721, 720, 820, 724, 722, 719, 733, 726, 732, 734, 736, 738, 737, 739, 775, 776, 773, 774, 772, 743, 1945, 1946, 1956, 1957, 1954, 1953, 1909, 1961, 1889, 1892, 1894, 1897, 1931, 1927, 1928, 1937",p4: continued from p3 | p5: continued from p3 | p6: continued from p3
sadar4,6,काकोरी,abadi,,3 4 5,285,"763, 759, 758, 756, 755, 754, 752, 757, 2323, 2324, 2338, 2337, 2327, 2328, 2339, 2328, 2329, 2330, 2319, 2318, 2320, 2344, 2342, 2343, 2346, 2348, 2349, 2350, 2351, 2351, 2345, 2354, 2355, 2359, 2358, 2362, 2363, 2360, 2368, 2315, 2316, 2314, 2313, 2312, 2311, 2310, 2309, 2338, 1544, 1542, 1543, 1548, 1545, 1546, 1547, 1551, 1550, 1549, 1535, 1536, 1537, 1538, 1531, 1529, 1528, 1530, 1532, 1509, 1503, 1524, 1525, 1523, 1522, 1520, 1817, 1852, 1851, 1854, 1853, 1812, 1813, 1814, 1815, 1811, 1810, 1809, 1804, 1805, 1808, 1807, 1806, 1817, 1845, 1846, 1826, 1827, 1844, 1842, 2023, 2016, 2015, 2017, 2022, 2021, 2020, 2018, 2019, 1963, 1962, 2008, 2009, 1958, 1959, 1951, 1954, 878, 880, 881, 886, 887, 888, 909, 908, 910, 911, 912, 921, 922, 973, 974, 976, 980, 981, 1013, 1014, 2275, 2223, 2269, 2257, 2258, 2259, 2255, 2246, 2247, 2245, 2243, 2244, 2650, 2651, 2653, 2660, 2661, 2262, 2663, 2669, 2668, 2667, 2660, 2671, 2675, 2672, 2673, 2674, 2206, 2222, 2225, 2230, 2232, 2233, 2236, 2235, 2229, 2217, 2228, 2227, 2220, 2219, 2207, 2177, 2022, 2003, 1982, 1983, 1999, 1646, 1645, 1635, 1640, 1634, 1633, 1625, 1624, 1619, 1060, 1059, 1058, 1621, 1620, 1020, 1622, 1018, 1014, 1013, 981, 980, 978, 976, 970, 975, 974, 973, 927, 930, 960, 946, 942, 943, 941, 935, 934, 933, 931, 588, 929, 597, 928, 598, 922, 609, 607, 608, 610, 615, 621, 614, 616, 619, 620, 252, 554, 552, 558, 557, 556, 559, 560, 566, 568, 1019, 1022, 1009, 1008, 1023, 1021, 1025, 1024, 1005, 1006, 1007, 1001, 1000, 991, 990, 992, 999, 988, 987, 996, 998, 993, 994, 995, 1003, 1028, 1027, 1026, 1047, 990, 255, 989, 988, 987, 954, 953, 957",p4: continued from p3 | p5: continued from p3
sadar4,7,कुशमौरा हुलवापुर,nh,,6,49,"2048, 2055, 2053, 2052, 2207/2300, 2207, 2216, 2208, 2210, 2211, 2212, 2215, 2762/2302, 2175, 2176, 2166, 2165, 2164, 2159, 2154, 2153, 2152, 2218, 2217, 2276, 2275, 2261, 2262, 2226, 2259, 2245, 2242, 2243, 2239, 2240, 2235, 2234, 2236, 2232, 2230, 2229, 2227, 2226, 2223, 2222, 2223, 2258, 2257, 2220","p6: printed '2762, /2302' (stray comma; read as 2762/2302)"
sadar4,7,कुशमौरा हुलवापुर,link,,6 7 8,383,"1362, 1366, 1365, 1265, 1261, 1260, 1333, 1257, 1256, 1254, 1252, 1336, 1197, 1196, 1188, 1187, 1190, 1185, 1184, 1174, 1179, 1160, 1166, 1159, 1158, 1157, 1154, 1145, 1144, 1143, 1108, 1106, 1105, 1109, 1111, 1112, 1113, 1127, 1139, 1138, 1164, 1088, 1047, 1091, 1048, 1049, 1050, 1051, 1115, 1116, 1117, 1118, 1132, 1055, 1066, 1067, 1068, 1085, 1079, 1200, 1201, 1202, 1203, 1204, 1460, 1463, 1404, 1484/2306, 1493, 1492, 1776, 1774, 1704, 1585, 1604, 1611, 1691, 1772, 1770, 1709, 1738, 1737, 1765, 1761, 1732, 1719, 1717, 1715, 1667, 1660, 1659, 1740, 1743, 1742, 1744, 1738, 1737, 1798, 1822, 1796, 1781, 1781/2297, 1779, 1811, 1810, 53, 47, 48, 56, 54, 50, 58, 118, 120, 121, 150, 152, 153, 154, 155, 188, 156, 1270, 412, 513, 514, 562, 564, 566, 567, 939, 956, 954/2287, 920, 944, 997, 998, 1003, 1004, 1083, 196, 195, 194, 192, 220, 217, 216, 215, 191, 190, 189, 184, 427, 428, 421, 431, 430, 438, 442, 634, 620, 621, 617, 616, 577, 576, 572, 585, 941, 932, 928, 927, 939/2285, 1208, 1204, 1242, 1243, 1244, 1293, 1295, 1296, 1321, 1371, 1260, 1255, 1244, 1245, 1280, 455, 454, 457, 448, 449, 485, 515, 563, 561, 570, 551, 569, 954, 953, 952, 1000, 1001, 1002, 1084, 1085, 197, 204, 203, 218, 221, 220, 288, 185, 434, 425, 433, 435, 436, 635, 625, 623, 614, 578, 579, 586, 582, 940, 618, 940/2282, 1278, 1279, 1241, 1245, 1280, 1281, 1265, 1300, 1320, 1225, 1227, 1261, 1281, 1293, 1295, 1296, 1269, 1265, 1371, 1260, 1255, 1261, 1244, 1437, 1365, 1300, 1320, 1321, 1225, 1227, 1362, 1366, 1265, 1261, 1260, 1333, 1257, 1256, 1254, 1252, 1336, 1197, 1196, 1198, 1187, 1190, 1185, 1184, 1174, 1179, 1160, 1166, 1159, 1158, 1157, 1154, 1145, 1144, 1143, 1108, 1106, 1105, 1109, 1111, 1112, 1113, 1127, 1139, 1138, 1164, 1088, 1047, 1091, 1048, 1049, 1050, 1051, 1115, 1116, 1117, 1118, 1132, 1055, 1057, 1056, 1065, 1066, 1067, 1068, 1085, 1079, 1200, 1201, 1202, 1203, 1204, 1460, 1463, 1464, 1484/2306, 1493, 1492, 1776, 1774, 1704, 1585, 1604, 1611, 1691, 1772, 1770, 1709, 1738, 1737, 1765, 1761, 1732, 1719, 1717, 1715, 1667, 1660, 1659, 1740, 1743, 1472, 1744, 1738, 1737, 1765, 1761, 1732, 1719, 1717, 1715, 1667, 1660, 1659, 1740, 1743, 1472, 1744, 1738, 1798, 1822, 1796, 1781, 1781/2297, 1779, 1811, 1810",p7: continued from p6; printed '12951296' (missing comma; split as 1295;1296) | p8: continued from p6
sadar4,7,कुशमौरा हुलवापुर,abadi,,6,72,"142, 126, 117, 120, 150, 148, 149, 161, 160, 159, 177, 176, 178, 179, 1435, 1432, 1431, 1430, 1422, 1418, 1639, 1666, 1694, 1622, 1691, 1684, 1626, 1628, 1619, 1624, 2192, 2190, 2191, 2160, 2161, 2164, 2062, 2063, 2184, 2135, 2124, 2129, 2128, 1695, 1055, 1044, 1054, 1046, 1047, 1045, 144, 149, 1050, 148, 1074, 996, 998, 954, 956, 947, 994, 941, 932, 142, 120, 421, 422, 425, 427, 428, 456, 442",
sadar4,8,कुसुमी,link,,8,73,"99, 102, 103, 104, 112, 111, 114, 113, 110, 116, 90, 166, 191, 211, 210, 196, 195, 97, 96, 95, 94, 93, 92, 38, 44, 88, 86, 81, 74, 73, 70, 66, 65, 323, 324, 325, 327, 333, 334, 335, 341, 140, 137, 136, 135, 130, 131, 132, 454, 455, 457, 451, 450, 449, 355, 354, 358, 433, 435, 398, 397, 363, 372, 353, 399, 400, 401, 402, 403, 404, 405, 406, 407",
sadar4,8,कुसुमी,abadi,,8,45,"437, 427, 426, 281, 245, 241, 240, 238, 237, 236, 231, 230, 232, 228, 229, 227, 224, 223, 226, 224, 233, 218, 200, 199, 198, 197, 189, 190, 188, 187, 165, 184, 183, 182, 168, 187, 177, 291, 290, 286, 285, 284, 283, 424, 422",
sadar4,9,कोल्हुवा गाढा,abadi,,8,109,"1, 2, 3, 4, 5, 6, 7, 8, 9, 10, 11, 12, 13, 14, 15, 16, 17, 18, 19, 20, 21, 22, 23, 24, 25, 26, 27, 28, 29, 30, 32, 33, 34, 35, 36, 37, 40, 42, 44, 45, 46, 50, 51, 52, 53, 54, 55, 56, 57, 58, 59, 60, 61, 62, 64, 65, 66, 70, 71, 72, 73, 74, 75, 76, 77, 78, 79, 81, 82, 83, 84, 85, 86, 87, 88, 89, 90, 91, 92, 94, 95, 96, 97, 98, 99, 100, 101, 102, 103, 104, 105, 106, 107, 108, 109, 110, 111, 112, 113, 114, 115, 116, 117, 118, 119, 121, 122, 123, 124",p8: remark: ग्राम नगर निगम सीमा के अन्तर्गत शहरीकरण हो चुका है।
sadar4,10,खानपुर मऊ,link,,9,52,"247, 248, 249, 250, 251, 253, 254, 255, 256, 257, 258, 259, 260, 261, 282, 274, 283, 284, 296, 287, 544, 547, 548, 549, 550, 551, 552, 553, 554, 622, 623, 624, 626, 628, 629, 630, 631, 632, 635, 753, 755, 757, 759, 798, 637, 638, 640, 642, 646, 637, 530, 567",
sadar4,10,खानपुर मऊ,abadi,,9,24,"424, 425, 401, 400, 399, 590, 594, 396, 383, 389, 390, 379, 378, 375, 376, 510, 520, 289, 278, 504, 502, 505, 521, 508",
sadar4,11,गाजीपुर बलराम,abadi,,9 10,207,"2, 3, 4, 6, 7, 8, 9, 10, 11, 12, 13, 14, 15, 16, 17, 18, 19, 21, 22, 23, 24, 25, 26, 27, 28, 29, 33, 34, 35, 36, 37, 38, 39, 40, 41, 42, 46, 47, 50, 51, 52, 56, 57, 58, 59, 60, 61, 62, 63, 64, 66, 67, 68स, 71क, 71ख, 73, 75, 77, 78क, 80मि, 82, 83, 84, 85, 86, 87, 88, 89, 90, 91, 92, 93, 94, 95, 96स, 97, 98, 99, 100, 102, 103, 104, 105, 106, 108, 109, 110, 111, 112, 114स, 117स, 121, 122, 123, 124, 125, 126, 128, 129, 130, 131, 132, 137, 138, 142, 144, 146, 147, 148ब, 149, 150, 151, 152, 154, 155, 156, 157, 161, 162, 163, 164, 165, 166, 167, 168क, 169, 170, 171, 172, 173, 174, 175, 176, 177, 178, 179, 180, 181, 182, 183, 184, 188, 189, 191, 192, 193, 194, 195, 196, 197, 198, 199, 200, 201, 204, 207स, 208, 209, 212, 213, 214, 215, 217, 218, 219, 220, 221, 222, 223, 224, 228, 229, 230, 231, 233, 234, 235, 236, 237, 238, 240, 241, 242, 243, 244, 246, 247, 248, 250, 251, 252, 253, 255, 257, 259, 260, 261, 262, 263, 264, 265, 266, 267, 269, 270, 271स, 272स","p9: remark: ग्राम का पूर्व में शहरीकरण हो चुका है। ग्राम नगर निगम के अन्तर्गत है।; printed '80मि0' (मि0 abbrev); last token '2' is a number split across page end, continues on p10 | p10: first token 261 joined across pages (p-09 ends ""2,"" p-10 starts ""61,""); village serial 11 continued"
sadar4,12,गोशालालपुर,link,,10,86,"954, 955, 953, 956, 960, 958, 959, 964, 966, 982, 984, 987, 998, 997, 1000, 1002, 1003, 1010, 1020, 1011, 1021, 1022, 1035, 1037, 1036, 834, 835, 836, 831, 832, 830, 837, 829, 823, 822, 843, 839, 849, 821, 598, 599, 612, 613, 640, 631, 626, 629, 484, 483, 482, 481, 480, 460, 459, 458, 451, 644, 642, 469, 468, 436, 398, 446, 179, 181, 225, 125, 146, 147, 154, 155, 158, 159, 160, 166, 168, 171, 172, 173, 174, 36, 33, 30, 29, 28, 26",
sadar4,12,गोशालालपुर,abadi,,10,51,"931, 930, 969, 967, 938, 946, 949, 812, 813, 811, 809, 800, 808/1048, 810/1049, 853, 599, 821, 321, 319, 320, 311, 310, 324, 374, 228, 229, 240, 238, 243, 245, 247, 250, 251, 253, 181, 220, 218, 221, 225, 476, 472, 470, 469, 466, 465, 460, 463, 48, 481, 482, 483",
sadar4,13,गोहरामऊ,link,,10,56,"181, 182, 183, 184, 185, 188, 189, 186, 187, 163, 161, 164, 159, 128, 127, 126, 125, 24, 26, 27, 29, 30, 31, 32, 33, 34, 37, 38, 39, 40, 4, 3, 2, 68, 70, 69, 71, 72, 73, 74, 77, 78, 79, 92, 93, 94, 98, 99, 103, 102, 101, 374, 379, 385, 391, 388",
sadar4,13,गोहरामऊ,abadi,,10,25,"42, 43, 44, 45, 46, 47, 48, 49, 67, 66, 60, 59, 57, 54, 52, 53, 50, 120, 117, 115, 139, 141, 143, 136, 135",
sadar4,14,गौरभीठ,abadi,,10 11 12,403,"1, 2, 3, 4, 5, 6, 7, 8, 9, 10, 11, 12, 14, 15, 16, 17, 18, 20, 21, 22, 23, 24, 25, 26, 27, 30, 32, 33, 34, 36, 37, 38, 39, 40, 42, 44, 45, 46, 49, 50, 51, 52, 53, 54, 55, 56, 57, 58, 59, 60, 61, 62, 65, 69, 70, 71, 72, 73, 74, 76, 78, 80, 81, 82, 84, 86, 87, 89, 90, 91, 92, 93, 94, 95, 96, 97, 98, 99, 100, 101, 102, 103, 105, 108, 109, 110, 112, 113, 114, 116, 118, 119, 120, 121, 122, 123, 125, 126, 127, 128, 129, 130, 131, 132, 133, 136, 137, 138, 140, 141, 142, 143, 145, 146, 147, 149, 151, 152, 154, 155, 157, 159, 160, 161, 162, 163, 166, 167, 168, 169, 170, 172, 174, 175, 178, 179, 180, 181, 184, 186, 188, 189, 190, 191, 193, 195, 196, 197, 199, 200, 201, 202, 205, 206, 207, 208, 209, 210, 212, 213, 214, 216, 217, 218, 219, 222, 223, 224, 225, 226, 227, 229, 230, 231, 232, 233, 234, 235, 236, 237, 238, 239, 241, 242, 243, 245, 246, 247, 248, 249, 250, 251, 252, 253, 254, 255, 256, 258, 259, 260, 261, 262, 263, 264, 265, 267, 268, 269, 270, 271, 272, 273, 275, 276, 277, 278, 279, 280, 281, 283, 284, 285, 286, 288, 289, 290, 291, 294, 295, 296, 297, 298, 299, 300, 301, 303, 304, 305, 306, 307, 308, 309, 310, 311, 312, 314, 315, 316, 318, 319, 320, 321, 323, 324, 325, 326, 327, 328, 330, 331, 333, 334, 336, 337, 338, 339, 340, 341, 342, 343, 344, 345, 346, 348, 349, 351, 352, 353, 354, 355, 356, 357, 358, 359, 360, 361, 363, 364, 366, 367, 368, 369, 372, 373, 374, 375, 376, 377, 378, 379, 380, 381, 383, 385, 387, 388, 389, 390, 393, 394, 395, 396, 398, 399, 400, 402, 403, 404, 406, 407, 408, 410, 411, 412, 414, 415, 416, 417, 419, 420, 422, 425, 426, 427, 428, 429, 431, 432, 433, 434, 435, 436, 437, 438, 439, 440, 441, 442, 444, 445, 446, 447, 448, 449, 450, 451, 452, 453, 454, 455, 456, 458, 460, 461, 462, 463, 464, 465, 466, 468, 469, 470, 478, 479, 480, 481, 487, 488, 489, 490, 491, 492, 493, 494, 495, 496, 497, 498, 499, 501, 502, 503, 504, 505, 506, 507, 509, 510, 511, 512, 513, 514, 42/516","p10: remark: ग्राम नगर निगम सीमा के अन्तर्गत शहरीकरण हो चुका है।; cell continues on p-11 (trailing ""1"" joined there as 126) | p11: serial 14 गौरभीठ continued; first token 126 joined across pages (p-10 ends ""1,""); cell continues on p-12 (trailing ""4"" joined there as 432) | p12: serial 14 गौरभीठ continued; first token 432 joined across pages (p-11 ends ""4,"")"
sadar4,15,ग्वालपुर,district,,12,16,"157, 161, 162, 164, 223, 224, 225, 227, 226, 230, 231, 232, 237, 238, 240, 241",
sadar4,15,ग्वालपुर,link,,12,48,"5, 6, 7, 8, 9, 11, 51, 52, 53, 54, 97, 99, 99/247, 12, 18, 102, 103, 104, 109, 110, 107, 142, 152, 148, 133, 149, 174, 173, 167, 222, 221, 210, 214, 207, 208, 178, 84, 236, 105, 106, 125, 236, 237, 251, 233, 253, 250, 210",
sadar4,15,ग्वालपुर,abadi,,12,37,"110, 103, 104, 121, 122, 129, 99, 113, 114, 115, 178, 237, 251, 253, 232, 230, 233, 221, 222, 224, 223, 225, 226, 173, 133, 149, 161, 162, 167, 170, 171, 172, 207, 208, 210, 238, 251",
sadar4,16,चकदादनपुर,link,,12,26,"29, 81, 86, 82, 77, 76, 56, 74, 66, 69, 61, 62, 63, 4, 5, 2, 35/1, 29, 18, 78, 71, 72, 73, 68, 67/1, 60",
sadar4,16,चकदादनपुर,abadi,,12,36,"33, 35, 13, 30, 12, 10, 45, 29, 18, 15, 14, 19, 45, 42, 43, 66, 61, 13, 1, 12, 78, 76, 79, 80, 81, 4, 7, 5, 6, 9, 18, 19, 17, 41, 43/2, 43/1",
sadar4,17,चकपरेवा,link,,12,6,"1, 3, 11, 10, 12, 51",p12: remark: ग्राम में चकबन्दी नही हुई है।
sadar4,17,चकपरेवा,abadi,,12,15,"121, 107, 63, 62, 42, 43, 10, 1, 3, 11, 10, 12, 51, 58, 57",p12: remark: ग्राम में चकबन्दी नही हुई है।
sadar4,18,टेडवा,nh,,12 13,41,"109, 111, 112, 123, 134, 161, 160, 162, 211, 213, 218, 217, 231, 267, 268, 271, 273, 270, 265, 259, 233, 234, 236, 235, 158, 156, 157, 138, 139, 130, 129, 125, 126, 128, 157, 132, 109, 215, 216, 263, 231","p12: cell continues on p-13 (trailing ""12"" joined there as 125) | p13: serial 18 टेडवा continued; first token 125 joined across pages (p-12 ends ""12""); ""128,,157"" double comma as printed"
sadar4,18,टेडवा,link,,12,40,"101, 108, 96, 56, 57, 61, 65, 63, 64, 67, 295, 87, 88, 71, 72, 73, 74, 75, 83, 84, 85, 88, 187, 79, 285, 287, 288, 289, 295, 280, 294284, 10, 11, 12, 14, 35, 36, 39, 42, 81","p12: ""294284"" printed without comma (likely 294;284)"
sadar4,18,टेडवा,abadi,,12,27,"62, 67, 68, 70, 71, 72, 73, 74, 75, 76, 77, 79, 83, 88, 86, 186, 187, 45, 44, 101, 54, 61, 65, 256, 271, 273, 279",
sadar4,19,दरियापुर,none,,13,0,,"p13: all categories ""—""; remark: सम्पूर्ण ग्राम में शहरीकरण हो चुका है।"
sadar4,20,दशहरी,link,,13,53,"45, 48, 49, 50, 68, 69, 70, 71, 72, 81, 17, 18, 19, 20, 23, 41, 42, 43, 228, 227, 220, 222, 213, 34/1, 342, 343, 85, 86, 87, 160, 161, 158, 83, 82, 329, 330, 303, 304, 298, 315, 312, 313, 252, 253, 256, 292, 290, 306, 319, 437, 440, 214, 335",
sadar4,20,दशहरी,abadi,,13,91,"345, 346, 350, 355, 356, 357, 360, 335, 252, 244, 292, 231, 230, 259, 393, 245, 350, 368, 246, 239, 230, 350, 355, 354, 363, 365, 368, 320, 436, 437, 406, 386, 195, 192, 191, 379, 368, 1, 81, 186, 159, 156, 22, 27, 26, 28, 30, 41, 20, 68, 34, 32, 36, 35, 43, 37, 40, 42, 48, 49, 50, 51, 45, 58, 59, 105, 103, 112, 298, 290, 261, 256, 66, 67, 69, 71, 62, 64, 65, 71, 160, 348, 353, 354, 175, 177, 185, 78, 77, 73, 76",
sadar4,21,दसदोई,link,,13,31,"72, 71, 74, 389, 388, 352, 351, 350, 347, 95, 138, 137, 143, 150, 192, 144, 143, 142, 153, 146, 150, 216, 215, 175, 174, 171, 170, 219, 249, 251, 254",
sadar4,21,दसदोई,abadi,,13,24,"89, 90, 91, 33, 79, 61, 62, 67, 66, 70, 62, 396, 398, 401, 74, 72, 400, 396, 330, 332, 156, 293, 294, 266",
sadar4,22,दाऊदनगर,district,,13,7,"8, 9, 10, 11, 3, 2, 1",
sadar4,22,दाऊदनगर,link,,13 14,212,"25, 26, 27, 30, 33, 34, 35, 38, 42, 43, 44, 45, 46, 149, 59, 152, 158, 159, 169, 331, 332, 343, 344, 364, 19, 365, 456, 82, 263, 264, 265, 266, 457, 458, 464, 363, 13, 150, 151, 261, 257, 14, 275, 328, 324, 314, 468, 467, 464, 405, 407, 408, 409, 431, 411, 439, 436, 434, 440, 441, 442, 427, 444, 448, 449, 430, 432, 412, 420, 417, 418, 416, 417, 415, 421, 463, 424, 425, 414, 426, 511, 519, 512, 509, 508, 506, 507, 504, 517, 518, 520, 521, 523, 350, 351, 354, 353, 392, 356, 357, 364, 390, 389, 387, 388, 386, 385, 380, 382, 376, 375, 370, 369, 371, 374, 372, 373, 454, 455, 452, 449, 495, 494, 395, 396, 398, 397, 461, 403, 406, 19, 15, 463, 461, 460, 454, 59, 77, 78, 69, 70, 362, 15, 18, 366, 25, 30, 12, 34, 36, 36, 58, 57, 60, 138, 140, 154, 146, 18, 16, 81, 80, 79, 77, 140, 142, 141, 63, 37, 138, 136, 545, 543, 544, 549, 534, 533, 550, 545, 546, 516, 517, 513, 512, 416, 415, 539, 510, 511, 512, 513, 510, 426, 425, 424, 414, 416, 416, 418, 420, 419, 423, 424, 425, 426, 427, 428, 430, 432, 478, 476, 475",p13: cell continues on p-14 | p14: serial 22 दाऊदनगर continued
sadar4,22,दाऊदनगर,abadi,,13 14,191,"116, 119, 115, 120, 1199, 175, 132, 136, 140, 142, 141, 63, 62, 53, 50, 48, 47, 145, 146, 147, 144, 143, 148, 149, 56, 57, 54, 35, 36, 37, 38, 39, 40, 41, 42, 43, 45, 46, 333, 334, 335, 336, 337, 338, 343, 342, 344, 340, 346, 357, 347, 349, 405, 407, 408, 409, 431, 411, 439, 436, 434, 440, 441, 442, 427, 444, 448, 449, 430, 432, 412, 420, 419, 418, 416, 415, 416, 421, 423, 424, 425, 414, 426, 511, 510, 512, 509, 508, 506, 507, 504, 517, 518, 520, 521, 523, 350, 351, 353, 352, 392, 356, 357, 364, 390, 389, 387, 388, 386, 385, 380, 382, 376, 375, 370, 369, 328, 371, 374, 372, 373, 454, 455, 452, 449, 495, 494, 395, 396, 398, 397, 461, 403, 406, 9, 8, 93, 127, 106, 122, 109, 128, 25, 24, 27, 28, 39, 33, 4, 5, 6, 7, 22, 23, 28, 26, 24, 25, 26, 331, 27, 29, 30, 31, 32, 33, 34, 58, 59, 13, 14, 15, 17, 18, 16, 81, 80, 79, 77, 73, 140, 142, 141, 63, 37, 138, 136, 135, 155, 117, 118",p13: cell continues on p-14 | p14: serial 22 दाऊदनगर continued
sadar4,23,दुर्गागंज,none,,14,0,,"p14: all categories ""—""; remark: ग्राम काकोरी का मजरा है।"
sadar4,24,नरौना,link,,14 15,89,"1, 2, 3, 23, 32, 171, 172, 188, 189, 190, 209, 206, 219, 292, 290, 288, 285, 286, 329, 327, 314, 313, 307, 404, 439, 440, 442, 489, 125, 524, 525, 522, 521, 533, 534, 532, 531, 530, 529, 528, 527, 546, 551, 548, 553, 555, 560, 585, 521, 562, 563, 509, 510, 517, 420, 421, 422, 519, 470, 488, 487, 489, 400, 206, 258, 100, 101, 618, 694, 647, 630, 635, 659, 660, 661, 692, 693, 730, 731, 732, 733, 736, 737, 722, 773, 787, 788, 790, 791","p14: cell continues on p-15 (trailing ""4"" joined there as 400) | p15: serial 24 नरौना continued; first token 400 joined across pages (p-14 ends ""4"")"
sadar4,24,नरौना,abadi,,14 15 16,409,"794, 793, 791, 792, 790, 783, 782, 781, 786, 785, 784, 773, 774, 779, 778, 775, 776, 770, 768, 769, 765, 766, 753, 749, 726, 724, 727, 731, 732, 735, 734, 736, 700, 699, 697, 692, 694, 696, 701, 695, 693, 665, 666, 664, 663, 687, 688, 680, 679, 678, 671, 676, 684, 683, 682, 681, 662, 663, 665, 670, 671, 672, 673, 674, 675, 693, 640, 671, 646, 648, 651, 646, 645, 643, 642, 641, 619, 618, 620, 640, 641, 644, 653, 652, 655, 654, 658, 635, 630, 632, 633, 622, 628, 592, 613, 614, 615, 612, 608, 606, 590, 593, 594, 596, 595, 605, 115, 514, 513, 509, 506, 504, 503, 502, 501, 500, 497, 499, 496, 494, 486, 487, 488, 489, 480, 492, 491, 490, 400, 258, 256, 257, 100, 587, 572, 574, 575, 576, 577, 578, 780, 782, 783, 785, 786, 569, 567, 566, 563, 564, 562, 560, 565, 564, 554, 553, 551, 543, 544, 543, 536, 537, 538, 739, 529, 528, 527, 521, 522, 523, 524, 525, 408, 409, 410, 412, 413, 414, 415, 419, 420, 421, 422, 430, 425, 426, 428, 427, 429, 435, 436, 434, 433, 433/815, 435/814, 449, 129, 130, 131, 132, 133, 134, 135, 136, 138, 139, 140, 141, 142, 143, 144, 146, 148, 149, 150, 151, 152, 153, 154, 155, 156, 157, 158, 159, 160, 162, 164, 165, 166, 167, 168, 169, 170, 171, 172, 173, 174, 175, 176, 177, 179, 180, 181, 182, 183, 184, 185, 187, 188, 189, 190, 191, 192, 193, 194, 195, 196, 197, 198, 201, 202, 203, 204, 205, 206, 207, 208, 209, 210, 211, 212, 213, 214, 215, 216, 217, 218, 220, 222, 223, 224, 225, 226, 227, 228, 794, 797, 796, 795, 450, 454, 451, 452, 447, 442, 395, 490, 491, 492, 480, 400, 396, 389, 392, 253, 241, 1, 2, 3, 4, 5, 6, 7, 8, 9, 10, 11, 12, 13, 14स, 15, 16, 17, 18, 19, 20, 21, 22, 23, 24, 25, 26, 27, 29, 32, 33, 34, 35, 39, 40, 41, 43, 44, 45, 47, 50, 51, 52, 53, 54, 55, 56, 57, 58, 60, 61, 62, 63, 64, 65, 66, 67, 68, 69, 70, 71, 74, 75, 76, 77, 78स, 79, 80, 81, 83, 85, 88, 89, 91, 92, 93, 94, 95, 97, 99, 101, 102, 103, 105, 107, 108, 109, 110, 111, 113, 114, 115, 116, 117, 118, 119, 120, 121, 122, 123, 124, 125, 126, 128","p14: cell continues on p-15 | p15: serial 24 नरौना continued; cell continues on p-16 (trailing ""3"" joined there as 396) | p16: serial 24 नरौना continued; first token 396 joined across pages (p-15 ends ""3"")"
sadar4,25,नौबरता खुर्द,abadi,,16,168,"1, 2, 3, 4, 7, 8, 9, 10, 11, 12, 13, 14, 15, 16, 19, 20, 21, 22, 23, 24, 25, 26, 27, 28, 29, 30, 31, 32, 33, 34, 36, 37, 38, 39, 41, 42, 43, 45, 46, 48, 49क, 51, 52, 53, 55, 59, 60, 61, 62, 63, 64, 65, 66, 68, 69, 71, 72, 73, 74, 75, 76, 78, 79, 82, 83, 85, 86, 87, 88, 90, 91, 93, 94, 95, 97, 98, 99, 101, 102, 103, 105, 106, 108, 109, 110, 111, 115, 116, 117, 119, 120, 121, 122, 123, 124, 125, 126, 129, 130, 131, 133, 134, 136, 138, 139, 140, 142, 145, 147, 148, 149, 150, 151, 152, 153, 154, 155, 156, 157, 158, 160, 161, 162, 163, 165, 167, 168, 169, 172, 173, 174, 175, 176, 178, 179, 181, 183, 185, 186, 187, 188, 189, 190, 191, 192, 194, 195, 196, 198, 200, 202, 203, 204, 205, 207, 209, 210, 211, 212, 213, 214, 215, 216, 217, 221, 222, 223, 224",p16: remark: ग्राम का पूर्व में शहरीकरण हो चुका है। ग्राम नगर निगम के अन्तर्गत है।
sadar4,26,पलिया,link,,17,58,"1, 7, 64, 3, 66, 65, 16, 45, 119, 68, 109, 147, 145, 130, 131, 132, 133, 129, 123, 128, 124, 125, 191, 193, 194, 196, 199, 71, 43, 44, 42, 41, 40, 39, 34, 35, 36, 29, 50, 53, 31, 32, 52, 47, 138, 142, 141, 216, 217, 219, 220, 223, 224, 225, 227, 228, 229, 230",
sadar4,26,पलिया,abadi,,17,26,"96, 45, 87, 174, 109, 166, 165, 164, 154, 152, 149, 150, 148, 125, 145, 128, 184, 201, 167, 197, 104, 71, 114, 117, 170, 188",
sadar4,27,पहिया आजमपुर,nh,,17,14,"13, 14, 10, 7, 5, 4, 32, 31, 30, 22, 21, 20, 18, 17",
sadar4,27,पहिया आजमपुर,link,,17,129,"76, 78, 79, 106, 107, 109, 110, 111, 113, 250, 251, 252, 257, 264, 265, 266, 274, 288, 295, 294, 293, 309, 311, 307, 306, 332, 328, 330, 321, 344, 345, 314, 315, 317, 318, 319, 287, 286, 285, 301, 299, 186, 187, 189, 190, 191, 243, 244, 245, 178, 5, 170, 168, 203, 204, 205, 163, 161, 162, 159, 155, 133, 134, 116, 120, 121, 98, 99, 100, 103, 49, 17, 19, 24, 25, 26, 27, 38, 43, 59, 60, 61, 62, 65, 66, 67, 68, 69, 136, 137, 138, 139, 141, 142, 143, 145, 310, 308, 324, 325, 326, 322, 221, 212, 9, 298, 296, 185, 195, 238, 241, 242, 179, 197, 1, 2, 3, 4, 205, 206, 166, 165, 156, 129, 127, 132, 122, 124, 125","p17: ""205,,206"" double comma as printed"
sadar4,27,पहिया आजमपुर,abadi,,17,35,"111, 110, 112, 103, 100, 120, 118, 117, 92, 95, 197, 237, 236, 234, 231, 241, 241, 142, 143, 60, 59, 241, 240, 85, 51, 45, 38, 26, 27, 178, 179, 177, 19, 21, 24",
sadar4,28,पीरनगर,link,,17,27,"4, 26, 77, 158, 1687, 1234, 1670, 1476, 157, 1460, 22, 3, 1644, 73, 1480, 1174, 1154, 1671, 1460, 22, 3, 1644, 73, 1480, 1174, 1154, 1671","p17: remark: महोदय, ग्राम एल0डी0ए0 द्वारा अधिग्रहीत है। पूर्ण में शहरीकरण हो चुका है।"
sadar4,29,फैजुल्लागंज,link,,18,33,"20, 21, 22, 23, 26, 28, 30, 80, 79, 76, 78, 72, 74, 37, 36, 35, 35, 35, 338, 51, 54, 52, 184, 186, 234, 233, 232, 236, 238, 317, 319, 140, 155","p18: ""35,35,35"" repeated as printed; remark: ग्राम फैजुल्लागंज नगर सीमा के अन्तर्गत तथा पूर्ण आबादी विकसित है।"
sadar4,29,फैजुल्लागंज,abadi,,18 19,400,"1, 2, 3, 4, 5, 6, 7, 8, 9, 10, 11, 12, 13, 14, 15, 16, 17, 18, 19, 24, 25, 29, 31, 32, 33, 38, 39, 40, 41, 42, 43, 44, 45, 46, 47, 48, 49, 50, 53, 56, 57, 58, 59, 60, 61, 62, 63, 64, 65, 66, 67, 68, 69, 70, 71, 73, 75, 77, 81, 82, 83, 84, 85, 86, 87, 88, 89, 90, 91, 92, 93, 94, 95, 96, 97, 98, 99, 100, 101, 102, 103, 104, 105, 106, 107, 108, 109, 110, 111, 112, 113, 114, 115, 116, 117, 118, 119, 120, 121, 122, 123, 124, 125, 126, 127, 128, 129, 130, 131, 132, 133, 135, 136, 137, 138, 139, 145, 146, 147, 148, 149, 150, 151, 152, 153, 154, 155, 156, 158, 159, 160, 161, 162, 163, 164, 171, 172, 173, 174, 175, 176, 177, 178, 179, 180, 181, 182, 183, 185, 187, 188, 189, 190, 191, 192, 193, 194, 195, 196, 197, 198, 199, 200, 201, 202, 203, 204, 205, 206, 207, 208, 209, 210, 211, 212, 213, 214, 215, 216, 217, 218, 219, 220, 221, 222, 223, 224, 225, 227, 228, 230, 231, 237, 239, 240, 241, 242, 243, 244, 245, 246, 247, 248, 249, 250, 251, 252, 253, 254, 255, 256, 257258, 259, 260, 261, 262, 263, 264, 265, 266, 267, 268, 269, 270, 271, 272, 273, 274, 275, 276, 277, 278, 279, 280, 281, 282, 283, 284, 285, 287, 288, 287, 288, 289, 290, 291, 292, 293, 294, 295, 296, 297, 298, 299, 300, 301, 302, 303, 304, 305, 306, 308, 309, 310, 311, 312, 313, 314, 315, 316, 320, 321, 322, 323, 324, 325, 326, 327, 328, 330, 331, 332, 333, 334, 335, 336, 340, 341, 342, 343, 344, 345, 346, 347, 348, 349, 350, 351, 352, 353, 354, 355, 356, 357, 358, 359, 360, 361, 362, 363, 364, 365, 366, 367, 368, 369, 370, 371, 372, 373, 374, 375, 376, 377, 378, 379, 380, 381, 382, 383, 384, 385, 386, 387, 388, 389, 390, 391, 392, 393, 394, 395, 396, 397, 398, 399, 401, 402, 403, 404, 405, 406, 407, 408, 409, 410, 411, 412, 413, 414, 415, 416, 417, 418, 419, 420, 421, 422, 423, 424, 425, 426, 427, 428, 429, 430, 431, 432, 433, 434, 435, 436, 437, 439, 440, 441, 442, 443, 444, 445, 446, 41/447, 162, 448, 227/449, 168, 166, 165, 169, 170","p18: ""257258"" printed without comma (likely 257;258); last token ""31"" is a fragment, cell continues on p-19; remark: ग्राम फैजुल्लागंज नगर सीमा के अन्तर्गत तथा पूर्ण आबादी विकसित है।; 311 joined across p18/p19 | p19: first token '1' completes 311 split from p.18 ('31' + '1')"
sadar4,30,बडा गांव,nh,,19 20,43,"1853, 1854, 1855, 1856, 1857, 1858, 1860, 1871, 1873, 1874, 1880, 1635/2091, 1635/2089, 1635/2090, 1611, 1610, 1631, 1635, 1685, 1686, 1489, 1504, 1505, 1521, 1520, 1514, 1612, 1609, 1972, 1973, 1974, 1969, 1953, 1924, 1926, 1955, 1976, 1978, 1979, 1606, 1946, 1635, 1631",p19: cell continues on p.20 | p20: continuation of serial 30 (बडा गांव)
sadar4,30,बडा गांव,district,,19,17,"826, 847, 851, 853, 854, 855, 941, 940, 858, 860, 859, 925, 926, 927, 930, 931, 932",
sadar4,30,बडा गांव,link,,19 20 21,325,"20, 43, 46, 36, 37, 40, 41, 42, 26, 25, 118, 139, 140, 27, 28, 29, 32, 35, 142, 143, 146, 147, 168, 169, 171, 174175, 413, 426, 427, 399, 398, 397, 395, 370, 371, 372, 349, 350, 378, 374, 375, 393, 431, 434, 435, 421, 469, 419, 417, 530, 531, 526, 533, 542, 538, 537, 486, 487, 489, 490, 504, 507, 483, 482, 452, 585, 586, 582, 579, 576, 577, 563, 559, 555, 554, 549, 550, 551, 552, 1162, 1166, 1168, 1169, 1175, 1176, 1177, 1191, 1192, 1225, 1226, 592, 593, 598, 599, 619, 600, 601, 607, 608, 753, 745, 746, 747, 1001, 1002, 1003, 748, 749, 750, 610, 611, 614, 622, 627, 691, 692, 689, 678, 674, 670, 671, 615, 667665, 661, 655, 651, 647, 646, 641, 642, 643, 459, 456, 1354, 1355, 1357, 1376, 1374, 1372, 2017, 1365, 1366, 1367, 1368, 1359, 2042, 2044, 2045, 2046, 2051, 1081, 1097, 1098, 1312, 1103, 1104, 1209, 841, 813, 814, 815, 906, 902, 903, 892, 882, 883, 908, 869, 1682, 1683, 1684, 1703, 1708, 1709, 1821, 1823, 1835, 1842, 1843, 1844, 1658, 1659, 1660, 1798, 1999, 1662, 1757, 2008, 1934, 1931, 1932, 1528, 1529, 1530, 457, 450, 451, 474, 475, 476, 478, 683, 679, 680, 681, 1306, 1307, 1308, 1309, 1310, 1314, 1321, 1322, 1325, 1335, 1336, 1337, 1339, 816, 817, 837, 889, 912, 916, 1693, 1695, 1687, 1688, 1721, 1722, 1818, 1836, 1837, 1838, 1846, 1824, 1825, 1668, 1806, 1810, 1800, 1801, 1802, 2013, 2010, 1991, 1933, 1929, 1926, 1531, 1532, 1533, 758, 759, 761, 763, 764, 782, 783, 784, 785, 956, 957, 958, 959, 960, 961, 936, 937, 940, 818, 819, 820, 821, 822, 847, 836, 835, 909, 923, 925, 891, 1677, 1680, 1681, 1690, 1698, 1700, 1816, 1817, 1820, 1839, 1840, 1841, 1653, 1656, 1657, 1823, 1813, 1803, 1665, 1664, 1946, 1944, 1939, 1923, 1526, 1527, 1534, 1535, 1536, 1580, 1581, 1882, 1583, 1585, 1956, 1957, 1958, 1959, 1960, 1977, 1978, 1979","p19: printed '174175' (missing comma; likely 174,175); last token '11' + '76' on p.20 = 1176; 1176 joined across p19/p20 | p20: continuation of serial 30; first token '76' completes 1176 from p.19; printed '667665' (missing comma; likely 667,665) | p21: continuation of serial 30 (बडा गांव)"
sadar4,30,बडा गांव,abadi,,19 20,168,"14, 15, 4, 5, 6, 7, 20, 36, 32, 35, 114, 26, 27, 28, 29, 1192, 1193, 419, 489, 501, 507, 483, 482, 474, 476, 478, 480, 481, 467, 459, 452, 585, 586, 598, 622, 679, 577, 576, 582, 681, 672, 739, 738, 731, 1024, 683, 684, 727, 1025, 1026, 130, 723, 722, 730, 746, 747, 608, 742, 615, 1081, 1079, 1080, 1078, 2058, 2053, 538, 1997, 1995, 1430, 1431, 1432, 1477, 1526, 1527, 1528, 1529, 1530, 1531, 1532, 1533, 1534, 1535, 1536, 1525, 1580, 1581, 1956, 1957, 1958, 1959, 1960, 1977, 1976, 1978, 1979, 1926, 1946, 1939, 1940, 1941, 1929, 1930, 1931, 1932, 1933, 1934, 1911, 1912, 1677, 1698, 1787, 1788, 1789, 1790, 1791, 1792, 1793, 1794, 1795, 1797, 1798, 1799, 1800, 1801, 1802, 1803, 1668, 1813, 1810, 1811, 1812, 1771, 823, 1835, 1853, 1856, 1857, 1858, 1859, 1860, 1662, 1664, 1842, 1700, 1760, 1708, 1818, 1721, 1722, 16946, 1647, 16499, 1693, 1695, 1855, 1856, 1857, 1635/2091, 1631, 1620, 1621, 1622, 1623, 1624, 1625, 1626, 1627, 1628","p19: cell continues on p.20 | p20: continuation of serial 30; '16946' and '16499' printed as such (likely typos, e.g. 1694/1646?)"
sadar4,31,बरावन कलां,nh,,21,9,"512, 510, 509, 293, 507, 506, 504, 502, 501",p21: remark: ग्राम नगर निगम में है। पूर्ण रूप में शहरीकरण हो चुका है।
sadar4,31,बरावन कलां,abadi,,21 22 23 24 25 26 27 28 29,1669,"117, 31, 1694, 325, 364, 425क, 61, 270, 274, 19क, 798, 922, 1091मि, 509, 271, 692, 1102स, 729, 1240, 1273, 1697, 320, 538स, 1102स, 1103, 229स, 1102स, 264सं, 1321स, 1712, 1629, 1547, 60, 984, 1612, 1133, 1414, 1192, 1061, 913स, 1219, 121, 183अ, 672सं, 1659, 792, 890, 836, 1520, 760स, 1458, 194स, 906स, 247मि, 1026, 1114, 561ब, 266, 267, 586, 557मि, 350क, 522, 980/1780, 1632, 1143, 1270, 1363, 1180, 1289, 411/3, 695, 903, 25, 1055, 340, 377, 435, 654, 660, 1474, 1417, 1618, 499, 240, 1656, 1406, 382, 546, 1536, 747, 329, 109, 434, 597, 1197, 1359, 1144मि, 1302, 1687, 242स, 1327, 1593मि, 759, 1442, 247सं, 1514, 1231, 537सं, 680, 714, 1384क, 1621, 255, 1107सं, 1646, 1498, 686, 1630, 1692, 247सं, 1593मि, 1006, 302मि, 303, 304, 1235, 1759, 1202, 1372, 1016, 547, 1492, 1493, 227, 464, 936, 356, 1770सं, 988, 917, 194ग, 826मि, 824, 887, 1251, 1394, 757, 1717सं, 570, 1283क, 1685, 1685, 160ख, 530, 808, 1435, 1038, 666, 677, 183उ, 411/1, 694, 1150, 1058, 1748मि, 685, 183, 44, 179, 391, 474, 520, 1303, 1325, 1333, 1389, 1747सं, 47, 113, 704, 916, 1537, 1639स, 1556, 1647, 1053, 1698, 1487ब, 1730, 1012, 1013, 592स, 892मि, 1047, 1096, 1085, 525मि, 286, 558, 582, 601, 1669, 120, 374, 803, 891, 979, 1008, 1168, 1758, 470, 23, 3, 561स, 433, 459, 258मि, 973, 1352, 42, 77, 171स, 781, 1146, 1767मि, 458, 886, 992, 183मि, 946मि, 236मि, 1279, 745, 1060, 404, 998, 294क, 703, 450, 738, 739, 390, 1713, 1039, 1040, 550मि, 620, 550मि, 141, 1081, 944, 922सं, 1732, 533सं, 272, 370ख, 429क, 1623, 94, 440, 380, 715, 717, 974, 855, 873, 939, 957, 1023, 1102सं, 1200, 1125, 1454, 1479सं, 102, 149, 1483, 1729, 504, 609, 889सं, 1675, 1767मि, 1172, 184, 535, 1076, 1374, 150, 287, 671, 1305, 1471, 176, 419क, 432, 940, 290, 766मि, 332, 17, 875, 962, 1056, 1166, 192, 408, 726, 1138, 1668, 1220, 1198, 1214, 533मि, 1720, 259, 542सं, 527, 898स, 1640मि, 1258, 278, 252, 623, 910मि, 1690, 861, 981, 34, 427/8, 845, 1243, 549स, 636, 734, 1184, 4, 892, 1250, 727, 641मि, 800, 392, 809मि, 1465, 285, 932, 1661, 736सं, 335, 1447, 147, 157, 911, 1618, 1398, 451, 1057, 1191, 1446, 369, 427ख, 1403, 911, 286, 1495, 1722सं, 1113, 152, 762, 1174, 96मि, 263, 921, 1207, 339, 217, 1209, 342, 713, 1490, 1491, 1500, 81, 1356, 865स, 235मि, 1769सं, 1765, 1748, 1635, 229, 57, 1757, 1032, 621, 82, 14, 67, 1769, 921, 1425, 1593, 797, 897, 1552, 1722, 927, 702, 80, 91, 276, 385, 409, 1663, 577, 1282, 1212, 549, 555, 617, 1185, 1288, 1769, 1424, 753, 938, 1651, 7, 65, 538, 183, 1099, 744, 1592, 882, 769, 770, 296, 1332, 469, 457, 641, 1772, 247, 1776, 1777, 275, 301, 662, 1024, 208, 366, 63, 541, 35, 1682, 405, 406, 461, 1631, 931, 955, 885, 338, 381, 663, 1237, 229, 125, 1357, 1392, 1654, 148, 740, 24, 1517, 1231, 1, 985, 33, 142, 112, 691/1, 754/1, 510, 1519, 541, 669, 56, 1141, 790, 1487, 1497, 207, 204, 210, 651, 1279, 1279, 1683, 107, 1727, 1091, 1300, 1408, 1625, 194, 1429, 1187, 1755, 1686, 1750, 1767, 883, 1754, 902, 742, 1211, 400, 1775, 1769, 153, 700, 341, 1544ब, 878स, 889स, 1042, 262, 328, 904, 1653, 767, 1294स, 277, 628, 1405, 910मि, 579, 629, 726स, 438, 1254, 780, 773, 183, 590, 712, 1300मि, 26, 1626, 1703, 29, 1724मि, 1113मि, 637स, 50क, 51, 1350, 293, 188, 218, 467, 1512, 1513, 1340, 1440, 711, 282, 375, 442, 1577, 106, 388, 1078, 1062, 1072, 1756, 236मि, 509, 1361, 1048, 1470, 1261, 994, 104, 122, 784, 1486, 103, 1721, 396, 1104, 496, 977, 53, 468, 524, 1249, 1331, 345, 1541, 561, 1769, 1126, 1433, 1555, 331, 237, 908, 1033, 1402, 212, 898, 512, 880, 983, 884, 832, 847, 883, 1154, 736, 557, 886, 167, 1380, 673, 291, 589, 399, 403, 21, 24, 1748, 1560, 1718, 38, 15, 1542, 858, 879, 506, 1434, 848, 5611158, 249, 786, 1137, 27, 395, 389, 336, 367, 191, 1097, 145, 911, 1280, 248, 1488, 828, 965, 228, 337, 407, 218, 501, 668, 581, 849, 1098, 214, 537, 809, 857, 732, 736, 20, 346, 348, 823, 1535, 1627, 289, 604, 681, 1128, 860, 1599, 431, 973, 1082, 66, 1731, 726, 1494, 544, 1368, 1467, 497, 1445, 1524, 1178, 871, 1177, 68, 1001, 256, 867, 1509, 1489, 1508, 255, 330, 893, 193, 645, 1383, 1522, 786, 1515, 58, 1644, 1641, 525, 1030, 870, 1642, 921, 242, 1525, 1574, 444, 624, 652, 607, 1576, 1581, 1153, 241, 253, 559, 160, 616, 37, 966, 1034, 561, 1736, 383, 626, 1287, 360, 456, 1064, 1075, 1412, 206, 376, 856, 1401, 844, 825, 260, 672, 716, 594, 521, 119, 953, 1268, 1295, 541, 1481, 5, 817, 1265, 45, 841, 258, 62, 956, 1003, 1335, 947, 1077, 466, 811, 1148, 3, 36, 203, 950, 1079, 468, 587, 612, 92, 170, 261, 531, 531, 725, 922, 534, 859, 209, 427, 872, 521, 83, 195, 692/1781, 912, 1652, 1252, 394, 523, 852, 1244, 127, 200, 521, 178, 766, 163, 111, 1427, 896, 1045, 898, 1021, 1027, 1031, 1315, 742/1779, 1432, 847, 1000, 850, 1204, 1387, 1046, 1439, 1689, 124, 764, 190, 1004, 1378, 40, 264, 509, 1401, 555, 608, 777, 583, 183, 1182, 1210, 8, 723, 1716, 1321, 239, 321, 1521, 1760, 799, 987, 608, 393, 874, 853, 280, 632, 420, 46, 243, 1195, 1540, 1224, 1615, 731, 820, 545, 78, 84, 349, 954, 1196, 52, 19, 59, 75, 751, 810, 091, 1628, 1562, 1588, 1579, 48?, 588, 1449, 775, 155, 310, 656, 996, 284, 512, 884, 1377, 1431, 1190, 1540, 1506, 9, 685, 1451, 1102, 537, 1421, 1587, 1661, 1107, 502, 641, 509, 876, 878, 966, 1725, 397, 401, 436, 1310, 427, 958, 863, 1585, 1761, 105, 661, 1436, 926, 1388, 1745, 1299, 1306, 1373, 1548, 1459, 1564, 1050, 754/3, 788, 794, 961, 997, 998, 1264, 1733, 1400, 1749, 941, 183, 1083, 107170, 117/3, 357, 689, 705, 1091, 1568, 1633, 1640, 1665, 646, 1370, 742/1779, 1037, 670, 786, 921, 1320, 300, 1472, 72, 1120, 566, 236, 299, 359, 1443, 1673, 13, 161, 169, 706, 772, 659, 667, 1396, 829, 1496, 1717, 371, 1237, 783, 789, 596, 1199, 1180, 826, 1428, 557, 899, 1714, 907, 999, 1127, 279, 422, 740, 909, 1528, 1529, 1601, 748, 1080, 1422, 1762, 975, 1019, 123, 517, 945, 1115त्र, 742/1779, 1724, 580, 742/1779, 1205, 868, 928, 906, 747, 1484, 130, 783, 914, 1041, 1316, 943, 1641, 1667, 1455, 1102, 949, 43, 1745, 417, 737, 598, 214, 980, 785, 156, 906, 1748, 1712, 732, 143, 1052, 1411, 140, 922, 1561, 561, 1311, 1300, 1752, 1107, 247, 22, 922, 921, 906, 1159, 918, 1748, 921, 960, 752, 64, 568, 963, 1415, 200, 1741, 1091, 1545, 1554, 1593, 1368, 791, 1054, 1565, 541, 978, 1746, 540, 430, 1453, 641, 1102, 1404, 942, 1735, 1420, 1063, 1722, 114, 560, 830, 869, 215, 865, 1619, 571, 821, 216, 333, 934, 670, 851, 901, 1212, 2, 1135, 541, 766, 625, 136, 1468, 1131, 1344, 449, 1408, 736, 915, 1264, 256, 1707, 1375, 563, 418, 18, 32, 692/2, 509, 361, 232, 854, 71, 743, 635, 541, 747, 533, 557, 427, 1645, 846, 1475, 1241, 565, 1708, 178, 1657, 838, 922, 591, 1065, 1066, 183, 1660, 139, 69, 1368, 1131, 921, 326, 1233, 1234, 1503, 533, 756, 108, 251, 128, 200, 1157, 95, 343, 211, 1231, 1766, 241, 1178, 185, 1619, 1586, 582, 1279, 1005, 906, 1441, 1321, 1144, 1677, 1260, 177, 1218, 424, 175, 133, 1356, 921, 427, 726, 1321, 549, 1151, 910, 906, 922, 1245, 906, 747, 509, 747, 968, 1264, 678, 1353, 537, 697, 1321, 1444, 209, 1639, 1769, 685, 537, 1746, 540, 733, 76, 895, 833, 79, 1559, 421, 224, 515, 1091, 1236, 906, 123, 913, 915, 970, 726, 906, 537, 1719, 672, 561, 1390, 1569, 1122, 1501, 726, 552, 1140, 541, 1746, 1329, 1410, 906, 1297, 1460, 1073, 509, 1261, 1507, 665, 509, 1179, 362, 682, 922, 533, 234, 1309, 614, 622, 937, 986, 969, 1245, 1770, 533, 736, 600, 915, 101, 46, 650, 837, 690, 1195, 763, 935, 424, 1566, 1766, 1772, 517, 529, 1769, 1770, 183, 1509, 1321, 771, 564, 573, 1149, 1671, 1107, 1637, 647, 946, 61, 164, 186, 1206, 200, 720, 584, 89, 90, 235, 1294, 834, 1746, 1311, 576, 952, 1705, 726, 1368, 1107, 1139, 1300, 972, 1122, 1160, 1418, 181, 1087, 922, 613, 1570, 909, 639, 728, 840, 619, 1368, 716, 842, 1746, 1365, 2, 888, 220, 1764, 1613, 1376, 1131, 144, 643, 921, 1107, 1666, 638, 1245, 1460, 569, 725, 247, 1107, 1744, 653, 741, 561, 572, 544, 265, 183, 1614, 922, 196, 36, 525, 673, 387, 183, 1318, 881, 236, 670, 747, 748, 1029, 1093, 862, 1469, 1748, 247, 1510, 247, 194, 1724, 1476, 1557, 1194, 199, 73, 1538, 922, 1247, 605, 1225, 533, 250, 194, 1610, 814, 230, 946, 511, 28, 254, 1245, 1413, 220, 1107, 1724, 1300, 1358, 1747, 578, 1221, 1883, 991, 54, 428, 429, 807, 602, 154, 209, 135, 344, 749, 1339, 159, 269, 1584, 544, 1215, 454, 541, 627, 877, 1642, 1068, 1341, 1294, 268, 249, 297, 1321, 264, 1290, 18, 812, 129, 831, 1228, 946, 995, 221, 526, 465, 453, 610, 967, 223, 683, 171, 793, 806, 198, 882, 924, 925, 370, 1430, 365, 378, 521, 747, 1084, 236, 296, 306, 13, 1499, 1702, 1407, 1505, 402, 1296, 281, 913, 921, 989, 363, 398, 532, 1067, 822, 816, 874, 600, 1130, 555, 707, 1742, 327, 913, 603, 1129, 1602, 1606, 202, 205, 347, 876, 1189, 1293, 1531, 1044, 951, 637, 1152, 1181, 295, 410, 758, 32, 74, 88, 537, 649, 779, 1482, 640, 1300, 1264, 561, 993, 1753, 1539, 118, 158, 298, 553, 1748, 1638, 1589, 55, 1532, 1770, 1598, 1572, 542, 552, 561, 608, 1584, 328, 1615, 411/2, 719, 15, 171, 1734, 341, 796, 540, 657, 1558, 1679, 114, 384, 864, 1086, 1095, 1002, 183, 696, 86, 87, 134, 724, 930, 933, 1201, 1217, 1230, 1246, 1746, 85, 97, 573, 676, 117/5, 1510, 10, 1544, 1648, 137, 1502, 585, 593, 595, 596, 606, 611, 615, 618, 648, 592, 1011, 1485, 911, 1743","p21: remark: ग्राम नगर निगम में है। पूर्ण रूप में शहरीकरण हो चुका है।; cell continues on p.22-27 | p22: continuation of serial 31 (बरावन कलां); stray mark 'I' between 582 and 601 omitted; last token '9' + '32' on p.23 = 932; 932 joined across p22/p23 | p23: continuation of serial 31; first token '32' completes 932 from p.22; last token '5' + '1' on p.24 = 51; 51 joined across p23/p24 | p24: continuation of serial 31; first token '1' completes 51 from p.23; '5611158' = '5611' at line end + '158' with no comma (likely 561,1158 or 5611,158) | p25: continuation of serial 31; digit unclear 48? (could be 43); '091' printed with leading zero; '107170' printed without comma (likely 1071,70 or 107,170) | p26: continuation of serial 31; printed '1115त्र742/1779' with no comma, split as 1115त्र and 742/1779; last token '18' + '5' on p.27 = 185; 185 joined across p26/p27 | p27: continuation of serial 31; first token '5' completes 185 from p.26; last token '1' continues on p.28; 1748 joined across p27/p28 | p28: first token 748 continues from prev page (prev page ends '1' → likely 1748)"
sadar4,32,बरावन खुर्द,abadi,,29 30 31,535,"1, 2, 3, 4, 5, 6, 7, 8, 9, 10, 11, 12, 13, 14, 15, 16, 17, 18, 19, 20, 21, 22, 23, 24, 25, 26, 27, 28, 29, 30, 31, 32, 33, 34, 35, 36, 37, 39, 40, 41, 42, 43, 44, 45, 46, 47, 48, 49, 50, 51, 52, 53, 54, 55, 56, 57, 58, 59, 60, 61, 62, 63, 64, 66, 67, 68, 69, 70, 71, 72, 73, 74, 75, 76, 77, 78, 79, 80, 82, 83, 84, 85, 87, 88, 89, 90, 91, 92, 93, 94, 95, 96, 97, 98, 99, 100, 101, 102, 104, 105, 106, 108, 109, 110, 111, 112, 113, 114, 115, 116, 117, 118, 119, 121, 122, 123, 124, 125, 126, 127, 128, 129, 130, 132, 133, 134, 135, 136, 138, 140, 141, 142, 143, 144, 146, 148, 149, 150, 151, 152, 153, 154, 156, 157, 158, 159, 160, 161, 162, 163, 164, 165, 166, 167, 169, 170, 171, 172, 173, 175, 176, 178, 179, 181, 183, 184, 185, 186, 188, 189, 190, 191, 192, 193, 194, 195, 196, 197, 198, 199, 200, 201, 202, 204, 203, 204, 205, 206, 207, 208, 210, 211, 213, 214, 215, 216, 217, 218, 219, 220, 222, 223, 226, 227, 228, 234, 235, 236, 237, 238, 239, 240, 242, 243, 244, 245, 246, 247, 248, 249, 250, 252, 253, 254, 255, 256, 257, 259, 260, 263, 264, 265, 266, 267, 268, 269, 270, 271, 272, 273, 276, 277, 278, 279, 280, 281, 285, 283, 284, 285, 287, 288, 289, 291, 292, 293, 297, 298, 299, 300, 301, 302, 303, 304, 305, 306, 307, 309, 310, 311, 312, 313, 314, 315, 317, 318, 322, 323, 324, 325, 326, 327, 331, 332, 339, 340, 341, 342, 343, 344, 345, 346, 348, 349, 350, 351, 352, 353, 354, 355, 357, 358, 359, 361, 363, 364, 365, 367, 369, 370, 371, 372, 373, 374, 375, 376, 377, 378, 380, 381, 383, 384, 385, 386, 388, 389, 390, 391, 392, 393, 395, 397, 398, 399, 401, 402, 403, 404, 405, 406, 407, 408, 409, 410, 411, 412, 413, 414, 415, 416, 417, 418, 419, 420, 421, 423, 424, 425, 426, 429, 430, 431, 432, 433, 434, 435, 436, 437, 438, 439, 440, 441, 442, 443, 444, 445, 446, 448, 449, 450, 451, 452, 453, 454, 456, 458, 459, 460, 461, 462, 463, 464, 468, 469, 470, 471, 472, 473, 474, 475, 476, 477, 478, 479, 480, 481, 482, 483, 484, 486, 487, 488, 489, 490, 491, 492, 493, 494, 496, 497, 498, 499, 500, 501, 502, 503, 504, 505, 506, 507, 508, 509, 514, 515, 516, 517, 518, 519, 520, 521, 524, 525, 526, 527, 528, 529, 530, 531, 532, 533, 534, 535, 539, 540, 541, 542, 543, 544, 545, 546, 548, 549, 550, 551, 552, 553, 554, 555, 556, 557, 558, 559, 560, 561, 562, 563, 564, 565, 566, 568, 571, 572, 573, 574, 575, 576, 577, 578, 579, 580, 584, 585, 593, 594, 595, 596, 597, 598, 599, 600, 601, 602, 603, 604, 605, 606, 607, 609, 610, 611, 612, 613, 614, 615, 616, 617, 618, 619, 620, 621, 622, 623, 624, 625, 626, 627, 628, 629, 630, 277/633, 549/637, 126/638, 230/640, 358/641, 505/643",p29: printed '119121' (missing comma) split as 119;121; remark: लखनऊ विकास प्राधिकरण के द्वारा अधिग्रहीत किया गया। | p30: continues serial 32 बरावन खुर्द | p31: continues serial 32 बरावन खुर्द
sadar4,33,बरीकलां,abadi,,31 32 33,458,"2, 3, 4, 5, 6, 7, 8, 9, 10, 11, 12, 13, 14, 15, 16, 17, 18, 19, 20, 21, 23, 24, 25, 26, 27, 28, 29, 30, 31, 32, 34, 35, 37, 39, 40, 42, 43, 44, 45, 46, 47, 48, 49, 50, 51, 52, 53, 54, 55, 56, 57, 58, 59, 60, 61, 62, 63, 64, 65, 66, 67, 68, 69, 70, 71, 72, 73, 74, 75, 76, 77, 78, 81, 83, 84, 85, 86, 88, 89, 90, 91, 93, 94, 96, 97, 99, 100, 101, 102, 103, 104, 105, 106, 107, 109, 110, 111, 112, 113, 115, 116, 117, 118, 119, 120, 121, 122, 123, 124, 125, 126, 127, 128, 131, 132, 133, 135, 136, 138, 140, 141, 142, 143, 144, 145, 146, 147, 148, 149, 151, 153, 154, 155, 156, 157, 159, 160, 161, 162, 163, 164, 166, 167, 169, 170, 171, 173, 174, 176, 177, 178, 179, 181, 182, 183, 184, 185, 186, 188, 191, 193, 194, 195, 196, 198, 199, 200, 201, 202, 204, 205, 206, 208, 211, 212, 213, 214, 215, 216, 217, 219, 221, 223, 225, 227, 228, 229, 231, 232, 233, 236, 237, 239, 240, 241, 242, 244, 245, 246, 248, 250, 251, 252, 253, 254, 255, 258, 259, 260, 262, 263, 264, 265, 266, 267, 270, 271, 272, 275, 276, 277, 278, 279, 280, 282, 286, 287, 289, 290, 291, 293, 294, 295, 297, 298, 299, 301, 303, 304, 305, 306, 308, 309, 310, 311, 312, 313, 314, 315, 316, 317, 318, 320, 321, 322, 323, 324, 325, 326, 327, 328, 333, 334, 335, 336, 337, 338, 340, 341, 342, 343, 344, 345, 347, 348, 350, 351, 356, 357, 358, 359, 361, 362, 363, 364, 365, 366, 368, 369, 371, 372, 373, 374, 376, 377, 378, 379, 380, 381, 382, 383, 385, 386, 388, 390, 391, 392, 394, 395, 396, 398, 400, 401, 402, 403, 407, 410, 411, 413, 417, 420, 422, 427, 428, 431, 432, 459, 460, 461, 464, 465, 466, 468, 476, 488, 502, 503, 505, 509, 510, 511, 513, 514, 515, 516, 566, 605, 606, 607, 609, 610, 611, 613, 614, 615, 616, 617, 618, 619, 620, 621, 622, 624, 625, 626, 628, 629, 630, 631, 632, 633, 635, 636, 637, 640, 641, 642, 643, 644, 646, 647, 648, 651, 652, 653, 654, 655, 656, 657, 658, 659, 660, 661, 662, 663, 664, 666, 667, 668, 669, 670, 671, 672, 673, 674, 676, 678, 679, 680, 681, 682, 683, 684, 685, 687, 688, 689, 690, 691, 692, 693, 694, 695, 696, 697, 699, 700, 701, 702, 703, 704, 706, 707, 708, 709, 710, 711, 712, 713, 714, 716, 717, 719, 721, 722, 723, 724, 725, 726, 727, 728, 729, 730, 731, 732, 734, 28/741, 742",p31: remark: लखनऊ विकास प्राधिकरण के द्वारा अधिग्रहीत किया गया। | p32: continues serial 33 बरीकलां | p33: continues serial 33 बरीकलां
sadar4,34,बसरैला,link,,33,47,"470, 471, 472, 465, 455, 452, 454, 451, 434, 436, 429, 428, 437, 439, 407, 408, 222, 223, 218, 229, 228, 227, 215, 174, 173, 171, 170, 162, 163, 164, 120, 125, 126, 128, 176, 177, 168, 117, 118, 66, 50, 49, 48, 47, 46, 43, 40",
sadar4,34,बसरैला,abadi,,33,33,"16, 17, 18, 443, 341, 439, 437, 436, 177, 114, 74, 73, 117, 118, 160, 164, 165, 249, 250, 251, 255, 256, 257, 195, 196, 197, 532, 530, 528, 527, 526, 548, 550",
sadar4,35,बिगहू,link,,33,22,"404, 403, 402, 401, 398, 397, 396, 395, 394, 202, 200, 207, 211, 238, 239, 240, 341, 342, 249, 248, 247, 351",
sadar4,35,बिगहू,abadi,,33,12,"150, 149, 147, 159, 160, 164, 230, 249, 244, 141/448, 141, 148",
sadar4,36,बेढौना,nh,,33,24,"7, 39, 125, 201, 200, 202, 208, 210, 212, 213, 224, 225, 226, 244, 245, 255, 256, 258, 268, 269, 270, 271, 273, 335",
sadar4,36,बेढौना,link,,33,23,"54, 47, 272, 116, 144, 254, 295, 59, 256, 124, 242, 198, 134, 138, 175, 47, 45, 44, 43, 62, 63, 67, 270",
sadar4,36,बेढौना,abadi,,33,12,"264, 262, 67, 119, 115, 55, 44, 62, 63, 263, 67, 43",
sadar4,37,भटऊ जमालपुर,link,,33 34,219,"2, 3, 4, 5, 6, 7, 8, 9, 10, 11, 12, 17, 18, 47, 24, 26, 27, 28, 30, 32, 33, 35, 38, 121, 122, 130, 131, 132, 133, 135, 158, 160, 161, 162, 168, 436, 435, 433, 430, 429, 412, 411, 410, 413, 1198, 1200, 1218, 1216, 1215, 1214, 1213, 1194, 1193, 1231, 1230, 1229, 1228, 1226, 1225, 178, 176, 174, 172, 181, 180, 179, 183, 196, 195, 201, 202, 200, 198, 197, 221, 216, 219, 226, 227, 231, 313, 314, 315, 318, 321, 322, 323, 325, 329, 330, 331, 332, 334, 336, 352, 354, 355, 360, 363, 364, 365, 366, 376, 168, 153, 152, 151, 150, 145, 125, 124, 512, 174, 437, 436, 450, 454, 500, 511, 514, 515, 517, 518, 519, 520, 521, 522, 523, 527, 528, 530, 531, 546, 620, 560, 561, 563, 564, 565, 566, 567, 571, 572, 576, 569, 580, 383, 392, 393, 394, 220, 222, 223, 224, 99, 239, 241, 242, 243, 244, 245, 246, 247, 248, 249, 250, 251, 252, 253, 254, 255, 278, 119, 118, 117, 116, 115, 396, 400, 409, 402, 403, 405, 408, 406, 643, 641, 640, 952, 953, 946, 944, 936, 935, 934, 1176, 1180, 1181, 1182, 1184, 1171, 1172, 1173, 1175, 1167, 1169, 1170, 1196, 1197, 1198, 1251, 1252, 1253, 1258, 1265, 1269, 1271, 1111, 1115",p34: continues serial 37 भटऊ जमालपुर
sadar4,37,भटऊ जमालपुर,abadi,,33 34,86,"663, 621, 622, 623, 625, 630, 543, 546, 635, 636, 637, 638, 639, 656, 957, 955, 951, 948, 1034, 1035, 1036, 1037, 1038, 1039, 1041, 1042, 1043, 1044, 1047, 1048, 1049, 1052, 1054, 1055, 1056, 1057, 1058, 1059, 1060, 1062, 1064, 1065, 1070, 1071, 1072, 1073, 1074, 1075, 1076, 1077, 1078, 1079, 1080, 1081, 1082, 1083, 1084, 1085, 384, 382, 385, 386, 387, 380, 381, 377, 337, 338, 339, 340, 342, 343, 346, 347, 348, 350, 351, 280, 281, 283, 288, 289, 303, 270, 271, 275",p34: continues serial 37 भटऊ जमालपुर
sadar4,38,भलिया,nh,,34,24,"1024, 1027, 1028, 1031, 1042, 1045, 1047, 1048, 1049, 1050, 1055, 1069, 1070, 1073, 1076, 1064, 1059, 1060, 1056, 1018, 1017, 1015, 1180, 1177",
sadar4,38,भलिया,link,,34 35,92,"1077, 1078, 1079, 1080, 1091, 1112, 1152, 1056, 1055, 977, 976, 974, 947, 944, 945, 943, 921, 920, 828, 871, 873, 875, 879, 900, 902, 904, 909, 916, 918, 444, 443, 439, 10, 13, 25, 29, 30, 37, 22, 21, 20, 55, 52, 71, 84, 83, 79, 77, 655, 654, 653, 652, 651, 650, 681, 682, 673, 269, 646, 643, 644, 639, 636, 637, 684, 634, 677, 676, 96, 97, 98, 99, 101, 100, 102, 103, 104, 115, 119, 120, 121, 122, 124, 125, 126, 127, 129, 132, 150, 148, 147, 146",p35: continues serial 38 भलिया
sadar4,38,भलिया,abadi,,34 35,69,"1082, 1088, 1094, 1095, 1096, 1097, 1098, 1099, 1101, 1102, 1103, 1104, 1105, 1106, 1107, 1108, 1110, 1157, 1158, 1159, 1162, 1165, 1166, 1167, 1179, 1176, 1131, 1140, 1033, 1034, 1037, 1024, 1025, 1026, 1027, 1028, 610, 509, 603, 508, 497, 485, 481, 483, 484, 480, 918, 916, 911, 909, 906, 908, 891, 890, 849, 1, 3, 5, 6, 7, 8, 9, 60, 61, 62, 63, 64, 65, 66",p35: continues serial 38 भलिया
sadar4,39,महतवां,link,,35,28,"151, 152, 93, 86, 23, 24, 26, 121, 122, 127, 145, 146, 147, 148, 161, 162, 155, 156, 159, 87, 74, 76, 69, 194, 231, 235, 246, 196",
sadar4,39,महतवां,abadi,,35,28,"69, 70, 71, 122, 128, 132, 135, 145, 146, 149, 150, 66, 121, 58, 21, 72, 74, 76, 155, 156, 152, 154, 159, 135, 196, 194, 231, 235",
sadar4,40,महमूदपुर,nh,,35,17,"65, 59, 62, 63, 48, 42, 40, 35, 36, 32, 39, 26, 27, 28, 29, 6, 5",
sadar4,40,महमूदपुर,abadi,,35,6,"62, 63, 40, 43, 42, 44",
sadar4,41,मुजफ्फरनगर,link,,35,49,"249, 250, 252, 254, 293, 258, 259, 110, 123, 124, 143, 144, 139, 138, 142, 140, 137, 100, 173, 26, 28, 30, 34, 181, 91, 90, 97, 50, 52, 67, 48, 47, 125, 140, 137, 26, 29, 100, 171, 162, 163, 160, 205, 206, 265, 266, 202, 209, 267",
sadar4,41,मुजफ्फरनगर,abadi,,35,18,"78, 77, 47, 67, 71, 90, 92, 84, 264, 262, 110, 125, 140, 135, 1, 2, 3, 4",
sadar4,42,मुबारकपुर,link,,35,66,"388, 392, 394, 350, 347, 284, 279, 406, 327, 328, 321, 320, 318, 316, 281, 331, 330, 334, 278, 277, 276, 238, 239, 240, 239, 352, 273, 21, 42, 43, 44, 45, 46, 191, 195, 222, 221, 220, 219, 215, 214, 211, 198, 200, 189, 48, 40, 50, 413, 414, 415, 416, 417, 418, 429, 430, 432, 399, 401, 410, 408, 341, 349, 334, 332, 331",p35: remark: ग्राम में चकबन्दी नही हुई है।
sadar4,42,मुबारकपुर,abadi,,35,16,"442, 433, 432, 439, 423, 437, 438, 439, 434, 422, 388, 392, 359, 347, 349, 348",p35: remark: ग्राम में चकबन्दी नही हुई है।
sadar4,43,मुहीउद्दीनपुर,nh,,36,22,"13, 15, 16, 17, 43, 44, 76, 70, 80, 81, 83, 88, 89, 90, 93, 94, 95, 96, 97, 99/1, 99/2, 87",
sadar4,43,मुहीउद्दीनपुर,link,,36,15,"133, 136, 139, 138, 115, 145, 149, 101, 76, 78, 89, 85, 86, 82, 88",
sadar4,43,मुहीउद्दीनपुर,abadi,,36,28,"146, 147, 148, 149, 137, 115, 144, 145, 152, 151, 69, 54, 53, 55, 66, 157, 150, 68, 133, 132, 135, 140, 143, 101, 102, 70, 71, 75",
sadar4,44,रहीमनगर डुडौली,abadi,,36 37,320,"2, 3, 4, 5, 6, 7, 12, 13, 14, 15, 16, 17, 19, 20, 21, 26, 27, 28, 29, 30, 31, 33, 35, 36, 37, 39, 40, 42, 43, 44, 45, 46, 47, 48, 49, 50, 51, 52, 53, 54, 55, 57, 60, 62, 63, 64, 65, 66, 67, 68, 69, 70, 71, 72, 73, 74, 75, 76, 77, 79, 80, 81, 82, 83, 85, 86, 87, 88, 89, 90, 93, 94, 96, 97, 99, 101, 102, 103, 104, 105, 106, 108, 109, 111, 112, 113, 114, 115, 116, 118, 121, 122, 123, 124, 125, 126, 127, 128, 130, 131, 133, 136, 137, 138, 139, 141, 142, 143, 144, 145, 146, 147, 149, 150, 151, 153, 155, 156, 158, 160, 161, 163, 164, 165, 167, 168, 169, 170, 171, 172, 173, 174, 175, 177, 178, 179, 180, 182, 183, 184, 185, 186, 188, 189, 190, 191, 192, 193, 195, 196, 197, 198, 199, 200, 201, 202, 203, 204, 205, 207, 208, 209, 210, 211, 213, 215, 216, 219, 220, 221, 222, 223, 224, 226, 227, 228, 229, 230, 231, 232, 233, 235, 236, 237, 238, 240, 242, 244, 246, 247, 248, 249, 254, 255, 257, 258, 259, 260, 262, 263, 264, 265, 267, 268, 269, 270, 271, 272, 273, 278, 280, 286, 289, 299, 300, 301, 302, 303, 304, 305, 306, 307, 308, 309, 310, 311, 314, 316, 317, 318, 319, 320, 321, 322, 323, 324, 325, 326, 327, 328, 329, 330, 331, 333, 335, 336, 337, 340, 341, 342, 344, 345, 348, 349, 350, 352, 353, 354, 357, 358, 359, 360, 362, 363, 364, 367, 368, 369, 370, 371, 373, 374, 375, 377, 380, 381, 382, 383, 384, 385, 386, 387, 388, 389, 390, 391, 392, 393, 394, 395, 396, 397, 398, 399, 401, 405, 410, 411, 412, 414, 415, 416, 418, 419, 420, 421, 422, 423, 424, 425, 427, 428, 429, 430, 431, 432, 435, 436, 437, 439","p36: last token 30 cut at page end, continues on next page; remark: ग्राम नगर निगम सीमा के अन्तर्गत शहरीकरण हो चुका है। | p37: first token 309 split across pages: p36 ends '30', p37 starts '9'"
sadar4,45,रायपुर (काकोरी),link,,37,42,"15, 13, 12, 11, 9, 16, 79, 82, 87, 86, 152, 153, 154, 162, 90, 91, 92, 222, 223, 228, 146, 145, 135, 134, 142, 138, 140, 232, 237, 245, 240, 241, 137, 139, 140, 132, 237, 240, 241, 148, 218, 215","p37: printed ',,' before 215"
sadar4,45,रायपुर (काकोरी),abadi,,37,16,"67, 68, 77, 79, 16, 15, 19, 22, 25, 59, 56, 17, 23, 24, 27, 28",
sadar4,46,लोहरामऊ,abadi,,37 38,250,"1, 2, 3, 5, 6, 8, 11, 12, 13, 14, 15, 16, 17, 18, 19, 20, 21, 22, 23, 25, 26, 27, 28, 30, 32, 33, 35, 36, 37, 38, 39, 41, 42, 43, 44, 46, 47, 49, 50, 51, 52, 53, 54, 55, 56, 59, 60, 63, 64, 65, 66, 68, 70, 72, 74, 76, 75, 78, 79, 80, 81, 82, 85, 86, 87, 88, 89, 91, 92, 93, 94, 95, 96, 97, 98, 100, 102, 104, 107, 108, 109, 110, 111, 113, 115, 116, 117, 118, 119, 121, 122, 123, 125, 126, 127, 128, 129, 134, 135, 136, 137, 138, 139, 140, 141, 142, 143, 144, 148, 149, 150, 151, 152, 153, 154, 157, 158, 159, 160, 164, 169, 170, 172, 173, 174, 175, 176, 177, 178, 179, 180, 181, 182, 183, 184, 185, 186, 187, 188, 189, 190, 191, 192, 193, 194, 196, 197, 198, 199, 200, 201, 202, 203, 205, 206, 208, 209, 210, 211, 214, 215, 216, 217, 218, 220, 221, 223, 225, 228, 229, 231, 232, 233, 234, 235, 237, 238, 240, 241, 242, 243, 244, 245, 246, 248, 249, 251, 252, 253, 254, 255, 256, 258, 259, 262, 263, 264, 265, 266, 269, 270, 271, 272, 275, 276, 279, 280, 281, 282, 284, 286, 287, 288, 290, 291, 292, 293, 297, 298, 299, 300, 305, 306, 307, 308, 309, 311, 312, 313, 314, 315, 316, 319, 320, 321, 322, 323, 324, 325, 327, 328, 329, 330, 331, 332, 337, 339, 340, 341, 342",p37: remark: ग्राम नगर निगम सीमा के अन्तर्गत शहरीकरण हो चुका है।; last token 151 split across p37/p38 ('15'+'1') | p38: continued from p37; leading '1' completes 151 (listed on p37)
sadar4,47,बहरू,nh,,38,29,"1392, 1384, 1462, 1413, 1414, 1423, 1416, 1443, 1446, 1448, 1447, 1208, 1203, 1206, 1207, 1229, 1224, 1222, 1227, 1228, 1375, 1444, 1450, 1420, 1419, 1416, 1415, 1417, 1487",
sadar4,47,बहरू,link,,38 39,255,"261, 264, 432, 255, 423, 418, 273, 274, 254, 251, 243, 238, 226, 278, 279, 285, 213, 216, 217, 219, 405, 402, 404, 295, 304, 306, 303, 342, 328, 329, 331/1974, 6, 18, 31, 33, 36, 38, 77, 79, 74, 320, 948, 196, 199, 200, 112, 107, 83, 81, 84, 79, 42, 93, 92, 43, 1030, 985, 982, 930, 926, 917, 893, 1036, 1053, 1055, 1067, 1068, 1069, 512, 510, 507, 514, 632, 634, 628, 655, 660, 662, 658, 664, 671, 621/1883, 611, 256, 270, 422, 272/1877, 272, 235, 250, 249, 286, 287, 283, 220, 291, 407, 294, 293, 298, 344, 333, 332, 330, 331, 350, 539, 42, 67, 72, 946, 316, 315, 113, 101, 102, 106, 66, 65, 64, 63, 46, 1098, 987, 986, 924, 925, 920, 1051, 1052, 1054, 1070, 1072, 1074, 518, 517, 521, 656, 649, 648, 666, 668, 658, 677, 673, 676, 675, 594, 592, 595, 564, 562, 474, 568, 410, 411, 408, 574, 577, 578, 579, 584, 687, 686, 685, 684, 665, 761, 762, 759, 793, 742, 743, 740, 801, 802, 803, 808, 364, 367, 397, 368, 351, 389, 383, 382, 1643, 1628, 1739, 1593, 1588, 1673, 1656, 1652, 1406, 1408, 1436, 1433, 1488, 1486, 1443, 1421, 1420, 1424, 590, 599, 588, 469, 570, 413, 575, 573, 576, 716, 718, 719, 684, 683, 686, 763, 789, 791, 735, 748, 684, 806, 805, 375, 369, 400, 393, 380, 375, 369, 400, 393, 380, 375, 1626, 1740, 1641, 1642, 1661, 1659, 1657, 1401, 1409, 1411, 1435, 1432, 1431, 1445, 1446, 1450, 1451",p38: cell continues on p39 | p39: continued from p38
sadar4,47,बहरू,abadi,,38,71,"261, 264, 432, 418, 426, 427, 422, 270, 245, 246, 243, 56, 26, 15, 623, 621, 620, 613, 612, 607, 603, 604, 555, 554, 553, 493, 549, 546, 543, 530, 532, 535, 536, 523, 538, 623, 624, 883, 882, 880, 855, 856, 858, 360, 361, 361/1875, 364, 372, 373, 721, 726, 724, 812, 814, 818, 835, 838, 839, 841, 843, 850, 851, 852, 1647, 1646, 1652, 1406, 1563, 1565, 1645, 1647",
sadar4,48,शाहपुर,link,,39 40,161,"67, 68, 69, 440, 72, 73, 95, 91, 92, 93, 94, 87, 88, 86, 85, 84, 65, 100, 101, 102, 103, 106, 108, 109, 110, 113, 114, 119, 121, 336, 339, 338, 322, 306, 218, 216, 215, 214, 245, 126, 132, 134, 131, 141, 142, 150, 63, 64, 59, 58, 56, 57, 61, 48, 36, 180, 181, 170, 175, 168, 167, 166, 165, 164, 163, 162, 161, 159, 156, 155, 168, 139, 236, 237, 228, 229, 227, 223, 273, 274, 240, 243, 244, 277, 279, 254, 255, 256, 257, 253, 254, 252, 259, 257, 263, 391, 373, 402, 401, 403, 405, 366, 364, 371, 373, 406, 407, 408, 409, 410, 412, 414, 415, 416, 418, 419, 421, 422, 424, 530, 531, 533, 534, 535, 536, 538, 539, 541, 542, 543, 546, 548, 526, 527, 528, 522, 523, 524, 525, 474, 475, 476, 479, 480, 481, 482, 486, 488, 496, 490, 491, 497, 495, 492, 500, 501, 502, 510, 512, 513, 517",p39: cell continues on p40 | p40: continued from p39
sadar4,48,शाहपुर,abadi,,39,29,"257, 277, 279, 223, 286, 303, 295, 292, 430, 431, 429, 470, 468, 437, 442, 441, 445, 442, 14, 15, 10, 170, 180, 181, 155, 157, 56, 51, 157",
sadar4,49,शेरपुरमऊ,link,,40,14,"95, 93, 98, 104, 105, 112, 111, 302, 301, 278, 276, 266, 263, 262",
sadar4,49,शेरपुरमऊ,abadi,,40,36,"83, 90, 91, 108, 305, 342, 343, 344, 346, 81, 79, 136, 137, 138, 158, 159, 272, 271, 207, 209, 208, 316, 319, 295, 398, 290, 321, 331, 342, 55, 47, 51, 52, 54, 16, 22",
sadar4,50,सराय मुहिब,none,,40,0,,"all columns ""—"""
sadar4,51,सलेमपुर पतौरा,link,,40 41,116,"660, 700, 701, 709, 710, 817, 886, 814, 831, 775, 869, 788, 787, 784, 782, 780, 779, 774, 772, 770, 659, 858, 647, 136, 640, 444, 445, 555, 436, 561, 594, 543, 595, 404, 403, 506, 408, 390, 391, 393, 609, 433, 180, 188, 189, 185, 183, 182, 181, 24, 22, 17, 16, 15, 14, 18, 19, 20, 12, 30, 28, 7, 8, 9, 4, 3, 21, 85, 86, 87, 88, 90, 91, 92, 106, 127, 128, 129, 134, 133, 136, 142, 307, 306, 309, 312, 314, 317, 470, 471, 474, 476, 479, 486, 485, 484, 483, 404, 583, 506, 567, 508, 741, 743, 773, 752, 272, 371, 388, 367, 364, 363, 362, 279, 259, 263",p40: cell continues on p41 | p41: continued from p40
sadar4,51,सलेमपुर पतौरा,abadi,,40 41 42,460,"85, 86, 87, 84, 89, 88, 80, 79, 92, 93, 94, 95, 96, 98, 99, 100, 102, 103, 106, 105, 108, 100, 101, 71, 70, 69, 72, 68, 116, 118, 125, 127, 122, 121, 119, 44, 50, 48, 156, 159, 147, 52, 53, 55, 56, 54, 115, 114, 45, 46, 47, 42, 41, 159, 128, 129, 130, 154, 157, 161, 153, 152, 168, 165, 166, 164, 170, 171, 172, 173, 45, 176, 177, 205, 204, 202, 200, 182, 198, 181, 188, 189, 190, 193, 196, 197, 198, 203, 206, 207, 208, 2, 3, 4, 7, 8, 9, 10, 11, 12, 13, 14, 15, 16, 17, 18, 30, 28, 19, 22, 24, 26, 780, 782, 784, 779, 777, 778, 785, 787, 786, 775, 774/908, 774/775, 776, 867, 869, 865, 870, 866, 875, 851, 850, 855, 854, 849, 848, 829, 815, 828, 832, 834, 827, 814, 817, 813, 820, 812, 823, 822, 836, 837, 180, 182, 183, 184, 185, 186, 187, 188, 189, 190, 200, 202, 206, 210स, 211, 222, 223, 227, 229स, 232, 233, 234, 235, 236, 237, 238, 239, 242, 243, 244, 245, 246, 247, 248, 249, 251, 253, 254, 255, 256, 257, 258, 259, 260, 261, 262, 263, 264, 265, 266, 267, 268, 269, 271, 273, 809, 808, 805, 720/904, 861, 856, 857, 754, 771, 770, 752, 746, 748, 749, 747, 757, 758, 760, 759, 795, 744, 741, 742, 523, 522, 19, 24, 26, 28, 30, 36स, 37, 300, 48, 49, 71, 72, 75, 76, 80, 84, 93, 96, 98, 99, 100, 101, 102, 105, 106, 107, 109, 110, 118, 123, 127, 128, 151, 158, 159, 168, 440, 441, 442, 445, 446, 448, 449, 450, 453, 454, 455, 456, 457, 458, 459, 460, 463, 464, 465, 466, 468, 470, 471, 472, 473, 474, 475, 476, 477, 478, 479, 480, 482, 483, 484, 485, 486, 487, 488, 489, 490, 491, 494, 495, 496, 497, 498, 499, 501, 502, 503, 505, 506, 507, 510, 511, 513, 515, 516, 517, 518, 519, 520, 522, 526, 527, 534, 535, 536, 537, 538, 539, 540, 541, 543, 544, 545, 547, 548, 549, 550, 551, 552, 553, 554, 555, 556, 561, 562, 563, 564, 565, 566, 569, 570, 571, 572, 573, 574, 575, 576, 591, 593, 594, 595, 596, 597, 598, 599, 600, 279, 280, 281, 302, 304, 305, 307, 308, 309, 310, 312, 313, 314, 315, 316, 322, 323, 324, 325, 326, 327, 328, 329, 330, 331, 335, 336, 338, 342, 343, 344, 345, 351, 352, 355, 353, 534, 356, 357, 363, 364, 365, 366, 367, 368, 369, 370, 371, 372, 373, 376, 379, 380, 381, 382, 383, 384, 387स, 389, 390, 400, 401, 404, 405, 406, 411, 412, 413, 416, 417, 418, 419, 420, 421, 423, 424, 425, 426, 428, 430, 431, 432","p40: last token 190 split across p40/p41 ('1'+'90'); cell continues on p41 | p41: continued from p40 (leading '90' completes 190, listed on p40); continues on p42 | p42: continued from p41"
sadar4,52,सूदी,link,,42,20,"22, 23, 39, 41, 42, 48, 67, 72, 63, 103, 102, 101, 154, 185, 184, 182, 232, 226, 225, 230",
sadar4,52,सूदी,abadi,,42,6,"25, 26, 27, 35, 39, 30",
sadar4,53,सैदपुर महेरी,nh,,42,31,"1, 15, 16, 17, 20, 23, 24, 25, 26, 28, 423, 424, 425, 426, 435, 438, 445, 447, 446, 448, 449, 450, 451, 453, 454, 456, 457, 473, 501, 503, 505",
sadar4,53,सैदपुर महेरी,link,,42 43,82,"351, 335, 340, 337, 336, 332, 330, 331, 325, 303, 302, 245, 93, 92, 86, 57, 55, 35, 36, 28, 29, 32, 33, 459, 456, 419, 378, 365, 363, 362, 360, 359, 357, 541, 542, 543, 545, 546, 547, 378, 381, 382, 417, 420, 421, 380, 422, 229, 425, 426, 413, 416, 412, 514, 517, 406, 410, 409, 295, 302, 300, 249, 267, 276, 289, 26, 20, 24, 23, 28, 26, 456, 457, 449, 448, 447, 494, 437, 505, 435, 446, 438",p42: cell continues on p43 | p43: continued from p42
sadar4,53,सैदपुर महेरी,abadi,,42,17,"157, 156, 191, 195, 200, 201, 521, 397, 345, 392, 311, 313, 315, 306, 303, 302, 189",
sadar4,54,सैफलपुर,link,,43,51,"247, 248, 249, 250, 251, 253, 254, 255, 257, 258, 259, 260, 261, 282, 274, 283, 284, 296, 287, 544, 547, 548, 549, 550, 551, 552, 553, 554, 622, 623, 624, 626, 628, 629, 630, 631, 632, 635, 753, 755, 757, 759, 798, 637, 638, 640, 642, 646, 637, 530, 567",
sadar4,54,सैफलपुर,abadi,,43,13,"20, 19, 16, 11, 306, 335, 36, 57, 28, 24, 37, 36, 32",
sadar4,55,चिलौली,link,,43,29,"27, 28, 74, 126, 125, 118, 45, 104, 106, 140, 142, 144, 145, 146, 147, 148, 150, 151, 163, 167, 169, 173, 175, 173, 177, 178, 179, 181, 191",
sadar4,55,चिलौली,abadi,,43,10,"113, 74, 78, 56, 57, 60, 33, 34, 35, 28",
sadar4,56,जलियामऊ,nh,,43,29,"294, 295, 299, 300, 303, 305, 312, 343, 347, 359, 361, 360, 362, 397, 409, 418, 421, 422, 503, 441, 456, 459, 475, 486, 529, 528, 539, 554, 551",
sadar4,56,जलियामऊ,link,,43,40,"210, 211, 212, 213, 219, 22, 223, 224, 227, 228, 230, 232, 237, 238, 239, 240, 291, 290, 288, 285, 282, 1014, 1012, 1039, 1030, 1029, 1021, 997, 1010, 1008, 998, 1106, 1109, 1110, 801, 799, 1278, 1265, 1104, 1100",
sadar4,56,जलियामऊ,abadi,,43,52,"529, 528, 530, 519, 492, 488, 486, 518, 1003, 1007, 1008, 1000, 944, 942, 943, 947, 948, 576, 578, 579, 936, 580, 933, 932, 931, 902, 343, 313, 340, 376, 338, 336, 330, 715, 369, 379, 380, 381, 382, 385, 383, 663, 685, 655, 656, 657, 660, 641, 644, 646, 645, 654",
sadar4,57,टाउन एरिया काकोरी,none,,43,0,,"all columns ""—""; remark: ग्राम काकोरी का मजरा है।"
sadar4,58,सेमरागौढी,nh,,43,6,"321, 303, 281?, 290?, 313, 316",p43: village name and row very faint (name best reading); 281? 290? faint digits
sadar4,58,सेमरागौढी,link,,43,31,"304, 320, 319, 307, 318, 117, 101, 100, 110, 99, 311, 98, 97, 312, 97, 96, 109, 107, 108, 93, 94, 95, 96, 123, 124, 265, 266, 113, 112, 85, 110",p43: faint print; village name best reading
sadar4,58,सेमरागौढी,abadi,,43 44 45,284,"1, 2, 3, 4, 5, 6, 7, 9, 10, 11, 13, 14, 15, 16, 18, 19, 21, 22, 24, 25, 26, 27, 28, 30, 32, 34, 35, 36, 38, 39, 40, 41, 42, 43, 44, 45, 46, 47, 48, 51, 52, 54, 55, 56, 57, 58, 59, 60, 61, 62, 63, 64, 67, 68, 69, 70, 71, 72, 73, 74, 7677, 78, 79, 80, 82, 83, 84, 85, 87, 88, 89, 91, 93, 94, 95, 97, 98, 99, 100, 101, 102, 103, 104, 105, 106, 107, 108, 109, 110, 112, 113, 114, 115, 116, 117, 118, 119, 120, 121, 122, 123, 124, 125, 126, 130, 131, 132, 137, 138, 139, 140, 141, 142, 143, 144, 145, 148, 151, 147, 152, 153, 154, 156, 157, 159, 160, 161, 164, 165, 167, 168, 169, 170, 171स, 172, 173, 174, 175, 176, 177/2, 177/3, 178/1, 178/2, 179, 180, 182, 184, 185, 186, 187, 188, 189, 190, 191, 192, 193, 194, 195, 196, 197, 199, 200, 201, 202, 203, 204, 205, 213, 214, 215, 216, 217, 218, 219, 220, 221, 222, 223, 224, 225, 226, 227, 228, 229, 230, 231, 232, 233, 235, 237, 238, 239, 240, 241, 242, 243, 244, 246, 248, 249, 250, 252, 253, 254, 255, 259, 261, 262, 263, 264, 265, 266, 267/1, 267/2, 267/3, 267/4, 267/5, 267स, 268, 269, 270, 270/1, 271/1, 271/2, 272, 274, 275, 276, 278, 281, 283, 284, 285, 286, 287, 288, 289, 290, 294, 295, 296, 297, 298, 299, 300, 302, 303, 304, 305, 306, 307, 310, 311, 312, 313, 314, 316, 317, 318, 319, 320, 321, 325, 326, 328, 329, 330, 331, 332, 333, 334, 335, 336, 337, 338, 339, 340, 341, 344, 345, 346, 347, 349/348, 350/267","p43: faint first line; cell continues on p44 | p44: '7677' printed without comma (likely 76 and 77); last token 340 split across p44/p45 ('3'+'40'); continued from p43 | p45: continued from p44 (leading '40' completes 340, listed on p44)"
bkt,1,अरम्बा,link,,2,113,"125, 126, 127, 130, 131, 133, 134, 137, 142, 143, 145, 146, 153, 156, 157, 160, 161, 853, 846, 845, 835, 830, 936, 937, 938, 930, 929, 918, 946, 945, 944, 943, 941, 927, 920, 921, 922, 999, 821, 822, 823, 824, 825, 826, 806, 805, 816, 815, 788, 784, 782, 780, 756, 755, 753, 998, 995, 990, 989, 988, 1001, 1006, 1011, 1012, 1013, 1021, 1022, 1058, 1060, 1061, 1073, 1066, 1196, 1198, 1211, 1213, 1214, 1215, 318, 319, 583, 573, 571, 570, 568, 567, 565, 564, 557, 704, 703, 650, 651, 656, 657, 668, 669, 671, 665, 666, 647, 646, 639, 629, 627, 625, 623, 622, 588, 587, 322, 321, 1016",
bkt,1,अरम्बा,abadi,,2,45,"106, 109, 47, 48, 49, 50, 51, 52, 54, 94, 93, 150, 91, 85, 84, 163, 164, 166, 356, 357, 382, 385, 386, 388, 403, 404, 405, 407, 482, 474, 475, 476, 471, 468, 467466, 459, 449, 448, 795, 793, 776, 760, 762, 747, 744",p2: token 467466 printed without comma (likely 467;466)
bkt,2,अचरामऊ,link,,2 3,180,"31, 30, 29, 80, 81, 82, 83, 84, 85, 86, 87, 88, 89, 334, 332, 331, 330, 329, 327, 324, 323, 321, 320, 319, 316, 91, 92, 96, 100, 101, 102, 103, 105, 106, 107, 118, 117, 120, 66, 123, 234, 317, 237, 245, 247, 247/1185, 250, 252/1186, 253/1187, 291, 292, 299, 300, 312, 313, 310, 309, 308, 307, 305, 701, 712, 713, 714, 715, 719, 720, 721, 735, 732, 737, 739, 744, 745, 746, 747, 748, 749, 750, 751, 754, 755, 756, 757, 758, 759, 760, 761, 764, 765, 766, 767, 768, 769, 805, 807, 808, 809, 810, 903, 904, 698, 699, 675, 674, 673, 672, 667, 666, 665, 664, 663, 662, 661, 652, 651, 650, 603, 600, 591, 590, 588, 578, 577, 574, 575, 571, 568, 563, 562, 560, 558, 557, 556, 555, 554, 553, 549, 548, 547, 544, 542, 541, 537, 588, 611, 615, 621, 623, 479, 480, 519, 525, 526, 527, 528, 1069, 1070, 1071, 1072, 1066, 1012, 1011, 1009, 1008, 1007, 811, 812, 815, 818, 816, 817, 819, 820, 821, 822, 872, 875, 877, 870","p2: cell continues on p3; last token 252/1186 spans page break (/1186 printed at top of p3) | p3: continued from p2; leading /1186 joined to 252 on p2; printed '253,/1187' (stray comma) read as 253/1187"
bkt,2,अचरामऊ,abadi,,2,39,"533, 324, 323, 321, 320, 318, 537, 578, 585, 584, 582, 583, 581, 586, 528, 530, 532, 511, 510, 509, 513, 901, 900, 899, 920, 906, 904, 902, 817, 818, 918, 917, 872, 873, 882, 884, 329, 357, 358",
bkt,3,अल्दमपुर,link,,3 4,168,"26, 28, 243, 31, 237, 32, 238, 236, 33, 35, 246, 47, 279, 49, 52, 53, 226, 283, 233, 228, 229, 230, 232, 111, 89, 88, 114, 436, 288, 287, 123, 124, 125, 437, 449, 451, 453, 133, 134, 135, 457, 455, 456, 138, 458, 138, 142, 153, 551, 556, 154, 170, 647, 646, 648, 649, 187, 650, 651, 213, 663, 664, 666, 667, 669, 670, 671, 672, 673, 674, 675, 676, 213, 215, 216, 217, 219, 220, 221, 687, 660, 688, 659, 690, 698, 699, 711, 700, 702, 718, 704, 732, 705, 706, 707, 744, 746, 743, 731, 742, 730, 741, 728, 290, 438, 439, 440, 291, 441, 483, 320, 321, 322, 486, 487, 499, 340, 494, 495, 496, 497, 498, 999, 500, 501, 511, 345, 355, 358, 367, 572, 404, 392, 410, 414, 415, 416, 407, 406, 417, 418, 421, 422, 423, 424, 425, 426, 427, 428, 429, 430, 431, 432, 514, 516, 518, 519, 526, 527, 528, 588, 590, 591, 592, 593, 637, 638, 639",p3: cell continues on p4; last token 451 spans page break (4 on p3 + 51 on p4) | p4: continued from p3 (leading '51' joined to 451 on p3)
bkt,3,अल्दमपुर,abadi,,3,27,"391, 392, 388, 387, 386, 407, 317, 318, 315, 289, 280, 320, 285, 282, 294, 315, 286, 652, 650, 645, 655, 642, 657, 659, 660, 661, 653",
bkt,4,अधार खेडा,link,,4 5,50,"176, 178, 177, 328, 196, 332, 333, 334, 336, 338, 340, 341, 405, 404, 408, 409, 170, 173, 163, 123, 106, 108, 111, 106, 104, 103, 102, 98, 97, 90, 423, 426, 425, 424, 421, 429, 428, 435, 437, 439, 440, 384, 381, 362, 365, 387, 263, 250, 251, 389",p4: cell continues on p5 | p5: continued from p4
bkt,4,अधार खेडा,abadi,,4,0,,p4: remark: abadi cell text: ग्राम के लगभग समस्त गाटो के आस-पास आबादी विकसित है। वर्तमान मे ग्राम नगर निगम सीमा के अन्तर्गत आता है।
bkt,5,अर्जुनपुर,nh,,5,29,"488, 387, 370, 363, 364, 361, 367, 365, 357, 348, 346, 345, 343, 337, 338, 334, 332, 331, 330, 329, 334, 307, 308, 309, 311, 313, 314, 315, 316",
bkt,5,अर्जुनपुर,link,,5,47,"488, 387, 370, 363, 364, 361, 367, 365, 357, 348, 346, 345, 343, 337, 338, 334, 332, 331, 330, 329, 334, 307, 308, 309, 311, 313, 314, 315, 316, 409, 387, 383, 385, 378, 379, 381, 261, 266, 367, 290, 184, 182, 190, 209, 205, 201, 195",
bkt,5,अर्जुनपुर,abadi,,5,36,"80, 81, 79, 83, 78, 77, 85, 86, 88, 76, 304, 303, 301, 302, 289, 94, 95, 86, 87, 89, 90, 91, 92, 94, 176, 232, 233, 234, 292, 294, 286, 277, 276, 275, 274, 284",
bkt,6,अजनहर कला,link,,5,27,"5, 37, 38, 33, 39, 133/584, 134, 40, 152, 43, 153, 128, 129, 154/581, 127/582, 127, 156, 157, 167, 120, 165, 168, 199, 240, 232, 233, 228",
bkt,6,अजनहर कला,abadi,,5,0,,p5: remark: abadi cell text: ग्राम के लगभग समस्त गाटो के आस-पास आबादी विकसित है। वर्तमान मे ग्राम नगर निगम सीमा के अन्तर्गत आता है।
bkt,7,अहमदपुर खेड़ा,link,,5,22,"134, 137, 140, 143, 144, 145, 149, 80, 81, 82, 83, 91, 92, 88, 117, 132, 5, 6, 3, 44, 4, 43",
bkt,7,अहमदपुर खेड़ा,abadi,,5,18,"117, 95, 96, 97, 98, 99, 104, 114, 113, 94, 102, 100, 116, 113, 123, 122, 117/264, 88",
bkt,8,असनहा,link,,5,25,"525, 526, 755, 753, 751, 752, 660, 534, 781, 776, 774, 772, 782, 783, 784, 785, 786, 787, 788, 791, 792, 793, 794, 795, 796",
bkt,8,असनहा,abadi,,5,26,"684, 682, 681, 671, 672, 676, 646, 647, 650, 363, 362, 361, 332, 325, 320, 335, 274, 281, 232, 233, 234, 235, 236, 237, 253, 254",
bkt,9,अस्ती,nh,,5 6,48,"1100, 922, 924, 925, 926, 927, 928, 1058, 1059, 1060, 1061, 1062, 1080, 1093, 1094, 1095, 1097, 1098, 1099, 1117, 1118, 1119, 1121, 1122, 1123, 1124, 1125, 1131, 1132, 1133, 1134, 1135, 1136, 1138, 1139, 1140, 1145, 1147, 1148, 1149, 1150, 1162, 1163, 1164, 1172, 1174, 1175, 1178",p5: cell continues on p6 | p6: continued from p5
bkt,9,अस्ती,link,,5 6,93,"1042, 1047, 1052, 1054, 1060, 1061, 1080, 1093, 1188, 602, 603, 616, 617, 618, 619, 626, 628, 629, 630, 631, 647, 648, 649, 652, 986, 983, 653, 657, 978, 981, 658, 660, 835, 836, 825, 824, 659, 663, 668, 823, 676, 674, 200, 198, 197, 821, 820, 819, 818, 817, 816, 815, 814, 193, 192, 191, 184, 183, 186, 180, 179, 178, 177, 813, 812, 759, 757, 682, 681, 680, 528, 524, 246, 525, 249, 149, 251, 252, 253, 148, 121, 254, 256, 257, 260, 264, 265, 269, 111, 112, 113, 120, 270",p5: cell continues on p6; last token 628 spans page break (62 on p5 + 8 on p6) | p6: continued from p5 (leading '8' joined to 628 on p5)
bkt,9,अस्ती,abadi,,5,14,"534, 538, 539, 549, 546, 544, 644, 637, 638, 635, 634, 651, 984, 988",
bkt,10,अटेसुवा,link,,6,30,"1568, 1693, 1567, 1564, 1566, 1565, 1563, 1380, 1372, 1370, 1369, 1352, 1348, 1349, 1571, 1679, 1682, 1684, 1685, 1689, 1691, 914, 909, 908, 907, 906, 929, 928, 924, 958",
bkt,10,अटेसुवा,abadi,,6,38,"322, 321, 320, 323, 337, 338, 339, 342, 345, 327, 228, 213, 247, 248, 249, 246, 256, 354, 1405, 1403, 1410, 1409, 1397, 1401, 970, 983, 992, 993, 967, 969, 1656, 1645, 1640, 1636, 1638, 1659, 1652, 1650",
bkt,11,अकबरपुर,link,,6,22,"199, 200, 201, 203, 204, 212, 211, 156, 147, 145, 146, 26, 27, 29, 30, 31, 32, 84, 85, 86, 87, 90",
bkt,11,अकबरपुर,abadi,,6,10,"193, 194, 195, 197, 199, 203, 190, 191, 196, 192",
bkt,12,अतरौरा,link,,6 7,117,"792, 772, 790, 789, 788, 780/1214, 780, 782, 783, 784, 762, 1084, 1089, 1090, 1092, 1093, 1094, 1095, 1098, 1105, 1106, 896, 894, 893, 892, 890, 889, 786, 814, 813, 156, 179, 181, 182, 183, 184, 185, 187, 189, 188, 190, 191, 627, 664, 128, 127, 130, 122, 119, 118, 170, 169, 167, 163, 159, 158, 153, 152, 148, 144, 146, 147, 138, 143, 137, 136, 135, 134, 210, 206, 174, 171, 172, 264, 265, 266, 276, 269/1204, 258, 257, 256, 252/1225, 251/1224, 251, 252, 243, 240, 239, 598, 597, 595, 590, 589, 480, 578, 577, 576, 575, 476, 477, 478, 481, 482, 483, 325, 324, 323, 320, 316, 318, 303, 301, 300, 299, 273, 272, 271",p6: cell continues on p7 | p7: continued from p6
bkt,12,अतरौरा,abadi,,6 7,76,"1044, 1043, 941, 940, 918, 917, 932, 1108, 1106, 1105, 1070, 1072, 1111, 1112, 1113, 1117, 1118, 673, 613, 614, 603, 698, 697, 696, 695, 694, 672, 115, 114, 113, 94, 99, 98, 102, 101, 100, 104, 105, 109, 107, 110, 278, 90, 91, 92, 89, 88, 95, 94, 471, 488, 492, 463, 416, 417, 415, 413, 412, 411, 363, 360, 348, 347, 346, 473, 488, 487, 486, 459, 507, 498, 501, 502, 505, 503, 504",p6: cell continues on p7 | p7: continued from p6
bkt,13,इन्दारा,link,,7 8,136,"248, 250/1101, 251, 249, 238, 237, 226, 211, 210, 209, 207, 206, 193, 192, 191, 190, 188, 187, 186, 185, 184, 183, 115, 106, 107, 105, 104, 103, 102, 101, 100, 770, 771, 774, 775, 76, 759, 804, 805, 793, 81, 783, 777, 778, 769, 768, 766, 740, 739, 738, 733, 726, 731, 730, 728, 727, 72, 719, 716, 714, 713, 711, 710, 349, 347, 343, 344, 345, 332, 355, 354, 353, 352, 351, 347, 349, 353, 709, 707, 708, 711, 712, 705, 717, 716, 342, 342/111, 343, 284, 282, 281, 277, 276, 251, 250/1101, 641, 645, 646, 654, 655, 654, 660, 661, 663, 667, 668, 688, 691, 692, 693, 694, 695, 697, 698, 632, 630?, 620, 621, 622, 600, 601, 603, 617, 614, 611, 610, 94, 1093, 1091, 1088, 1086, 1087, 1085, 1082, 1083, 1059","p7: cell continues on p8; last token 710 spans page break (71 on p7 + 0 on p8); short tokens 76, 81, 72 as printed | p8: continued from p7 (leading '0' joined to 710 on p7); printed '63ए0' with stray superscript char, read as 630?"
bkt,13,इन्दारा,abadi,,7,53,"1093, 1091, 1089, 1088, 330, 331, 328, 324, 323, 322, 321, 316, 312, 361, 369, 640, 641, 643, 645, 644, 647, 648, 649, 650, 698, 697, 695, 694, 684, 734, 733, 725, 729, 726, 722, 716, 717, 716, 715, 708, 707, 706, 355, 332, 801, 783, 798, 797, 800, 801, 806, 759, 783",
bkt,14,इटौंजा,link,,8,85,"701, 690, 511, 505, 506, 507, 508, 509, 504, 502, 714, 716, 721, 722, 690, 689, 688, 687, 686, 680, 679, 678, 677, 684, 647, 604, 605, 646, 643, 642, 603, 636, 631, 629, 628, 627, 626, 624, 565, 566, 567, 562, 561, 560, 559, 557, 553, 538, 537, 536, 530, 529, 527, 528, 514, 513, 512, 511, 752, 753, 754, 756, 759, 760, 761, 762, 763, 764, 769, 770, 120, 122, 130, 150, 155, 143, 142, 134, 137, 305, 304, 303, 294, 285, 286",
bkt,14,इटौंजा,abadi,,8 9,96,"741, 744, 733, 732, 736, 728, 746, 707, 709, 715, 711, 706, 705, 703, 702, 714, 722, 723, 601, 602, 607, 608, 612, 611, 615, 614, 616, 623, 622, 621, 620, 595, 596, 594, 597, 568, 569, 570, 572, 410, 411, 409, 413, 412, 414, 415, 801, 802, 806, 805, 804, 799, 780, 157, 158, 159, 160, 161, 162, 163, 67, 68, 69, 70, 71, 72, 73, 74, 75, 79, 120, 155, 154, 152, 153, 163, 164, 165, 477, 471, 470, 469, 468, 467, 438, 437, 472, 466, 443, 438, 441, 436, 444, 447, 435, 196",p8: cell continues on p9 | p9: continued from p8
bkt,15,उमरभारी,link,,9,45,"2, 3, 4, 12, 13, 14, 15, 17, 23, 24, 27, 29, 30, 31, 33, 34, 37, 38, 39, 40, 43, 44, 50, 52, 53, 56, 57, 58, 60, 61, 69, 70, 71, 73, 74, 75, 77, 78, 80, 81, 82, 83, 85, 88, 89",
bkt,15,उमरभारी,abadi,,9,15,"80, 81, 83, 44, 45, 49, 47, 77, 46, 76, 78, 79, 98, 100, 101",
bkt,16,उमरिया,link,,9,18,"421, 461, 425, 432, 431, 321, 320, 319, 318, 316, 294, 292, 444, 442, 438, 434, 461, 465",
bkt,16,उमरिया,abadi,,9,33,"112, 113, 125, 123, 128, 129, 156, 132, 135, 418, 416, 382, 383, 285, 291, 292, 295, 304, 305, 316, 317, 319, 327, 311, 312, 353, 352, 349, 338, 338/483, 342, 344, 421",
bkt,17,उसरना,link,,9,85,"20, 21, 24, 221, 219, 218, 196, 195, 187, 184, 316, 181, 177, 176, 179, 172, 170, 169, 32, 30, 28, 27, 161, 160, 152, 151, 150, 148, 141, 137, 136, 134, 123, 125, 131, 82, 81, 87, 76, 75, 74, 73, 362, 361, 135, 122, 119, 423, 417, 416, 412, 411, 409, 471, 474, 470, 469, 468, 467, 439, 477, 479, 478, 480, 459, 460, 442, 443, 441, 921, 920, 918, 917, 908, 907, 885, 883, 882, 881, 880, 660, 649, 651, 652, 645",
bkt,17,उसरना,abadi,,9,77,"334, 335, 336, 339, 340, 371, 421, 419, 420, 417, 374, 375, 374/1028, 377, 378, 379, 381, 485, 472, 474, 477, 478, 491, 492, 493, 501, 503, 502, 500, 508, 509, 510, 513, 514, 515, 517, 530, 888, 885, 907, 905, 903, 902, 809, 812, 817, 821, 822, 826, 823, 824, 646, 837, 836, 830, 835, 806, 808, 787, 775, 799, 798, 796, 793, 624, 627, 626, 633, 674, 675, 676, 677, 581, 583, 584, 586, 580",
bkt,18,उनई,link,,10,74,"151, 148, 147, 146, 145, 144, 143, 116, 115, 108, 104, 103, 102, 114, 100, 89, 99, 88, 96, 95, 94, 93, 85, 86, 83, 76, 75, 74, 34, 30, 72, 26, 36, 72, 71, 37, 39, 18, 40, 38, 41, 50, 42, 335, 324, 325, 326, 327, 330, 333, 332, 407, 406, 405, 401, 336, 337, 341, 340, 339, 396, 395, 349, 348, 355, 379, 375, 86, 82, 78, 87, 109, 179, 174",
bkt,18,उनई,abadi,,10,15,"10, 12, 13, 14, 41, 42, 44, 45, 46, 47, 324, 335, 5, 6, 11",
bkt,19,कुम्हरावॉ,link,,10 11,242,"316, 372, 371, 370, 365, 318, 369, 16, 315, 314, 322, 313, 32, 312, 323, 324, 325, 326, 333, 334, 335, 336, 252, 253, 254, 264, 272, 274, 311, 308, 681, 307, 685, 687, 688, 693, 682, 679, 671, 670, 667, 499, 500, 501, 497, 426, 427, 428, 432, 433, 435, 436, 437, 438, 439, 440, 474, 462, 461, 454, 452, 451, 450, 444, 441, 440, 580, 476, 479, 480, 481, 482, 483, 488, 497, 499, 504, 505, 506, 515, 526, 519, 518, 516, 517, 425, 675, 338, 337, 336, 307, 304, 303, 302, 685, 787, 676, 788, 1103, 1062, 1061, 1059, 1104, 1056, 1055, 1054, 608, 607, 606, 1107, 1109, 1106, 1105, 613, 608, 610, 637, 638, 639, 640, 648, 641, 655, 652, 654, 646, 293, 274, 645, 642, 280, 275, 278, 290, 277, 289, 219, 218, 288, 88, 286, 287, 84, 205, 188, 83, 192/1177, 66, 69, 68, 64, 65, 60, 61, 63, 59, 58, 52, 57, 51, 49, 109, 192, 190, 70, 69, 193, 194, 195, 196, 299/1181, 298, 852, 855, 841, 842, 828, 827, 808, 810, 805, 804, 801, 802, 799, 1048, 800, 1047, 1046, 1033, 1031, 1028, 1029, 1025, 1024, 1023, 947, 940, 939, 934/1166, 937, 931, 929, 930, 928, 889, 888, 983, 982, 865, 864, 860, 858, 713, 857, 859, 713, 725, 726, 727, 730, 731, 733, 734, 735, 737/1165, 737, 740, 739, 775/1162, 813, 814, 854, 847, 845, 815, 816, 817, 835, 834, 835/1161, 844/1160",p10: cell continues on p11 | p11: continued from p10
bkt,19,कुम्हरावॉ,abadi,,10,90,"700, 669, 698, 696, 694, 693, 667, 666, 665, 655, 646, 635, 634, 633, 631, 630, 628, 625, 618, 708, 714, 715, 706, 705, 781, 761, 762, 763, 760, 750, 781, 762, 721, 722, 720, 718, 707, 717, 1077, 1092, 1095, 1098, 1096, 1084, 1089, 1090, 1078, 988, 987, 968, 985, 976, 988, 977, 941, 938, 931, 929, 630, 926, 77, 922, 64, 68, 65, 66, 80, 70, 181, 81, 211, 182, 209, 210, 208, 207, 179, 215, 214, 502, 568, 567, 587, 588, 584, 585, 471, 497, 496, 495",
bkt,20,कुंवरपुर,link,,11 12,57,"26, 27, 40, 41, 42, 36, 17, 46, 47, 48, 50, 49, 52, 53, 54, 55, 56, 57, 58, 91, 100, 101, 103, 104, 105, 134, 135, 136, 131, 122, 120, 121, 116, 115, 84, 85, 107, 108, 109, 110, 111, 112, 113, 173, 174, 177, 178, 179, 180, 171, 167, 170, 155, 156, 159, 152, 150","p11: cell ends with comma, likely continues on p12"
bkt,20,कुंवरपुर,abadi,,11,6,"70, 69, 62, 63, 64, 65",
bkt,21,कुनौरा,link,,12,84,"4, 3, 90, 87, 86, 84, 96, 110, 112, 115, 116, 117, 118, 127, 130, 131, 437, 436, 432, 135, 138, 139, 140, 141, 142, 143, 149, 154, 157, 156, 6, 11, 17, 20, 556, 568, 645, 646, 647, 648, 656, 657, 659, 672, 671, 670, 665, 664, 661, 603, 601, 597, 596, 679, 680, 685, 687, 688, 135, 136, 169, 167, 172, 206, 207, 208, 209, 210, 280, 281, 283, 284, 286, 287, 416, 422, 423, 424, 425, 426, 427, 428, 430, 431",
bkt,21,कुनौरा,abadi,,12,47,"704, 709, 711, 713, 715, 714, 728, 727, 726, 724, 723, 701, 700, 699, 698, 563, 562, 532, 590, 592, 584, 585, 575, 572, 274, 268, 267, 303, 263, 262, 261, 260, 259, 257, 233, 238, 237, 231, 227, 134, 112, 113, 104, 99, 100, 101, 123",
bkt,22,केसरमऊ खुर्द,link,,12,12,"12, 13, 14, 20, 144, 195, 150, 158, 185, 189, 184, 183",
bkt,22,केसरमऊ खुर्द,abadi,,12,26,"22, 23, 25, 26, 24, 27, 17, 18, 164, 165, 136, 137, 138, 139, 153, 154, 151, 152, 141, 142, 134, 140, 181, 179, 178, 175",
bkt,23,केसरमऊ कला,link,,12 13,96,"24, 26, 34, 33, 40, 41, 37, 38, 46, 48, 49, 50, 93, 94, 98, 100, 103, 104, 105, 106, 107, 108, 109, 110, 253, 252, 254, 255, 256, 86, 91, 87, 88, 89, 90, 120, 121, 122, 119, 118, 165, 116, 167, 179, 168, 169, 170, 174, 173, 172, 171, 227, 228, 235, 234, 233, 232, 231, 259, 260, 262, 263, 265, 268, 360, 364, 365, 360, 367, 368, 370, 366, 411, 413, 410, 409, 408, 402, 399, 405, 404, 414, 416, 417, 456, 458, 459, 460, 461, 462, 463, 464, 465, 466, 467, 469",
bkt,23,केसरमऊ कला,abadi,,12 13,39,"163, 164, 179, 539, 536, 535, 537, 538, 550, 551, 552, 554, 540, 541, 542, 543, 544, 545, 546, 547, 548, 549, 534, 553, 533, 532, 528, 529, 520, 519, 518, 515, 514, 513, 526, 525, 524, 522, 523",
bkt,24,कपासी,link,,13,25,"263, 264, 265, 279, 301, 303, 314, 315, 316, 318, 245, 247, 251, 250, 254, 255, 225, 223, 251, 252, 253, 239, 250, 249, 248",
bkt,24,कपासी,abadi,,13,21,"342, 340, 389, 398, 393, 397, 351, 347, 312, 311, 309, 299, 306, 307, 324, 231, 232, 233, 202, 205, 214",
bkt,25,कमलापुर,link,,13,73,"15, 16, 17, 18, 19, 20, 31, 33, 34, 126, 123, 122, 118, 106, 104, 41, 42, 26, 27, 28, 24, 131, 130, 129, 121, 116, 117, 107, 108, 109, 110, 111, 112, 113, 114, 103, 102, 99, 98, 97, 90, 91, 92, 93, 94, 85, 86, 87, 88, 80, 79, 78, 76, 75, 73, 65, 68, 70, 1, 2, 48, 49, 50, 51, 52, 53, 54, 55, 56, 57, 60, 61, 62",
bkt,25,कमलापुर,abadi,,13,8,"14, 11, 69, 84, 66, 64, 67, 2",
bkt,26,कमलाबाद बढौली,nh,,13 14,40,"91, 92, 93, 94, 95, 96, 97, 99, 100, 101, 102, 103, 106, 107, 109, 132, 131, 175, 176, 177, 178, 179, 196, 197, 199, 200, 850, 855, 852, 853, 880, 881, 882, 901, 902, 904, 917, 918, 919, 920",p13: last number split across page: '1' here + '76' on p14 = 176 | p14: cell starts with '76' completing 176 (recorded on p13)
bkt,26,कमलाबाद बढौली,link,,13 14,82,"853, 852, 855, 819, 820, 235, 236, 237, 801, 424, 242, 422, 423, 420, 421, 259, 251, 404, 346, 345, 343, 344, 356, 355, 357, 409, 362, 369, 372, 396, 463, 468, 466, 467, 494, 499, 930, 931, 988, 987, 986, 985, 933, 980, 934, 978, 976, 938, 652, 653, 968, 966, 967, 955, 956, 959, 960, 940, 938, 1162, 1141, 1143, 1144, 1145, 1148, 899, 756, 755, 753, 740, 741, 737, 665, 64, 663, 662, 21, 23, 43, 38, 14, 25",
bkt,26,कमलाबाद बढौली,abadi,,13 14,0,,p13: cell text (no numbers): ग्राम के लगभग समस्त गाटो के आस-पास आबादी विकसित है। | p14: cell text (no numbers): वर्तमान मे ग्राम नगर पंचायत बी0के0टी0 सीमा के अन्तर्गत आता है।
bkt,27,कमलाबाद,link,,14,5,"96, 94, 97, 23, 20",
bkt,27,कमलाबाद,abadi,,14,4,"3, 12, 13, 36",
bkt,28,कमालपुर सिरसा,nh,,14,36,"673, 608, 674, 675, 676, 677, 678, 682, 683, 684, 685, 688, 839, 842, 845, 848, 849, 858, 860, 896, 899, 662, 663, 664, 665, 620, 618, 616, 617, 615, 614, 613, 612, 611, 610, 609",
bkt,28,कमालपुर सिरसा,link,,14,72,"254, 255, 259, 260, 233, 225, 53, 54, 112, 114, 117, 118, 119, 121, 122, 124, 167, 168, 170, 364, 367, 374, 375, 377, 379, 381, 361, 362, 393, 394, 395, 395, 397, 399, 419, 420, 429, 430, 437, 438, 439, 440, 441, 442, 443, 486, 490, 491, 492, 547, 548, 549, 550, 551, 552, 553, 554, 585, 586, 593, 594, 595, 596, 597, 598, 599, 600, 601, 602, 603, 604, 605",
bkt,28,कमालपुर सिरसा,abadi,,14,70,"227, 228, 225, 222, 197, 199, 200, 210, 208, 207, 181, 133, 134, 491, 513, 484, 486, 228, 167, 168, 502, 503, 605, 604, 603, 602, 601, 599, 598, 597, 596, 395, 594, 533, 591, 575, 576, 577, 578, 579, 112, 114, 924, 925, 927, 926, 928, 922, 921, 920, 919, 917, 928, 908, 797, 801, 796, 753, 754, 755, 790, 789, 788, 757, 739, 738, 737, 735, 747, 742",
bkt,29,कमालपुर कायस्थ,link,,14,24,"39, 41, 44, 46, 49, 154, 155, 146, 145, 144, 143, 142, 137, 136, 133, 131, 157, 159, 161, 162, 163, 164, 165, 166",
bkt,29,कमालपुर कायस्थ,abadi,,14,19,"157, 158, 162, 163, 168, 169, 161, 175, 176, 177, 178, 172, 173, 192, 194, 171, 180, 181, 182",
bkt,30,करसन्डा,link,,15,38,"30, 48, 49, 195, 203, 248, 108, 107, 191, 111, 112, 113, 114, 115, 116, 117, 118, 276, 277, 86, 100, 99, 98, 245, 247, 251, 252, 253, 254, 211, 212, 213, 214, 215, 216, 220, 229, 228",
bkt,30,करसन्डा,abadi,,15,15,"39, 41, 43, 35, 34, 68, 71, 73, 20, 16, 17, 18, 50, 51, 89",
bkt,31,करौंदी,nh,,15,53,"10, 11, 9, 24, 12, 13, 15, 16, 14, 23, 22, 20, 21, 52, 34, 23, 54, 70, 44, 35, 49, 32, 31, 30, 29, 28, 27, 73, 55, 57, 58, 56, 54, 66, 61, 62, 59, 234, 150, 139, 146, 147, 152, 151, 63, 134, 135, 136, 142, 149, 153, 276, 277",
bkt,31,करौंदी,link,,15,113,"87, 86, 82, 81, 90, 42, 45, 91, 92, 94, 95, 102, 188, 190, 192, 193, 184, 185, 108, 110, 221, 222, 223, 226, 215, 176, 175, 174, 173, 172, 154, 156, 142, 145, 153, 157, 225, 228, 230, 231, 242, 243, 244, 269, 270, 271, 272, 274, 275, 276, 277, 234, 237, 230, 252, 253, 256, 257, 258, 259, 260, 306, 307, 308, 309, 319, 318, 384, 383, 382, 381, 380, 369, 362, 361, 359, 358, 357, 355, 323, 322, 321, 330, 439, 437, 445, 433, 506, 508, 519, 515, 514, 503, 555, 552, 551, 535, 534, 531, 565, 566, 567, 573, 574, 575, 576, 598, 599, 601, 602, 606, 615, 619",
bkt,31,करौंदी,abadi,,15,30,"356, 357, 358, 361, 369, 371, 372, 354, 353, 352, 320, 323, 326, 348, 349, 350, 207, 208, 209, 214, 203, 204, 205, 184, 183, 181, 180, 179, 177, 176",
bkt,32,करीमनगर,link,,15 16,71,"3, 5, 17, 19, 21, 22, 87, 90, 93, 94, 95, 97, 101, 103, 191, 192, 19, 198, 234, 256, 220, 236, 237, 246, 247, 250, 262, 260, 264, 266, 267, 260, 269, 328, 329, 330, 347, 349, 323, 324, 270, 323, 271, 273, 274, 190, 189, 188, 187, 183, 182, 139, 137, 136, 131, 132, 125, 126, 128, 129, 113, 112, 111, 110, 109, 103, 32, 81, 80, 33, 32",p15: last number split across page: '2' here + '46' on p16 = 246 | p16: cell starts with '46' completing 246 (recorded on p15)
bkt,32,करीमनगर,abadi,,15 16,40,"299, 274, 275, 283, 284, 286, 287, 289, 291, 256, 308, 309, 310, 307, 311, 314, 315, 304, 318, 323, 80, 73, 72, 71, 69, 56, 55, 54, 36, 52, 51, 49, 43, 40, 38, 39, 27, 28, 33, 80",
bkt,33,काजीहार,district,,16,49,"159, 160, 161, 164, 169, 170, 171, 172, 173, 175, 176, 177, 178, 180, 181, 143, 144, 145, 147, 148, 130, 129, 128, 121, 119, 118, 117, 115, 114, 113, 112, 111, 110, 109, 108, 238, 239, 241, 242, 243, 244, 229, 230, 224, 222, 226, 247, 248, 249",
bkt,33,काजीहार,abadi,,16,17,"140, 137, 153, 154, 156, 157, 155, 142, 2, 3, 142, 143, 141, 158, 159, 160, 165",
bkt,34,कोड़री भौली,link,,16,19,"47, 45, 46, 40, 39, 30, 29, 28, 27, 26, 137, 138, 139, 140, 142, 148, 149, 151, 154",
bkt,34,कोड़री भौली,abadi,,16,19,"85, 86, 87, 88, 47, 90, 94, 98, 95, 100, 101, 123, 121, 124, 131, 132, 127, 120, 119",
bkt,35,कौड़ियामऊ,link,,16,37,"2, 3, 4, 6, 30, 28, 27, 31, 26, 25, 48, 46, 33, 45, 34, 42, 41, 39, 361, 372, 374, 362, 369, 364, 365, 366, 375, 376, 377, 378, 394, 392, 391, 390, 388, 387, 395",
bkt,35,कौड़ियामऊ,abadi,,16 17,49,"16, 57, 56, 40, 59, 320, 60, 61, 76, 63, 65, 79, 80, 100, 105, 108, 97, 98, 99, 92, 212, 233, 235, 203, 204, 205, 187, 152, 151, 150, 214, 218, 429, 421, 422, 419, 439, 438, 437, 436, 456, 469, 462, 460, 194, 253, 254, 255, 431",
bkt,36,कठवारा,district,,17 18,137,"1500, 1491, 1489, 1486, 1485, 1484, 1483, 1477, 1418, 1417, 1405, 1402, 1385, 1382, 1381, 1362, 1361, 1360, 1358, 1352, 1351, 1350, 1347, 1345, 1343, 2172, 2171, 2170, 2168, 2152, 2151, 1502, 2108, 2107, 2105, 2104, 2062, 2061, 2058, 2046, 2044, 2048, 2043, 2037, 2036, 2027, 2026, 2025, 1925, 1924, 1337, 254/2834, 254, 251, 250, 196, 195, 191, 190, 173, 174, 172, 171, 170, 160, 168, 166, 164, 163, 162, 161, 1896, 1888, 1887, 1880, 1878, 1539, 1538, 1537, 1536, 1535, 1525, 1524, 1503, 1504, 1505, 1506, 1507, 1511, 1512, 1523, 1522, 1886, 1889, 2175, 2166, 2177, 2233, 2162, 2236, 2238, 2243, 2257, 2141, 2140, 2138, 2134, 2133, 2132, 2131, 2270, 2274, 2341, 2340, 2704, 2702, 2701, 2697, 2698, 2161, 2149, 2146, 2127, 2352, 2351, 2350, 2349, 2344, 2343, 2682, 2681, 2680, 2679, 2672, 2669, 2667, 2691",
bkt,36,कठवारा,link,,17,62,"1311, 1309, 1308, 1306, 1299, 1281, 1349, 1353, 1355, 1268, 1252, 1247, 1246, 1244, 1240, 1237, 763, 760, 757, 756, 986, 990, 938, 937, 931, 884, 852, 826, 950, 948, 947, 854, 856, 857, 858, 859, 860, 831, 832, 849, 842, 792, 791, 790, 1561, 1588, 1586, 1589, 1870, 1871, 1869, 1872, 1863, 1850, 1859, 1858, 1851, 1849, 1824, 1825, 1826, 1815",
bkt,36,कठवारा,abadi,,17,85,"1584, 1887, 1585, 1896, 261, 260, 1330, 1327, 2461, 2495, 2496, 2497, 2498, 2518, 2458, 2338, 2335, 2336, 2327, 2328, 2325, 2333, 2281, 2282, 2700, 2721, 2774, 2740, 2778, 1888, 1890, 1891, 1892, 1893, 1894, 1895, 1896, 1897, 1898, 1899, 1900, 1901, 1902, 1903, 1904, 1905, 1906, 1907, 1878, 1586, 1585, 1677, 1842, 1840, 1841, 1674, 1681, 1682, 1699, 1624, 1626, 250, 1539, 1540, 1548, 1561, 1491, 1489, 1471, 1458, 2158, 2164, 2162, 2160, 1295, 1296, 1290, 1291, 1293, 1302, 2343, 2382, 2381, 2380, 2150",
bkt,37,किशुनपुर,link,,18,71,"528, 557, 526, 523, 540, 534, 530, 535, 540, 537, 611, 521, 467, 463, 460, 458, 452, 457, 432, 657, 418, 417, 416, 415, 400, 513, 618, 621, 625, 653, 623, 731, 734, 6622, 65, 33, 37, 132, 39, 40, 60, 141, 142, 144, 146, 145, 192, 191, 262, 304, 106, 109, 110, 114, 117, 116, 118, 120, 139, 133, 135, 391, 393, 375, 233, 235, 237, 240, 241, 242, 247","p18: token 6622 as printed (possibly 662,2 missing comma)"
bkt,37,किशुनपुर,abadi,,18,16,"235, 244, 246, 277, 286, 360, 377, 374, 376, 221, 261, 266, 267, 268, 269, 217",
bkt,38,खरगपुर जागीर,link,,18,25,"31, 30, 29, 60, 61, 64, 67, 69, 77, 78, 83, 6, 8, 363, 378, 379, 385, 417, 415, 412, 389, 390, 391, 393, 269",
bkt,38,खरगपुर जागीर,abadi,,18,0,,p18: cell text (no numbers): ग्राम के लगभग समस्त गाटो के आस-पास आबादी विकसित है। वर्तमान मे ग्राम नगर निगम सीमा के अन्तर्गत आता है।
bkt,39,खजुरी,link,,18 19,66,"232, 229, 228, 230, 233, 235, 249, 227, 212, 250, 213, 214, 215, 216, 257, 225, 222, 223, 221, 220, 183, 187, 200, 263, 264, 265, 218, 277, 207, 276, 206, 207, 5, 9, 70, 12, 11, 6, 7, 100, 99, 98, 105, 106, 93, 95, 91, 88, 92, 86, 88, 53, 52, 108, 50, 116, 108, 119, 116, 120, 122, 177, 123, 182, 181, 180",p18: last number split across page: '21' here + '5' on p19 = 215 | p19: cell starts with '5' completing 215 (recorded on p18)
bkt,39,खजुरी,abadi,,18 19,48,"7, 4, 70, 78, 65, 93, 95, 94, 96, 97, 73, 72, 71, 68, 79, 81, 57, 58, 52, 53, 54, 55, 66, 116, 49, 86, 91, 45, 108, 44, 39, 21, 24, 36, 68, 20, 19, 71, 72, 96, 99, 97, 98, 96, 45, 44, 108, 91",
bkt,40,खसरावाँ,link,,19,48,"364, 367, 368, 369, 370, 468, 466, 458, 500, 501, 502, 503, 510, 516, 566, 570, 571, 583, 585, 605, 606, 608, 632, 633, 635, 636, 637, 638, 444, 445, 442, 439, 435, 258, 257, 256, 255, 254, 253, 252, 247, 246, 245, 243, 214, 215, 218, 222",
bkt,40,खसरावाँ,abadi,,19,10,"344, 418, 395, 444, 445, 429, 268, 292, 298, 295",
bkt,41,खानपुर,link,,19,23,"3, 6, 9, 10, 11, 77, 174, 178, 179, 186, 188, 189, 132, 131, 204, 203, 202, 201, 200, 199, 195, 192, 260",
bkt,41,खानपुर,abadi,,19,10,"79, 80, 81, 96, 95, 89, 106, 126, 127, 134",
bkt,42,खटैय्या,link,,19 20,67,"1, 3, 14, 31, 18, 4, 38, 19, 20, 21, 24, 40, 41, 42, 29, 87, 98, 88, 90, 103, 91, 92, 104, 94, 95, 96, 156, 185, 187, 186, 187, 188, 44, 45, 46, 74, 75, 77, 78, 79, 80, 81, 82, 83, 99, 100, 101, 108, 118, 120, 121, 122, 123, 124, 125, 126, 29, 28, 27, 26, 85, 88, 86, 87, 188, 190, 193",p19: last number split across page: '2' here + '9' on p20 = 29 | p20: cell starts with '9' completing 29 (recorded on p19)
bkt,42,खटैय्या,abadi,,19,17,"183, 182, 180, 177, 176, 175, 168, 267, 268, 266, 208, 209, 195, 194, 195216, 193, 190","p19: token 195216 as printed (possibly 195,216 missing comma)"
bkt,43,खन्तारी,link,,20,14,"432, 435, 416, 413, 414, 434, 132, 60, 51, 42, 49, 43, 45, 46",
bkt,43,खन्तारी,abadi,,20,31,"157, 370, 402, 137, 117, 148, 260, 147, 151, 157, 156, 155, 153, 154, 145, 144, 143, 142, 140, 141, 414, 136, 137, 138, 139, 132, 127, 133, 118, 119, 120",
bkt,44,गोरवामऊ,nh,,20,23,"81, 82, 83, 84, 88, 95, 137, 139, 140, 141, 38, 34, 35, 32, 31, 30, 25, 23, 17, 16, 15, 14, 13",
bkt,44,गोरवामऊ,abadi,,20,35,"154, 95, 203, 199, 246, 247, 255, 254, 129, 130, 128, 127, 125, 124, 121, 122, 123, 111, 263, 262, 260, 261, 253, 258, 257, 197, 194, 154, 126, 120, 119, 117, 116, 114, 110",
bkt,45,गोराही,link,,20,25,"387, 389, 388, 390, 391, 392, 319, 317, 316, 315, 390, 239, 235, 228, 396, 397, 395, 224, 223, 222, 207, 206, 205, 200, 201",
bkt,45,गोराही,abadi,,20,21,"377, 316, 381, 380, 949, 348, 115, 110, 123, 368, 371, 383, 384, 385, 124, 123, 113, 111, 115, 119, 125",
bkt,46,गोविन्दपुरी,district,,20,13,"73, 58, 59, 56, 55, 54, 25, 31, 32, 30, 33, 34, 35",
bkt,46,गोविन्दपुरी,abadi,,20,26,"12, 11, 9, 8, 15, 16, 76, 75, 74, 57, 73, 79, 70, 61, 60, 80, 81, 83, 98, 85, 86, 87, 88, 90, 92, 91",
bkt,47,गोधना,link,,20 21,162,"116, 123, 120, 124, 529, 530, 520, 513, 512, 511, 508, 401, 396, 395, 376, 375, 374, 370, 371, 370/803, 304, 303, 293/799, 292, 285, 284, 282, 281, 267, 266, 265, 261, 8, 9, 10, 12, 13, 16, 20, 21, 22, 24, 25, 31, 30, 32, 33, 36, 90, 74, 47, 53, 55, 57, 59, 62, 63, 59, 71, 72, 73, 90, 89, 81, 82, 83, 84, 85, 86, 76, 77, 78, 95, 94, 93, 92, 113, 114, 115, 31, 32, 100, 99, 118, 117, 704, 705, 706, 720, 713, 714, 715, 716, 717, 718, 719, 720, 688, 687, 693, 740, 739, 734, 733, 739, 736, 770, 771, 772, 769, 768, 765, 766, 782, 778, 777, 776, 794, 792, 793, 795, 796, 797, 798, 799, 790, 677, 678, 679, 680, 675, 668, 624, 537, 538, 545, 546, 463, 465, 464, 466, 467, 468, 469, 384, 385, 386, 387, 159, 160, 317, 316, 314, 309, 298, 299, 296, 294, 293, 292, 280, 281",p20: last number split across page: '26' here + '7' on p21 = 267 | p21: cell starts with '7' completing 267 (recorded on p20)
bkt,47,गोधना,abadi,,20,14,"5, 6, 9, 505, 561, 562, 607, 507, 98, 268, 254, 491, 493, 607",
bkt,48,गोयला,link,,21 23 24,229,"49, 50, 51, 52, 281, 280, 277, 284, 65, 61, 28, 268, 270, 271, 275, 278, 279, 259, 260, 266, 264/1309, 265, 263, 292, 317, 318, 256, 250, 251, 254, 162, 163, 164, 166, 175, 176, 177, 178, 157, 156, 185, 187, 118, 951, 120, 121, 123, 934, 948, 949, 979, 930, 929, 928, 926, 927, 863, 862, 861, 847, 856, 216, 215, 210, 205, 204, 959, 957, 956, 962, 963, 967, 967/1305, 968, 969, 970, 971, 972, 973, 974, 975, 999, 997, 984, 985, 986, 987, 935, 864, 867, 868, 889, 891, 913, 914, 919, 918, 994, 856, 858, 874, 877, 878, 899, 900, 904, 905, 494, 496, 724, 723, 722, 730, 720, 719, 718, 717, 632, 628, 505, 570, 569, 541, 542, 538, 539, 536, 530, 529, 537, 538, 511, 517, 518, 524, 525, 337, 340, 336, 334, 400, 397, 399, 789, 790, 1019, 1021, 1022, 1022/1314, 1037, 1034, 1035, 1036, 1032, 1047, 1057, 1048, 1058, 1049, 1059, 1080, 1079, 1076, 1065, 1084/1361, 1065, 1064, 1068, 1069, 1070, 1071, 1053, 1054, 1056, 1056/1317, 1051, 1037, 1028, 1090, 1091, 1093, 1094, 1095, 1096, 1084/1331, 1082, 1084, 1002, 1006, 1179, 1189, 1190, 1191, 1199, 1198, 1259, 1258, 1261, 1025, 1026, 1027, 1167, 1163, 1162, 1158, 1155, 1153, 1152, 1151, 1150, 1136/1327, 1227/1337, 1135, 1135/1328, 1173, 1174, 1175, 1177, 1178, 1179, 1205, 1206, 1207, 1208, 1209, 1233, 1234, 1235, 1236","p21: printed '65,,61' (double comma); cell continues on p22 | p23: number split across page break: last token 1025 printed as '10' on p23 + '25' on p24 | p24: leading fragment '25' belongs to 1025 recorded on p23"
bkt,48,गोयला,abadi,,21,0,,p21: cell text (no numbers): ग्राम के लगभग समस्त गाटो के आस-पास आबादी विकसित है। वर्तमान मे ग्राम नगर निगम सीमा के अन्तर्गत आता है।
bkt,49,गोहनाखुर्द,link,,24,67,"119, 158, 163, 166, 167, 212, 218, 219, 220, 221, 253, 254, 255, 264, 265, 404, 410, 411, 413, 402, 401, 265, 213, 266, 269, 270, 170, 572, 594, 596, 603, 604, 608, 619, 620, 621, 353, 390, 389, 388, 387, 384, 380, 304, 605, 599, 549, 548, 547, 545, 542, 543, 650, 647, 646, 645, 613, 612, 351, 350, 349, 348, 346, 342, 357, 363, 386",
bkt,49,गोहनाखुर्द,abadi,,24,47,"422, 493, 494, 495, 496, 497, 561, 560, 562, 564, 565, 566, 567, 568, 569, 570, 596, 597, 603, 598, 590, 585, 586, 551, 304, 301, 299, 298, 395, 273, 274, 420, 421, 114, 116, 117, 118, 119, 120, 113, 114, 112, 115, 12, 111, 302, 303",
bkt,50,गोहनाकलॉ,link,,24,6,"732, 761, 802, 779, 801, 731",
bkt,50,गोहनाकलॉ,abadi,,24,26,"668, 669, 673, 731, 687, 685, 683, 681, 841, 899, 892, 891, 509, 502, 895, 317, 316, 281, 190, 192, 191, 281, 313, 119, 120, 121",
bkt,51,गांगजोर,link,,24 25,56,"1, 2, 3, 6, 7, 9, 10, 12, 13, 14, 16, 17, 18, 19, 23, 24, 27, 29, 33, 35, 136, 37, 39, 40, 41, 45, 56, 61, 62, 63, 64, 74, 75, 78, 79, 84, 96, 87, 88, 89, 91, 101, 106, 108, 109, 110, 114, 116, 117, 119, 121, 123, 124, 126, 128, 130",p24: 136 wraps as '1'+'36' (maybe 36 intended)
bkt,51,गांगजोर,abadi,,24,15,"80, 81, 83, 44, 45, 49, 47, 77, 46, 76, 78, 79, 98, 100, 101",
bkt,52,गढ़ा,link,,25,56,"99, 114, 115, 117, 119, 149, 96, 94, 120, 123, 124, 129, 131, 132, 133, 134, 135, 136, 137, 138, 139, 140, 141, 147, 201, 199, 193, 185, 188, 189, 190, 182, 142, 143, 144, 97, 120, 191, 181, 182, 177, 178, 179, 165, 71, 42, 80, 80/207, 79, 82, 36, 37, 38, 32, 35, 77",
bkt,52,गढ़ा,abadi,,25,26,"32, 35, 34, 37, 88, 77, 74, 173, 75, 176, 177, 178, 76, 44, 43, 42, 40, 74/211, 76/212, 188, 189, 190, 185, 186, 157, 163",
bkt,53,गुलालपुर,link,,25,36,"852, 853, 843, 840, 841, 839, 831, 885, 903, 686, 687, 688, 689, 121, 119, 118, 117, 72, 74, 75, 76, 77, 56, 55, 54, 53, 49, 19, 18, 15, 529, 526, 536, 537, 538, 539",
bkt,53,गुलालपुर,abadi,,25,24,"855, 826, 847, 574, 696, 571, 572, 550, 504, 501, 500, 499, 457, 807, 889, 888, 887, 892, 891, 847, 311, 291, 288, 286",
bkt,54,गुड्म्बा,nh,,25,39,"186, 185, 187, 183, 182, 179, 178, 177, 176, 175, 171, 170, 169, 167, 151, 141, 140, 139, 138, 137, 136, 135, 123, 124, 133, 84, 83, 41, 40, 39, 38, 38/216, 37, 36, 35, 34, 33, 32, 31",
bkt,54,गुड्म्बा,link,,25,34,"112, 9, 8, 110, 109, 108, 12, 9, 14, 16, 17, 18, 19, 20, 21, 23, 24, 25, 26, 27, 28, 54, 55, 56, 57, 58, 59, 60, 61, 72, 73, 113, 114, 115",
bkt,54,गुड्म्बा,abadi,,25,0,,"p25: abadi cell has text, no numbers: ग्राम के लगभग समस्त गाटो के आस- पास आबादी विकसित है। वर्तमान मे ग्राम नगर निगम सीमा के अन्तर्गत आता है।"
bkt,55,चन्दनापुर,link,,25 26,72,"385, 384, 381, 379, 377, 388, 389, 391, 404, 401, 393, 394, 395, 396, 397, 398, 493, 164, 165, 166, 167, 168, 146, 143, 142, 141, 140, 139, 138, 194, 192, 188, 189, 182, 172, 213, 212, 197, 198, 199, 203, 201, 207, 208, 209, 271, 272, 273, 274, 275, 277, 586, 600, 610, 667, 669, 668, 666, 665, 664, 687, 688, 655, 653, 701, 698, 695, 694, 690, 685, 684, 681",p25: number split across page break: last token 395 printed as '39' on p25 + '5' on p26 | p26: leading fragment '5' belongs to 395 recorded on p25
bkt,55,चन्दनापुर,abadi,,25 26,46,"302, 303, 306, 307, 301, 308, 310, 287, 288, 284, 496, 495, 312, 314, 304, 305, 316, 315, 323, 466, 490, 465, 459, 642, 456, 457, 458, 455, 454, 443, 453, 452, 451, 450, 449, 445, 444, 446, 447, 448, 414, 413, 411, 410, 409, 408",
bkt,56,चन्दाकोडर,nh,,26,38,"196, 197, 198, 206, 207, 214, 217, 218, 221, 220, 288, 289, 290, 330, 331, 329, 335, 363, 365, 366, 373, 374, 375, 376, 180, 182, 192, 193, 194, 210, 216, 333, 336, 337, 338, 339, 340, 342",
bkt,56,चन्दाकोडर,district,,26,76,"48, 49, 50, 51, 52, 57, 68, 69, 71, 72, 94, 95, 96, 97, 98, 108, 110, 111, 112, 113, 124, 125, 127, 150, 583, 584, 672, 673, 695, 698, 700, 702, 704, 705, 759, 764, 774, 766, 768, 767, 775, 773, 772, 661, 662, 536, 530, 528, 526, 375, 376, 371, 366, 365, 363, 335, 333, 326, 327, 328, 329, 330, 331, 290, 289, 219, 218, 216, 215, 214, 178, 174, 170, 168, 166, 167",
bkt,56,चन्दाकोडर,link,,26,36,"559, 556, 755, 750, 748, 747, 744, 743, 740, 636, 722, 721, 720, 709, 711, 705, 707, 583, 586, 594, 598, 599, 614, 615, 619, 618, 471, 475, 477, 479, 481, 484, 580, 579, 573, 564",
bkt,56,चन्दाकोडर,abadi,,26,30,"888, 889, 909, 882, 881, 880, 911, 914, 923, 932, 928, 870, 874, 878, 877, 736, 738, 734, 161, 552, 553, 554, 551, 547, 544, 569, 568, 567, 566, 564",
bkt,57,चौगवां,link,,26 27,166,"1, 2, 4, 5, 554, 555, 556, 559, 582, 583, 584, 586, 571, 528, 525, 523, 449, 450, 451, 452, 459, 462, 463, 464, 465, 521, 522, 631, 632, 633, 634, 635, 636, 637, 726, 727, 728, 729, 730, 731, 745, 746, 751, 780, 202, 203, 204, 205, 206, 212, 291, 290, 287, 286, 285, 284, 283, 265, 214, 215, 216, 217, 219, 218, 222, 225, 227, 228, 229, 230, 231, 232, 233, 234, 235, 236, 237, 238, 239, 240, 242, 257, 258, 259, 260, 261, 262, 263, 321, 322, 323, 324, 325, 326, 327, 328, 338, 339, 340, 341, 446, 423, 422, 421, 414, 413, 411, 410, 1047, 1048, 1049, 1050, 1052, 1053, 1054, 1055, 1056, 1058, 1073, 1074, 1082, 1083, 1084, 1085, 1086, 1087, 1088, 1089, 782, 808, 813, 814, 815, 826, 827, 832, 834, 843, 847, 848, 849, 863, 864, 866, 867, 868, 877, 878, 889, 927, 928, 930, 932, 946, 980, 991, 992, 993, 1013, 1014, 1017, 1018, 1030, 1031, 1032, 1033",p26: number split across page break: last token 462 printed as '4' on p26 + '62' on p27 | p27: leading fragment '62' belongs to 462 recorded on p26
bkt,57,चौगवां,abadi,,26 27,110,"301, 302, 303, 304, 305, 306, 307, 310, 311, 312, 313, 314, 315, 317, 318, 320, 319, 321, 503, 504, 506, 507, 508, 509, 511, 512/1179, 513, 515, 516, 517, 518, 529, 530, 531, 532, 533, 496, 497, 498, 499, 500, 492, 493, 487, 488, 489, 588, 594, 590, 626, 803, 804, 805, 818, 820, 820/1181, 826, 853, 858, 857, 856, 873, 886, 887, 888, 879, 926, 927, 928, 923, 922, 921, 920, 911, 918, 910, 909, 908, 914, 916, 1006, 1005, 1004, 1003, 1002, 1001, 933, 934, 935, 936, 938, 939, 937, 942, 947, 948, 895, 893, 1089, 1095, 1096, 1098, 1138, 1102, 1139, 1093, 1091, 1092, 1141, 1142",
bkt,58,चॉदपुर खानीपुर,nh,,27 28,33,"251, 252, 406, 407, 253, 258, 259, 260, 261, 262, 263, 265, 266, 267, 268, 269, 270, 271, 272, 273, 311, 313, 314, 315, 316, 317, 318, 319, 320, 405, 371, 368, 404",
bkt,58,चॉदपुर खानीपुर,link,,27 28,135,"1, 2, 3, 4, 5, 6, 16, 39, 42, 46, 75, 76, 81, 82, 83, 79, 161, 162, 163, 166, 167, 168, 169, 173, 175, 176, 172, 179, 180, 147, 148, 149, 150, 189, 190, 191, 193, 194, 195, 197, 198, 199, 200, 433, 434, 435, 436, 438, 439, 440, 441, 442, 446, 447, 448, 449, 450, 451, 455, 456, 457, 458, 465, 459, 460, 461, 527, 528, 521, 522, 530, 531, 532, 533, 534, 535, 536, 538, 539, 540, 542, 543, 544, 545, 546, 547, 548, 549, 556, 557, 558, 559, 410, 414, 415, 422, 424, 425, 427, 428, 433, 407, 250, 253, 254, 255, 256, 258, 259, 260, 261, 262, 263, 264, 265, 266, 267, 268, 269, 270, 271, 272, 273, 312, 313, 314, 315, 316, 317, 318, 319, 320, 405, 404, 400",p27: number split across page break: last token 176 printed as '1' on p27 + '76' on p28 | p28: leading fragment '76' belongs to 176 recorded on p27
bkt,58,चॉदपुर खानीपुर,abadi,,27 28,56,"6, 9, 10, 11, 12, 16, 26, 36, 46, 47, 71, 81, 82, 83, 84, 155, 156, 153, 187, 186, 185, 184, 183, 178, 177, 176, 175, 172, 171, 165, 440, 441, 442, 446, 433, 427, 428, 425, 424, 426, 421, 449, 546, 546, 542, 541, 537, 538, 539, 536, 537, 534, 535, 450, 449, 448",
bkt,59,चकपृथ्वीपुर,link,,28,6,"199, 204, 205, 210, 227, 63",
bkt,59,चकपृथ्वीपुर,abadi,,28,29,"2, 25, 19, 20, 42, 43, 52, 53, 55, 56, 40, 104, 106, 129, 121, 30, 199, 201, 200, 204, 227, 228, 229, 255, 194, 193, 17, 18, 19",
bkt,60,चकबनकट,link,,28,14,"250, 245, 243, 246, 233, 208, 204, 203, 199, 198, 197, 177, 178, 174",
bkt,60,चकबनकट,abadi,,28,27,"107, 108, 109, 110, 111, 112, 113, 114, 115, 130, 66, 68, 69, 70, 71, 60, 82, 86, 87, 88, 89, 90, 93, 94, 95, 98, 99",
bkt,61,चकबीबीपुर,link,,28 29,14,"8, 3, 5, 20, 21, 22, 29, 30, 31, 33, 50, 52, 51, 49",
bkt,61,चकबीबीपुर,abadi,,28 29,11,"14, 22, 21, 20, 19, 10, 16, 8, 11, 12, 18",
bkt,62,चकगंजा गिरि,link,,29,136,"1, 2, 3, 4, 5, 7, 10, 11, 14, 15, 16, 18, 20, 21, 23, 24, 25, 26, 27, 28, 29, 30, 31, 37, 39, 40, 44, 45, 46, 49, 50, 51, 52, 53, 57, 58, 60, 61, 63, 64, 65, 67, 70, 71, 74, 75, 76, 77, 80, 81, 82, 84, 85, 87, 88, 89, 90, 91, 92, 93, 95, 96, 97, 98, 99, 100, 101, 103, 105, 106, 107, 108, 109, 110, 111, 112, 113, 116, 117, 118, 119, 121, 123, 124, 127, 128, 129, 130, 131, 132, 133, 134, 135, 130, 139, 140, 141, 145, 147, 148, 149, 150, 154, 155, 156, 157, 158, 159, 160, 161, 165, 166, 167, 169, 170, 171, 172, 173, 174, 175, 176, 177, 178, 179, 180, 181, 182, 183, 185, 186, 187, 188, 189, 190, 191, 192",
bkt,62,चकगंजा गिरि,abadi,,29,11,"8, 7, 60, 11, 27, 28, 34, 35, 33, 9, 26",
bkt,63,जमखनवां,link,,29,35,"1373, 1372, 1371, 1370, 1369, 1368, 1367, 1366, 1365, 1357, 1308, 1309, 1306, 1305, 1307, 1354, 1353, 1352, 1351, 1350, 1349, 1348, 1346, 1347, 1345, 1344, 1343, 1385, 1295, 1296, 1297, 1298, 1299, 1300, 1301",
bkt,63,जमखनवां,abadi,,29 30,38,"916, 924, 925, 926, 928, 930, 929, 1407, 1405, 1409, 1416, 1418, 1417, 1419, 1420, 1425, 1426, 1427, 1428, 1429, 1430, 1431, 496, 497, 913, 914, 910, 898, 923, 920, 985, 986, 551, 630, 628, 540, 542, 553","p29: double commas printed (551,,630 and 628,,540) - no missing digits visible"
bkt,64,जलालपुर,link,,30,94,"308, 310, 328, 329, 331, 335, 336, 337, 338, 360, 362, 402, 403, 404, 423, 424, 605, 610, 609, 613, 612, 611, 615, 616, 618, 759, 761, 868, 859, 860, 861, 1148, 1147, 1146, 1145, 1144, 1143, 1142, 1141, 1140, 1139, 1138, 1137, 1136, 1134, 1132, 1131, 1121, 1120, 1119, 1118, 1116, 1115, 1114, 1113, 1104, 1105, 1103, 1102, 763, 762, 764, 767, 773, 774, 775, 776, 777, 781, 780, 838, 839, 840, 841, 842, 843, 844, 845, 850, 849, 851, 848, 852, 853, 856, 1101, 906, 905, 892, 880, 873, 872, 864, 865",
bkt,64,जलालपुर,abadi,,30,39,"1132, 1133, 1140, 1125, 1124, 1181, 1037, 1076, 1097, 1109, 1108, 1110, 1111, 1112, 1115, 1116, 1122, 1121, 862, 138, 134, 132, 131, 123, 124, 126, 127, 115, 116, 110, 107, 106, 105, 118, 99, 100, 121, 120, 139",
bkt,65,टिकरी,district,,30,34,"175, 177, 191, 192, 224, 225, 226, 227, 231, 236, 238, 246, 269, 318, 315, 314, 311, 312, 300, 169, 170, 171, 172, 150, 149, 146, 320, 321, 393, 404, 405, 419, 420, 421",
bkt,65,टिकरी,link,,30 31,138,"175, 177, 191, 192, 224, 223, 226, 227, 231, 236, 238, 246, 269, 318, 315, 314, 311, 312, 300, 169, 170, 171, 172, 150, 149, 146, 332, 321, 393, 404, 405, 419, 420, 8, 7, 22, 11, 10, 23, 21, 75, 70, 76, 74, 77, 68, 125, 129, 137, 124, 138, 140, 143, 46, 320, 322, 324, 325, 328, 136, 132, 131, 168, 163, 164, 165, 166, 167, 169, 162, 248, 246, 247, 244, 351, 352, 391, 130, 343, 344, 345, 349, 353, 352, 354, 430, 431, 418, 472, 471, 405, 404, 406, 410, 416, 417, 415, 433, 439, 446, 447, 449, 450, 473, 474, 489, 488, 495, 496, 501, 430, 429, 428, 419, 487, 531, 530, 528, 527, 593, 529, 518, 517, 519, 554, 555, 556, 557, 558, 546, 548, 553, 552, 551, 550, 606, 520, 605",p30: number split across page break: last token 131 printed as '13' on p30 + '1' on p31 | p31: leading fragment '1' belongs to 131 recorded on p30
bkt,65,टिकरी,abadi,,30,30,"27, 21, 28, 86, 85, 87, 117, 128, 85, 116, 118, 156, 123, 122, 124, 250, 251, 412, 400, 413, 414, 415, 410, 594, 583, 585, 586, 592, 593, 599",
bkt,66,टिकारी,nh,,31,14,"77, 78, 27, 26, 25, 81, 83, 23, 22, 21, 20, 19, 18, 17",
bkt,66,टिकारी,link,,31,38,"78, 26, 25, 17, 18, 19, 20, 21, 22, 23, 82, 81, 120, 119, 117, 92, 85, 87, 88, 89, 195, 196, 193, 187, 186, 182, 181, 170, 178, 166, 15, 9, 8, 3, 209, 207, 201, 197",
bkt,66,टिकारी,abadi,,31,20,"253, 184, 176, 167, 166, 164, 260, 267, 266, 178, 123, 126, 127, 128, 92, 115, 111, 72, 71, 73",
bkt,67,डेरवा,link,,31,17,"144, 137, 136, 134, 135, 130, 131, 133, 13, 11, 32, 33, 34, 35, 36, 371, 49",
bkt,67,डेरवा,abadi,,31,19,"126, 128, 127, 140, 141, 176, 174, 173, 71, 72, 73, 74, 75, 56, 57, 59, 60, 61, 62",
bkt,68,डींगुरपुर,link,,31,25,"1, 2, 3, 4, 5, 6, 7, 19, 20, 21, 22, 24, 25, 26, 27, 28, 30, 29, 32, 33, 34, 35, 36, 37, 38",
bkt,68,डींगुरपुर,abadi,,31,27,"114, 117, 123, 129, 122, 121, 120, 118, 185, 194, 196, 105, 116, 115, 110, 112, 113, 135, 137, 138, 134, 107, 106, 92, 91, 49, 48",
bkt,69,ढिलवासी,link,,31 32,65,"58, 68, 69, 81, 82, 83, 85, 292, 294, 319, 321, 334, 331, 333, 332, 342, 341, 349, 350, 351, 371, 374, 368, 366, 363, 707, 710, 711, 713, 715, 718, 719, 720, 721, 723, 724, 726, 727, 728, 781, 782, 783, 786, 788, 773, 779, 760, 733, 732, 735, 737, 690, 693, 694, 692, 366, 384, 382, 402, 338, 313, 312, 316, 317, 303",p31: number split across page break: last token 294 printed as '2' on p31 + '94' on p32; cell continues on p32 | p32: first token 94 may be tail of a number split from previous page
bkt,69,ढिलवासी,abadi,,31 32,42,"386, 360, 359, 39, 93, 91, 30, 101, 102, 103, 104, 105, 108, 279, 278, 288, 289, 480, 479, 468, 469, 392, 462, 464, 465, 466, 461, 460, 458, 503, 500, 499, 511, 495, 488, 486, 680, 681, 683, 686, 697, 699",p31: number split across page break: last token 101 printed as '1' on p31 + '01' on p32; cell continues on p32 | p32: first token printed '01' - tail of number split from previous page (likely 101)
bkt,70,तरहिया,link,,32,86,"101, 440, 359, 397, 396, 373, 370, 369, 368, 367, 366, 361, 355, 356, 359, 345, 341, 338, 337, 336, 376, 305, 351, 352, 353, 364, 371, 280, 281, 286, 270, 275, 257, 293, 291, 288, 287, 295, 255, 257, 301, 252, 225, 224, 223, 22, 307, 315, 320, 201, 188, 181, 180, 166, 157, 158, 156, 337, 334, 332, 330, 328, 327, 404, 405, 30, 406, 419, 417, 418, 423, 432, 384, 385, 390, 392, 402, 23, 25, 20, 27, 28, 29, 86, 70, 71",
bkt,70,तरहिया,abadi,,32,74,"31, 32, 33, 34, 142, 148, 151, 157, 158, 167, 168, 109, 104, 106, 111, 53, 52, 44, 45, 7, 35, 16, 17, 191, 186, 198, 192, 217, 257, 307, 350, 351, 352, 353, 356, 359, 357, 361, 368, 370, 394, 397, 399, 400, 427, 428, 430, 920, 42, 433, 434, 435, 436, 437, 438, 449, 460, 451, 452, 453, 454, 455, 456, 457, 458, 459, 460, 461, 462, 463, 447, 448, 446, 415",
bkt,71,तारनपुर,link,,32 33,44,"138, 137, 136, 155, 158, 153, 152, 145, 143, 339, 338, 336, 337, 332, 318, 317, 316, 311, 310, 308, 307, 304, 305, 295, 294, 291, 289, 286, 283, 264, 266, 265, 240, 226, 235, 239, 224, 225, 228, 222, 223, 220, 216, 215",p32: cell continues p33; last token 291 = '2' (p32) + '91' (p33) joined | p33: cont of 71 तारनपुर; leading '91' fragment joined into 291 on p32
bkt,71,तारनपुर,abadi,,32,15,"67, 68, 69, 182, 183, 189, 191, 192, 227, 233, 228, 248, 238, 62, 249",
bkt,72,तिवारीपुर,link,,33,46,"8, 10, 11, 13, 15, 94, 95, 97, 99, 100, 107, 111, 113, 149, 151, 155, 160, 162, 170, 171, 173, 174, 183, 187, 188, 191, 195, 196, 197, 199, 200, 201, 202, 204, 207, 210, 211, 214, 215, 221, 223, 264, 241, 263, 247, 260",
bkt,72,तिवारीपुर,abadi,,33,0,,p33: note (no khasra listed): ग्राम के लगभग समस्त गाटो के आस-पास आबादी विकसित है। वर्तमान मे ग्राम नगर निगम सीमा के अन्तर्गत आता है। सम्पूर्ण ग्राम में (text ends here)
bkt,73,दुघरा,link,,33,66,"856, 857, 851, 852, 860, 876, 878, 889, 891, 896, 971, 970, 956, 954, 921, 924, 925, 926, 932, 928, 931, 781, 782, 786, 788, 789, 1097, 1096, 1095, 1077, 1076, 1075, 1074, 1073, 1072, 1071, 1070, 1069, 1068, 1032, 1031, 767, 766, 759, 758, 760, 756, 690, 694, 695, 696, 799, 803, 920, 918, 910, 904, 908, 903, 898, 899, 894, 893, 901, 887, 886",
bkt,73,दुघरा,abadi,,33,35,"808, 810, 811, 816, 815, 814, 850, 883, 905, 912, 913, 914, 915, 916, 917, 919, 920, 924, 925, 926, 927, 928, 929, 809, 902, 900, 894, 899, 970, 956/1488, 957, 952, 953, 954, 903",p33: 956/1488 printed as '956 / 1488' across line break
bkt,74,दुर्जनपुर,nh,,33 34,35,"207, 221, 200, 198, 208, 176, 296, 298, 285, 284, 267, 268, 269, 270, 271, 272, 273, 277, 330, 304, 20, 189, 193, 192, 191, 190, 300, 331, 279, 280, 281, 282, 283, 278, 274",p33: cell continues p34 | p34: cont of 74 दुर्जनपुर
bkt,74,दुर्जनपुर,link,,33 34,33,"102क, 103, 109, 110, 171, 172, 173, 198, 196, 197, 195, 189, 188, 187, 186, 181, 180, 225, 226, 228, 229, 230, 231, 232, 233, 236, 170, 169, 168, 156, 155, 154, 153",p33: cell continues p34; last token 154 = '1' (p33) + '54' (p34) joined | p34: cont of 74 दुर्जनपुर; leading '54' fragment joined into 154 on p33
bkt,74,दुर्जनपुर,abadi,,33,12,"117, 116, 115, 113, 111, 77, 85, 86, 87, 92, 98, 99",
bkt,75,दुग्गौर,nh,,34,77,"19, 140, 144, 139, 162, 163, 167, 168, 184, 186, 185, 218, 219, 220, 215, 216, 217, 242, 243, 267, 268, 269, 270, 277, 278, 230, 305, 306, 317, 316, 318, 319, 320, 321, 322, 323, 324, 325, 340, 343, 344, 345, 346, 347, 348, 348ख, 348क, 134, 139, 169, 184, 217, 270, 269, 206, 306, 134, 139, 169, 183, 217, 269, 206, 207, 318, 317, 316, 141, 163, 186, 243, 266, 324, 326, 320, 340, 343",p34: 348ख printed '348 ख'
bkt,75,दुग्गौर,link,,34,77,"739, 738, 731, 725, 728, 727, 726, 800, 801, 802, 721, 824, 823, 798, 796, 793, 821, 817, 716, 815, 792, 791, 811, 810, 777, 775, 811, 813, 846, 845, 847, 581, 582, 583, 584, 586, 599, 681, 646, 645, 642, 624, 627, 628, 629, 630, 686, 388, 390, 393, 394, 395, 606, 604, 189, 190, 154, 153, 150, 148, 147, 146, 145, 143, 142, 141, 140, 134, 133, 132, 131, 130, 128, 127, 20, 18, 2",
bkt,75,दुग्गौर,abadi,,34,22,"631, 638, 205, 206, 207, 208, 209, 194, 191, 195, 674, 681, 576, 572, 570, 856, 858, 859, 860, 837, 871, 872",
bkt,76,देवरई कला,nh,,34,23,"1, 2स, 3स, 4स, 5स, 7स, 8स, 9, 14स, 15स, 16स, 17स, 17, 16, 15, 14, 8, 7, 6, 2, 3, 4, 5",p34: '17स.' printed with period
bkt,76,देवरई कला,district,,34,19,"63, 69, 70, 68, 71, 140, 144, 149, 173, 181, 182, 183, 184, 187, 188, 189, 210, 212, 211",
bkt,76,देवरई कला,link,,34,21,"157, 158, 154, 153, 152, 150, 149, 148, 146, 145, 144, 21, 22, 23, 24, 26, 27, 28, 121, 127, 128",
bkt,76,देवरई कला,abadi,,34,50,"133, 131, 132, 130, 128, 129, 124, 125, 122, 118, 101, 123, 99, 100, 98, 97, 111, 112, 96, 95, 94, 113, 88, 89, 91, 83, 86, 82, 81, 55, 56, 65, 66, 77, 78, 79, 76, 75, 73, 72, 70, 68, 71, 135, 137, 136, 140, 141, 143, 146",
bkt,77,देवरी रूखारा,nh,,34 35,18,"882, 881, 877, 876, 874, 873, 864, 865, 863, 861, 859, 855, 321, 851, 852, 853, 884, 885",p34: cell continues p35 | p35: cont of 77 देवरी रूखारा
bkt,77,देवरी रूखारा,link,,34 35,38,"303, 274, 263, 280, 209, 207, 206, 184, 176, 105, 103, 29, 31, 36, 37, 38, 41, 42, 44, 45, 45, 47, 55, 566, 575, 565, 549, 51, 366, 719, 685, 687, 693, 327, 927, 932, 933, 924",p34: cell continues p35; last token 55 = '5' (p34) + '5' (p35) joined | p35: cont of 77 देवरी रूखारा; leading '5' fragment joined into 55 on p34
bkt,77,देवरी रूखारा,abadi,,34 35,111,"303, 298, 300, 301, 268, 287, 291, 310, 309, 306, 257, 211, 204, 205, 203, 188, 189, 195, 223, 224, 225, 244, 217, 218, 86, 84, 79, 78, 77, 138, 139, 135, 96, 99, 101/1316, 93, 94, 20, 23, 22, 41, 739, 707, 741, 743, 745, 746, 747, 748, 749, 787, 788, 789, 790, 786, 785, 815, 922, 923, 924, 986, 940, 943, 941, 945, 952, 955, 934, 628, 641, 640, 643, 639, 648, 650, 622, 621, 610, 609, 607, 1048, 1049, 605, 604, 1067, 1068, 1069, 1072, 595, 596, 496, 498, 494, 491, 445, 700, 699, 690, 692, 693, 689, 683, 681, 387, 628, 631, 632, 633, 634, 643, 647",p34: cell continues p35 | p35: cont of 77 देवरी रूखारा; 101/1316 printed '101 / 1316'
bkt,78,दरौना,link,,35,18,"28, 27, 29, 166, 26, 41, 39, 30, 31, 26, 15, 16, 19, 13, 9, 57, 59, 66",
bkt,78,दरौना,abadi,,35,13,"38, 36, 35, 34, 37, 39, 153, 100, 101, 102, 103, 152, 153",
bkt,79,दरियापुर,link,,35,38,"240, 241, 243, 244, 231, 232, 84, 85, 86, 89, 88, 87, 80, 90, 112, 111, 120, 119, 110, 108, 109, 82, 91, 128, 122, 124, 128, 118, 121, 120, 36, 38, 41, 40, 45, 42, 44, 43",
bkt,79,दरियापुर,abadi,,35,25,"213, 212, 211, 210, 214, 221, 222, 226, 239, 118, 153, 208, 220, 293, 232, 29, 44, 45, 115, 114, 120, 29, 59, 56, 58",
bkt,80,दसौली,nh,,35,21,"10, 12, 13, 14, 25, 26, 37, 38, 43, 45, 46, 47, 49, 50, 51, 52, 56, 112, 113, 114, 115",
bkt,80,दसौली,link,,35 36,36,"36, 38, 40, 41, 42, 43, 44, 45, 231, 232, 240, 241, 243, 244, 84, 85, 86, 87, 88, 89, 90, 80, 111, 112, 119, 120, 121, 122, 124, 126, 128, 82, 91, 108, 109, 110",p35: cell continues p36; last token 112 = '11' (p35) + '2' (p36) joined | p36: cont of 80 दसौली; leading '2' fragment joined into 112 on p35
bkt,80,दसौली,abadi,,35 36,0,,p35: note (no khasra listed): ग्राम के लगभग समस्त गाटो के आस-पास आबादी विकसित है। (continues p36) | p36: cont of 80 दसौली; note (no khasra listed): वर्तमान मे ग्राम नगर निगम सीमा के अन्तर्गत आता है।
bkt,81,दौलतपुर,link,,36,11,"1, 12, 16, 17, 18, 19, 20, 21, 23, 25, 28",
bkt,81,दौलतपुर,abadi,,36,45,"250, 251, 428, 256, 440, 439, 275, 556, 241, 239, 238, 551, 444, 531613, 614, 608, 610, 521, 616, 77, 78, 74, 66, 67, 78, 79, 81, 130, 129, 132, 133, 134, 135, 716, 717, 715, 177, 178, 175, 146, 582, 581, 531, 532, 533","p36: '531613' printed without comma (likely 531,613)"
bkt,82,दिगोई,nh,,36,36,"731, 684, 683, 686, 687, 682, 681, 680, 669, 676, 677, 678, 673, 671, 672, 658, 657, 656, 662, 655, 653, 654, 652, 651, 649, 650, 644, 643, 641, 642, 639, 640, 638, 637, 636, 635",
bkt,82,दिगोई,link,,36,19,"408, 409, 410, 376, 375, 374, 361, 344, 343, 332, 419, 412, 413, 414, 415, 434, 435, 436, 467",
bkt,82,दिगोई,abadi,,36,75,"318ख, 327, 329, 507क, 487, 488, 489, 498, 497, 496, 499, 406, 705, 713, 714, 405, 408, 410, 511, 514, 207, 262, 308, 318, 319, 320, 317, 316, 321, 322, 314, 315, 311, 312, 313, 323, 324, 325, 326, 331, 329, 330, 382, 367, 368, 735, 734, 732, 731, 684, 683, 682, 681, 680, 679, 678, 677, 676, 671, 672, 658, 657, 662, 656, 655, 654, 653, 652, 651, 644, 649, 650, 643, 642, 641",
bkt,83,दिनकरपुर झलौवा,link,,36 37,20,"38, 190, 192, 40, 193, 42, 230, 235, 62, 65, 103, 105, 61, 37, 35, 140, 350, 352, 348, 134",p36: cell continues p37 | p37: cont of 83 दिनकरपुर झलौवा
bkt,83,दिनकरपुर झलौवा,abadi,,36,10,"225, 226, 60, 59, 52, 47, 42, 116, 105, 61",
bkt,84,धिनोहरी,link,,37,45,"563, 609, 608, 607, 567, 568, 572, 571, 606, 605, 603, 602, 601, 599, 598, 597, 596, 591, 586, 583, 561, 559, 558, 553, 551, 579, 156, 157, 158, 197, 187, 160, 161, 164, 165, 168, 169, 170, 185, 184, 183, 182, 176, 175, 173",
bkt,84,धिनोहरी,abadi,,37,20,"218, 216, 215, 212, 210, 211, 209, 208, 233, 375, 382, 383, 385, 386, 387, 388, 576, 581, 580, 579",
bkt,85,धतिंगरा,link,,37,19,"128, 131, 139, 142, 144, 145, 146, 147, 148, 149, 150, 161, 162, 173, 174, 175, 176, 223, 222",
bkt,85,धतिंगरा,abadi,,37,18,"273, 283, 272, 267, 268, 269, 262, 263, 261, 271, 259, 260, 257, 258, 276, 281, 282, 284",
bkt,86,धोबैला,link,,37,55,"188, 131, 127, 125, 123, 139, 121, 142, 110, 105, 144, 145, 147, 148, 149, 100, 99, 150, 74, 161, 162, 173, 174, 73, 72, 71, 176, 70, 222, 69, 59, 58, 56, 226, 225, 229, 228, 245, 242, 241, 239, 231, 226, 217, 246, 216, 247, 248, 212, 215, 253, 252, 249, 257, 259",
bkt,86,धोबैला,abadi,,37,29,"260, 263, 266, 267, 268, 270, 269, 271, 272, 1, 2, 3, 4, 5, 6, 7, 8, 274, 9, 10, 276, 281, 282, 283, 285, 286, 199, 254, 255",
bkt,87,नरहरपुर,link,,37 38,49,"228, 226, 222, 221, 220, 269, 267, 265, 258, 274, 213, 280, 279, 278, 277, 276, 272, 216, 282, 281, 163, 168, 169, 155, 151, 150, 153, 38, 40, 42, 75, 72, 106, 104, 120, 121, 109, 106, 158, 287, 289, 286, 306, 305, 304, 312, 311, 248, 249",p37: cell continues p38; last token 287 = '2' (p37) + '87' (p38) joined | p38: cont of 87 नरहरपुर; leading '87' fragment joined into 287 on p37
bkt,87,नरहरपुर,abadi,,37,0,,p37: note (no khasra listed): ग्राम के लगभग समस्त गाटो के आस-पास आबादी विकसित है। वर्तमान मे ग्राम नगर निगम सीमा के अन्तर्गत आता है।
bkt,88,नरायनपुर,link,,38,85,"63, 64, 65, 66, 68, 69, 80, 82, 83, 84, 85, 91, 93, 94, 8, 1, 2, 3, 5, 4, 17, 22, 20, 52, 26, 25, 36, 38, 221, 224, 226, 223, 242, 244, 238, 239, 257, 265, 268, 254, 255, 229, 230, 206, 186, 185, 184, 182, 191, 192, 194, 179, 175, 171, 172, 173, 169, 132, 117, 127, 128, 129, 130, 123, 125, 303, 305, 296, 295, 290, 289, 288, 338, 339, 340, 341, 331, 330, 312, 313, 314, 315, 317, 318, 320",
bkt,88,नरायनपुर,abadi,,38,6,"218, 44, 215, 159, 155, 54",
bkt,89,नरायनहार,district,,38,4,"98, 101, 105, 99",
bkt,89,नरायनहार,link,,38,13,"6, 7, 14, 16, 22, 21, 19, 8, 9, 10, 11, 13, 15",
bkt,90,नरोसा,link,,38,9,"814, 815, 818, 830, 853, 890, 891, 892, 968",
bkt,90,नरोसा,abadi,,38,20,"708, 709, 700, 623656, 626, 307, 308, 305, 303, 298, 1563, 1562, 1561, 1526, 1522, 1500, 1193, 1194, 1195, 1207","p38: '623656' printed without comma (likely 623,656)"
bkt,91,नवीकोट नन्दना,nh,,38 39,57,"7, 9, 13, 14, 12, 15, 17, 18, 26, 27, 28, 37, 53, 54, 111, 112, 129, 130, 131, 132, 133, 134, 135, 157, 159, 160, 161, 168, 169, 185, 186, 187, 1010/188, 188, 213, 204, 215, 216, 217, 218, 219, 220, 221, 222, 223, 224, 225, 226, 227, 228, 229, 230, 232, 234, 235, 236, 237",p38: cell continues p39; last token 219 = '2' (p38) + '19' (p39) joined; 1010/188 printed '1010 / 188' | p39: cont of 91 नवीकोट नन्दना; leading '19' fragment joined into 219 on p38
bkt,91,नवीकोट नन्दना,link,,38 39,79,"377, 376, 375, 374, 368, 379, 382, 381, 380, 373, 342, 341, 353, 352, 343, 344, 349, 350, 347, 345, 519, 515, 516, 522, 518, 532, 530, 542, 541, 532, 533, 563, 561, 564, 562, 565, 585, 589, 579, 592, 583, 5, 594, 597, 762, 766, 765, 903/759, 760, 519, 666, 667, 665, 674, 1072/674, 640, 650, 85679, 682, 683, 735, 719, 717, 716, 916, 713, 907, 906, 919, 776, 793, 813, 834, 828, 825, 1007, 1004, 847, 1008",p38: cell continues p39 | p39: cont of 91 नवीकोट नन्दना; slashes printed with spaces; '85679' printed without comma
bkt,91,नवीकोट नन्दना,abadi,,38,0,,p38: note (no khasra listed): ग्राम के लगभग समस्त गाटो के आस-पास आबादी विकसित है। वर्तमान मे ग्राम नगर पंचायत बी0के0टी0 सीमा के अन्तर्गत आता है।
bkt,92,नगवामऊ खुर्द,link,,39,23,"260, 262, 263, 257, 118, 112, 117, 57, 36, 137, 138, 139, 54, 33, 140, 51, 46, 142, 163, 162, 166, 9, 45",
bkt,92,नगवामऊ खुर्द,abadi,,39,26,"266, 268, 269, 270, 274, 275, 249, 253, 252, 120, 118, 112, 110, 105, 106, 108, 150, 142, 140, 139, 138, 134, 135, 158, 159, 162",
bkt,93,नगवामऊ कला,nh,,39,42,"689, 690, 691, 692, 693, 694, 696, 697, 698, 699, 700, 701, 702, 703, 704, 705, 706, 708, 709, 713, 654, 653, 652, 724, 726, 727, 730, 729, 723, 722, 720, 734, 735, 737, 1094, 1095, 1096, 1090, 1105, 1099, 1103, 1104",
bkt,93,नगवामऊ कला,link,,39,49,"1113, 1112, 1110, 1109, 1100, 1099, 1094, 1093, 1075, 1074, 1072, 1068, 1032, 1031, 1030, 1029, 1028, 950, 949, 948, 519, 518, 516, 515, 514, 511, 508, 413, 412, 410, 526, 525, 524, 523, 522, 633, 634, 636, 646, 647, 649, 650, 736, 737, 739/1117, 739/1118, 739, 740, 775",p39: 739/1117 and 739/1118 printed with spaced slash
bkt,93,नगवामऊ कला,abadi,,39,47,"330, 442, 441, 445, 461, 466, 462, 463, 459, 456, 473, 474, 475, 490, 486, 483, 903, 909, 507, 506, 511, 413, 416, 421, 420, 419, 405, 534, 626, 539, 540, 401, 395, 394, 375, 373, 374, 56, 57, 58, 59, 62, 61, 67, 68, 69, 70",
bkt,94,परसहिया,nh,,39 40,54,"718, 719, 720, 687, 688, 689, 777, 779, 780, 781, 782, 940, 941, 943, 981, 982, 980, 985, 1090, 1091, 1092, 1095, 1096, 1097, 1098, 601, 602, 603, 604, 605, 606, 607, 611, 612, 620, 625, 628, 631, 645, 646, 647, 648, 652, 665, 664, 663, 682, 683, 684, 75, 76, 70, 69, 68",p39: cell continues p40; last token 606 = '6' (p39) + '06' (p40) joined | p40: cont of 94 परसहिया; leading '06' fragment joined into 606 on p39
bkt,94,परसहिया,link,,39 40 41,230,"876, 879, 900, 907, 910, 913, 911, 908, 935, 936, 937, 938, 918, 917, 915, 960, 961, 962, 959, 953, 954, 955, 956, 957, 958, 940, 950, 781, 782, 783, 784, 785, 786, 787, 788, 789, 790, 791, 777, 778, 779, 780, 700, 701, 702, 703, 704, 705, 706, 707, 708, 709, 710, 711, 712, 713, 714, 715, 716, 717, 718, 719, 720, 721, 722, 723, 724, 725, 726, 689, 690, 691, 692, 693, 694, 695, 696, 967, 698, 699, 943, 988, 985, 986, 987, 988, 989, 990, 991, 992, 993, 994, 995, 996, 997, 998, 999, 1000, 1001, 1002, 1090, 1091, 1092, 1093, 1094, 1095, 1096, 1097, 1098, 1099, 1111, 1112, 1113, 1114, 1115, 1116, 1117, 1118, 1119, 1120, 1121, 1122, 1123, 1124, 1125, 1126, 1127, 1128, 1129, 652, 653, 654, 655, 656, 657, 658, 659, 660, 661, 662, 663, 600, 601, 602, 603, 604, 605, 606, 607, 608, 609, 610, 611, 612, 613, 614, 615, 616, 617, 618, 619, 620, 621, 622, 623, 624, 625, 626, 627, 628, 629, 630, 631, 632, 633, 634, 635, 636, 637, 638, 639, 640, 641, 642, 643, 644, 645, 646, 647, 648, 649, 650, 651, 78, 79, 80, 674, 683, 681, 670, 503, 284, 285, 287, 315, 316, 318, 407, 408, 409, 411, 412, 413, 418, 422, 423, 424, 426, 432, 431, 319, 406, 321, 322, 405, 325, 327, 324, 328, 387",p39: cell continues p40 | p40: cont of 94 परसहिया; cell continues p41; last token 284 = '28' (p40) + '4' (p41) joined | p41: cont of 94 परसहिया; leading '4' fragment joined into 284 on p40
bkt,94,परसहिया,abadi,,39 40,80,"150, 157, 163, 162, 161, 482, 481, 484, 544, 545, 180, 181, 182, 183, 184, 185, 189, 190, 192, 198, 501, 502, 503, 510, 512, 514, 516, 523, 521, 520, 327, 328, 629, 330, 386, 387, 389, 359, 360, 361, 362, 364, 367, 366, 374, 380, 347, 792, 793, 794, 795, 796, 804, 803, 811, 928, 924, 929, 763, 765, 766, 768, 770, 771, 1044, 1046, 1070, 1074, 1076, 1077, 1078, 1079, 1081, 1137, 1062, 1064, 1072, 1071, 1070, 1079",p39: cell continues p40 | p40: cont of 94 परसहिया
bkt,95,परसऊ,link,,41,22,"88, 89, 90, 91, 92, 93, 94, 95, 98, 103, 65, 67, 69, 70, 71, 72, 73, 74, 75, 307, 97, 98",
bkt,95,परसऊ,abadi,,41,75,"284, 290, 293ख, 515, 645, 137, 136, 134, 133, 140, 152, 116, 120, 217, 222, 224, 248, 223, 249, 250, 251, 252, 253, 254, 282, 283, 281, 277, 278, 279, 280, 285, 286, 298, 297, 296, 295, 294, 293, 292, 291, 288, 285, 290, 301, 302, 116, 117, 120, 121, 124, 125, 127, 132, 130, 131, 129, 128, 127, 126, 123, 119, 102, 104, 105, 106, 107, 108, 109, 110, 111, 112, 115, 113, 114",
bkt,96,पल्हरी,link,,41 66,77,"135, 307, 306, 305, 304, 349, 350, 151, 297, 2999, 367, 366, 365, 360, 361, 362, 309, 5, 7, 38, 44, 48, 35, 79, 82, 77, 43, 192, 210, 212, 176, 177, 178, 168, 260, 261, 263, 264, 161, 162, 164, 140, 141, 144, 146, 147, 150, 135, 148, 149, 158, 154, 150, 151, 297, 299, 298, 290, 367, 368, 370, 321, 322, 323, 324, 327, 326, 304, 330, 332, 333, 334, 345, 346, 349, 353, 355",p41: cell continues on next page (p42); '2999' as printed | p66: continuation row; next serial on this page jumps to 97 (page order not serial)
bkt,96,पल्हरी,abadi,,41,36,"177, 178, 171, 174, 82, 83, 108, 69, 71, 190, 193, 210, 216, 240, 244, 260, 258, 436, 438, 447, 484, 374, 382, 375, 379, 382, 383, 384, 389, 388, 460, 461, 448, 449, 469, 464",
bkt,97,पलका,nh,,66,16,"228, 255, 256, 257, 251, 244, 230, 229, 304, 286, 283, 280, 279, 278, 276, 259",
bkt,97,पलका,link,,66,35,"5, 21, 23, 25, 35, 36, 37, 38, 39, 40, 230, 244, 245, 240, 246, 207, 160, 155, 158, 163, 138, 139, 140, 164, 165, 166, 167, 138, 139, 140, 170, 174, 176, 133, 128",
bkt,97,पलका,abadi,,66,13,"94, 97, 130, 131, 176, 177, 178, 87, 88, 89, 92, 46, 7",
bkt,98,पश्चिम गॉव,link,,66,40,"122, 112, 113, 104, 106, 105, 137, 114, 116, 117, 118, 121, 123, 143, 144, 203, 202, 201, 196, 195, 220, 219, 213, 212, 211, 210, 400, 401, 403, 404, 405, 406, 396, 397, 398, 399, 383, 302, 381, 384",
bkt,98,पश्चिम गॉव,abadi,,66,13,"142, 141, 138, 232, 240, 241, 242, 235, 238, 239, 225, 208, 207",
bkt,99,पलिया,link,,66,40,"301, 213, 212, 480, 477, 476, 475, 474, 472, 467, 464, 463, 486, 482, 492, 493, 498, 500, 501, 400, 314, 315, 327, 329, 335, 336, 302, 304, 305, 311, 574, 572, 544, 542, 536, 529, 527, 615, 617, 627",
bkt,99,पलिया,abadi,,66,24,"378, 379, 381, 376, 377, 336, 390, 391, 382, 406, 410, 405, 480, 403, 408, 600, 610, 603, 602, 595, 596, 597, 598, 599",
bkt,100,पर्वतपुर,link,,66 67,43,"75, 71, 72, 73, 40, 39, 38, 27, 28, 26, 25, 299, 300, 298, 301, 302, 304, 305, 296, 285, 286, 291, 292, 169, 168, 167, 166, 4, 5, 6, 8, 9, 13, 14, 16, 19, 21, 18, 22, 17, 23, 24, 25",p66: cell continues on next page (last token split); 23 joined across p66/p67 | p67: first token 3 likely tail of number split from previous page (2+3)
bkt,100,पर्वतपुर,abadi,,66 67,48,"195, 165, 164, 161, 157, 158, 156, 162, 85, 84, 154, 155, 159, 160, 146, 147, 145, 144, 148, 140, 142, 143, 144, 196, 197, 200, 199, 201, 203, 204, 193, 267, 191, 190, 192, 189, 188, 269, 270, 185, 186, 187, 184, 180, 181, 182, 166, 165",p66: cell continues on next page (last token split); 193 joined across p66/p67 | p67: first token 3 likely tail of number split from previous page (19+3)
bkt,101,पुरवा,nh,,67,46,"1, 2, 3, 29, 33, 35, 28, 235, 233, 232, 96, 304, 300, 302, 303, 297, 290, 278, 277, 271, 272, 273, 275, 276, 267, 266, 265, 264, 263, 262, 261, 242, 247248, 249, 241, 240, 238, 237, 236, 216, 34, 32, 31, 30, 28, 27",p67: 247248 printed without comma (likely 247 and 248)
bkt,101,पुरवा,link,,67,77,"125, 131, 129, 182, 134, 137, 135, 140, 138, 133, 139, 157, 152, 153, 154, 155, 165, 163, 162, 161, 159, 167, 166, 174, 175, 150, 149, 177, 179, 178, 180, 181, 237, 236, 235, 234, 230, 226, 222, 221, 217, 213, 214, 215, 229, 225, 232, 233, 251, 247, 249, 245, 255, 258, 247, 254, 275, 268, 274, 270, 297, 267, 266, 265, 279, 289, 290, 280, 282, 283, 284, 285, 286, 291, 292, 295, 286",
bkt,101,पुरवा,abadi,,67,8,"138, 181, 148, 146, 143, 141, 137, 140",
bkt,102,पूरबगांव,link,,67,28,"123, 126, 129, 160, 136, 161, 162, 169, 170, 168, 178, 175, 277, 276, 275, 285, 287, 388, 299, 281, 282, 280, 290, 291, 304, 305, 395, 328",
bkt,102,पूरबगांव,abadi,,67,37,"56, 102, 101, 92, 68, 93, 69, 90, 91, 58, 119, 118, 117, 112, 52, 54, 62, 16, 69, 68, 70, 71, 72, 66, 67, 68, 226, 218, 219, 269, 268, 267, 232, 233, 240, 209, 224",
bkt,103,पहाडपुर,link,,67 68,121,"29, 37, 66, 68, 105, 108, 110, 113, 124, 125, 126, 127, 128, 141, 142, 143, 307, 286, 316, 318, 311, 309, 440, 439, 436, 418, 424, 433, 432, 881, 755, 763, 762, 761, 766, 768, 769, 771, 787, 784, 858, 857, 852, 840, 841, 1282, 1279, 1220, 1229, 1246, 1273, 1276, 1261, 1262, 1263, 1264, 1265, 1266, 1267, 1268, 1269, 1270, 1244, 1340, 1341, 1348, 1349, 1351, 1356, 1358, 1360, 1230, 1231, 1232, 1236, 1244, 1246, 1233, 1229, 1220, 1000, 844, 843, 848, 849, 360, 373, 374, 379, 381, 416, 417, 418, 388, 350, 351, 355, 356, 341, 340, 339, 322, 320, 319, 318, 316, 286, 281, 280, 279, 278, 276, 227, 228, 237, 243, 244, 245, 250, 269, 270",p67: cell continues on next page
bkt,103,पहाडपुर,abadi,,67 68,60,"297, 293, 260, 259, 258, 257, 256, 255, 251, 252, 250, 272, 276, 284, 285, 293, 295, 294, 293, 292, 307, 976, 978, 881, 873, 876, 878, 875, 874, 872, 871, 886, 890, 891, 892, 893, 896, 897, 895, 860, 961, 962, 963, 964, 1408, 1413, 1486, 1419, 1425, 1416, 1417, 1407, 342, 341, 340, 339, 336, 330, 327, 309",p67: cell continues on next page
bkt,104,पृथ्वीपुर,link,,68,23,"254, 255, 251, 250, 249, 244, 241, 239, 237, 223, 211, 212, 213, 214, 215, 216, 217, 221, 230, 23, 232, 233, 234",
bkt,104,पृथ्वीपुर,abadi,,68,2,"167, 183",
bkt,105,पैकरामऊ,nh,,68 69,50,"204, 206, 207/777, 233, 326, 327, 328, 329, 331, 332, 334, 352, 490, 494, 495, 501, 508, 509, 515, 516, 517, 418, 419, 526, 527, 618, 619, 620, 621, 622, 623, 624, 625, 627, 628, 629, 631, 634, 492/801, 637, 640, 642, 643, 644, 645, 646, 648, 649, 656, 657",p68: cell continues on next page
bkt,105,पैकरामऊ,link,,68 69,74,"179, 171, 169, 233, 232/786, 232/283, 316, 231, 323, 230, 227, 226, 224, 223, 235, 236, 242, 244, 243, 243/512, 248, 249, 271, 263, 274, 297, 298, 299, 301, 302, 306, 307, 308, 310, 311, 312, 313, 525, 524, 558, 523, 637, 640, 638, 696, 695, 460, 718, 713, 712, 762, 763, 765, 714, 715, 716, 717, 766, 768, 769, 771, 777, 773, 776, 775, 656, 659, 650, 651, 656, 653, 673, 682, 675",p68: cell continues on next page (last token split); 523 joined across p68/p69 | p69: first token 23 is tail of number split from previous page (5+23)
bkt,105,पैकरामऊ,abadi,,68 69,72,"574, 570, 576, 577, 578, 579, 578/784, 580, 581, 563, 708, 713, 705, 707, 734, 710, 735, 709, 673, 672, 653, 670, 674, 675, 573, 583, 585, 584, 586, 587, 588, 589, 590, 591, 592, 593, 594, 595, 596, 597, 598, 599, 601, 602, 603, 607, 608, 609, 611, 612, 615, 559, 560, 284, 286, 287, 290, 293, 327, 328, 329, 330, 331, 332, 333, 334, 337, 350, 351, 352, 489, 490",p68: cell continues on next page (last token split); 598 joined across p68/p69 | p69: first token 8 is tail of number split from previous page (59+8)
bkt,106,पारा,link,,69,81,"193, 198, 200, 563, 562, 558, 550, 549, 548, 547, 556, 581, 582, 583, 584, 585, 586, 645, 646, 648, 651, 515, 516, 522, 527, 528, 529, 530, 542, 544, 543, 400, 369, 368, 367, 366, 364, 363, 362, 361, 352, 350, 348, 334, 290, 291, 292, 293, 294, 324, 325, 327, 214, 213, 212, 211, 210, 206, 205, 121, 119, 117, 116, 128, 131, 132, 133, 134, 135, 136, 138, 139, 110, 108, 107, 16, 15, 14, 13, 12, 11",
bkt,106,पारा,abadi,,69,8,"191, 192, 171, 153, 128, 143, 180, 181",
bkt,107,पालपुर,link,,69,42,"1, 4, 5, 6, 7, 8, 9, 11, 12, 13, 14, 15, 16, 17, 18, 22, 24, 26, 30, 33, 50, 51, 52, 53, 54, 55, 56, 57, 34, 35, 43, 44, 45, 60, 61, 62, 62/252, 104/252, 120, 121, 127, 129",
bkt,107,पालपुर,abadi,,69,35,"129, 127, 52, 53, 58, 46, 57, 56, 55, 45, 44, 48, 47, 22, 27, 28, 34, 33, 42, 60, 61, 62, 58, 104, 25, 22, 24, 26, 27, 28, 34, 35, 44, 54, 50",
bkt,108,पोहपपुर,link,,69 70,91,"204, 206, 216, 439, 432, 453, 454, 458, 461, 462, 464, 415, 414, 410, 419, 423, 923, 342, 430क, 206, 334, 330, 339, 405, 415, 60, 49, 5, 8, 52, 53, 54, 55, 56, 57, 58, 60, 203, 204, 67, 68, 69, 70, 71, 72, 75, 76, 77, 78, 80, 79, 83, 81, 92, 91, 93, 94, 95, 97, 180, 101, 626, 629, 102, 103, 630, 632, 634, 641, 647, 646, 509, 514, 516, 522, 521, 529, 625, 686, 687, 684, 676, 675, 653, 655, 651, 650, 649, 648, 646, 644",p69: cell continues on next page (last token split); 414 joined across p69/p70 | p70: first token 4 is tail of number split from previous page (41+4)
bkt,108,पोहपपुर,abadi,,69 70,29,"31, 63, 51, 52, 53, 54, 55, 56, 57, 25, 24, 22, 9, 10, 8, 63, 51, 431, 501, 294, 293, 295, 292, 501, 502, 507, 518, 522, 521",p69: cell may continue on next page; आबादी में दर्ज खसरा column: 61; 431 joined across p69/p70 | p70: first token 1 may be tail of previous page's last number (43+1)
bkt,109,पटटी,link,,70,29,"153, 154, 155, 236, 238, 239, 247, 250, 251, 253, 254, 255, 256, 319, 320, 335, 334, 331, 329, 309, 302, 301, 300, 297, 296, 286, 285, 284, 267",
bkt,109,पटटी,abadi,,70,13,"137, 138, 177, 167, 168, 169, 152, 150, 149, 145, 144, 143, 111",
bkt,110,पिपरी,link,,70,26,"148, 172, 173, 215, 214, 212, 210, 209, 208, 207, 206, 205, 176, 177, 69, 73, 74, 164, 166, 167, 168, 170, 173, 172, 137, 153",
bkt,110,पिपरी,abadi,,70,28,"128, 127, 124, 125, 126, 141, 140, 138, 142, 133, 144, 145, 150, 96, 94, 95, 134, 133, 131, 93, 92, 82, 90, 84, 85, 89, 156, 155",
bkt,111,पिरथीनगर,link,,70 71,60,"18, 19, 20, 23, 16, 52, 35, 36, 49, 50, 58, 63, 64, 65, 73, 81, 48, 69, 70, 74, 154, 155, 156, 157, 166, 167, 169, 173, 177, 187, 188, 189, 192, 193, 199, 200, 205, 206, 208, 209, 211, 212, 221, 230, 232, 234, 235, 293, 290, 289, 288, 278, 271, 274, 273, 261, 260, 259, 252, 253",p70: cell continues on next page
bkt,111,पिरथीनगर,abadi,,70,29,"56, 54, 6, 7, 8, 30, 61, 1, 2, 3, 4, 5, 86, 36, 16, 17, 23, 37, 35, 34, 33, 38, 29, 28, 52, 49, 55, 57, 53",
bkt,112,फर्रूखाबाद,link,,71,44,"23, 24, 31, 32, 34, 35, 36, 37, 39, 40, 41, 73, 74, 69, 70, 71, 47, 48, 45, 65, 78, 80, 82, 84, 88, 90, 91, 88, 201, 202, 203, 212, 213, 214, 215, 216, 218, 198, 199, 224, 221, 220, 225, 226",
bkt,112,फर्रूखाबाद,abadi,,71,13,"170, 171, 74, 143, 187, 179, 180, 161, 166, 68, 184, 961, 98",
bkt,113,फतेहपुर खमराई,nh,,71,84,"698, 699, 700, 701, 702, 680, 677, 676, 675, 660, 659, 658, 706, 713, 725, 726, 731, 732, 733, 735, 736, 737, 738, 739, 740, 743, 744, 747, 286, 335, 336, 333, 330, 338, 339, 342, 343, 345, 329, 326, 307, 352, 353, 354, 219, 739, 612, 611, 610, 603, 476, 475, 474, 473, 472, 471, 477, 488, 486, 485, 489, 490, 491, 492, 470, 469, 468, 467, 466, 465, 464, 463, 441, 440, 439, 438, 434, 432, 431, 430, 429, 428, 427, 531",
bkt,113,फतेहपुर खमराई,link,,71,23,"285, 283, 175, 174, 173, 170, 166, 167, 165, 86, 85, 84, 83, 82, 81, 80879, 78, 75, 7368, 66, 36, 38, 39","p71: 80879 and 7368 printed without commas (likely 80,79 and 73,68)"
bkt,113,फतेहपुर खमराई,abadi,,71,78,"160, 186, 182, 172, 173, 75, 90, 161, 162, 163, 164, 170, 171, 180, 181, 184, 185, 186, 157, 158, 159, 98, 90, 88, 89, 87, 85, 86, 165, 198, 192, 193, 194, 195, 196, 197, 148, 210, 206, 204, 212, 266, 201, 202, 199, 255, 203, 544, 545, 546, 539, 541, 542, 543, 537, 363, 364, 365, 366, 530, 532, 533, 531, 530, 529, 528, 527, 526, 555, 556, 623, 552, 550, 551, 646, 549, 548, 547",
bkt,114,बरगदी कला,link,,71 72,72,"159, 160, 161, 187, 188, 195, 196, 197, 202, 201, 200, 204, 214, 230, 244, 246, 247, 248, 249, 250, 299, 298, 310, 309, 308, 307, 306, 305, 304, 338, 339, 344, 345, 346, 391, 390, 393, 394, 398, 404, 405, 406, 391, 392, 393, 394, 397, 356, 357, 358, 359, 360, 361, 362, 363, 364, 404, 402, 406, 408, 409, 414, 416, 420, 421, 422, 423, 424, 425, 426, 488, 489",p71: cell continues on next page
bkt,114,बरगदी कला,abadi,,71 72,50,"36, 35, 124, 123, 122, 131, 132, 133, 134, 135, 137, 204, 216, 217, 220, 221, 222, 223, 224, 391, 393, 394, 391, 395, 387, 385, 384, 383, 380, 379, 348, 349, 323, 322, 324, 338, 339, 341, 342, 343, 347, 348, 379, 380, 383, 384, 385, 386, 388, 391",p71: cell continues on next page
bkt,115,बरगदी मगठ,nh,,72,5,"32, 31, 3, 4, 2",
bkt,115,बरगदी मगठ,district,,72,13,"140, 141, 142, 143, 145, 146, 147, 219, 349, 274, 275, 221, 222",
bkt,115,बरगदी मगठ,link,,72 73,124,"155, 151, 150, 173, 171, 174, 175, 452/187, 187, 186, 189, 190, 193, 197, 196, 198, 203, 204, 207, 210, 211, 218, 349, 351, 353, 354, 363, 362, 365, 364, 367, 370, 374, 375, 376, 377, 378, 386, 390, 391, 392, 394, 395, 402, 347, 345, 344, 343, 340, 339, 331, 330, 321, 319, 317, 292, 291, 289, 290, 285, 276, 274, 127, 126, 125, 101, 100, 99, 98, 97, 73, 70, 62, 63, 61, 60, 52, 51, 360, 362, 363, 450, 365, 366, 449, 448, 370, 447, 380, 446, 383, 445, 443, 441, 444, 431, 382, 386, 551/386, 388, 432, 433, 425, 423, 422, 419, 544/391, 391, 392, 393, 395, 418, 417, 411, 410, 409, 406, 408, 405, 404, 403, 400, 399, 398",p72: printed '452 / 187' and '551 / 386' with slash kept as one token; cell continues next page | p73: printed '544 / 391' kept as one token
bkt,115,बरगदी मगठ,abadi,,72,22,"82, 83, 87, 89, 90, 91, 93, 92, 94, 107, 261, 260, 259, 248, 249, 498, 499, 505, 504, 503, 502, 501",
bkt,116,बरखुरदारपुर,link,,73,42,"145, 154, 174, 175, 177, 178, 181, 182, 183, 185, 139, 140, 142, 106, 105, 78, 77, 42, 141, 142, 140, 139, 127, 130, 126, 136, 125, 215, 218, 129, 220, 222, 224, 226, 230, 218, 219, 209, 208, 207, 205, 204",
bkt,116,बरखुरदारपुर,abadi,,73,0,,p73: no numbers; text: ग्राम के लगभग समस्त गाटो के आस-पास आबादी विकसित है। वर्तमान मे ग्राम नगर निगम सीमा के अन्तर्गत आता है।
bkt,117,बराखेमपुर,link,,73,18,"299, 301, 297, 342, 352, 354, 357, 358, 360, 368, 369, 372, 258, 259, 260, 266, 279, 293",
bkt,117,बराखेमपुर,abadi,,73,29,"241, 286, 692, 694, 696, 697, 698, 691, 380, 252, 372, 645, 644, 623, 644/800, 647, 650, 606, 608, 611, 314, 313, 310, 309, 332, 330, 329, 317, 441",p73: printed '644 / 800' kept as one token
bkt,118,बहादुरगंज,link,,73,40,"422, 343, 353, 352, 351, 350, 152, 147, 144, 137, 139, 138, 140, 141, 130, 131, 132, 134, 159, 158, 157, 156, 155, 347, 348, 344, 345, 328, 329, 323, 322, 303, 304, 305, 306, 296, 295, 290, 291, 292",
bkt,118,बहादुरगंज,abadi,,73,27,"402, 400, 401, 398, 399, 397, 396, 395, 325, 326, 327, 333, 332, 266, 265, 336, 334, 338, 339, 340, 337, 341, 342, 365, 394, 356, 346",
bkt,119,बसहा,link,,73 74,67,"17, 18, 19, 78, 79, 80, 81, 83, 97, 98, 99, 106, 107, 109, 111, 116, 117, 118, 173, 175, 176, 177, 188, 187, 190, 191, 193, 196, 197, 198, 199, 206, 203, 204, 205, 206, 207, 269, 210, 211, 232, 231, 226, 224, 220, 218, 313, 314, 316, 318, 320, 333, 334, 335, 337, 390, 436, 435, 495, 496, 498, 500, 502, 749, 750, 752, 753","p73: last number split across page break ('1' + '88'), placed here; cell continues next page | p74: first number 188 split from prev page listed on p73"
bkt,119,बसहा,abadi,,73 74,0,,p73: no numbers; text: ग्राम के लगभग समस्त गाटो के आस-पास आबादी विकसित है। (continues next page) | p74: no numbers; text (cont.): वर्तमान मे ग्राम नगर निगम सीमा के अन्तर्गत आता है।
bkt,120,बेलवा,nh,,74,24,"247, 248, 249, 250, 251, 252, 263, 262, 261, 259, 256, 257, 328, 329, 330, 331, 333, 334, 335, 338, 361, 362, 363, 364",
bkt,120,बेलवा,link,,74,13,"315, 316, 317, 310, 309, 320, 348, 349, 296, 301, 302, 303, 304",
bkt,120,बेलवा,abadi,,74,23,"327, 321, 346, 341, 339, 347, 322, 323, 338, 331, 332, 330, 328, 314, 317, 310, 311, 307, 308, 309, 342, 343, 324",
bkt,121,बेहड़ करौन्दी,link,,74,21,"1, 5, 6, 8, 10, 11, 12, 35, 34, 37, 43, 44, 13, 14, 17, 26, 31, 32, 77, 80, 83",
bkt,121,बेहड़ करौन्दी,abadi,,74,24,"127, 126, 128, 129, 130, 91, 89, 60, 85, 83, 132, 134, 136, 125, 122, 121, 110, 111, 109, 108, 106, 80, 86, 87",
bkt,122,बेहटा,link,,74 75,93,"219, 732, 730, 220, 729, 688, 222, 223, 225, 697, 696, 229, 230, 232, 233, 346, 345, 343, 342, 340, 339, 317, 288, 287, 268, 263, 236, 238, 247, 248, 253, 254, 255, 256, 257, 259, 260, 261, 20, 19, 17, 16, 15, 22, 47, 50, 52, 53, 54, 55, 56, 178, 214, 211, 216, 228, 227, 231, 234, 235, 250, 251, 253, 255, 450, 451, 452, 454, 467, 468, 469, 470, 480, 481, 483, 484, 485, 486, 487, 489, 492, 501, 502, 503, 512, 446, 448, 445, 441, 440, 434, 431, 430","p74: last number split across page break ('4' + '54'), placed here; cell continues next page | p75: first number 454 split from prev page listed on p74"
bkt,122,बेहटा,abadi,,74,27,"406, 429, 432, 431, 434, 435, 436, 437, 442, 515, 514, 518, 522, 571, 572, 574, 591, 599, 400, 402, 403, 404, 319, 318, 317, 308, 306",
bkt,123,बाजपुर गंगौरा,link,,75,50,"21, 20, 30, 26, 33, 31, 32, 34, 152, 153, 154, 156, 157, 158, 159, 167, 379, 370, 376, 383, 377, 386, 301, 362, 363, 365, 366, 367, 368, 349, 348, 441, 346, 326, 327322, 305, 321, 304, 302, 292, 283, 284, 280, 266, 270, 268, 267, 277, 262, 379",p75: '327322' printed without comma (likely 327;322)
bkt,123,बाजपुर गंगौरा,abadi,,75,26,"192, 172, 173, 174, 175, 169, 287, 285, 286, 291, 290, 303, 304, 30, 31, 33, 34, 35, 40, 41, 42, 152, 154, 155, 256, 253",
bkt,124,बाहरगॉव,nh,,75,66,"594, 593, 592, 591, 590, 589, 588, 587, 586, 585, 584, 583, 582, 581, 580, 579, 578, 577, 576, 575, 574, 573, 825, 824, 823, 822, 821, 820, 814, 812, 810, 811, 808, 809, 802, 762, 761, 760, 756, 755, 754, 753, 750, 635, 634, 633, 747, 625, 624, 616, 615, 614, 612, 610, 609, 608, 607, 606, 604, 605, 603, 602, 600, 599, 597, 596",
bkt,124,बाहरगॉव,link,,75,61,"243, 239, 237, 285, 281, 280, 79, 277, 276, 275, 274, 269, 268, 267, 451, 455, 458, 456, 457, 440, 369, 370, 376, 375, 353, 352, 350, 349, 348, 346, 337, 335, 332, 331, 330, 390, 392, 393, 402, 403, 404, 399, 398, 652, 655, 653, 742, 655, 656, 740, 739, 738, 723, 724, 780, 783, 726, 730, 784, 731, 793",
bkt,124,बाहरगॉव,abadi,,75,51,"261, 263, 262, 260, 264, 265, 254, 256, 255, 253, 249, 250, 252, 251, 248, 176, 171, 170, 162, 161, 160, 159, 157, 156, 155, 153, 154, 152, 151, 150, 149, 148, 398, 632, 636, 637, 652, 650, 649, 648, 647, 641, 642, 643, 629, 630, 628, 621, 622, 626, 623",
bkt,125,बगहा,link,,75 76,134,"1180, 1178, 1177, 1176, 1174, 1159, 1144, 1143, 1142, 1139, 1138, 1136, 1135, 757, 758, 760, 761, 762, 764, 765, 698, 774, 773, 770, 721, 722, 723, 725, 727, 748, 745, 744, 728, 729, 730, 731, 736, 730, 563, 564, 565, 890, 891, 882, 881, 880, 879, 878, 1090, 1089, 1088, 1164, 1087, 560, 559, 558, 903, 904, 905, 893, 932, 933, 934, 936, 937, 938, 940, 941, 1046, 1047, 1078, 1079, 969, 970, 964, 964, 1169, 1181, 1179, 1165, 1178, 1172, 1177, 1175, 325, 321, 324, 320, 323, 313, 317, 365, 112, 350, 353, 354, 363, 362, 361, 359, 358, 356, 357, 593, 439, 660, 687, 686, 659, 658, 657, 692, 691, 895, 373, 646, 643, 642, 617, 616, 615, 375, 376, 377, 378, 426, 39, 373, 615, 430, 431, 433, 434, 613",p75: cell continues next page
bkt,125,बगहा,abadi,,75 76,63,"44, 43, 42, 39, 41, 96, 97, 100, 101, 103, 104, 102, 371, 366, 370, 111, 105, 108, 102, 339, 341, 334, 337, 335, 332, 321, 325, 305, 306, 307, 308, 302, 301, 354, 357/182, 357, 695, 810, 809, 808, 801, 802, 803, 804, 805, 807, 800, 799, 780, 721, 720, 713, 714, 708, 707, 706, 705, 704, 697, 696, 699, 299, 298",p75: cell continues next page | p76: printed '357 / 182' kept as one token
bkt,126,बौरूमऊ,nh,,76 77,41,"1198, 1197, 1195, 1193, 1188, 1187, 1047, 1046, 1045, 1044, 1043, 1041, 1040, 1039, 1038, 1035, 1034, 1032, 1031, 1030, 1029, 1027, 1024, 1028, 1021, 9005, 900ज, 900ग, 900क899, 608, 601, 600, 590, 597, 594, 593, 592, 591, 588, 586, 533",p76: cell continues next page | p77: '9005' as printed (9 + 005 across line wrap); '900क899' printed without comma across line wrap (likely 900क;899)
bkt,126,बौरूमऊ,link,,76 77 78,259,"1225, 1223, 1222, 1221, 1205, 1201, 1199, 1198, 1182, 1186, 1185, 1184, 1180, 1181, 1179, 966, 970, 1178, 971, 917, 936, 986, 929, 987, 100, 930, 1004, 1010, 2011, 903, 1012, 902, 1048, 561, 1014, 560, 565, 559, 1064, 558, 1074, 1075, 1076, 1119, 1115, 1136, 1146, 1083, 1148, 1084, 1149, 1150, 1086, 1151, 1110, 1113, 1129, 1130, 1131, 1132, 1134, 1127, 1126, 1123, 1122, 557, 555, 922, 903, 920, 904, 905, 918, 906, 909907, 894, 895, 897, 898, 621, 623, 892, 624, 661, 660, 663, 664, 665, 658, 672, 883, 887, 667, 6688858, 878, 790, 881, 882, 883, 670, 951, 952, 945, 943, 819, 820, 822, 823, 824, 825, 826, 853, 1173, 1170, 1258, 1260, 1261, 1262, 1263, 1265, 1298, 1304, 13091314, 1315, 1345, 1335, 1332, 1330, 1328, 1327, 1319, 1318, 1317, 1659, 1658, 1655, 1654, 1651, 1647, 1648, 1649, 1636, 1662, 1631, 1617, 1613, 1595, 1594, 1593, 1592, 1590, 1589, 1588, 1585, 1584, 1579, 1578, 1574, 1573, 1572, 1544, 1542, 1541, 1540, 1539, 1523, 1522, 1520, 1517, 1516, 1514, 1513, 1515, 1447, 1446, 1445, 1428, 1427, 1426, 1415, 1410, 1407, 1406, 1405, 1404, 1134, 503, 502, 501, 461, 456, 455, 454, 453, 451, 449, 448, 447, 446, 444, 439, 437, 436, 390, 392, 391, 390, 388, 370, 369, 367, 363, 432, 431, 430, 427, 428, 429, 472, 493, 510, 509, 489, 473, 474, 475, 425, 412, 411, 434, 433, 392, 393, 391, 390, 388, 370, 369, 367, 363, 348, 347, 346, 344, 341, 342, 339, 336, 335, 420, 415, 419, 418, 403, 402, 377, 376, 375, 374","p76: cell continues next page | p77: missing commas as printed: '909907' (909;907?), '6688858' (668 + 8858 across wrap), '13091314' (1309;1314?); '2011' as printed; last number split across page break ('151' + '4'), placed here | p78: first number 1514 split from prev page listed on p77"
bkt,126,बौरूमऊ,abadi,,76 77,58,"354, 352, 353, 362, 361, 356, 371, 363, 367, 1528, 1524, 1521, 1520, 1519, 1517, 1513, 1512, 1511, 1503, 1506, 1507, 1499, 509, 510, 493, 491, 492, 512, 489, 513, 522, 521, 517, 519, 520, 305, 304, 534, 524, 525, 530, 533, 941, 944, 946, 947, 962, 968, 971, 972, 975, 977, 976, 986, 933, 856, 938, 937",p76: cell continues next page
bkt,127,बनौर,link,,78,73,"291, 290, 288, 293, 295, 298, 299, 278, 287, 286, 285, 280, 281, 282, 288, 301, 276, 274, 273, 272, 271, 269, 266, 308, 303, 306, 305, 304, 260, 259, 258, 257, 262, 263, 310, 312, 313, 314, 316, 318, 319, 321, 324, 363, 364, 365, 367, 373, 368, 374, 372, 371, 370, 369, 361, 351, 349, 334, 344, 335, 331, 332, 182, 181, 180, 179, 187, 189, 191, 249, 251, 252, 257",
bkt,127,बनौर,abadi,,78,52,"1, 2, 3, 4, 5, 8, 9, 10, 11, 13, 26, 27, 24, 28, 30, 37, 32, 33, 34, 35, 36, 37, 38, 40, 41, 42, 43, 44, 45, 46, 48, 50, 51, 52, 53, 56, 58, 59, 60, 61, 62, 63, 64, 65, 67, 68, 69, 70, 71, 72, 73, 74",
bkt,128,बनौगा,link,,79,127,"281, 292, 294, 296, 297, 298, 299, 330, 305, 308, 309, 310, 311, 218, 226, 227, 228, 229, 230, 213, 100, 102, 103, 105, 106, 92, 90, 87, 85, 84, 116, 129, 133, 134, 537, 538, 539, 540, 541, 542, 550, 551, 570, 571, 572, 573, 576, 1, 3, 6, 7, 13, 14, 31, 32, 34, 36, 60, 66, 67, 68, 80, 388, 390, 391, 392, 393, 394, 397, 398, 400, 401, 402, 403, 404, 640, 639, 636, 839, 840, 496, 492, 490, 485, 483, 482, 481, 479, 469, 470, 468, 472, 634, 632, 630, 629, 628, 883, 888, 863, 861, 1032, 1031, 1029, 1028, 984, 982, 980, 971, 972, 973, 974, 975, 976, 977, 891, 892, 912, 913, 914, 932, 933, 935, 930, 928, 941, 942",
bkt,128,बनौगा,abadi,,79,50,"277, 275, 274, 271, 257, 258, 256, 254, 219, 218, 217, 201, 197, 499, 497, 496, 495, 312, 314, 315, 318, 319, 323, 842, 843, 817, 816, 813, 811, 804, 803, 807, 845, 847, 849, 850, 870, 887, 886, 879, 878, 877, 944, 945, 954, 953, 952, 948, 947, 943",
bkt,129,बनगॉव,nh,,79,38,"3, 4, 299, 298, 7, 296, 295, 294, 293, 378, 380, 387, 388, 395, 396, 397, 355, 356, 357, 358, 359, 360, 361, 362, 363, 364, 365, 366, 367, 368, 369, 370, 371, 372, 373, 374, 375, 376",
bkt,129,बनगॉव,link,,79,49,"7, 8, 9, 10, 14, 287, 288, 295, 66, 67, 79, 94, 93, 92, 85, 84, 83, 82, 81, 231, 233, 234, 235, 248, 249, 250, 251, 260, 264, 273, 274, 3, 4, 6, 37, 44, 45, 46, 51, 48, 49, 58, 335, 340, 341, 342, 343, 344, 349",
bkt,129,बनगॉव,abadi,,79,32,"29, 69, 61, 30, 54, 73, 70, 71, 72, 74, 110, 96, 302, 305, 309, 311, 319, 317, 324, 326, 327, 328, 304, 96, 111, 53, 28, 39, 46, 52, 313, 312",
bkt,130,बीबीपुर,link,,80,38,"7, 25, 26, 36, 37, 38, 39, 40, 45, 78, 475, 65, 64, 452, 437, 434, 423, 640, 637, 638, 633, 632, 537, 534, 533, 561, 662, 480, 485, 486, 487, 488, 489, 490, 492, 508, 510, 513",
bkt,130,बीबीपुर,abadi,,80,36,"537, 557, 558, 482, 485, 487, 490, 495, 499, 502, 835, 833, 819, 778, 777, 775, 772, 727, 728, 764, 768, 760, 67, 68, 76, 79, 84, 85, 86, 87, 88, 89, 90, 91, 93, 101",
bkt,131,बीकामऊ खुर्द,link,,80,25,"506, 495, 493, 492, 491, 490, 89, 488, 246, 248, 247, 250, 260, 262, 365, 361, 360, 356, 348, 345, 339, 340, 341, 342, 310",
bkt,131,बीकामऊ खुर्द,abadi,,80,17,"474, 473, 471, 470, 469, 468, 464, 477, 476, 512, 515, 510, 531, 528, 527, 526, 597",
bkt,132,बीकामऊ कला,nh,,80,43,"119, 120, 121, 122, 123, 124, 125, 126, 127, 128, 150, 151, 152, 157, 402, 382, 383, 384, 385, 386, 387, 388, 389, 390, 397, 398, 399, 400, 410, 411, 412, 413, 414, 445, 448, 450, 451, 452, 453, 454, 458, 459, 460",
bkt,132,बीकामऊ कला,link,,80,73,"464, 463, 459, 449, 451, 454, 455, 456, 457, 443, 435, 434, 432, 424, 425, 426, 418, 429, 431, 422, 421, 362, 445, 448, 365, 354, 369, 352, 353, 344, 873, 374, 375, 376, 378, 415, 416, 417, 301, 303, 304, 297, 296, 295, 294, 293, 213, 211, 210, 206, 306, 291, 214, 215, 216, 217, 218, 219, 220, 221, 223, 224, 227, 228, 229, 232, 234, 236, 249, 276, 277, 279, 289",
bkt,132,बीकामऊ कला,abadi,,80,14,"336, 335, 312, 195, 193, 313, 199, 202, 191, 183, 182, 162, 163, 166",
bkt,133,भिठौली खुर्द,nh,,80,30,"74, 75, 76, 77, 78, 79, 80, 81, 82, 85, 86, 89, 90, 91, 92, 95, 56, 58, 59, 52, 50, 48, 66, 65, 64, 70, 39, 4, 3, 2",
bkt,133,भिठौली खुर्द,link,,80,0,,p80: no numbers; cell reads '— लखनऊ विकास प्राधिकरण में अधिग्रहित भूमि'
bkt,133,भिठौली खुर्द,abadi,,80 42,0,,"p80: no numbers; text: ग्राम के लगभग समस्त गाटो के आस-पास आबादी विकसित है। वर्तमान मे ग्राम नगर निगम सीमा के अन्तर्गत (continues next page) | p42: no numbers; text continuation from p41: ""आता है।"""
bkt,134,भरगहना,link,,42,90,"104, 111, 116, 105, 106, 107, 108, 109, 382, 381, 389, 399, 477, 407, 482, 483, 487, 607, 611, 610, 441, 443, 444, 445, 446, 447, 448, 252, 253, 254, 255, 256, 196, 201, 200, 202, 157, 158, 159, 160, 178, 177, 176, 434, 431, 436, 433, 430, 429, 546, 544, 552, 553, 559, 555, 556, 290, 289, 288, 287, 245, 228, 264, 265, 361, 360, 126, 127, 125, 124, 375, 129/375, 15, 14, 13, 16, 17, 18, 38, 48, 49, 58, 66, 82, 83, 84, 85, 203, 207, 196",
bkt,134,भरगहना,abadi,,42,9,"189, 187, 266, 268, 301, 305, 264, 266, 269",
bkt,135,भड़सर,link,,42,50,"366, 369, 368, 367, 370, 371, 373, 374, 374/684, 388, 396, 390, 391, 392, 393, 394, 395, 396, 397, 472, 471, 470, 455, 456, 443, 438, 460, 466, 461, 467, 468, 477, 476, 475, 552, 561, 563, 565, 564, 566, 567, 568, 554, 582, 583, 584, 590, 587, 594, 592",
bkt,135,भड़सर,abadi,,42,32,"424, 425, 422, 420, 417, 423, 412, 409, 407, 406, 397, 472, 471, 473, 470, 455, 449, 450, 451, 452, 236, 237, 238, 249, 240, 245, 243, 356, 357, 358, 359, 304",
bkt,136,भवानीपुर,nh,,42,9,"148, 149, 151, 152, 147, 150, 153, 155, 158",
bkt,136,भवानीपुर,link,,42 43,55,"4, 5, 6, 12, 13, 14, 15, 30, 29, 34, 33, 69, 70, 77, 75, 76, 78, 79, 80, 68, 83, 88, 89, 90, 91, 92, 227, 216, 213, 212, 211, 210, 209, 240/209, 188, 199, 197, 160, 97, 95, 94, 93, 59, 60, 62, 61, 65, 247/65, 66, 67, 21, 20, 19, 18, 16","p42: cell continues on p43; last number 216 split across pages (""2"" p42 + ""16"" p43) | p43: cont of 136 भवानीपुर; leading ""16"" fragment joined into 216 on p42 row; cell ends with trailing comma"
bkt,136,भवानीपुर,abadi,,42 43,46,"113समि, 109, 114, 110, 47, 126, 127, 48, 49, 50, 121, 122, 120, 118, 119, 116, 115, 117, 95, 96, 97, 197, 98, 100, 101, 99, 102, 103, 104, 105, 106, 107, 108, 109, 110, 111, 112, 128, 129, 130, 131, 134, 136, 160, 133, 145",p42: cell continues on p43 | p43: cont of 136 भवानीपुर
bkt,137,भेसी,link,,43,37,"210, 339, 338, 193, 192, 190, 189, 188, 187, 336, 330, 266, 265, 105, 104, 102, 101, 100, 99, 98, 263, 262, 96, 235, 80, 78, 47, 230, 228, 45, 43, 42, 41, 40, 215, 214, 213",
bkt,137,भेसी,abadi,,43,10,"167, 166, 164, 160, 112, 111, 114, 113, 108, 107",
bkt,138,भैसामऊ,link,,43 44,168,"407, 412, 414, 356, 354, 352, 351, 350, 337, 336, 323, 321, 320, 294, 293, 273, 264, 263, 253, 251, 250, 249, 24, 29, 31, 246, 247, 222, 243, 242, 233, 448, 446, 444, 443, 438, 437, 532, 533, 534, 535, 548, 549, 550, 552, 424, 426, 427, 428, 429, 358, 357, 356, 354, 414, 415, 416, 417, 418, 529, 527, 526, 440, 441, 437, 449, 233, 179, 180, 182, 139, 140, 653, 652, 650, 629, 630, 631, 688, 687, 691, 692, 693, 697, 768, 617, 458, 459, 457, 408, 261, 262, 13, 14, 146, 147, 547, 649/626, 695, 697, 701, 702, 709, 710, 718, 721, 740, 743, 252, 754, 815, 477, 478, 481, 482, 483, 484, 489, 428, 490, 949, 600, 952, 601, 603, 604, 606, 954, 607, 608, 577, 576, 575, 574, 974, 955, 977, 958, 960, 961, 963, 964, 967, 969, 972, 927, 992, 990, 989, 988, 986, 983, 982, 471, 103, 106, 107, 137, 136, 135, 134, 133, 113, 11, 10, 9, 20, 22","p43: cell continues on p44; last number 702 split across pages (""70"" p43 + ""2"" p44) | p44: cont of 138 भैसामऊ; leading ""2"" fragment joined into 702 on p43 row"
bkt,138,भैसामऊ,abadi,,43,35,"228, 226, 225, 224, 223, 221, 219, 217, 35, 37, 113, 133, 260, 64, 758, 360, 363, 362, 364, 350, 351, 345, 346, 344, 341, 343, 293, 222, 233, 37, 35, 170, 171, 172, 173","p43: double comma printed after 260 (""260,,64"")"
bkt,139,भौली,link,,44 45 46,296,"866, 864, 863, 881, 308, 889, 891, 899, 900, 901, 906, 908, 919, 920, 921, 922, 923, 939, 938, 935, 924, 926, 927, 954, 1149, 1150, 945/2368, 1151, 1152, 1153, 1998, 1997, 2000, 2001, 2002, 2082, 2083, 2084, 2086, 2087, 2088, 2089/2391, 2095/2389, 2089, 2092, 2093, 2094, 924, 948, 949, 950, 953, 954, 919/2319, 985, 986, 988, 984, 975, 964, 773, 775, 776, 783, 789, 2254, 2255, 2233, 2235, 2231, 2232, 2225, 2223, 2217, 2153, 2149, 2148, 2155, 2157, 2208, 2200, 2196, 2193, 2183, 2184, 2181, 2175, 2176, 2177, 2178, 2155, 2158, 2148, 2145, 2143, 2142, 2138, 2135, 2131, 2132, 2133, 2129, 2127, 2126, 2128, 2110, 2120, 2109, 2104, 2105, 2098, 2095, 2096, 2097, 2004, 2005, 2050, 2051, 2052, 2012, 1045, 2041, 2040, 2060, 2061, 2064, 2065, 2066, 2067, 2069, 1704, 1704/2484, 1717, 1714, 1721, 1694, 1690, 1692, 1693, 1685, 1686, 1684, 1723, 1739, 1740, 1741, 1742, 1744, 1746, 1747, 1748, 1754, 1755, 1756, 1759, 1760, 1761, 1768, 1767, 1766, 1765, 1764, 1763, 1762, 1892, 1887, 1850, 2040, 2037, 2026, 1947, 1968, 1950, 1973, 1971, 1972, 1970, 102, 103, 104, 106, 100, 99, 107, 109, 110, 89, 1278, 1275, 1279, 1280, 1281, 1355, 1356, 1357, 1359, 1412, 1412/2409, 1423, 1424, 1430, 1413, 1420, 1421, 1422, 1441, 1439, 1431, 1494, 1414, 1415, 1416, 1417, 1418, 1443, 1442, 1434, 1433, 1495, 1492, 1401, 1500, 1459/2259, 1263, 1253, 1252, 1251, 1250, 1471, 1467, 1467/2456, 1445, 1446, 1471, 1472, 1473, 1474, 1475, 1477, 1478, 1479, 1436, 1437, 1480, 1536, 1557, 1554, 1555, 1556, 1549, 1549/2397, 1548, 1547, 1539, 1538, 1540, 1550, 1536/2436, 1534, 1531, 1532, 1524, 1525, 1526, 1527, 1529, 1561, 1568, 1570, 1574, 1575, 1576, 1597, 1499, 1595, 1600, 1593, 1592, 1591, 1590, 1589, 1588, 1620, 1621, 1622, 1623, 1622/2298, 1628, 1629, 1630, 1631, 1633, 1635, 1636, 1634, 1638","p44: cell continues on p45; last number 2183 split across pages (""21"" p44 + ""83"" p45) | p45: cont of 139 भौली; leading ""83"" fragment joined into 2183 on p44 row; continues on p46 | p46: cont of 139 भौली"
bkt,139,भौली,abadi,,44,63,"875, 874, 1276, 1277, 1274, 1232, 1273, 1272, 1270, 1274, 1269, 1277, 1276, 875, 874, 1267, 1266, 1266/2304, 1268/2301, 1268/2302, 1260, 1259, 1264, 1261, 1258, 1238, 1236, 1237, 1703, 1234, 1227, 1231, 1235, 1139, 1142, 1202, 1200, 1228, 1140, 941/2376, 1136, 1137/2427, 895, 896, 897, 890, 887, 889, 888, 884, 884/2349, 883, 883/2411, 850, 880, 880/2387, 876, 878, 1128/2454, 1122, 1125, 1126, 1128",
bkt,140,भगौतीपुर,link,,46,58,"90, 92, 95, 96, 97, 98, 254, 255, 256, 259, 260, 261, 262, 270, 273, 275, 276, 277, 278, 279, 280, 281, 282, 307, 325, 329, 330, 336, 337, 338, 348, 353, 354, 355, 356, 357, 362, 368, 369, 372, 373, 374, 392, 398, 399, 401, 411, 270, 269, 267, 266, 265, 229, 228, 222, 396, 292, 291",p46: cell ends with trailing comma; next page starts new serial 141
bkt,140,भगौतीपुर,abadi,,46,8,"215, 217, 243, 224, 410, 409, 411, 408",
bkt,141,भाखामऊ,link,,47,57,"293, 288, 286, 296, 282, 281, 280, 279, 278, 300, 308, 305, 242, 277, 104, 295, 234, 236, 232, 245, 246, 103, 202, 189, 187, 121, 122, 105, 102, 107, 109, 110, 111, 112, 113, 114, 127, 129, 130, 147, 146, 148, 149, 150, 151, 510, 511, 14, 15, 13, 11, 12, 9, 8, 17, 35, 36",
bkt,141,भाखामऊ,abadi,,47,92,"306, 238, 239, 240, 242, 305, 303, 302, 301, 300, 299, 307, 297, 308, 316, 234, 226, 224, 222, 218, 216, 215, 213, 212, 207, 205, 206, 179, 178, 380, 382, 383, 289, 381, 401, 388, 400, 405, 404, 384, 385, 386, 387, 389, 390, 391, 392, 393, 394, 395, 396, 397, 398, 399, 465, 463, 462, 461, 459, 458, 419, 417, 418, 415, 413, 421, 422, 424, 425, 426, 444, 443, 442, 447, 505, 508, 507, 517, 448, 449, 442, 441, 430, 431, 432, 518, 520, 524, 437, 438, 439, 440",
bkt,142,भीखमपुर,link,,47,52,"140, 145, 144, 142, 141, 740, 133, 134, 132, 135, 136, 44, 33, 32, 31, 30, 29, 28, 5, 7, 9, 23, 25, 54, 57, 59, 118, 117, 111, 110, 97, 98, 328, 327, 325, 101, 67, 68, 70, 71, 72, 73, 76, 86, 87, 88, 89, 90, 91, 92, 93, 94",
bkt,142,भीखमपुर,abadi,,47,19,"289, 222, 227, 235, 290, 216, 221, 222, 233, 234, 248, 247, 240, 239, 263, 264, 282, 277, 284",p47: cell ends with trailing comma
bkt,143,भटेसुवा,link,,47 48,65,"228, 237, 238, 234, 359, 340, 339, 338, 306, 307, 296, 294, 236, 363, 210, 211, 239, 375, 389, 399, 391, 398, 412, 411, 409, 408, 407, 101, 402, 205, 123, 127, 128, 129, 200, 171, 170, 157, 158, 159, 6, 8, 13, 305, 304, 303, 302, 301, 300, 299, 298, 80, 81, 71, 67, 95, 66, 65, 103, 104, 64, 64/581, 62, 60, 59",p47: cell continues on p48 | p48: cont of 143 भटेसुवा
bkt,143,भटेसुवा,abadi,,47,16,"242, 244, 247, 248, 254, 256, 257, 129, 121, 87, 265, 273, 312, 313, 315, 331",p47: cell ends with trailing comma; nothing further on p48
bkt,144,भिखारीपुर,nh,,48,15,"84, 85, 87, 191, 197, 200, 217, 227, 228, 229, 230, 235, 239, 237, 188ख",
bkt,144,भिखारीपुर,link,,48,29,"191, 190, 200, 217, 226, 228, 229, 230, 235, 239, 240, 237, 188, 81, 85, 82, 84, 163, 179, 181, 178, 164, 20, 21, 22, 25, 219, 218, 221",
bkt,144,भिखारीपुर,abadi,,48,31,"94, 93, 90, 91, 89, 65, 50, 59, 60, 61, 106, 44, 108, 99, 159, 162, 111, 112, 150, 142, 147, 1139, 140, 141, 142, 143, 144, 179, 147, 64, 169","p48: 1139 as printed (wraps ""11""/""39""; sequence suggests maybe 139)"
bkt,145,मरपा,link,,48,46,"04, 06, 07, 08, 78, 79, 80, 81, 82, 83, 85, 86, 98, 99, 101, 118, 103, 121, 122, 123, 126, 127, 129, 130, 131, 135, 137, 146, 285, 277, 266, 265, 264, 263, 262, 259, 258, 257, 289, 290, 295, 297, 298, 301, 307, 309",p48: leading zeros as printed; cell ends with trailing comma
bkt,145,मरपा,abadi,,48,33,"01, 02, 04, 05, 18, 19, 22, 26, 27, 6, 7, 8, 9, 10, 11, 12, 13, 14, 19, 23, 24, 21, 25, 29, 153, 74, 118, 119, 121, 122, 123, 120, 121",p48: leading zeros as printed
bkt,146,मल्हीपुर,link,,48,33,"387, 384, 392, 393, 382, 383, 105, 10, 99, 98, 97, 94, 93, 91, 35, 34, 33, 31, 22, 09, 10, 11, 13, 14, 16, 253, 252, 251, 249, 264, 267, 326, 327",p48: 09 as printed
bkt,146,मल्हीपुर,abadi,,48,23,"395, 375, 363, 368, 338, 336, 335, 329, 325, 327, 106, 111, 113, 115, 141, 147, 148, 238, 239, 236, 230, 370, 244",
bkt,147,मलूकपुर,link,,48 49 50,233,"748, 750, 752, 753, 760, 455, 459, 460, 762, 763, 764, 765, 892, 893, 739, 738, 734, 733, 730, 729, 728, 725, 724, 723, 720, 719, 718, 717, 714, 713, 708, 707, 706, 703, 660, 661, 674, 675, 680, 681, 682, 690, 692, 614, 613, 612, 611, 610, 609, 606, 605, 603, 602, 601, 600, 702, 596, 593, 592, 591, 587, 584, 585, 581, 580, 489, 490, 500, 502, 503, 504, 505, 521, 522, 523, 524, 531, 532, 533, 539, 540, 544, 545, 578, 577, 570, 569, 566, 565, 555, 554, 556, 557, 559, 560, 177, 178, 182, 183, 184, 185, 186, 187, 188, 189, 190, 261, 262, 263, 266, 265, 229, 224, 223, 222, 190, 191, 192, 206, 205, 204, 203, 198, 154, 153, 152, 150, 164, 165, 166, 167, 168, 169, 170, 172, 198, 229, 357, 274, 354, 276, 352, 351, 350, 255, 256, 283, 287, 288, 290, 294, 308, 307, 298, 296, 309, 310, 304, 349, 308, 313, 312, 314, 315, 316, 317, 318, 319, 338, 353, 354, 355, 340, 341, 343, 346, 347, 360, 361, 362, 363, 364, 365, 376, 374, 378, 369, 367, 368, 371, 372, 373, 375, 393, 392, 391, 381, 382, 383, 384, 385, 386, 387, 388, 390, 394, 397, 398, 400, 330, 329, 328, 326, 325, 324, 336, 321, 320, 108, 107, 106, 91, 92, 93, 94, 196, 199, 201, 202, 103, 104, 102, 95","p48: cell continues on p49; last number 719 split across pages (""7"" p48 + ""19"" p49) | p49: cont of 147 मलूकपुर; leading ""19"" fragment joined into 719 on p48 row; last number 381 split across pages (""3"" p49 + ""81"" p50) | p50: cont of 147 मलूकपुर; leading ""81"" fragment joined into 381 on p49 row"
bkt,147,मलूकपुर,abadi,,48 49,41,"57, 238, 240, 239, 237, 58, 59, 61, 36, 37, 38, 40, 43, 149, 150, 151, 153, 195, 106, 107, 110, 112, 113, 121, 127, 126, 125, 132, 133, 134, 130, 131, 625, 624, 621, 620, 627, 460, 459, 760, 762",p48: cell continues on p49 | p49: cont of 147 मलूकपुर
bkt,148,मड़ियांव,link,,50 51,195,"11, 13, 14, 21, 22, 23, 87, 88, 91, 93, 101, 102, 103, 162, 155, 156, 157, 152, 138, 131, 132, 128, 129, 164, 166, 167, 168, 169, 170, 171, 172, 173, 174, 175, 176, 84, 82, 83, 79, 78, 77, 74, 72, 65, 64, 43, 39, 40, 38, 33, 302, 26, 25, 177, 179, 180, 181, 76, 75, 69, 68, 61, 323, 322, 320, 319, 317, 316, 314, 183, 912, 980, 1087, 1085, 1106, 983, 1081, 1109, 1122, 1123, 1124, 1125, 1130, 1136, 1135, 1149, 1158, 1229, 1228, 1225, 1224, 468, 491, 492, 524, 525, 526, 527, 528, 529, 532, 860, 943, 944, 946, 949, 952, 956, 957, 993, 995, 831, 828, 827, 820, 700, 699, 698, 696, 695, 654, 643, 590, 580, 579, 570, 562, 547, 556, 560, 468, 467, 466, 463, 461, 460, 408, 406, 405, 404, 403, 401, 623, 644, 645, 646, 647, 640, 641, 642, 643, 644, 866, 867, 855, 856, 659, 658, 669, 670, 672, 673, 677, 678, 679, 681, 682, 683, 684, 813, 811, 810, 805, 804, 803, 801, 799, 798, 797, 796, 701, 702, 703, 704, 706, 707, 709, 710, 725, 724, 732, 734, 794, 793, 792","p50: cell continues on p51; last number 406 split across pages (""40"" p50 + ""6"" p51) | p51: cont of 148 मड़ियांव; leading ""6"" fragment joined into 406 on p50 row"
bkt,148,मड़ियांव,abadi,,50,0,,"p50: no numbers; cell text: ""ग्राम के लगभग समस्त गाटो के आस-पास आबादी विकसित है। वर्तमान मे ग्राम नगर निगम सीमा के अन्तर्गत आता है।"""
bkt,149,महिपतपुर,nh,,51,7,"2, 5, 6, 7, 8, 9, 15",
bkt,149,महिपतपुर,district,,51,12,"78, 80, 81, 90, 94, 95, 96, 91, 99, 100, 98, 89",
bkt,149,महिपतपुर,link,,51,10,"84, 85, 86, 87, 123, 91, 106, 107, 108, 124",
bkt,149,महिपतपुर,abadi,,51,20,"74, 75, 67, 66, 71, 43, 44, 45, 61, 59, 53, 51, 46, 48, 50, 42, 41, 59, 78, 47",
bkt,150,महिगवॉ,link,,51 52,113,"53, 54, 55, 56, 57, 60, 75, 77, 78, 79, 80, 81, 82, 83, 84, 85, 86, 102, 103, 104, 105, 106, 107, 108, 115, 126, 127, 250, 251, 466, 468, 667, 478, 479, 480, 481, 486, 487, 488, 489, 490, 500, 633, 634, 631, 630, 629, 628, 627, 620, 621, 623, 625, 626, 606, 598, 599, 604, 605, 789, 790, 799, 800, 801, 807, 811, 810, 811, 817, 812, 813, 814, 815, 1723, 1375, 1746, 1471, 1747, 1750, 1752, 1753, 1754, 1769, 1770, 1771, 1782, 1784, 1791, 1792, 1789, 1770, 1771, 1782, 1784, 1687, 1689, 1690, 1691, 1696, 1704, 1708, 1707, 1583, 1583, 1561, 1560, 1558, 1568, 1706, 1711, 1556, 1555, 1552","p51: cell continues on p52; trailing fragment ""1"" at page end is the start of a number completed on p52 (not included) | p52: 1789 joined across p51/p52"
bkt,150,महिगवॉ,abadi,,51,47,"807, 821, 930, 932, 933, 934, 935, 938, 91, 98, 100, 97, 94, 115, 117, 236, 232, 231, 230, 458, 459, 443, 442, 441, 447, 453, 452, 461, 804, 807, 1695, 1695, 1693, 1643, 1701, 819, 171708, 820, 816, 815, 1297, 1296, 1306, 1305, 1303, 1304, 1308",p51: 171708 as printed (verified at zoom; likely typo e.g. 1708)
bkt,151,मदारीपुर,link,,52,59,"677, 679, 680, 681, 682, 683, 684, 685, 686, 687, 688, 689, 690, 692, 694, 715, 716, 718, 719, 782, 783, 784, 785, 792, 93, 794, 996, 801, 804, 807, 919, 921, 923, 928, 929, 934, 935, 937, 938, 939, 945, 943, 961, 962, 965, 995, 997, 996, 1002, 1003, 1004, 1005, 1018, 1019, 1020, 1022, 1023, 1024, 1069",
bkt,151,मदारीपुर,abadi,,52,20,"771, 770, 766, 765, 816, 813, 812, 711, 797, 965, 792, 788, 789, 749, 774, 778, 782, 721, 724, 729",
bkt,152,मवई कलाँ,link,,52,25,"226, 227, 384, 342, 341, 340, 338, 339, 337, 312, 311, 310, 308, 309, 307, 305, 304, 423, 420, 419, 418, 402, 403, 395, 387",
bkt,152,मवई कलाँ,abadi,,52,24,"376, 375, 349, 356, 354, 332, 330, 334, 335, 347, 377, 373, 375, 350, 349, 360, 361, 362, 359, 356, 324, 345, 379, 378",
bkt,153,मुबारकपुर,link,,52 53 54,320,"3, 4, 5, 6, 7, 10, 18, 20, 24, 26, 56, 57, 63, 66, 67, 76, 90, 94, 96, 99, 103, 107, 109, 110, 113, 117, 118, 119, 128, 184, 185, 186, 206, 207, 208, 503, 505, 507, 508, 509, 510, 511, 234, 235, 236, 521, 528, 529, 531, 534, 536, 537, 540, 541, 542, 543, 545, 546, 551, 552, 634, 641, 694, 685, 623, 627, 632, 1, 8, 12, 13, 14, 22, 21, 19, 16, 26, 25, 28, 29, 32, 33, 31, 35, 37, 38, 46, 41, 43, 44, 47, 268, 104, 102, 398, 400, 410, 419, 103, 101, 94, 106, 88, 136, 137, 138, 385, 386, 389, 390, 391, 392, 396, 397, 399, 139, 140, 141, 145, 146, 147, 148, 375, 376, 377, 378, 379, 380, 429, 382, 383, 384, 155, 158, 160, 161, 162, 163, 164, 355, 356, 357, 399, 370, 371, 372, 373, 374, 167, 178, 177, 176, 173, 181, 180, 342, 343, 344, 345, 346, 351, 360, 363, 354, 367, 568, 569, 573, 562, 321, 322, 324, 325, 326, 338, 337, 340, 341, 210, 211, 220, 563, 558, 648, 232, 302, 303, 305, 306, 308, 310, 311, 312, 319, 320, 226, 227, 228, 229, 230, 690, 691, 692, 710, 709, 715, 717, 554, 420, 380, 367, 366, 365, 362, 347, 348, 349, 301, 689, 643, 642, 639, 631, 632, 687, 685, 684, 994, 675, 676, 678, 679, 681, 728, 128, 205, 127, 126, 124, 122, 121, 119, 118, 117, 193, 194, 195, 196, 197, 198, 203, 202, 200, 241, 242, 239, 216, 215, 214, 256, 259, 262, 261, 463, 505, 534, 722, 654, 293, 281, 280, 271, 278, 277, 275, 273, 272, 261, 463, 505, 534, 522, 523, 524, 527, 314, 297, 294, 317, 330, 333, 413, 417, 448, 447, 455, 464, 469, 470, 499, 498, 500, 545, 546, 551, 446, 487, 481, 480, 475, 447, 443, 431, 432, 433, 434, 436, 437, 428, 421",p52: cell continues on next page | p53: last token 126 printed split across pages ('1' on p53 + '26' on p54); cell continues on next page | p54: first printed '26' is tail of 126 recorded on p53
bkt,153,मुबारकपुर,abadi,,52,26,"62, 63, 64, 65, 66, 68, 70, 72, 51, 266, 56, 72, 73, 74, 117, 748, 746, 753, 752, 751, 749, 750, 747, 760, 759, 757",
bkt,154,मुहीउददीनपुर,nh,,54,11,"175, 174, 173, 172, 171, 170, 186, 185, 183, 182, 181",
bkt,154,मुहीउददीनपुर,link,,54,0,,p54: no numbers; cell text: — लखनऊ विकास प्राधिकरण में अधिग्रहित भूमि
bkt,154,मुहीउददीनपुर,abadi,,54,0,,p54: no numbers; cell text: ग्राम के लगभग समस्त गाटो के आस- पास आबादी विकसित है। वर्तमान मे ग्राम नगर निगम सीमा के अन्तर्गत आता है।
bkt,155,मुसपिपरी,link,,54 55,76,"795, 492, 491, 490, 488, 486, 485, 446, 445, 444, 439, 438, 435, 429, 428, 427, 330, 329, 328, 326, 249, 230, 224, 221, 220, 218, 217, 122, 121, 120, 118, 117, 100, 98, 97, 96, 95, 94, 93, 92, 91, 547, 552, 554, 565, 585, 586, 675, 677, 678, 679/1506, 679, 681, 686, 687, 688, 689, 691, 693, 695, 782, 784, 786, 801, 805, 813, 814, 811, 810, 808, 807, 806, 805, 506, 935, 934",p54: last token 586 printed split across pages ('58' on p54 + '6' on p55); cell continues on next page | p55: first printed '6' is tail of 586 recorded on p54
bkt,155,मुसपिपरी,abadi,,54,27,"720, 764, 724, 725, 726, 752, 750, 739, 756, 757, 761, 763, 759, 859, 876, 877, 879, 878, 857, 859, 826, 803, 799, 798, 796, 769, 426",
bkt,156,महोना,district,,55,17,"145, 134, 132, 133, 131, 130, 129, 121, 160, 156, 155, 154, 153, 152, 150, 147, 148",
bkt,156,महोना,link,,55,60,"35, 36, 38, 40, 41, 42, 43, 49, 51, 53, 54, 68, 69, 70, 81, 102, 103, 111, 112, 122, 125, 138, 420, 425, 423, 424, 440, 441, 446, 447, 449, 450, 451, 453, 454, 461, 462, 463, 464, 467, 503, 502, 501, 500, 505, 506, 507, 508, 511, 509, 400, 397, 404, 405, 406, 407, 408, 409, 410, 421",
bkt,156,महोना,abadi,,55,61,"48, 46, 47, 82, 83, 85, 88, 90, 92, 81, 99, 100, 139, 140, 141, 144, 146, 164, 166, 165, 168, 169, 170, 172, 173, 276, 277, 278, 279, 280, 303, 281, 282, 283, 284, 287, 288, 296, 291, 292, 374, 377, 411, 412, 419, 426, 431, 427, 428, 429, 430, 432, 433, 434, 439, 116, 117, 119, 110/651, 110, 44",
bkt,157,मामपुर बाना,nh,,55 56,140,"4/857, 5, 6, 9, 10, 30, 31, 50, 51, 52, 53, 55, 56, 57, 60, 61, 75, 76, 70, 77, 79, 211, 211/951, 229/950, 275, 274, 276, 272, 269, 268, 267, 266, 265, 262, 261, 257, 256, 253, 255, 254, 252, 377, 375, 451, 452, 450, 449, 448, 447, 441, 440, 439, 438, 735, 736, 736/955, 737, 738, 739, 740, 741, 742, 743, 744, 753, 754, 755, 757, 759, 760, 761, 3, 31, 32, 20/860, 34, 35, 36, 39, 40, 41, 42, 43, 44, 125, 126, 127, 128अ, 133, 138, 139, 140, 141, 143, 145, 147, 147/885, 149, 123, 9, 10, 30, 31, 61, 56, 75, 71, 68, 67, 214, 212, 259/590, 264, 268, 229/950, 209, 211, 368, 251, 252, 262, 260, 258, 376, 375, 452, 448, 447, 735, 736, 730, 739, 740, 741, 742, 743, 744, 753, 761, 758",p55: last token 754 printed split across pages ('7' on p55 + '54' on p56); cell continues on next page | p56: first printed '54' is tail of 754 recorded on p55
bkt,157,मामपुर बाना,link,,55 56,170,"161, 160, 163, 172, 173, 174, 175, 176, 110, 106, 105, 104, 101, 100, 57/863, 57, 56, 55, 187, 186, 296, 185, 297, 288, 289, 290, 292, 293, 294, 309, 300, 301, 305, 306, 308, 311, 368, 616, 618, 619, 642, 643, 644, 645/961, 646, 623, 624, 626, 627, 638, 622/919, 1, 5, 6, 9, 10, 30, 31, 4/857, 817, 818, 822, 913, 823, 812, 807, 825, 828/942, 664, 663, 662/922, 660/647, 586, 585, 582, 645, 507, 508, 516, 517/910, 517, 517/908, 535, 539/692, 565, 566, 568, 569, 570, 578, 581, 580, 817, 818, 822, 913, 823, 812, 809, 807, 825, 828/942, 718, 719, 720, 721, 722, 477, 480, 481, 715, 765, 762, 761, 760, 753, 754, 755, 756, 751/927, 750, 748, 114, 115, 116, 118, 157, 158, 156, 152, 151, 160, 161, 543, 356, 345, 363, 362, 565, 564, 552, 566, 568, 569, 570, 553, 554, 559, 560, 561, 614, 612, 582, 586, 712, 714, 499, 511, 490, 512, 522, 481, 715, 721, 720, 719, 706, 681, 718, 717","p55: printed '828,/942' (stray comma before slash) recorded as 828/942; last token 660/647 printed split across pages ('660' on p55 + '/647' on p56); cell continues on next page | p56: first printed '/647' is tail of 660/647 recorded on p55"
bkt,157,मामपुर बाना,abadi,,55 56,105,"179, 169, 168, 181, 182, 184, 192, 191, 600, 608, 609, 595, 591, 592, 654, 655, 656, 799, 795, 789, 791, 792, 748, 792/929, 779, 780, 766, 677, 676, 608, 681, 801, 803, 506, 505/896, 502, 504, 367, 363, 345, 338, 332, 327, 328, 320, 331, 316, 304, 303, 306, 311, 337/943, 339, 128, 130, 137, 138, 146, 53, 49, 105, 106, 110, 85, 84, 83, 93, 106/848, 92, 90, 81, 82, 178, 325, 326, 543, 544, 545, 551, 548, 552, 553, 554, 565, 559, 560, 561, 562, 612, 614, 609, 608, 581, 582, 583, 660, 648, 647, 634, 628, 625, 166, 667, 670, 828",p55: cell continues on next page
bkt,158,मंडौली,nh,,56,21,"51, 52, 53, 54, 55, 56, 57, 58, 60, 83, 84, 85, 86, 87, 88, 90, 126, 13, 31, 35, 144",
bkt,158,मंडौली,link,,56 57,104,"3, 60, 83, 84, 85, 86, 87, 88, 90, 129, 134, 135, 135/819, 135/808, 144, 138, 117, 141, 165, 166, 181, 183, 184, 185, 188, 202, 204, 206, 208, 209, 223, 224, 225, 234, 235, 236, 237, 242, 248, 250, 446, 442, 440, 430, 429, 428, 413, 412, 411, 410, 409, 401, 269, 270, 272, 283, 282, 309, 310, 313, 318, 317, 289, 288, 287, 286, 285, 292, 294, 297, 305, 398, 397, 393, 391, 383, 386, 387, 381, 380, 379, 377, 363, 362, 366, 367, 371, 559, 558, 557, 556, 555, 541, 540, 539, 538, 537, 535, 510, 509, 508, 507, 506, 505",p56: cell continues on next page
bkt,158,मंडौली,abadi,,56,50,"103, 104, 105, 106, 122, 131, 132, 118, 114, 113, 111, 108, 110, 208, 209, 210, 211, 212, 213, 219, 220, 224, 447, 449, 464, 465, 467, 468, 469, 479, 480, 483, 484, 444, 442, 443, 539, 542, 543, 546, 603, 604, 546, 554, 555, 363, 359, 360, 382, 384",
bkt,159,माधौपुर,nh,,57,17,"332, 64, 65, 50, 48, 46, 27, 26, 25, 424, 423, 422, 417, 418, 419, 420, 421",
bkt,159,माधौपुर,link,,57 58,126,"332, 305, 303, 291, 290, 284, 278, 340, 339, 338, 336, 343, 360, 361, 362, 367, 368, 369, 370, 371, 372, 375, 374, 403, 405, 408, 499, 502, 503, 476, 477, 475, 65, 124, 138, 200, 204, 205, 272, 306, 305, 332, 331, 330, 329, 328, 320, 317, 315, 308, 403, 402, 401, 400, 399, 398, 395, 394, 393, 384, 386, 387, 388, 389, 390, 376, 375, 98, 99, 80, 78, 140, 149, 150, 151, 140, 178, 179, 185, 187, 188, 189, 190, 191, 192, 193, 194, 195, 198, 199, 200, 138, 137, 136, 135, 134, 133, 132, 111, 230, 129, 128, 127, 126, 13, 14, 16, 17, 20, 21, 35, 37, 41, 36, 40, 42, 43, 44, 55, 57, 58, 60, 61, 62, 63, 64",p57: cell continues on next page
bkt,159,माधौपुर,abadi,,57,21,"409, 410, 94, 91, 93, 90, 76, 77, 83, 82, 99, 153, 154, 155, 160, 161, 162, 308, 314, 316, 332",
bkt,160,मोहम्मदपुर मजरा,link,,58 59,195,"114, 115, 116, 118, 122, 141, 142, 143, 144, 124, 128, 129, 131, 136, 139, 140, 138, 229, 236, 237, 240, 241, 242, 250, 254, 255, 256, 257, 221, 220, 219, 223, 508, 509, 510, 515, 548, 551, 555, 559, 562, 564, 525, 535, 536, 537, 538, 540, 545, 546, 588, 589, 590, 591, 592, 595, 594, 597, 600, 601, 602, 548, 549, 603, 576, 578, 572, 573, 501, 244, 245, 537, 514, 515, 250, 251, 252, 277, 469, 478, 479, 480, 482, 483, 484, 265, 261, 264, 267, 268, 273, 205, 206, 207, 208, 209, 86?, 84, 170, 60, 59, 58, 338, 336, 335, 334, 328, 325, 321, 319, 318, 316, 315, 437, 286, 287, 298, 300, 301, 305, 306, 308, 309, 310, 311, 312, 25, 26, 28, 30, 16, 18, 19, 20, 21, 24, 342, 343, 346, 347, 348, 350, 351, 352, 353, 354, 360, 361, 362, 365, 366, 368, 372, 373, 374, 375, 432, 431, 429, 440, 445, 446, 456, 458, 457, 474, 473, 472, 377, 391, 393, 394, 403, 404, 405, 406, 408, 409, 410, 416, 418, 423, 426, 427, 427/631, 427/632, 603, 604, 606, 607, 618, 623, 624, 627, 626",p58: digit unclear 86? (2nd glyph odd); last token 391 printed split across pages ('3' on p58 + '91' on p59); cell continues on next page | p59: first printed '91' is tail of 391 recorded on p58
bkt,160,मोहम्मदपुर मजरा,abadi,,58,0,,p58: no numbers; cell text: ग्राम के लगभग समस्त गाटो के आस- पास आबादी विकसित है। वर्तमान मे ग्राम नगर निगम सीमा के अन्तर्गत आता है।
bkt,161,मोहम्मदपुर सरैया,link,,59,43,"541, 540, 938, 334, 535, 620, 624, 628, 631, 362, 365, 366, 367, 368, 369, 371, 383, 414, 415, 416, 417, 418, 423, 426, 427, 525, 528, 344, 327, 326, 319, 273, 272, 271, 270, 269, 268, 17, 18, 19, 25, 30, 15",
bkt,161,मोहम्मदपुर सरैया,abadi,,59,34,"167, 173, 164, 165, 163, 159, 154, 158, 146, 153, 583, 592, 593, 594, 596, 597, 598, 588, 589, 586, 585, 584, 303, 330, 315, 314, 299, 343, 345, 347, 348, 338, 334, 333",
bkt,162,मोहम्मदपुर गढी,link,,59,47,"510, 511, 509, 508, 507, 506, 504, 505, 503, 502, 500, 501, 496, 499, 464, 484, 485, 486, 482, 483, 455, 481, 446, 447, 448, 449, 450, 451, 452, 458, 454, 445, 433, 426, 431, 432, 424, 423, 420, 419, 429, 427, 428, 430, 438, 439, 440",
bkt,162,मोहम्मदपुर गढी,abadi,,59,50,"241, 238, 213, 216, 260, 272, 273, 59, 233, 232, 234, 241, 239, 238, 254, 256, 259, 267, 271, 272, 270, 228, 235, 222, 223, 224, 221, 602, 597, 764, 763, 762, 769, 768, 677, 766, 761, 706, 705, 700, 618, 621, 622, 698, 711, 712, 716, 717, 660, 695",
bkt,163,मानपुर राजा,nh,,59,25,"147, 148, 149, 150, 152, 153, 155, 156, 157, 158, 159, 160, 161, 162, 163, 164, 165, 224, 225, 226, 227, 228, 275, 276, 278",
bkt,163,मानपुर राजा,link,,59,27,"231, 232, 233, 234, 235, 244, 245, 247, 248, 249, 251, 252, 254, 255, 256, 166, 167, 173, 174, 182, 183, 185, 202, 216, 217, 218, 219",
bkt,163,मानपुर राजा,abadi,,59,21,"274, 282, 283, 281, 285, 272, 237, 279, 280, 89, 111, 118, 119, 120, 121, 122, 130, 131, 132, 144, 145",
bkt,164,मानपुरलाला,nh,,59 60 61,152,"300मि, 351मि, 352मि, 350मि, 146मि, 409मि, 256मि, 425मि, 421मि, 325मि, 344मि, 341, 364मि, 123मि, 495, 299मि, 334मि, 386मि, 390, 298मि, 151मि, 420मि, 342मि, 576मि, 196, 116मि, 192मि, 195मि, 492, 494, 343मि, 391मि, 119, 295मि, 413मि, 347मि, 340, 412मि, 199मि, 333मि, 297मि, 335मि, 415मि, 349मि, 354मि, 453मि, 271मि, 201मि, 120, 327मि, 337, 429मि, 430मि, 513मि, 348मि, 287मि, 338मि, 332मि, 496मि, 490मि, 497मि, 198मि, 420, 421, 409, 415, 414, 413, 412, 386, 388, 389, 390, 391, 330, 391, 330, 332, 333, 334, 335, 337, 338, 327, 325, 367, 364, 340, 341, 342, 343, 344, 346, 347, 348, 349, 350, 351, 352, 354, 297, 298, 299, 300, 295, 288, 287, 256, 270, 271, 272, 201, 200, 199, 198, 196, 195, 192, 155, 156, 153, 151, 148, 146, 123, 122, 121, 120, 119, 117, 116, 580, 576, 513, 512, 497, 496, 495, 490, 494, 493, 491, 492, 453, 446, 445, 431, 430, 429, 427, 426, 425","p59: cell continues on next page | p60: 'मि.' printed with trailing dot, recorded as मि; last token 299 printed split across pages ('2' on p60 + '99' on p61); cell continues on next page | p61: first printed '99' is tail of 299 recorded on p60"
bkt,164,मानपुरलाला,link,,59 60,103,"896, 895, 883, 792, 891, 888, 887, 886, 785, 781, 780, 779, 778, 777, 774, 773, 767, 766, 765, 763, 754, 753, 750, 749, 748, 747, 666, 667, 668, 669, 670, 671, 672, 673, 664, 660, 649, 647, 647/990, 618, 625, 624, 623, 622, 621, 619, 615, 615/691, 614, 613, 612, 611, 610, 609, 608, 527, 521, 541, 522, 542, 546, 547, 549, 554, 555, 556, 557, 558, 559, 560, 576, 578, 589, 590, 600, 601, 602, 603, 596, 274, 283, 284, 285, 290, 292, 293, 294, 356, 357, 358, 359, 365, 371, 372, 376, 377, 378, 379, 380, 381, 418, 419, 420",p59: last token 887 printed split across pages ('8' on p59 + '87' on p60); cell continues on next page | p60: first printed '87' is tail of 887 recorded on p59
bkt,164,मानपुरलाला,abadi,,59 60,59,"13, 29, 31, 32, 14, 37, 38, 50, 42, 49, 48, 47, 46, 45, 35, 188, 190, 191, 192, 195, 206, 205, 208, 250, 264, 265, 266, 267, 212, 213, 215, 183, 182, 418, 417, 413, 414, 385, 386, 388, 333, 369, 372, 376, 378, 379, 8886, 887, 888, 754, 753, 761, 760, 756, 757, 738, 741, 745, 750","p59: last token 42 printed split across pages ('4' on p59 + '2' on p60); cell continues on next page | p60: first printed '2' is tail of 42 recorded on p59; '379,8' + '886' joins to 8886 as printed (possibly 886 with stray 8)"
bkt,165,मझोरिया,link,,61,44,"13, 14, 15, 17, 54, 55, 209, 212, 213, 214, 215, 216, 217, 240, 251, 242, 272, 271, 301, 304, 305, 306, 307, 308, 310, 331, 325, 334, 337, 299, 297, 295, 294, 283, 282, 207, 179, 177, 176, 57, 58, 11, 12, 7",
bkt,165,मझोरिया,abadi,,61,75,"399, 400, 408, 410, 443, 444, 446, 447, 453, 454, 457, 458, 523, 524, 464, 525, 526, 456, 455, 569, 577, 576, 575, 574, 450, 449, 448, 445, 446, 442, 440, 441, 439, 438, 435, 430, 429, 428, 426, 425, 420, 421, 422, 423, 424, 418, 419, 417, 409, 411, 412, 414, 415, 416, 407, 405, 406, 404, 403, 401, 389, 390, 391, 399, 397, 394, 395, 396, 462, 466, 418, 469, 470, 467, 495",
bkt,166,मिश्रपुर,link,,61 62,47,"570, 568, 562, 561, 574, 544, 543, 547, 516, 621, 522, 524, 525, 527, 529, 528, 501, 499, 494, 470, 467, 469, 466, 468, 465, 462, 461, 450, 449, 453, 454, 442, 44, 445, 446, 447, 459, 438, 434, 16, 402, 403, 405, 406, 419, 420, 421","p61: cell continues on next page (p62, outside this range); last token '4' is incomplete; 462 joined across p61/p62 | p62: first token 62 likely tail of a number split from previous page"
bkt,166,मिश्रपुर,abadi,,61 62,0,,p61: no numbers; cell text (continues on p62): ग्राम के लगभग समस्त गाटो के आस- पास आबादी विकसित है। वर्तमान मे ग्राम नगर ... | p62: cell text: निगम सीमा के अन्तर्गत आता है।
bkt,167,मिश्रीपुर,link,,62,125,"272, 273, 269, 270, 233, 236, 237, 235, 234, 231, 232, 230, 227, 228, 229, 226, 207, 206, 205, 204, 203, 202, 181, 180, 179, 172, 174, 173, 677, 678, 676, 681, 679, 542, 543, 541, 540, 539, 538, 537, 536, 535, 439, 438, 437, 436, 435, 434, 433, 430, 431, 432, 438, 437, 424, 425, 423, 422, 417, 429, 418, 420, 466, 465, 473, 472, 471, 470, 469, 478, 483, 484, 485, 486, 487, 488, 774, 775, 777, 778, 773, 779, 772, 771, 734, 733, 735, 737, 728, 725, 726, 723/796, 721, 722, 723, 720, 718, 719, 716, 717, 692, 691, 693, 690, 689, 685, 684, 683, 682, 406, 407, 404, 403, 415, 416, 414, 413, 412, 411, 331, 332, 333, 312, 311, 320",
bkt,167,मिश्रीपुर,abadi,,62,105,"224, 258, 322ख, 489ख, 490, 743, 224, 225, 226, 227, 229, 238, 239, 240, 242, 243, 245, 248, 249, 244, 246, 268, 267, 254, 255, 249, 250, 256, 255, 253, 252, 254, 260, 262, 261, 257, 258, 297, 259, 302, 301, 304, 399, 398, 306, 303, 305, 308, 322, 309, 310, 312, 311, 314, 317, 315, 318, 320, 321, 322, 355, 356, 354, 362, 358, 357, 359, 215, 214, 190, 189, 213, 219, 211, 210, 220, 221, 223, 208, 224, 230, 229, 228, 232, 231, 485, 489, 487, 488, 486, 484, 494, 493, 492, 491, 511, 495/797, 495, 496, 498, 497, 508, 510, 296, 269",
bkt,168,मिर्जापुर,link,,62 63,34,"244, 245, 248, 260, 315, 316, 305, 304, 386, 384, 381, 380, 379, 334, 333, 331, 332, 324, 323, 322, 335, 336, 341, 354, 355, 356, 359, 360, 375, 395, 393, 392, 391, 383",p62: cell continues on next page
bkt,168,मिर्जापुर,abadi,,62 63,0,,p62: cell text: ग्राम के लगभग समस्त गाटो के आस–पास आबादी विकसित है। | p63: cell text: वर्तमान मे ग्राम नगर निगम सीमा के अन्तर्गत आता है।
bkt,169,यकड़रिया कला,link,,63 64 65,284,"3799, 3790, 3785, 3782, 3781, 3780, 79, 3778, 31, 30, 3729, 3728, 25, 3724, 3720, 3718, 3714, 13, 12, 3710, 3709, 3608, 3687, 86, 3685, 3684, 3681, 79, 78, 3677, 76, 3654, 3653, 3649, 3644, 3617, 3616, 3614, 3609, 3603, 3602, 3601, 3599, 3598, 3596, 3595, 3594, 3592, 3591, 3590, 2866, 2868, 2870, 2879, 2873, 2874, 2875, 2887, 2888, 90, 91, 92, 2896, 2898, 16, 17, 2919, 20, 22, 24, 2925, 26, 27, 3585, 3586, 87, 81, 3524, 3511, 3463, 3459, 3408, 3406, 3357, 3355, 3676, 3674, 3673, 3672, 3671, 3667, 3657, 3650, 3648, 3647, 3646, 56, 3521, 3519, 3518, 3500, 3540, 3498, 97, 3496, 3482, 3481, 3546, 3109, 3110, 3111, 3097, 3180, 3147, 3141, 3140, 3139, 3166, 3089, 90, 3116, 3117, 3118, 13, 14, 2050, 2046, 2045, 2052, 2053, 2054, 2055, 2005, 2004, 2002, 2009, 2006, 1991, 1988, 1987, 1985, 1984, 1986, 1875, 1877, 1878, 1880, 1879, 1871, 1872, 1873, 1874, 1875, 1876, 1877, 1878, 1879, 1968, 1965, 1962, 1955, 1954, 1953, 1928, 1929, 1930, 1931, 1932, 1942, 1943, 726, 725, 724, 723, 722, 721, 720, 716, 715, 714, 711, 790, 712, 706, 714, 715, 728, 729, 333, 326, 770, 769, 785, 784, 787, 786, 788, 786, 790, 794, 796, 797, 799, 322, 319, 318, 317, 316, 318, 314, 313, 312, 768, 306, 810, 809, 814, 815, 816, 826, 828, 832, 840, 849, 843, 304, 302, 301, 290, 291, 292, 293, 747, 748, 749, 750, 751, 772, 773, 774, 775, 776, 777, 756, 755, 756, 758, 759, 760, 761, 762, 763, 764, 778, 956, 982, 983, 985, 986, 987, 988, 1060, 1679, 1678, 1677, 1675, 1674, 1669, 1668, 1107, 1110, 1111, 1112, 1113, 1666, 1665, 2732, 2562, 2721, 2720, 2576, 2575, 2574, 2573","p63: abbreviated tokens kept as printed (e.g. 79 after 3780); cell continues on next page (last token split); 2046 joined across p63/p64 | p64: first token 046 is tail of number split from previous page (2+046); separator after 832 printed as '.'; last token split, continues next page; 2576 joined across p64/p65 | p65: first token 76 is tail of number split from previous page (25+76)"
bkt,169,यकड़रिया कला,abadi,,63,19,"383, 384, 391, 402, 400, 366, 362, 349, 779, 700, 791, 742, 806, 1375, 1374, 1376, 1362, 1372, 1589",
bkt,170,रायपुर राजा,link,,65,93,"43, 41, 33, 32, 31, 30, 46, 17, 10, 7, 11, 12, 65, 69, 70, 71, 83, 84, 85, 87, 86, 88, 122, 125, 129, 130, 89, 90, 131, 170, 171, 270, 272, 273, 278, 281, 1060, 1061, 1062, 1063, 1103, 1104, 1101, 1111, 1112, 56, 1254, 1233, 1220, 1219, 1217, 1198, 1236, 1256, 1254, 1252, 1248, 1247/1314, 1247, 1246, 1244, 1117, 1122, 1124, 1145, 1149, 1150, 1175, 1176, 1177, 1178, 1179, 1181, 1180, 1182, 1227, 1183, 1229, 1230, 1233, 1256, 1257, 1294, 1295, 1297, 1298, 1300, 1301, 1302, 1303, 1304, 1305, 1306",
bkt,170,रायपुर राजा,abadi,,65,75,"1185, 1227, 1224, 1317, 1211, 1207, 1213, 1205, 1215, 1224, 1227, 1183, 934, 918, 913, 931, 885, 887, 911, 908, 937, 288, 1034, 1032, 1031, 305, 306, 1024, 1096, 992, 1093, 1071, 291, 281, 282, 998, 1012, 996, 311, 303, 418, 1022, 1000, 998, 992, 934, 918, 921, 931, 883, 882, 896, 904, 1046, 1051, 1049, 1075, 1090, 1091, 995, 996, 1055, 1069, 1058, 342, 306, 313, 308, 305, 304, 1025, 919, 885, 887, 906",
bkt,171,रायपुर बाबू,link,,65 81,94,"2, 210, 12, 16, 20, 31, 28, 25, 39, 40, 41, 42, 44, 45, 47, 47, 48, 49, 50, 64, 62, 61, 60, 59, 69, 70, 71, 72, 76, 75, 73, 54, 55, 92, 93, 86, 109, 105, 95, 139, 140, 143, 144, 149, 148, 306, 307, 308, 309, 301, 300, 298, 299, 324, 322, 331, 332, 333, 352, 351, 350, 340, 345, 342, 343, 348, 347, 358, 359, 360, 361, 362, 364, 382, 383, 271, 270, 282, 283, 265, 266, 267, 264, 260, 254, 251, 236, 237, 177, 178, 72, 73, 50, 44",p65: cell continues on next page | p81: page begins mid-village; serials jump from 133 (p80) to 172 on this page
bkt,171,रायपुर बाबू,abadi,,65,12,"180, 181, 182, 183, 194, 173, 159, 164, 168, 158, 166, 185",
bkt,172,रामपुर निस्फ,link,,81,38,"2, 7, 11, 163, 164, 166, 167, 168, 169, 174, 171, 175, 176, 80, 81, 82, 85, 86, 87, 88, 89, 91, 92, 100, 99, 98, 101, 102, 211, 212, 219, 220, 221, 222, 223, 231, 230, 228",
bkt,172,रामपुर निस्फ,abadi,,81,0,,p81: no numbers; text: ग्राम के लगभग समस्त गाटो के आस-पास आबादी विकसित है। वर्तमान मे ग्राम नगर निगम सीमा के अन्तर्गत आता है।
bkt,173,रामपुर देवरई,nh,,81,36,"20, 21, 22, 23, 24, 25, 26, 19, 18, 17, 16, 15, 14, 13, 12, 11, 49, 55, 54, 53, 52, 51, 50, 72, 73, 74, 75, 76, 77, 78, 79, 80, 81, 87, 88, 89",
bkt,173,रामपुर देवरई,district,,81,41,"553, 555, 564, 566, 565, 572, 573, 582, 591, 592, 599, 600, 601, 613, 616, 617618, 953/388, 709, 710, 728, 738, 734, 737, 729, 385, 384, 392, 391, 390, 399, 413, 411, 416, 417, 418, 448, 449, 507, 508, 510, 520",p81: '617618' printed without comma across line wrap (likely 617;618); printed '953 / 388' kept as one token
bkt,173,रामपुर देवरई,link,,81,52,"504, 501, 500, 499, 431, 432, 435, 620, 622, 623, 624, 642, 641, 639, 638, 635, 653, 654, 649, 651, 650, 648, 644, 647, 604, 603, 400, 401, 402, 413, 422, 339, 338, 421, 428, 431, 432, 433, 436, 589, 583, 582, 584, 586, 590, 596, 598, 662, 663, 664, 665, 669",
bkt,173,रामपुर देवरई,abadi,,81 82,112,"851, 800, 799, 780, 782, 783, 779, 825, 826, 827, 828, 829, 830, 831, 816, 817, 818, 819, 820, 821, 822, 825, 826, 827, 828, 813, 814, 811, 838, 837, 835, 833, 832, 834, 840, 841, 842, 843, 844, 845, 846, 847, 848, 849, 850, 851, 852, 853, 719, 689, 688, 237, 238, 239, 240, 241, 242, 244, 251, 306, 324, 325, 323, 322, 321, 326, 315, 318, 319, 320, 316, 333, 334, 475, 476, 477, 478, 479, 480, 481, 482, 483, 484, 485, 545, 547, 548, 549, 546, 550, 538, 539, 540, 541, 542, 662, 663, 664, 665, 666, 667, 668, 669, 670, 674, 675, 676, 677, 678, 679, 680, 681",p81: cell continues next page
bkt,174,रामपुर बेहड़ा,nh,,82,33,"366, 367, 368, 369, 370, 373, 374, 375, 379, 828, 829, 830, 839, 840, 841, 847, 848, 849, 850, 852, 853, 882, 883, 884, 885, 886, 887, 889, 890, 891, 893, 895, 896",
bkt,174,रामपुर बेहड़ा,link,,82,32,"261, 263, 253, 252, 260, 269, 273, 287, 288, 291, 293, 441, 384, 453, 455, 457, 456, 476, 507, 508, 509, 510, 525, 526, 527, 528, 529, 530, 535, 534, 532, 542",
bkt,174,रामपुर बेहड़ा,abadi,,82,10,"751, 750, 834, 835, 751, 790, 874, 823, 825, 830",
bkt,175,राजापुर सलेमपुर,link,,82,34,"589, 603, 602, 576, 574, 573, 461, 460, 459, 458, 429, 426, 421, 220, 226, 641, 622, 621, 620, 605, 257, 256, 255, 254, 253, 251, 245, 208, 209, 214, 167, 168, 176, 179",
bkt,175,राजापुर सलेमपुर,abadi,,82,48,"477, 475, 472, 471, 470, 469, 468, 569, 570, 563, 564, 449, 446, 447, 453, 451, 462, 454, 430, 433, 434, 435, 423, 419, 416, 417, 415, 444, 205, 206, 208, 211, 212, 181, 164, 163, 184, 202, 201, 203, 234, 237, 233, 188, 187, 190, 189, 198",
bkt,176,राजापुर इन्दौरा,nh,,82 83,66,"355, 362, 363, 364, 365, 369, 370, 371, 374, 366, 376, 378, 214, 212, 195, 194, 197, 200, 201, 202, 203, 204, 205, 206, 207, 208, 209, 210, 211, 213, 241, 343, 344, 345, 346, 347, 348, 349, 404, 393, 313, 314, 315, 326, 325, 324, 385, 384, 383, 372, 375, 368, 362, 354, 351, 352, 353, 357, 358, 359, 360, 361, 336, 335, 334, 333","p82: last number split across pages (""3""+""54""=354) recorded on p83 | p83: first number 354 joined from ""3"" at end of p82"
bkt,176,राजापुर इन्दौरा,link,,82,28,"303, 304, 305, 308, 309, 316, 311, 312, 306, 307, 263, 300, 281, 282, 284, 285, 286, 288, 297, 298, 299, 295, 292, 267, 266, 63, 65, 64",
bkt,176,राजापुर इन्दौरा,abadi,,82,26,"263, 126, 127, 129, 254, 253, 252, 250, 287, 249, 247, 332, 248, 330, 295, 296, 383, 379, 378, 376, 380, 120, 121, 125, 123, 126",
bkt,177,राजपुर,nh,,83,33,"160, 161, 166, 162, 163, 164, 142, 139, 138, 137, 133, 121, 116, 128, 104, 103, 248, 143, 115, 112, 113, 107, 106, 97, 98, 100, 117, 118, 119, 120, 102, 101, 100",
bkt,177,राजपुर,link,,83,41,"94, 95, 91, 90, 89, 88, 86, 46, 45, 44, 41, 40, 36, 35, 149, 115, 109, 107, 106, 97, 150, 143, 144, 145, 146, 142, 141, 135, 130, 201, 200, 164, 163, 162, 161, 160, 152, 203, 204, 157, 158",
bkt,177,राजपुर,abadi,,83,12,"233, 234, 235, 229, 225, 227, 228, 226, 348, 349, 350, 347",
bkt,178,रसूलपुर सादात,link,,83,27,"454, 456, 499, 500, 501, 505, 506, 519, 536, 537, 538, 540, 533, 545, 758, 712, 711, 717, 710, 685, 684, 600, 598, 597, 591, 589, 567",
bkt,178,रसूलपुर सादात,abadi,,83,0,,p83: abadi cell text (no numbers): ग्राम के लगभग समस्त गाटो के आस-पास आबादी विकसित है। वर्तमान मे ग्राम नगर निगम सीमा के अन्तर्गत आता है।
bkt,179,रसूलपुर कायस्थ,link,,83,30,"109, 280, 110, 96, 90, 112, 227, 272, 276, 275, 278, 280, 201, 200, 286, 287, 94, 106, 90, 89, 92, 87, 86, 85, 82, 280, 79, 78, 69, 67",
bkt,179,रसूलपुर कायस्थ,abadi,,83,0,,p83: abadi cell text (no numbers): ग्राम के लगभग समस्त गाटो के आस-पास आबादी विकसित है। वर्तमान मे ग्राम नगर निगम सीमा के अन्तर्गत आता है।
bkt,180,रजौली,link,,83 84 85,197,"1400, 1394, 1392, 1390, 1389, 1387, 1386, 1385, 1342, 1341, 1340, 1339, 1338, 1324, 1323, 1322, 1320, 1318, 1067, 1066, 1065, 1064, 1062, 1060, 1055, 1054, 1049, 1044, 1043, 1006, 1005, 1004, 1003, 995, 994, 987, 986, 973, 972, 971, 968, 967, 965, 964, 920, 934, 931, 930, 910, 909, 989, 936, 935, 934, 729, 728, 719, 717, 716, 700, 694, 693, 682, 679, 674, 672, 671, 665, 664, 645, 647, 650, 651, 652, 653, 654, 655, 175, 176, 177, 179, 185, 186, 187, 188, 189, 190, 191, 192, 193, 194, 204, 205, 210, 211, 212, 213, 214, 215, 216, 219, 220, 229, 233, 283, 285, 286, 642, 640, 621, 618, 576, 572, 571, 474, 472, 471, 466, 465, 464, 463, 369, 368, 367, 366, 365, 363, 361, 358, 344, 343, 354, 349, 338, 336, 334, 329, 286, 287, 288, 291, 301, 302, 303, 304, 305, 306, 307, 309, 311, 312, 313, 314, 315, 319, 320, 321, 322, 323, 324, 325, 59, 58, 57, 56, 55, 54, 53, 40, 342, 348, 350, 899, 898, 897, 896, 895, 893, 891, 890, 891, 890, 797, 759, 758, 757, 746, 744, 740, 738, 737, 695, 696, 697, 707, 692, 700","p84: serial 180 रजौली continued; last number split across pages (""7""+""00""=700) recorded on p85 | p85: number joined from ""7"" at end of p84 + ""00"" (serial 180 रजौली)"
bkt,180,रजौली,abadi,,83,23,"813, 812, 809, 808, 806, 805, 1111, 1110, 1102, 1104, 1098, 1094, 1226, 1293, 1297, 1089, 1090, 817, 825, 827, 640, 621, 403",
bkt,181,रैथा,nh,,85,30,"1244, 1247, 1248, 1249, 1236, 1237, 1205, 1234, 1233, 1299, 1211, 1303, 1212, 1213, 1226, 1227, 1327, 1329, 1330, 1331, 1322, 1325, 1333, 1335, 1334, 1328, 1305, 1228, 1229, 1235",
bkt,181,रैथा,district,,85,26,"1104, 1102, 1106, 1107, 1055, 1056, 1054, 1049, 1048, 1111, 1047, 1046, 1147, 1149, 1144, 1143, 1150, 1415, 1151, 1400, 1401, 1417, 1418, 1419, 1420, 1303",
bkt,181,रैथा,link,,85 86 87,436,"34, 36, 37, 32, 30, 46, 44, 97, 98, 84, 93, 99, 106, 105, 102, 104, 107, 108, 40, 122, 127, 120, 177, 178, 181, 180, 172, 190, 189, 184, 185, 187, 206, 207, 208, 209, 213, 212, 218, 239, 241, 242, 243, 313, 312, 306, 303, 304, 307, 302, 301, 300, 288, 290, 244, 291, 292, 293, 298, 426, 427, 429, 430, 431, 432, 434, 420, 435, 419, 418, 438, 454, 451, 452, 448, 441, 504, 506, 471, 508, 509, 510, 511, 497, 499, 568, 412, 570, 411, 572, 404, 405, 424, 425, 325, 314, 315, 318, 317, 6, 7, 8, 9, 10, 351, 352, 353, 355, 656, 648, 647, 646, 604, 609, 611, 612, 613, 615, 620, 609, 627, 626, 624, 639, 640, 644, 680, 679, 678, 675, 674, 671, 670, 658, 659, 660, 661, 662, 666, 668, 705, 704, 703, 699, 698, 697, 696, 673, 677, 69, 643, 642, 681, 689, 688, 687, 684, 637, 636, 635, 771, 767, 768, 786, 692, 694, 700, 701, 706, 708, 710, 713, 718, 717, 720, 721, 722, 723, 724, 738, 739, 740, 750, 751, 764, 765, 767, 725, 727, 728, 735, 734, 733, 730, 822, 736, 741, 742, 743, 744, 745, 747, 804, 754, 756, 757, 763, 734, 760, 761, 750, 758, 801, 802, 803, 805, 806, 807, 731, 733, 821, 620, 619, 811, 897, 896, 761, 788, 783, 782, 705, 1008, 1025, 1024, 1015, 1023, 997, 996, 995, 968, 969, 972, 1001, 1000, 999, 982, 827, 828, 829, 818, 817, 858, 860, 861, 865, 864, 812, 832, 831, 856, 855, 884, 886, 858, 888, 1071, 883, 1173, 878, 1174, 1175, 1176, 1185, 1186, 1187, 1191, 1192, 1193, 1194, 1201, 1202, 1203, 1204, 1207, 1208, 1216, 1245, 1243, 1238, 1237, 1236, 1205, 1248, 1249, 1250, 1234, 1229, 1258, 1250, 1256, 1255, 1254, 1253, 1252, 1260, 1262, 1263, 1268, 1269, 1275, 1278, 1276, 1274, 1201, 1282, 1285, 1283, 1286, 1287, 1288, 1289, 1291, 1293, 1290, 1295, 1296, 1298, 1299, 1300, 1297, 1318, 1317, 1319, 1323, 1322, 1321, 1311, 1309, 1308, 1328, 1327, 1326, 1325, 1329, 1330, 1331, 1332, 1333, 1334, 1335, 1336, 1226, 1225, 1340, 1224, 1223, 1222, 1366, 1220, 1349, 1348, 1170, 911, 891, 892, 889, 1163, 1162, 1161, 893, 845, 846, 844, 841, 840, 827, 794, 795, 933, 934, 897, 1038, 1037, 1040, 896, 1160, 1159, 1156, 1041, 1154, 1153, 1149, 1094, 1095, 1096, 1118, 1130, 1119, 1097, 1130, 1129, 1116, 1133, 114, 1113, 1421, 1433, 1439, 1434, 1421, 1419, 1426, 1104, 1106, 1107, 1111, 1143, 1417, 1418, 1419, 1400, 1401, 1151, 1415, 1150, 1149, 1146, 1147, 1146, 1047, 1048, 1049, 1052, 1053, 1054, 1057","p85: printed ""8,,9"" (double comma); ""69"" printed as-is; last number split across pages (""71""+next) recorded on p86 | p86: serial 181 रैथा continued; first number 713 joined from ""71"" at end of p85; printed ""12031204"" (missing comma) split as 1203;1204 | p87: serial 181 रैथा continued; ""114"" printed as-is (11+4 across line; maybe 1114)"
bkt,181,रैथा,abadi,,85,45,"1024, 108, 958, 963, 964, 966, 967, 968, 997, 996, 995, 994, 993, 983, 981, 1078, 1079, 1077, 1076, 1173, 1174, 1175, 511, 512, 513, 499, 497, 501, 506, 504, 705, 956, 1071, 1070, 1065, 1101, 1062, 1063, 1058, 1032, 875, 876, 872, 868, 870",
bkt,182,रेवामऊ,link,,87,6,"179, 180, 181, 170, 4, 46",
bkt,182,रेवामऊ,abadi,,87,9,"241, 243, 222, 221, 246, 250, 282, 267, 260",
bkt,183,रूदही,nh,,87,10,"242, 246, 247, 249, 229, 186, 181, 248, 244, 245",
bkt,183,रूदही,link,,87 90,63,"135, 137, 134, 139, 140, 141, 142, 143, 144, 145, 146, 149, 150, 151, 153, 155, 156, 164, 163, 161, 173, 174, 166, 167, 168, 169, 170, 171, 353, 352, 351, 350, 342, 341, 364, 362, 361, 360, 359, 358, 357, 372, 374, 375, 376, 378, 379, 380, 187, 188, 189, 190, 193, 219, 218, 216, 211, 210, 213, 214, 203, 201, 202",p87: continues on next page | p90: serial 183 रूदही continued
bkt,183,रूदही,abadi,,87 90,171,"249, 250, 251, 255, 256, 258, 243, 242, 353, 352, 161, 173, 174, 175, 176, 177, 178, 179, 180, 181, 182, 183, 184, 185, 186, 166, 167, 170, 171, 164, 165, 156, 155, 153, 144, 146, 151, 150, 149, 139, 140, 141, 142, 138, 135, 137, 270, 271, 272, 273, 274, 275, 276, 277, 278, 279, 280, 203, 204, 205, 206, 207, 208, 209, 210, 211, 212, 213, 214, 215, 216, 217, 218, 219, 220, 315, 316, 317, 318, 319, 320, 321, 322, 323, 324, 325, 326, 327, 328, 329, 330, 331, 332, 333, 334, 335, 336, 337, 338, 339, 340, 283, 282, 284, 285, 286, 287, 288, 289, 290, 291, 292, 293, 294, 295, 296, 297, 298, 299, 300, 281, 300, 301, 302, 303, 304, 305, 306, 307, 308, 309, 310, 311, 312, 313, 314, 339, 340, 341, 342, 343, 344, 345, 346, 347, 348, 349, 350, 250, 267, 268, 269, 270, 244, 245, 246, 247, 248, 249, 250, 251, 252, 253, 273, 268, 267, 265, 264, 263, 262, 261",p87: continues on next page | p90: serial 183 रूदही continued
bkt,184,लोधौली,link,,90 91,16,"149, 133, 132, 131, 130, 124, 122, 248, 249, 252, 253, 263, 274, 275, 276, 277","p90: last number split across pages (""1""+""22""=122) recorded on p91 | p91: serial 184 लोधौली continued; first number 122 joined from ""1"" at end of p90"
bkt,184,लोधौली,abadi,,90 91,24,"232, 234, 235, 236, 237, 239, 240, 248, 267, 272, 287, 211, 212, 215, 217, 218, 220, 222, 223, 224, 225, 227, 228, 126",p90: continues on next page | p91: serial 184 लोधौली continued
bkt,185,लालपुर,link,,91,15,"18, 20, 41, 44, 45, 98, 92, 132, 189, 191, 196, 199, 212, 214, 215",
bkt,185,लालपुर,abadi,,91,15,"117, 116, 122, 121, 128, 130, 131, 134, 179, 178, 162, 151, 147, 145, 143",
bkt,186,लक्ष्मीपुर,link,,91,19,"93, 77, 76, 75, 74, 73, 67, 68, 65, 114, 110, 109, 108, 107, 106, 105, 104, 65, 97",
bkt,186,लक्ष्मीपुर,abadi,,91,6,"93, 78, 70, 72, 73, 75",
bkt,187,सरैया,link,,91 92,148,"6, 39, 42, 43, 3, 4, 5, 41, 47, 49, 50, 37, 10, 35, 24, 29, 27, 60, 63, 57, 50, 52, 53, 54, 55, 65, 67, 68, 69, 72, 74, 81, 79, 84, 85, 149, 150, 147, 148, 152, 153, 154, 151, 155, 185, 157, 186, 191, 192, 195, 196, 197, 147/98, 143, 114, 103, 102, 113, 110, 109, 108, 119, 117, 118, 121, 122, 124, 118/366, 136/267, 136, 125, 128, 129, 130, 131, 132, 133, 138, 137, 139, 232, 233, 236, 256, 255, 199, 200, 210, 211, 212, 201, 233, 234, 235, 238, 239, 240, 241, 242, 202, 204, 194, 183, 190, 189, 188, 176, 181, 182, 209, 207, 208, 272, 273, 274, 275, 276, 277, 316, 319, 310, 321, 322, 320, 329, 330, 339, 330, 337, 332, 217, 216, 218, 215, 220/363, 220, 221, 222, 223, 224, 225, 227, 264, 263, 265, 260, 259, 258","p91: last number split across pages (""3""+next) recorded on p92 | p92: serial 187 सरैया continued; first number 321 joined from ""3"" at end of p91"
bkt,187,सरैया,abadi,,91,15,"83, 86, 87, 88, 89, 90, 92, 95, 98, 76, 78, 81, 97, 77, 94",
bkt,188,सरसवा,link,,92,22,"488, 487, 486, 435, 433, 431, 404, 356, 341, 502, 503, 505, 523, 529, 532, 534, 535, 558, 565, 566, 598, 602",
bkt,188,सरसवा,abadi,,92,25,"179, 202, 288, 279, 274, 217, 446, 315, 322, 323, 305, 396, 410, 413, 414, 168, 169, 213, 217, 279, 287, 313, 309, 308, 411",
bkt,189,सादामऊ,link,,92,8,"60, 64, 65, 66, 67, 246, 247, 257",
bkt,189,सादामऊ,abadi,,92,20,"242, 243, 244, 248, 256, 258, 272, 249, 247, 246, 64, 65, 66, 67, 86, 240, 234, 254, 255, 60",
bkt,190,सराय उसरना,link,,92,6,"28, 26, 30, 31, 34, 33",
bkt,190,सराय उसरना,abadi,,92,21,"203, 204, 206, 207, 208, 213, 212, 214, 224, 222, 220, 221, 215, 211, 217, 183, 184, 185, 201, 209, 210",
bkt,191,सरायदामू,link,,92,28,"339, 336, 327, 326, 324, 314, 313, 312, 301, 300, 299, 287, 288, 289, 290, 291, 292, 293, 258, 257, 259, 286, 285, 260, 261, 253, 251, 250",
bkt,191,सरायदामू,abadi,,92,36,"399, 262, 263, 264, 265, 266, 269, 267, 268, 271, 270, 272, 273, 274, 372, 373, 374, 397, 398, 394, 393, 416, 417, 412, 411, 408, 245, 244, 242, 246, 247, 248, 249, 230, 250, 251",
bkt,192,सैरपुर,link,,92 93,66,"265, 266, 285, 286, 287, 290, 291, 297, 299, 301, 325, 326, 330, 331, 332, 383, 284, 280, 278, 269, 299, 283, 70, 71, 74, 73, 77, 78, 110, 105, 104, 266, 262, 274, 375, 281, 235, 336, 338, 284, 244, 225, 259, 260, 255, 256, 257, 258, 113, 118, 122, 380, 382, 384, 387, 392, 378, 377, 370, 367, 366, 199, 196, 197, 194, 193",p93: serial 192 सैरपुर continued
bkt,192,सैरपुर,abadi,,92,13,"180, 171, 172, 170, 168, 159, 142, 143, 164, 9, 17, 16, 8",
bkt,193,सैदापुर,link,,93,69,"1, 2, 3, 4, 7, 10, 11, 13, 14, 17, 18, 19, 21, 23, 28, 29, 30, 33, 34, 36, 37, 38, 39, 42, 44, 50, 54, 55, 56, 64, 66, 83, 82, 80, 70, 67, 72, 73, 74, 75, 919, 90, 89, 87, 86, 88, 93, 126, 129, 325, 324, 323, 338, 339, 340, 328, 198, 203, 210, 207, 206, 205, 204, 197, 172, 292, 155, 156, 168","p93: ""919"" printed as-is (odd in sequence)"
bkt,193,सैदापुर,abadi,,93,13,"118, 120, 121, 112, 102, 173, 179, 200, 117, 96, 19, 109, 124",
bkt,194,सरावॉं,link,,93,34,"476, 468, 467, 462, 460, 438, 437, 418, 421, 410, 396, 397, 392, 388, 380, 367, 368, 365, 361, 358, 356, 333, 330, 321, 318, 317, 302, 68, 67, 62, 61, 16, 14, 12",
bkt,194,सरावॉं,abadi,,93,21,"442, 447, 635, 611, 447, 429, 428, 427, 430, 424, 420, 421, 408, 642, 635, 614, 163, 153, 164, 149, 146",
bkt,195,सैदपुर जागीर,link,,93 94,61,"16, 18, 21, 31, 33, 41, 42, 47, 49, 50, 133, 126, 124, 123, 122, 121, 120, 113, 110, 108, 90, 87, 86, 238, 237, 236, 231, 229, 228, 227, 220, 218, 162, 160, 146, 137, 136, 223, 224, 200/285, 200, 190, 189, 188, 188/292, 271, 270, 269, 267, 265, 254, 226, 239, 242, 243, 261, 262, 275, 277, 278, 240","p93: last number ""13"" cut at page end, continues on p94; 137 joined across p93/p94 | p94: first token 7 is tail of a number wrapped from previous page"
bkt,195,सैदपुर जागीर,abadi,,93 94,0,,p93: abadi cell text (no numbers): ग्राम के लगभग समस्त गाटो के आस-पास आबादी विकसित है। वर्तमान मे ग्राम नगर निगम सीमा के अन्तर्गत ... (continues on p94) | p94: cell text only: आता है। (end of sentence continued from previous page)
bkt,196,सरकपुर,link,,94 95,188,"2, 3, 4, 6, 7, 8, 91, 10, 11, 12, 16, 18, 19, 20, 22, 23, 27, 29, 31, 34, 36, 37, 38, 39, 40, 41, 43, 44, 45, 46, 47, 48, 51, 52, 54, 55, 57, 58, 59, 62, 63, 64, 65, 67, 68, 69, 71, 72, 76, 77, 78, 82, 83, 84, 85, 86, 87, 90, 91, 92, 94, 99, 100, 101, 102, 103, 105, 106, 107, 108, 109, 111, 113, 114, 116, 117, 118, 119, 120, 122, 125, 126, 127, 136, 137, 139, 141, 142, 144, 145, 147, 148, 149, 152, 179, 180, 181, 182, 183, 186, 193, 194, 197, 199, 202, 203, 204, 205, 214, 216, 208, 209, 210, 211, 212, 217, 223, 224, 225, 226, 227, 220, 230, 231, 232, 233, 235, 236, 248, 239, 241, 243, 244, 245, 246, 248, 263, 264, 265, 270, 272, 273, 274, 275, 276, 277, 278, 279, 262, 284, 285, 286, 287, 288, 290, 291, 292, 293, 294, 296, 297, 298, 299, 300, 302, 305, 306, 307, 309, 312, 314, 315, 318, 320, 321, 322, 323, 324, 325, 326, 327, 328, 329, 330, 331, 332, 336, 337",p94: last token 2 wraps onto next page (joined with first digits of p95); 91 printed after 8 (as printed); 296 joined across p94/p95 | p95: first token 96 is tail of number wrapped from p94 (2+96 = 296); village 196 सरकपुर continued
bkt,196,सरकपुर,abadi,,94,21,"155, 154, 210, 209, 177, 170, 179, 165, 166, 164, 159, 158, 157, 134, 160, 161, 163, 167, 171, 172, 176",
bkt,197,सआदतनगर,link,,95,71,"293, 300, 299, 298, 297, 296, 295, 322, 324, 325, 338, 354, 356, 292, 257, 256, 255, 220, 221, 222, 253, 252, 251, 248, 228, 72, 79, 80, 81, 82, 83, 87, 88, 91, 92, 93, 94, 196, 197, 207, 246, 247, 161, 159, 154, 139, 137, 136, 135, 111, 109, 16, 62, 61, 60, 56, 53, 52, 39, 40, 33, 34, 35, 37, 43, 46, 49, 174, 179, 188, 190",
bkt,197,सआदतनगर,abadi,,95,23,"108, 139, 143, 144, 146, 147, 160, 166, 167, 165, 164, 171, 190, 192, 194, 193, 195, 94, 93, 92, 98, 103, 105",
bkt,198,सरौरा,link,,95 96 97,369,"6, 5, 4, 3, 16, 15, 17, 21, 39, 333, 334, 335, 702, 705, 704, 740, 739, 715, 336, 337, 349, 356, 360, 351, 353, 354, 356, 731, 740, 739, 741, 748, 600, 357, 352, 418, 416, 338, 339, 340, 341, 342, 648, 755, 754, 761, 762, 11, 324, 325, 422, 87, 28, 29, 30, 31, 32, 764, 765, 766, 767, 768, 769, 33, 37, 42, 43, 78, 77, 76, 51, 50, 49, 83, 770, 771, 773, 775, 776, 89, 88, 90, 92, 94, 132, 131, 134, 299, 303, 777, 778, 799, 782, 781, 307, 308, 288, 286, 281, 280, 268, 278, 783, 785, 779, 678, 679, 277, 276, 290, 305, 297, 296, 265, 264, 684, 686, 687, 748, 749, 280, 111, 110, 109, 108, 107, 106, 61, 251, 250, 750, 751, 752, 753, 754, 498, 464, 500, 527, 528, 531, 532, 533, 755, 746, 386, 657, 653, 525, 581, 582, 583, 584, 585, 586, 587, 393, 403, 402, 404, 406, 405, 588, 590, 631, 622, 621, 613, 614, 615, 620, 644, 648, 650, 651, 478, 618, 601, 596, 804, 807, 838, 841, 842, 618, 479, 642, 644, 720, 640, 849, 597, 916, 817, 918, 909, 910, 911, 912, 633, 720, 721, 722, 723, 724, 915, 916, 917, 570, 906, 907, 908, 909, 910, 725, 726, 730, 758, 759, 925, 927, 933, 934, 937, 928, 931, 932, 957, 773, 776, 624, 625, 626, 958, 964, 983, 894, 904, 897, 896, 895, 899, 891, 890, 888, 887, 886, 885, 884, 883, 882, 987, 9001, 1003, 1002, 999, 997, 995, 994, 993, 992, 836, 837, 838, 835, 834, 868, 831, 832, 1005, 1006, 1018, 1013, 1013, 1015, 1045, 1047, 1046, 1086, 1085, 1081, 1082, 1083, 1100, 1092, 1089, 1099, 1098, 1095, 1094, 1096, 1097, 1093, 1091, 1025, 1026, 1027, 1028, 1029, 1030, 1031, 1032, 1037, 1042, 1041, 1040, 1043, 1126, 1127, 1128, 1129, 1130, 1131, 1132, 1133, 1134, 1135, 1136, 1137, 1138, 1145, 1144, 1140, 1141, 1143, 980, 981, 982, 983, 984, 985, 956, 957, 958, 959, 1163, 1164, 1165, 1166, 1167, 1168, 1169, 1170, 1171, 1176, 1178, 1184, 1180, 1181, 1191, 1186, 1185, 1184, 1182, 1193, 1194, 1118, 1117, 1115, 1114, 1112, 1113, 1109, 1108, 1102, 1103, 1104, 1105, 1106",p95: last token 1 wraps onto p96; 134 joined across p95/p96 | p96: first token 34 is tail of number wrapped from p95 (1+34 = 134); village 198 सरौरा continued; 9001 as printed (possibly 1001) | p97: village 198 सरौरा continued; 1013 printed twice
bkt,198,सरौरा,abadi,,95,49,"324, 325, 345, 44, 49, 54, 55, 85, 311, 315, 313, 314, 300, 132, 131, 134, 136, 137, 138, 149, 146, 147, 130, 128, 769, 762, 794, 789, 799, 778, 869, 831, 870, 880, 998, 1002, 1005, 250, 249, 251, 235, 237, 241, 242, 247, 246, 543, 544, 545",
bkt,199,सुल्तानपुर,link,,97,0,,p97: remark: चकबन्दी (cell reads chakbandi/consolidation; no khasra listed)
bkt,200,सुवंशीपुर,link,,97 98,71,"15, 16, 24, 37, 39, 40, 41, 42, 44, 69, 14, 11, 403, 416, 417, 425, 429, 430, 431, 432, 433, 401, 402, 398, 397, 399, 386, 404, 414, 277, 278, 281, 109, 276, 273, 272, 275, 270, 264, 263, 262, 287, 288, 286, 281, 278, 263, 277, 314, 315, 316, 317, 318, 82, 81, 74, 85, 294, 295, 296, 297, 312, 13, 274, 275, 276, 287, 288, 293, 294, 295",p98: village 200 सुवंशीपुर continued
bkt,200,सुवंशीपुर,abadi,,97 98,44,"133, 134, 131, 120, 119, 110, 108, 100, 98, 99, 92, 93, 94, 95, 96, 102, 101, 73, 90, 85, 98, 381, 377, 371, 370, 401, 378, 391, 304, 336, 338, 6, 2, 3, 7, 4, 7, 318, 11, 14, 12, 97, 137, 337",p97: last token 3 wraps onto p98; 98 printed twice; 391 joined across p97/p98 | p98: first token 91 is tail of number wrapped from p97 (3+91 = 391); village 200 सुवंशीपुर continued
bkt,201,सुभाननगर अरिगवॉ,link,,98,92,"386, 387, 388, 392, 393, 465, 466, 467, 501, 502, 512, 513, 514, 515, 516, 522, 523, 527, 528, 529, 7, 3, 5, 9, 13, 15, 16, 17, 18, 19, 57, 19, 24, 54, 49, 59, 60, 61, 62, 63, 64, 66, 67, 68, 69, 132, 59, 128, 129, 130, 131, 116, 117, 118, 133, 140, 143, 174, 173, 36, 37, 175, 43, 265, 267, 268, 269, 270, 292, 263, 463, 453, 454, 458, 459, 460, 470, 471, 472, 473, 474, 475, 476, 477, 478, 479, 480, 393, 462, 468, 465, 464",
bkt,201,सुभाननगर अरिगवॉ,abadi,,98,18,"170, 143, 49, 263, 340, 339, 348, 343, 347, 341, 443, 444, 440, 442, 480, 489, 451, 450",
bkt,202,साधूपुर,link,,98 99,227,"5, 10, 11, 12, 13, 15, 16, 14, 19, 20, 25, 26, 28, 30, 31, 32, 36, 34, 35, 38, 39, 40, 41, 43, 44, 45, 46, 47, 48, 51, 52, 55, 56, 57, 58, 59, 60, 61, 62, 65, 66, 67, 68, 69, 71, 75, 76, 78, 79, 82, 83, 84, 85, 86, 88, 90, 91, 92, 93, 94, 96, 97, 98, 99, 100, 103, 104, 108, 110, 112, 113, 114, 117, 118, 121, 123, 124, 125, 127, 128, 129, 131, 132, 134, 135, 136, 137, 138, 139, 141, 142, 143, 144, 145, 147, 148, 149, 150, 152, 154, 155, 157, 158, 161, 163, 171, 172, 174, 175, 176, 179, 180, 181, 182, 186, 187, 188, 189, 191, 192, 193, 194, 195, 196, 197, 198, 199, 200, 201, 202, 203, 204, 205, 206, 207, 208, 209, 210, 211, 212, 213, 214, 215, 216, 217, 218, 219, 220, 221, 222, 223, 224, 225, 226, 228, 229, 230, 231, 233, 234, 235, 237, 239, 240, 241, 243, 244, 246, 247, 248, 250, 251, 252, 254, 255, 256, 257, 259, 262, 263, 264, 265, 266, 267, 269, 271, 272, 273, 276, 278, 279, 280, 281, 285, 286, 287, 288, 289, 290, 291, 292, 293, 294, 295, 296, 297, 298, 307, 308, 310, 311, 312, 315, 317, 318, 320, 321, 324, 325, 328, 329, 331, 332, 335, 336, 337, 339",p98: last token 9 wraps onto p99; 99 joined across p98/p99 | p99: first token 9 is tail of number wrapped from p98 (9+9 = 99); village 202 साधूपुर continued
bkt,202,साधूपुर,abadi,,98,23,"331, 330, 333, 325, 324, 326, 332, 318, 321, 336, 337, 341, 328, 317, 315, 312, 311, 310, 303, 304, 305, 307, 308",
bkt,203,सोनवा,link,,99 100,75,"464, 463, 462, 461, 466, 467, 468, 451, 446, 444, 445, 443, 435, 430, 440, 711, 710, 709, 708, 706, 705, 703, 704, 702, 701, 502, 497, 499, 496, 495, 494, 493, 501, 487, 482, 486, 475, 54, 28, 26, 25, 27, 24, 23, 22, 20, 19, 18, 17, 5, 9, 8, 194, 195, 193, 192, 191, 190, 78, 77, 71, 70, 57, 58, 66, 65, 81, 82, 90, 91, 61, 62, 63, 123, 152",p99: last token 4 wraps onto p100; 468 joined across p99/p100 | p100: first token 68 is tail of number wrapped from p99 (4+68 = 468); village 203 सोनवा continued
bkt,203,सोनवा,abadi,,99 100,51,"377, 380, 427, 469, 470, 471, 490, 491, 492, 494, 501ख, 568, 573, 545, 567, 482, 481, 475, 559, 561, 562, 566, 571, 358, 364, 368, 371, 379, 378, 376, 384, 398, 399, 401, 405, 403, 402, 424, 425, 434, 432, 431, 407, 440, 406, 408, 416, 414, 415, 418, 436",p100: village 203 सोनवा continued
bkt,204,साढामऊ,nh,,100,15,"128, 282, 284, 288, 289, 290, 291, 292, 394, 396, 397, 398, 409, 408, 406",
bkt,204,साढामऊ,link,,100,33,"154, 280, 279, 277, 130, 148, 144, 143, 291, 290, 287, 281, 280, 130, 150, 112, 120, 124, 121, 113, 408, 298, 297, 396, 30, 31, 201, 198, 32, 76, 77, 177, 176",
bkt,204,साढामऊ,abadi,,100,30,"166, 303, 301, 299, 275, 138, 139, 140, 156, 153, 304, 90, 92, 114, 279, 24, 25, 249, 247, 172, 240, 244, 263, 268, 269, 273, 275, 143, 141, 142",
bkt,205,सीवॉ,link,,100,77,"1, 5, 15, 16, 130, 131, 125, 112, 111, 110, 109, 108, 105, 94, 93, 92, 89, 88, 86, 87, 63, 64, 62, 61, 44, 43, 26, 25, 24, 23, 133, 139, 158, 159, 171, 172, 173, 174, 175, 187, 189/383, 189, 192, 193, 210, 209, 212, 213, 217, 218, 219, 220, 193, 194, 198, 197, 330, 331, 332, 335, 336, 337, 357, 358, 359, 373, 374, 376, 333, 325, 324, 323, 284, 283, 282, 281, 280",
bkt,205,सीवॉ,abadi,,100,20,"12, 14, 5, 16, 21, 29, 30, 212, 214, 213, 209, 208, 207, 206, 194, 198, 201, 202, 204, 302",
bkt,206,सिहांमऊ,link,,101,63,"4, 5, 6, 7, 22, 23, 24, 25, 27, 29, 30, 220, 221, 222, 215, 226, 228, 215, 216, 217, 218, 219, 264, 263, 262, 280, 281, 278, 546, 547, 554, 558, 559, 560, 716, 717, 721, 723, 724, 448, 451, 452, 457, 458, 450, 463, 464, 465, 543, 529, 542, 541, 540, 544, 521, 520, 518, 516, 515, 513, 288, 287, 286",
bkt,206,सिहांमऊ,abadi,,101,39,"191, 193, 194, 197, 201, 210, 216, 215, 214, 213, 206, 207, 196, 183, 184, 180, 303, 308, 309, 311, 299, 286, 263, 260, 259, 252, 251, 250, 249, 248, 256, 254, 247, 226, 262, 290, 295, 287, 288",
bkt,207,सिंहपुर,link,,101,32,"94, 95, 96, 97, 98, 113, 115, 116, 117, 118, 155, 156, 147, 159, 160, 167, 91, 90, 89, 88, 87, 86, 84, 76, 138, 141, 132, 135, 63, 131, 129, 128",
bkt,207,सिंहपुर,abadi,,101,14,"155, 122, 121, 123, 127, 44, 37, 41, 48, 46, 101, 111, 36, 35",
bkt,208,शेखपुर,district,,101 102,68,"226, 232, 231, 210, 209, 208, 155, 154, 153, 152, 150, 149, 148, 139, 138, 137, 131, 121, 120, 119, 117, 116, 115, 106, 105, 104, 103, 95, 94, 91, 92, 370, 371, 364, 363, 362, 360, 341, 323, 322, 321, 317, 316, 315, 287, 286, 277, 276, 274, 267, 255, 254, 253, 252, 251, 250, 249, 248, 247, 243, 241, 240, 239, 238, 237, 236, 235, 234",p101: cell continues on p102 | p102: village 208 शेखपुर continued
bkt,208,शेखपुर,link,,101,20,"90, 89, 127, 46, 48, 110, 65, 64, 63, 62, 61, 59, 57, 58, 53, 51, 134, 129, 130, 131",
bkt,209,शाहपुर नजूल,link,,102,64,"2, 22, 24, 102, 104, 105, 106, 178, 179, 180, 187, 194, 25, 28, 29, 30, 53, 54, 57, 58, 90, 92, 93, 94, 499, 500, 501, 504, 505, 521, 524, 532, 535, 536, 538, 151, 97, 98, 99, 131, 100, 120, 115, 114, 103, 526, 527, 562, 563, 582, 589, 592, 596, 607, 615, 618, 622, 625, 646, 647, 648, 652, 655, 660",
bkt,209,शाहपुर नजूल,abadi,,102,21,"130, 126, 125, 124, 123, 176, 140, 141, 142, 331, 173, 172, 455, 456, 166, 163, 162, 164, 147, 148, 149",
bkt,210,शाहपुर राजा,link,,102,29,"6, 29, 31, 33, 34, 63, 64, 65, 393, 451, 450, 422, 419, 418, 417, 416, 411, 410, 405, 403, 396, 459, 461, 464, 465, 363, 382, 368, 385",
bkt,210,शाहपुर राजा,abadi,,102,22,"346, 345, 344, 343, 356, 358, 362, 363, 371, 370, 372, 378, 332, 339, 331, 316, 328, 319, 345, 346, 303, 304",
bkt,211,शिवपुरी,link,,102,0,,p102: remark: चकबन्दी (cell reads chakbandi/consolidation; no khasra listed)
bkt,212,शिवखड़,nh,,102,56,"48, 52, 53, 51, 95, 94, 93, 92, 91, 90, 89, 165, 154, 155, 168, 162, 163, 188, 189, 184, 183, 182, 186, 185, 194, 195, 196, 197, 198, 181, 180, 178, 175, 172, 171, 170, 169, 167, 166, 121, 176, 100, 96, 97, 98, 99, 58, 59, 60, 56, 55, 84, 82, 57, 54, 50",
bkt,212,शिवखड़,link,,102,40,"21, 23, 26, 46, 27, 28, 40, 47, 48, 49, 51, 85, 91, 90, 86, 88, 89, 96, 97, 100, 102, 103, 104, 116, 117, 118, 119, 120, 232, 230, 229, 228, 227, 121, 177, 172, 166, 155, 153, 99",
bkt,212,शिवखड़,abadi,,102,34,"45, 142, 156, 157, 155, 87, 89, 86, 40, 38, 39, 41, 42, 43, 44, 29, 30, 31, 32, 33, 35, 36, 37, 124, 125, 127, 126, 148, 149, 150, 151, 160, 157, 152",
bkt,213,शिवरी,link,,103,74,"34, 35, 68, 69, 70, 72, 73, 74, 75, 76, 86, 87, 88, 89, 90, 91, 92, 109, 143, 144, 145, 146, 147, 155, 163, 164, 166, 167, 168, 179, 180, 204, 205, 206, 207, 208, 212, 213, 214, 220, 221, 222, 227, 228, 229, 231, 232, 237, 238, 239, 240, 241, 308, 309, 310, 311, 312, 313, 314, 316, 317, 318, 391, 394, 395, 401, 402, 403, 404, 405, 406, 408, 409, 410",
bkt,213,शिवरी,abadi,,103,25,"244, 246, 248, 249, 254, 271, 272, 273, 289, 293, 295, 301, 302, 303, 304, 305, 307, 406, 407, 408, 424, 418, 415, 414, 412",
bkt,214,हेमी,link,,103 104,126,"432, 434, 438, 441, 442, 445, 446, 454, 255, 256, 257, 243, 242, 240, 246, 248, 247, 238, 237, 79, 68, 18, 81, 62, 61, 59, 50, 48, 47, 46, 45, 44, 41, 38, 39, 37, 36, 35, 34, 33, 32, 31, 26, 28, 29, 87, 83, 216, 218, 235, 236, 232, 231, 267, 266, 265, 263, 262, 259, 260, 261, 287, 286, 364, 371, 350, 338, 336, 377, 372, 376, 378, 379, 181, 166, 382, 380, 385, 386, 387, 398, 399, 396, 400, 407, 409, 428, 430, 431, 433, 432, 289, 288, 293, 365, 368, 369, 668, 667, 665, 663, 662, 660, 659, 657, 658, 720, 721, 630, 655, 656, 653, 652, 651, 646, 645, 643, 642, 732, 731, 726, 725, 723, 722, 721, 723",p103: last token 65 wraps onto p104; 655 joined across p103/p104 | p104: first token 5 is tail of number wrapped from p103 (65+5 = 655); village 214 हेमी continued
bkt,214,हेमी,abadi,,103,77,"68, 81, 80, 67, 82, 83, 84, 85, 201, 2024, 203, 205, 209, 206, 208, 210, 211, 207, 315, 313, 312, 318, 213, 220, 214, 219, 218, 214, 217, 216, 215, 237, 79, 501, 503, 509, 500, 610, 609, 608, 607, 612, 606, 614, 615, 616, 632, 654, 655, 455, 454, 775, 757, 370, 367, 366, 761, 762, 763, 764, 767, 780, 781, 779, 777, 776, 775, 778, 773, 774, 721, 720, 630, 628, 657, 659, 658",p103: 2024 as printed (possibly 204)
bkt,215,हालूपुर,link,,104,102,"42, 43, 46, 61, 62, 63, 64, 65, 66, 67, 69, 70, 71, 77, 79, 78, 119, 117, 113, 111, 110, 108, 107, 106, 105, 92, 89, 88, 87, 86/247, 86, 103, 95, 96, 97, 98, 99, 100, 120, 121, 122, 72, 73, 17, 16, 19, 58, 47, 48, 49, 51, 52, 54, 33, 21, 11, 222, 224, 225, 226, 228, 229, 231, 218, 217, 216, 200, 172, 167, 168, 164, 163, 152, 149, 150, 151, 146, 145, 144, 143, 142, 141, 140, 139, 137, 136, 135, 131, 132, 133, 127, 186, 185, 178, 179, 180, 181, 219, 195, 194, 193, 239",
bkt,215,हालूपुर,abadi,,104,14,"219, 202, 203, 204, 207, 200, 216, 185, 186, 181, 180, 179, 178, 239",
bkt,216,हाजीचक,link,,104,15,"31, 28, 22, 20, 16, 13, 2, 111, 112, 113, 100, 101, 103, 104, 109",
bkt,216,हाजीचक,abadi,,104,16,"48, 49, 51, 12, 11, 53, 75, 79, 44, 40, 22, 46, 47, 20, 17, 13",
bkt,217,हरधौरपुर,nh,,104 105,57,"464, 463, 460, 434, 456, 458, 459, 399, 400, 398/525, 398, 134, 133, 132, 115, 116, 117, 118, 130, 129, 125, 124, 126, 127, 187, 189, 195, 359, 360, 361, 364, 303, 199, 200, 193, 190, 191, 192, 153, 128, 131, 135, 397, 461, 462, 465, 154, 155, 156, 188, 194, 201, 202, 203, 357, 362, 363",p104: cell continues on p105 | p105: village 217 हरधौरपुर continued
bkt,217,हरधौरपुर,link,,104 105,100,"165, 159, 109, 108, 106, 105, 104, 103, 403, 404, 432, 433, 399, 400, 114, 115, 112, 113, 158, 166, 167, 224, 225, 369, 120, 210, 304, 209, 199, 201, 195, 189, 212, 213, 214, 215, 216, 217, 218, 219, 334, 333, 345, 344, 346, 349, 350, 351, 357, 358, 359, 360, 361, 362, 363, 364, 365, 366, 367, 490, 489, 488, 488/426, 486, 470, 471, 469, 468, 461, 460, 459, 458, 457, 451, 445, 444, 436, 434, 425, 426, 427, 428, 429, 430, 431, 432, 433, 399, 398, 397, 136, 137, 138, 139, 140, 395, 394, 392, 390, 393",p104: last token 3 wraps onto p105; 346 joined across p104/p105 | p105: first token 46 is tail of number wrapped from p104 (3+46 = 346); village 217 हरधौरपुर continued
bkt,217,हरधौरपुर,abadi,,104 105,78,"229, 251, 272, 274, 167, 166, 158, 225, 224, 223, 222, 168, 169, 170, 220, 221, 180, 171, 181, 219, 216, 217, 218, 334, 333, 332, 331, 330, 328, 329, 327, 326, 321, 320, 319, 318, 343, 344, 322, 323, 180, 275, 324, 325, 269, 268, 267, 261, 270, 273, 271, 272, 250, 249, 248, 251, 260, 259, 258, 256, 255, 257, 254, 245, 244, 245, 246, 238, 239, 230, 237, 231, 236, 232, 235, 234, 237, 228",p104: cell continues on p105 | p105: village 217 हरधौरपुर continued
bkt,218,हनुमन्तपुर,link,,105,9,"348, 442, 443, 426, 350, 247, 282, 281, 435",
bkt,218,हनुमन्तपुर,abadi,,105,23,"189, 192, 156, 157, 170, 173, 188, 250, 248, 284, 285, 243, 247, 404, 408, 433, 432, 410, 412, 380, 373, 413, 412",
bkt,219,हिम्मतपुर,link,,105,41,"15, 16, 17, 21, 27, 28, 29, 30, 32, 33, 178, 211, 214, 215, 216, 217, 219, 136, 144, 148, 149, 86, 61, 60, 57, 56, 63, 70, 72, 54, 55, 118, 217, 153, 248, 254, 251, 252, 286, 277, 243",
bkt,219,हिम्मतपुर,abadi,,105,15,"109, 111, 113, 114, 159, 160, 241, 243, 167, 168, 174, 78, 79, 80, 71","p105: note (signed, p105): नोट-1. उपरोक्त सूची में किसी प्रकार के विवाद की स्थिति में तहसीलदार बख्शी का तालाब, लखनऊ का निर्णय निबंधन के विषय में अंतिम होगा। 2. उपरोक्त सूची, मूल्यांकन सूचीदर 01.08.2025 का भाग होगा। (signed by तहसीलदार बख्शी का तालाब and उप जिलाधिकारी)"
malihabad,1,माल,abadi,,1,82,"339, 346, 342, 341, 334, 330, 331, 329, 309, 310, 307, 305, 196, 187, 204, 205, 225, 226, 227, 251, 260, 254, 255, 297, 295, 490, 492, 505, 478, 476, 474, 743, 741, 740, 784, 783, 785, 578, 577, 575, 573, 495, 507, 479, 478, 528, 495, 515, 516, 524, 526, 284, 279, 280, 288, 295, 290, 289, 334, 332, 524, 522, 518, 519, 457, 459, 460, 461, 462, 248, 349, 378, 350, 351, 352, 360, 361, 383, 382, 381, 300, 446",
malihabad,1,माल,link,मलिहाबाद–माल रोड,1,12,"439, 443, 347, 336, 334, 296, 297, 488, 473, 488, 437, 445",
malihabad,1,माल,link,माल–गहदो रोड,1,16,"53, 29, 30, 54, 56, 57, 31, 78, 32, 33, 80, 83, 50, 51, 85, 86",
malihabad,1,माल,link,माल–जेहटा रोड,1,24,"479, 462, 509, 510, 519, 518, 524, 536, 535, 534, 530, 531, 538, 540, 543, 544, 553, 554, 610, 609, 556, 557, 566, 753",
malihabad,1,माल,link,माल–लतीफपुर रोड,1,27,"543, 610, 613, 614, 611, 614, 608, 624, 607, 625, 626, 627, 628, 632, 633, 600, 597, 640, 642, 689, 644, 688, 669, 687, 684, 699, 685",
malihabad,1,माल,link,सम्पर्क मार्ग पर स्थित,1,10,"91, 93, 95, 101, 102, 103, 105, 271, 276, 278",
malihabad,2,गांगन बरौली,abadi,,1,16,"211, 208, 209, 75, 78, 74, 81, 80, 99, 100, 206, 213, 196, 197, 198, 201",
malihabad,2,गांगन बरौली,link,,1,28,"1, 2, 3, 4, 5, 19, 20, 21, 154, 151, 37, 36, 26, 31, 34, 32, 33, 25, 24, 30, 33, 34, 35, 336, 433, 426, 423, 248",
malihabad,3,बिद्धीश्यामा,abadi,,1,18,"261, 260, 258, 257, 215, 218, 213, 212, 209, 158, 157, 154, 155, 266, 268, 295, 296, 297",
malihabad,3,बिद्धीश्यामा,link,,1,22,"277, 278, 290, 287, 288, 285, 299, 297, 296, 268, 262, 266, 258, 155, 157, 158, 257, 209, 212, 213, 218, 215",
malihabad,4,नारू,abadi,,1,23,"49, 48, 46, 47, 40, 58, 2, 3, 5, 4, 27, 28, 15, 71, 67, 56, 59, 58, 88, 91, 90, 92, 93",
malihabad,4,नारू,link,,1,18,"1, 2, 3, 57, 95, 56, 58, 54, 5, 4, 28, 27, 16, 88, 90, 92, 93, 95",
malihabad,5,रुदान खेड़ा,abadi,,1 3,36,"79, 81, 14, 13, 12, 110, 111, 86, 87, 88, 98, 99, 93, 94, 96, 287, 288, 286, 284?, 283, 99, 102, 280, 270, 271, 275, 276, 239, 297, 298, 184, 186, 198, 171, 172, 173",p1: digit unclear 284? (under tehsildar stamp); cell continues on next page
malihabad,5,रुदान खेड़ा,link,माल–भरावन,1,20,"255, 256, 257, 265, 318, 315, 314, 273, 274, 278, 280, 289, 65, 66, 69, 293, 292, 302, 307, 308",p1: cell continues on next page
malihabad,5,रुदान खेड़ा,link,माल–भरावन मार्ग,3,20,"243, 253, 246, 189, 172, 169, 168, 167, 164, 163, 162, 240, 242, 20, 209, 204, 203, 195, 194, 192",
malihabad,5,रुदान खेड़ा,link,ग्राम सम्पर्क मार्ग,3,7,"279, 271, 270, 284, 283, 280, 102",
malihabad,6,राम नगर,abadi,,3,79,"323, 318, 325, 341, 480, 156, 154, 155, 40, 288, 289, 290, 291, 292, 293, 294, 295, 297, 298, 299, 300, 302, 303, 304, 268, 270, 271, 272, 273, 274, 281, 282, 220, 312, 309, 305, 315, 308, 247, 319, 320, 322, 321, 327, 330, 331, 333, 348, 329, 349, 335, 338, 339, 340, 343, 344, 342, 158, 152, 153, 147, 140, 139, 138, 447, 484, 487, 489, 490, 491, 492, 501, 354, 552, 553, 63, 117, 119, 162",
malihabad,6,राम नगर,link,,3,98,"40, 39, 215, 216, 217, 220, 283, 282, 281, 280, 279, 275, 274, 273, 272, 271, 270, 303, 302, 300, 299, 298, 297, 295, 294, 291, 290, 289, 288, 287, 286, 285, 315, 314, 309, 308/648, 308, 247, 246, 245, 244, 243, 242, 185, 183, 181, 180, 158, 167, 138, 133, 123, 122, 118, 111, 112, 110, 553, 552, 551, 537, 535, 536, 533, 532, 507, 506, 505, 504, 503, 502, 501, 492, 491, 490, 480, 479, 418, 417, 399, 398, 389, 388, 349, 329, 327, 323, 315, 320, 324, 162, 161, 159, 156, 155, 134, 132, 121",
malihabad,7,अटारी,abadi,,3,44,"123, 124, 138, 137, 141, 140, 164, 165, 166, 239, 238, 236, 194, 189, 183, 184, 181, 182, 213, 214, 216, 218, 230, 227, 221, 220, 219, 531, 174, 179, 241, 175, 513, 512, 511, 537, 331, 324, 537, 527, 450, 447, 451, 443",
malihabad,7,अटारी,link,,3,43,"549, 284, 547, 285, 546, 331, 540, 333, 335, 535, 538, 495, 494, 493, 491, 490, 226, 227, 225, 224, 219, 218, 214, 213, 209, 200, 122, 121, 355, 448, 499, 484, 502, 503, 482, 483, 505, 486, 507, 506, 487, 488, 328",
malihabad,8,केरौरा,abadi,,3,18,"73, 75, 76, 12, 109, 108, 107, 118, 191, 193, 187, 124, 170, 79, 117, 81, 87, 85",
malihabad,8,केरौरा,link,माल – भरावन मार्ग,3,18,"62, 63, 122, 126, 127, 131, 132, 160, 159, 158, 157, 156, 134, 135, 136, 137, 140, 141",
malihabad,8,केरौरा,link,ग्राम सम्पर्क मार्ग,3,10,"63, 64, 66, 73, 118, 120, 122, 119, 68, 69",
malihabad,9,तिरगवॉ,abadi,,5,34,"131, 127, 124, 93, 94, 95, 124, 96, 98, 95, 69, 65, 44, 43, 64, 99, 100, 70, 71, 72, 73, 74, 75, 91, 87, 88, 92, 128, 13, 124, 95, 98, 69, 85",
malihabad,9,तिरगवॉ,link,,5,9,"85, 131, 123, 169, 132, 111, 117, 140, 137",
malihabad,10,गौन्दा मुअज्जम नगर,abadi,,5,79,"2258, 1722, 1720, 1717, 1314, 1710, 1679, 1678, 1676, 1615, 1671, 1670, 1344, 2353, 2328, 2329, 2373, 2269, 2270, 2271, 2268, 2261, 2259, 1489, 1488, 1486, 1366, 1390, 1392, 1393, 1394, 1439, 1458, 1448, 1453, 1456, 1496, 1449, 1489, 217, 218, 215, 202, 204, 206, 205, 137, 136, 138, 150, 134, 356, 357, 358, 690, 894, 345, 511, 512, 502, 407, 406, 410, 409, 418, 421, 426, 428, 430, 439, 436, 467, 469, 492, 208, 209, 25, 215, 202","p5: empty list entries ("", ,"") after 2373 and 2268 skipped"
malihabad,10,गौन्दा मुअज्जम नगर,link,,5,114,"1554, 1555, 1550, 1525, 1469, 1366, 1390, 1387, 1388, 1389, 1392, 1471, 1523, 1522, 1530, 1548, 1547, 2349, 1717, 1718, 1737, 1738, 1731, 1757, 797, 801, 804, 677, 678, 680, 681, 682, 683, 684, 686, 690, 697, 700, 701, 703, 704, 705, 706, 707, 708, 791, 792, 798, 3, 4, 6, 8, 17, 21, 22, 29, 49, 51, 60, 61, 77, 99, 78, 80, 81, 82, 97, 91, 92, 106, 105, 107, 104, 409, 415, 416, 423, 424, 427, 426, 88, 44, 1191, 1259, 1128, 1127, 1366, 1376, 1390, 1387, 1384, 1386, 1272, 1264, 1263, 1260, 1150, 716, 722, 723, 724, 781, 780, 779, 777, 714, 715, 710, 790, 788, 787, 785, 784, 1768",
malihabad,11,दनौर,abadi,,5 7,41,"228, 199, 248, 250, 272, 270, 49, 50, 51, 48, 53, 85, 46, 85, 86, 90, 91, 247, 269, 272, 273, 245, 244, 243, 200, 54, 49, 251, 347, 350, 353, 370, 372, 215, 223, 222, 225, 226, 202, 201, 200",p5: cell continues on next page
malihabad,11,दनौर,link,,5 7,107,"297, 286, 298, 299, 300, 295, 294, 266, 257, 256, 183, 182, 353, 354, 355, 361, 360, 362, 365, 366, 367, 369, 370, 372, 347, 345, 342, 341, 340, 336, 335, 333, 320, 317, 318, 306, 301, 302, 303, 304, 305, 255, 185, 186, 187, 253, 290, 250, 251, 252, 197, 198, 199, 227, 226, 243, 242, 241, 240, 237, 236, 230, 218, 220, 223, 13, 59, 58, 61, 62, 66, 67, 68, 69, 70, 158, 160, 162, 163, 165, 65, 81, 53, 232, 217, 216, 214, 213, 212, 211, 176, 175, 174, 173, 172, 169, 168, 167, 12, 60, 63, 64, 161, 215, 232, 231, 229",p5: cell continues on next page
malihabad,12,मझौवा,abadi,,7,39,"70, 71, 72, 130, 129, 132, 134, 135, 136, 137, 138, 139, 156, 145, 154, 332, 329, 360, 385, 375, 376, 383, 382, 381, 377, 373, 374, 333, 393, 326, 226, 152, 148, 128, 67, 303, 301, 331, 337",
malihabad,12,मझौवा,link,,7,71,"86, 81, 79, 78, 93, 94, 125, 126, 76, 65, 37, 39, 40, 41, 53, 54, 61, 64, 65, 67, 70, 42, 44, 45, 46, 47, 52, 50, 224, 223, 222, 410, 435, 436, 439, 440, 441, 474, 475, 476, 500, 526, 525, 228, 275, 276, 407, 406, 405, 401, 400, 396, 395, 394, 91, 74, 72, 71, 184, 222, 221, 220, 219, 218, 123, 124, 393, 391, 527, 409, 595",
malihabad,13,शाहपुर गोड़वा,abadi,,9,52,"461, 526, 565, 567, 569, 572, 581, 578, 435, 440, 421, 422, 423, 424, 425, 404, 407, 432, 428, 146, 148, 149, 129, 120, 121, 131, 66, 53, 133/717, 144, 100, 126, 116, 147, 136, 51, 52, 53, 566, 487, 440, 434, 421, 418, 429, 47, 139, 141, 142, 101, 570, 438",
malihabad,13,शाहपुर गोड़वा,link,,9,83,"151, 44, 43, 153, 158, 159, 174, 184, 185, 186, 163, 164, 166, 167, 168, 200, 201, 203, 11, 15, 383, 384, 385, 386, 378, 650, 592, 591, 588, 587, 583/718, 581, 49, 51, 38, 39, 145, 149, 120, 122, 123, 109, 102, 460, 117, 113, 112, 110, 104, 105, 458, 457, 456, 452, 478, 480, 455, 454, 487, 443, 444, 445, 491, 529, 532, 555, 526, 525, 565, 564, 567, 569, 563, 562, 561, 560, 558, 557, 614, 613, 612, 609, 610",
malihabad,14,कटौली,abadi,,9,98,"383, 384, 385, 386, 400, 405, 406, 407, 408, 409, 410, 411, 412, 413, 415, 416, 417, 425, 426, 427, 428, 429, 430, 431, 432, 436, 455, 460, 464, 467, 468, 472, 476, 477, 628, 629, 630, 631, 785, 788, 791, 792, 802, 803, 804, 866, 909, 912, 913, 944, 945, 946, 947, 953, 968, 976, 979, 980, 1066, 1068, 1069, 1071, 1074, 1077, 1078, 1084, 1085, 1086, 1087, 1088, 1089, 1090, 1191, 1158, 1159, 1160, 1165, 1170, 1175, 206, 207, 208, 209, 218, 219, 220, 221, 222, 224, 429, 432, 430, 431, 627, 464, 784, 1163ख, 788ख",
malihabad,14,कटौली,nh,राष्ट्रीय राज्य मार्ग (आउटर रिंग रोड),9,13,"1221, 1222, 1223, 1224, 1225, 1210, 1209, 1250, 1251, 1252, 1253, 1254, 1256",p9: road named as राष्ट्रीय राज्य मार्ग (Outer Ring Road) in road column; may belong to nh | moved to nh: road named राष्ट्रीय राज्य मार्ग (आउटर रिंग रोड)
malihabad,14,कटौली,link,सम्पर्क मार्ग,9 11,128,"1257, 1249, 1259, 1260, 1261, 1246, 1254, 1234, 1235, 1236, 1237, 1238, 1223, 1226, 1227, 1228, 1229, 1208, 1207, 1205, 1200, 1204, 1231, 1254, 1243, 1241, 302, 303, 305, 306, 308, 309, 955, 957, 972, 977, 990, 991, 992, 993, 994, 995, 1120, 1121, 1122, 1124, 1123, 1125, 1191, 1193, 1200, 1203, 1204, 1206, 1207, 1208, 1209, 1231, 980, 977, 974, 973, 972, 970, 957, 1139, 996, 958, 967, 982, 983, 985, 1264, 1265, 1266, 1267, 1278, 1269, 311, 312, 320, 321, 324, 325, 335, 336, 338, 339, 340, 341, 354, 355, 356, 366, 367, 371, 372, 835, 836, 837, 838, 839, 840, 841, 842, 843, 844, 845, 846, 847, 848, 849, 833, 832, 830, 829, 811, 807, 379, 377, 376, 1251, 1252, 1253, 1254, 1209, 1210, 1248",p9: cell continues on next page | p11: continuation of सम्पर्क मार्ग list from previous page (no label printed here)
malihabad,15,शिवदासपुर,abadi,,11,20,"114, 116, 117, 118, 119, 120, 121, 122, 123, 124, 128, 141, 147, 148, 149, 152, 153, 149, 148, 139",
malihabad,15,शिवदासपुर,link,,11,40,"8, 9, 10, 13, 14, 28, 45, 48, 49, 50, 51, 54, 55, 62, 63, 64, 65, 75, 60, 72, 74, 73, 83, 99, 96, 97, 98, 93, 110, 121, 186, 187, 188, 181, 182, 147, 152, 153, 161, 114",
malihabad,16,जमाल नगर,abadi,,11,24,"170, 171, 182, 185, 200, 201, 202, 204, 213, 219, 225, 227, 228, 230, 237, 238, 197, 186, 268/238, 228, 226, 227, 237, 280",
malihabad,16,जमाल नगर,link,,11,49,"51, 54, 57, 90, 93, 109, 121, 126, 128, 129, 130, 132, 134, 135, 137, 157, 159, 160, 167, 168, 175, 177, 191, 192, 193, 195, 97, 95, 96, 114, 115, 117, 120, 122, 123, 124, 77, 80, 84, 87, 88, 89, 96, 51, 52, 53, 54, 57, 124",
malihabad,17,फतेह नगर,abadi,,11,51,"150, 151, 156, 157, 228, 229, 230, 239, 240, 241, 242, 243, 244, 249, 362, 363, 364, 367, 368, 369, 373, 396, 398, 399, 700, 701, 704, 705, 707, 711, 709, 710, 155, 156, 357, 358, 60, 67, 152, 153, 154, 442, 443, 431, 370, 696, 698, 699, 712, 215, 238",
malihabad,17,फतेह नगर,link,,11,59,"207, 210, 213, 214, 215, 216, 223, 224, 440, 442, 443, 446, 447, 448, 449, 450, 489, 491, 222, 402, 400, 387, 388, 389, 390, 391, 481, 445, 444, 440, 419, 420, 415, 615, 616, 617, 618, 622, 623, 510, 514, 517, 527, 528, 529, 558, 565, 567, 675, 674, 673, 677, 679, 680, 683, 690, 693, 695, 696",
malihabad,18,ढेढेमऊ,abadi,,11 13,62,"692, 685, 686, 687, 689, 688, 605, 600, 601, 602, 599, 765, 764, 770, 771, 763, 758, 757, 705, 704, 703, 707, 711, 709, 710, 699, 697, 696, 499, 500, 502, 512, 703/5, 379, 703/3, 699, 690, 697, 761, 691, 762, 764, 597, 759च, 601, 701, 735, 770, 771ख, 605, 511क, 708, 698, 500ख, 501, 500क, 771/5, 510, 720, 498, 604, 763",p11: second sub-list labelled 'आबादी के नम्बर' starts at 2nd 699; cell continues on next page | p13: continuation of 'आबादी के नम्बर' sub-list
malihabad,18,ढेढेमऊ,link,,11 13,86,"379, 382, 383, 444, 445, 446, 451, 992, 452, 454, 458, 459, 460, 462, 463, 469, 470, 471, 501, 500, 502, 503, 508, 510, 511, 512, 513, 514, 515, 516, 517, 521, 522, 525, 530, 528, 529, 527, 648, 649, 653, 665, 655, 632, 661, 678, 680, 681, 682, 694, 695, 696, 697, 699, 701, 702, 708, 709, 710, 714, 713, 744, 936, 711, 718, 719, 721, 722, 723, 724, 725, 726, 727, 728, 36?, 01, 33, 35, 75, 79, 80, 81, 82, 519, 525, 509",p11: cell continues on next page | p13: printed '3.6' read as 36?; '01' as printed
malihabad,19,तिलसुवा,abadi,,13,50,"127, 132, 133, 123, 92, 91, 90, 93, 97, 98, 84, 85, 86, 83, 81, 82, 80, 79, 78, 77, 76, 362, 389, 354, 114, 103, 104, 352, 106, 109, 110, 111, 112, 87, 125, 360, 75, 130, 86स, 359, 126, 128, 120, 103, 357, 105, 107, 46, 33, 75",p13: second sub-list labelled 'आबादी के नम्बर' starts at 87
malihabad,19,तिलसुवा,link,,13,82,"48, 49, 50, 51, 52, 53, 57, 58, 61, 62, 63, 64, 199, 197, 198, 66, 67, 158, 167, 157, 160, 161, 169, 143, 142, 162, 164, 165, 109, 107, 352, 353, 364, 367, 365, 371, 372, 398, 368, 369, 374, 559, 560, 557, 558, 376, 370, 381, 382, 389, 390, 385, 42, 43, 66, 67, 148, 147, 156, 162, 165, 343, 350, 367, 371, 372, 361, 359, 354, 99, 104, 107, 109, 144, 145, 139, 137, 136, 156, 147, 148, 377",p13: missing comma between 43 and 66 in print
malihabad,20,पुरवा,abadi,,13,41,"214, 216, 253, 254, 246, 256, 257, 354, 260, 339, 386, 285, 275, 271, 262, 261, 353, 346, 292, 286, 417, 290, 287, 220, 215, 221, 210, 209, 212, 423, 294, 274, 255, 277, 267, 282, 256, 257, 276, 211, 423",p13: second sub-list labelled 'आबादी के नम्बर' starts at 294
malihabad,20,पुरवा,link,,13,69,"196, 197, 199, 200, 207, 208, 210, 211, 212, 213, 280, 282, 286, 437, 291, 292, 293, 294, 295, 297, 314, 315, 316, 318, 319, 340, 341, 342, 343, 344, 345, 347, 349, 370, 378, 379, 423, 421, 425, 426, 427, 428, 137, 114, 108, 109, 110, 111, 112, 113, 184, 149, 431, 400, 445, 168, 114, 138, 428, 407, 430, 431, 432, 404, 400, 395, 394, 393, 393/435",
malihabad,21,खण्डसरा,abadi,,15,126,"259, 257, 441, 271, 274, 216, 220, 225, 222, 449, 448, 447, 450, 18, 100, 14, 5, 1, 102, 1107, 1108, 1712, 1649, 1658, 1653, 1630, 1639/641, 1685, 1085/2892, 1639, 1841, 1834, 1840, 1842, 1838, 1843, 1851, 1848, 1855, 1863, 1861, 1860, 2144, 2143, 2152, 1833, 1888, 2091, 2090, 2085, 2080, 1922, 1925, 1919, 1946, 1947, 1913, 1910, 1905, 1904, 1895, 1924, 1928, 2059, 2058, 2055, 2062, 2068, 2071, 2080, 2087, 2086, 2016, 1030, 1036, 1001, 1018, 1016, 1015, 1044, 1012, 981, 2691, 2692, 2700, 2699, 2805, 2647, 2649, 2688, 2673, 2671, 2665, 2656, 2640, 2643, 2638, 2652, 2644, 865, 882, 878, 1085, 1109, 1646, 1835, 1086, 1836, 1914, 253, 260, 1898, 2060, 1024, 985, 2672, 880, 881, 883, 879, 876, 1085/2892, 1084/2891, 1027, 1037, 1053",
malihabad,21,खण्डसरा,link,,15,191,"371, 372, 373, 373/2887, 374, 375, 389, 390, 391, 429, 430, 431, 412, 413, 441, 445, 444, 446, 433, 434, 435, 436, 437, 438, 439, 459, 473, 474, 476, 480, 455, 482, 493, 513, 525, 579, 514, 605, 606, 615, 617, 618, 621, 624, 619, 681, 822, 823, 833, 838, 839, 948, 848, 881, 908, 909, 891, 893, 842, 824, 925, 926, 929, 1347, 834, 970, 971, 992, 993, 849, 854, 973, 856, 799, 798, 796, 859, 861, 793, 863, 864, 879, 880, 974, 975, 989, 911, 912, 913, 914, 916, 970, 922, 990, 988, 987, 1009, 1010, 1011, 1012, 1967, 1969, 1970, 1987, 1996, 1998, 2001, 2004, 2005, 2006, 2008, 2011, 2012, 2013, 2010, 2034, 2014, 2015, 2016, 2017, 1965, 1962, 1972, 198, 1983, 1985, 1982, 1979, 1977, 1949, 1950, 1951, 1952, 1936, 1935, 1933, 1932, 1931, 2022, 2023, 1049, 1048, 1050, 1051, 1052, 1053, 1054, 1055, 1070, 1086, 1120, 1107, 1108, 1712, 1704, 1697, 1695, 1694, 1693, 1691, 1702, 1715, 1106, 1105, 1104, 1103, 1097, 1095, 1072, 1036, 1037, 1040, 1042, 1045, 1046, 1047, 2193, 2192, 2199, 2200, 2202, 2632, 2634, 2635, 2636, 2637, 2640, 2661, 2658, 2659, 2655",
malihabad,22,भदेसरमऊ,abadi,,17,28,"441, 436, 431, 433, 424, 423, 421, 496, 795, 501, 502, 500, 504, 499, 383, 384, 385, 392, 382, 373, 387, 360, 375, 498, 355, 356, 359, 372",
malihabad,22,भदेसरमऊ,link,,17,23,"439, 441, 435, 421, 416, 413, 410, 406, 388, 387, 497, 496, 481, 455, 449, 418, 419, 446, 445, 68, 72, 80, 83",
malihabad,23,कसमण्डी खुर्द,abadi,,17,86,"147, 152, 322, 323, 325, 330, 483, 619, 631, 625, 1521, 1550, 1551, 1552, 1553, 1600, 1598, 1595, 1599, 1587, 1586, 1580, 1581, 1582, 1561, 1558, 1550, 1711, 1909, 1710, 1695, 1765, 1764, 1759, 1313, 1394, 1392, 1396, 1397, 1417, 1406, 1399, 1400, 1340, 1341, 1329, 1326, 1335, 1346, 1361, 1362, 1327, 1328, 1356, 1366, 2664, 663, 664, 1765, 1766, 1822, 1755, 1754, 1753, 1752, 1722, 794, 481, 613, 614, 612, 611, 632, 623, 622, 621, 149, 1707, 1715, 3113, 3125, 3148, 3153, 3160, 3162, 3198",
malihabad,23,कसमण्डी खुर्द,link,,17 19,289,"2944, 2948, 2950, 2959, 2963, 2971, 2972, 2975, 2978, 2980, 2985, 2986, 2987, 2990, 3000, 3001, 3015, 3018, 2941, 2940, 2932, 2931, 2929, 2919, 2917, 2914, 2913, 2911, 2158, 2157, 2156, 2155, 2152, 2151, 2088, 2086, 2059, 2056, 2055, 2054, 1967, 1966, 1965, 1964, 1963, 1962, 1951/3315, 1932, 3022, 3024, 3026, 3029, 3030, 3031, 3032, 3033, 3039, 3051, 3052, 307, 3073, 3074, 2967, 2966, 2965, 2955, 2953, 2951, 2950, 2947, 2963, 2971, 2972, 2975, 2976, 2977, 2978, 2974, 2985, 2986, 2987, 2988, 2989, 2990, 3000, 3001, 3011, 3013, 3015, 3017, 3018, 148/9, 1401, 1402, 1405, 1407, 1408, 1409, 1410, 1412, 1593, 1387, 1374, 1375, 1378, 737, 738, 739, 740, 741, 901, 902, 903, 904, 905, 906, 910, 911, 912, 913, 1043, 1042, 1041, 1040, 1045, 1046, 1063, 1065, 1066, 1080, 1081, 1082, 1083, 1087, 1088, 1094, 1096, 1097, 1250, 1251, 1252, 1254, 1257, 1255, 1258, 1259, 1260, 1342, 1354, 1369, 1370, 1371, 3164, 3166, 3167, 3169, 3170, 3171, 3172, 3173, 3174, 3175, 3176, 3163, 3178, 3151, 3152, 3153, 3159, 3158, 3156, 3155, 3154, 3016, 3003, 2999, 2998, 2912, 2913, 2904, 2905, 2902, 2900, 2898, 2873, 2871, 2861, 2158, 2161, 2162, 2163, 2179, 2180, 2187, 2188, 2189, 2345, 2353, 2356, 2369, 2370, 2374, 2378, 2391, 2398, 2399, 2400, 2393, 2387, 2303, 2302, 2299, 2298, 2297, 2296, 2431, 2429, 2425, 2421, 2420, 219, 2418, 2417, 2411, 3011, 3013, 3015, 3017, 3018, 1489, 1402, 1405, 1407, 1408, 1409, 1410, 1412, 1393, 1387, 1374, 1375, 1378, 737, 738, 739, 740, 741, 901, 902, 903, 904, 905, 906, 910, 911, 912, 913, 1043, 1042, 1041, 1040, 1045, 1046, 1063, 1065, 1066, 1080, 1081, 1082, 1083, 1087, 1088, 1094, 1096, 1097, 1250, 1251, 1252, 1254, 1255, 1258, 1259, 1260, 1342, 1354, 1367, 1369, 1370, 1371",p17: missing comma between 2296 and 2431 in print; cell continues on next page | p19: continuation of unlabeled list from previous page
malihabad,23,कसमण्डी खुर्द,link,माल मार्ग से सेंधरवा मार्ग,19,99,"2912, 2913, 2904, 2905, 2902, 2900, 2898, 2873, 2871, 2158, 2159, 2160, 2161, 2162, 2163, 2179, 2180, 2187, 2353, 2356, 2369, 2370, 2371, 2375, 2377, 2378, 2391, 2398, 299, 2400, 2343, 2387, 2303, 2302, 2299, 2298, 2297, 2296, 2431, 2429, 2425, 2421, 2420, 2419, 2418, 2417, 2413, 2411, 2407, 2404, 2403, 2728, 2729, 2730, 2731, 2732, 2733, 2754, 2780, 2779, 2778, 2770, 2853, 2855, 2861, 2432, 1825, 1830, 1831, 1833, 1844, 1845, 1848, 1850, 1851, 1853, 18/66, 1864, 1661, 1662, 1663, 1673, 1675, 1676, 1687, 1689, 1690, 1692, 1693, 1695, 1704, 1707, 1882, 1814, 1815, 1812, 2887, 2888, 2889",
malihabad,23,कसमण्डी खुर्द,link,माल मार्ग से कसमण्डी खुर्द,19,66,"1948, 1944, 1943, 1941, 1940, 1939, 1938, 1937, 1917, 1983, 1982, 1980, 1981, 1978, 1976, 1977, 1953, 1952, 1951, 1919, 1916, 1913, 1912, 1910, 1571, 1570, 1566, 1565, 1512, 1511, 1524, 1525, 1526, 1543, 1542, 1541, 1530, 1531, 647, 648, 644, 643, 642, 639, 638, 629, 658, 652, 687, 688, 697, 698, 699, 1447, 1448, 1449, 1450, 1451, 1452, 1453, 1455, 1457, 1406, 1483, 1502, 1504",
malihabad,23,कसमण्डी खुर्द,link,माल मार्ग से हटौली नहर रोड,19 21,15,"1097, 1099, 1101, 1102, 1180, 1178, 1176, 1177, 1181, 1179, 1169, 1170, 1172, 1173, 1174",p19: cell continues on next page (list ends with comma) | p21: road continues from p19 (माल मार्ग से हटौली नहर रोड)
malihabad,23,कसमण्डी खुर्द,link,मलिहाबाद से माल मार्ग,21,48,"1040, 1041, 1045, 1046, 1042, 1063, 1043, 1065, 913, 1066, 912, 1080, 1081, 906, 1082, 904, 1083, 903, 1087, 901, 1088, 742, 741, 1094, 743, 1096, 739, 1097, 738, 1250, 1251, 1252, 1254, 1255, 1256, 1257, 1258, 1375, 1259, 1374, 1260, 1342, 1387, 1353, 1354, 1367, 1370, 1371",
malihabad,23,कसमण्डी खुर्द,link,अमानीगंज से धुसौली मार्ग,21,33,"3135, 3204, 3205, 3206, 3200, 3212, 3213, 3214, 3215, 3216, 3228, 3219, 3220, 3221, 3222, 3224, 386, 3087, 3088, 3089, 3091, 3092, 3093, 3099, 3101, 3102, 3103, 3104, 3131, 3137, 3150, 3151, 3152",
malihabad,24,देवरी भारत,abadi,,21,21,"236, 237, 238, 239, 419/239, 240, 226, 211, 210, 204, 202, 122, 236, 232, 233, 131, 134, 129, 233, 230क, 235",p21: 122 partly obscured by punch hole
malihabad,24,देवरी भारत,link,,21,68,"1, 2, 3, 4, 5, 6, 7, 9, 10, 11, 12, 31, 32, 33, 34, 36, 37, 63, 64, 65, 66, 67, 68, 70, 71, 72, 84, 92, 93, 97, 98, 99, 101, 102, 104, 105, 103, 106, 110, 116, 119, 120, 121, 122, 236, 234, 232, 201, 200, 199, 193, 180, 177, 178, 154, 153, 147, 146, 144, 138, 137, 130, 129, 128, 131, 127, 124, 125",p21: no road name printed
malihabad,25,मड़वाना,abadi,,21 23,117,"128, 138, 117, 213, 214, 227, 228, 235, 120, 121, 122, 123, 124, 908, 978, 976, 912, 919, 927, 924, 896, 897, 922, 894, 577, 578, 570, 571, 569, 528, 538, 539, 540, 541, 542, 543, 555, 556, 557, 547, 545, 565, 847, 911स, 560, 449स, 761/1168, 126, 549स, 760/1169, 552, 761, 450, 567, 763स, 448स, 921, 125, 249स, 548/1, 554, 564, 846, 119, 239, 841स, 239/1159, 943, 236, 237, 239/1160, 244, 245, 248, 250, 252, 253, 452, 454, 455, 356, 358, 360, 361, 437, 445, 446, 468, 469, 470, 765, 766, 756, 757, 758, 760, 705, 706, 1186, 700, 762, 837, 840, 842, 843, 844, 865/1173, 865/1172, 865, 866, 867, 854, 853, 848, 899, 570, 145","p21: continues on next page | p23: continued from p21 (serial 25); commas missing in ""468 469"" and ""840 842"""
malihabad,25,मड़वाना,link,,21 23,254,"275, 278, 279, 277, 257, 256, 255, 254, 253, 253/1161, 248, 244, 243, 242, 2031, 157, 136, 137, 138, 142, 779, 780, 775, 776, 777, 774, 281, 286, 659, 661, 663, 774, 776, 777, 780, 779, 252, 268, 269, 282, 289, 290, 291, 292, 293, 294, 298, 1182, 199, 198, 197, 193, 194, 195, 187, 188, 189, 145, 146, 144, 147, 148, 152, 703, 711, 712, 713, 717, 718, 719, 720, 721, 729, 730, 731, 732, 733, 772, 773, 330, 331, 332, 333, 335, 336, 337, 338, 344, 590, 596, 597, 654, 656, 471, 469, 468, 466, 464, 463, 462, 461, 488, 487, 486, 485, 484, 483, 482, 480, 470, 472/1185, 473, 474, 475, 505, 506, 507, 508, 509, 264, 267, 268, 269, 271, 272, 276, 660, 662, 664, 665, 667, 669, 670, 671, 674, 678, 679, 682, 683, 684, 688/1179, 688, 689, 876, 875, 874, 871, 870, 869, 860, 858, 857, 948, 944, 943, 942, 892, 882, 881, 880, 884, 885, 886, 887, 899, 922, 919, 910, 907, 908, 978, 1057, 1056, 1062, 489, 545, 579, 611, 612, 613, 614, 615, 616, 627, 628, 629, 630, 637, 638, 639, 642, 643, 644, 645, 647, 650, 651, 655, 657, 702, 701, 700, 700/1186, 699, 697, 696, 694, 693, 692, 859, 863, 865, 865/1172, 866, 867, 855, 844, 839, 829, 828, 827, 826, 819, 818, 817, 813, 812, 764, 764/1170, 762, 705, 708, 708/1172, 709, 710, 711, 78, 80, 81, 82, 83, 85, 86, 90, 91, 95, 97, 150, 149, 145, 148, 151, 154, 155","p21: no road name printed; continues on next page | p23: continued from p21 (serial 25); no road name; comma missing in ""83 85"""
malihabad,26,रामपुर बस्ती,abadi,,23,13,"127, 128, 129, 130, 134, 135, 136, 78, 79, 114, 125, 144, 126",
malihabad,26,रामपुर बस्ती,link,,23,19,"132, 144, 143, 142, 139, 133, 145, 22, 148, 149, 152, 151, 150, 147, 170, 169, 168, 162, 165",p23: no road name printed
malihabad,27,बिराहिमपुर,abadi,,23,24,"312, 313, 314, 306, 307, 305, 288, 303, 301, 299, 300, 269, 260, 261, 266, 264, 248, 252, 253, 254, 224, 268, 304, 310",
malihabad,27,बिराहिमपुर,link,,23,39,"311, 221, 309, 222, 217, 216, 215, 211, 210, 209, 208, 206, 29, 35, 37, 47, 48, 49, 50, 51, 74, 75, 82, 108, 109, 84, 88, 89, 90, 91, 92, 93, 226, 228, 229, 230, 232, 262, 263",p23: no road name printed
malihabad,28,गढ़ी संजर खॉ,abadi,,23 25,138,"358, 360, 361, 362, 363, 373, 374, 372, 383, 384, 385, 416, 417, 418, 419, 502, 503, 504, 505, 506, 420, 424, 425, 458, 355, 373, 556, 585/1, 555, 459, 462, 463, 464, 475, 495, 499, 500, 501, 498, 497, 496, 509, 491, 490, 508, 510, 507, 511, 512, 513, 514, 486, 484, 483, 591, 590, 589, 588, 587, 586, 584, 582, 578, 577, 576, 520, 519, 518, 517, 516, 515, 527, 521, 522, 523, 526, 535, 536, 531, 529, 53, 539, 540, 541, 545, 543, 542, 546, 547, 572, 575, 574, 568, 567, 566, 565, 564, 563, 562, 558, 560, 130, 139, 143, 548, 550, 549, 551, 146, 148, 552, 553, 554, 557, 154, 152, 107, 168, 170, 171, 172, 173, 174, 176, 241, 242, 243, 249, 250, 251, 259, 260, 261, 264, 274, 282, 283, 544",p23: continues on next page | p25: continued from p23 (serial 28)
malihabad,28,गढ़ी संजर खॉ,link,,23 25,55,"200, 201, 202, 203, 211, 212, 213, 214, 215, 216, 207, 196, 155, 156, 178, 177, 218, 219, 220, 221, 222, 223, 234, 237, 236, 219, 286, 287, 276, 277, 280, 281, 284, 15, 16, 20, 19, 22, 23, 43, 300, 303, 305, 306, 307, 308, 332, 334, 337, 344, 345, 354, 355, 356, 357",p23: no road name printed; continues on next page | p25: continued from p23 (serial 28); no road name
malihabad,29,रसूलपुर,abadi,,25,29,"233, 232, 230, 324, 348, 349, 350, 351, 352, 354, 287, 288, 289, 290, 291, 292, 293, 295, 297, 301, 303, 320, 328, 319, 317, 318, 237क, 231ख, 322","p25: comma missing in ""237क 231ख"""
malihabad,29,रसूलपुर,link,,25,22,"240, 241, 242, 244, 260, 261, 267, 268, 269, 270, 277, 258, 255, 305, 313, 315, 316, 317, 306, 307, 311, 310",p25: no road name printed
malihabad,30,शहजादपुर,abadi,,25,16,"45, 49, 51, 55, 60, 61, 64, 65, 66, 67, 68, 69, 70, 53, 59, 14ख",
malihabad,30,शहजादपुर,link,,25,29,"4, 5, 6, 8, 9, 10, 11, 12, 15, 16, 17, 21, 22, 23, 24, 25, 26, 27, 41, 44, 46, 47, 48, 90, 92, 94, 97, 96, 74",p25: no road name printed
malihabad,31,गोड़वा,abadi,,25,10,"129, 130, 132, 133, 134, 139, 143, 144, 145, 146",
malihabad,31,गोड़वा,link,,25,8,"57, 58, 115, 116, 117, 122, 126, 128",p25: no road name printed
malihabad,32,कसमण्डी कलां,abadi,,25,73,"460, 457, 456, 464, 463, 462, 465, 470, 704, 706, 709, 711, 712, 721, 722, 723, 724, 726, 727, 730, 976, 975, 974, 1048, 1373, 1372, 1421, 1418, 1400, 1005, 1006, 1007, 1010, 1630, 1640, 1641, 1403, 1412, 1402, 1401, 1404, 1392, 1393, 1395, 1396, 1297, 1420, 1385, 1384, 1417, 1419, 1198, 1018, 1210, 1043, 1182, 1054, 1050, 1051, 1053, 1046, 1045, 1200, 1061, 1063, 1072, 485, 376, 484, 483, 691, 493, 487",
malihabad,32,कसमण्डी कलां,link,मुख्य मार्ग नवी पनाह अन्धे की चौकी,25 27,127,"246, 239, 238, 232, 235, 236, 228, 227, 215, 212, 211, 210, 206, 207, 208, 202, 201, 190, 198, 195, 194, 193, 192, 191, 177, 176, 175, 169, 167, 168, 166, 165, 164, 413, 412, 247, 248, 249, 251, 252, 245, 278, 277, 337, 338, 398, 339, 340, 343, 342, 394, 396, 399, 400, 401, 410, 406, 445, 447, 448, 471, 469, 468, 465, 464, 448, 450, 451, 455, 456, 1048, 1057, 1050, 1051, 1047, 1211, 1040, 1018, 1210, 1197, 1198, 1652, 1653, 1854, 1656, 1386, 1385, 1319, 1322, 1323, 1378, 1380, 1400, 1404, 1405, 1505, 1506, 1507, 1509, 1510, 1519, 1517, 1518, 1620, 1621, 1646, 1441, 1616, 1643, 1641, 1640, 1581, 1649, 1802, 1809, 1810, 1812, 1182, 163, 164, 165, 166, 169, 1046, 1044, 1056, 1059",p25: continues on next page | p27: continued from p25 (serial 32); road continues from p25 (मुख्य मार्ग नवी पनाह अन्धे की चौकी)
malihabad,32,कसमण्डी कलां,link,कसमण्डी से मलिहाबाद मार्ग,27,20,"712, 717, 716, 666, 667, 540, 544, 535, 516, 589, 580, 572, 571, 567, 568, 548, 547, 557, 720, 615",p27: continued from p25 (serial 32)
malihabad,32,कसमण्डी कलां,link,कसमण्डी से मीठे नगर मार्ग,27,16,"1110, 1012, 1024, 1246, 1247, 1250, 1240, 1241, 1242, 1244, 1249, 1245, 1246, 1259, 1264, 1252",p27: continued from p25 (serial 32)
malihabad,33,रमगढ़ा,abadi,,27,28,"56, 61, 62, 66, 68, 69, 87, 105, 159, 158, 159, 115, 116, 401, 402, 397, 385, 416, 417, 422, 423, 414, 397, 408, 409, 89, 95, 93",
malihabad,33,रमगढ़ा,link,कसमण्डी से रमगढ़ा मार्ग,27,16,"81, 86, 87, 69, 95, 60, 51, 54, 53, 39, 119, 118, 157, 156, 153, 151",
malihabad,33,रमगढ़ा,link,मऊ से सिरगामऊ मार्ग,27,16,"150, 148, 132, 131, 129, 130, 127, 123, 134, 135, 138, 193, 194, 196, 375, 136",
malihabad,34,किठाईपारा,abadi,,27,26,"212, 57, 56, 58, 60, 126, 163, 277, 284, 285, 283, 126, 143, 273, 274, 246, 249, 213, 214, 215, 216, 227, 229, 228, 26, 207",
malihabad,34,किठाईपारा,link,सम्पर्क मार्ग बहेलिया,27,42,"212, 193, 238, 177, 163, 169, 164, 166, 167, 163, 56, 55, 53, 52, 37, 36, 38, 19, 20, 22, 23, 25, 26, 27, 28, 29, 34, 285, 277, 274, 273, 270, 269, 268, 267, 265, 285, 266, 284, 283, 281, 280",
malihabad,35,पारा भदराही,abadi,,27 29,116,"16, 19, 17, 35, 34, 40, 39, 43, 45, 82, 151, 150, 149, 148, 147, 162, 161, 866, 171, 276, 255, 217, 218, 219, 243, 252, 248, 284, 270, 272, 275, 100, 102, 103, 38, 365, 364, 398, 399, 399, 491, 419, 421, 411, 409, 472, 473, 476, 511, 514, 518, 519, 578, 597, 598, 599, 600, 601, 602, 603, 604, 591, 592, 593, 585, 580, 712, 801, 800, 799, 797, 807, 808, 644, 643, 664, 660, 657, 655, 656, 710, 711, 764, 765, 767, 769, 770, 736, 737, 814, 808, 812, 92, 89, 99, 160, 143, 140, 141, 161, 866, 37, 157, 158, 159, 160, 277, 362, 397, 475, 581, 647, 651, 768, 803, 806","p27: continues on next page | p29: continued from p27 (serial 35); comma missing in ""475 581"""
malihabad,35,पारा भदराही,link,,27 29,72,"298, 269, 266, 265, 112, 111, 109, 91, 92, 93, 95, 96, 98, 107, 783, 785, 781, 820, 821, 823, 624, 625, 626, 628, 674, 608, 609, 593, 590, 586, 585, 584, 611, 612, 613, 614, 615, 618, 619, 672, 606, 605, 603, 602, 601, 600, 597, 599, 578, 577, 576, 567, 565, 564, 509, 510, 511, 476, 477, 478, 480, 783, 782, 780, 791, 792, 796, 797, 799, 734, 790, 785",p27: no road name printed; continues on next page | p29: continued from p27 (serial 35); no road name
malihabad,36,जिन्दाना,abadi,,29,46,"133, 132, 131, 129, 136, 137, 149, 186, 185, 184, 177, 167, 147, 148, 158, 155, 157, 158, 249, 250, 119, 118, 120, 30, 31, 159, 160, 161, 162, 25, 134, 124, 125, 153, 253, 27, 24, 25, 22, 86, 6, 252, 244, 258, 249, 133","p29: comma missing in ""120 30"""
malihabad,36,जिन्दाना,link,,29,33,"1, 10, 21, 22, 24, 25, 29, 27, 28, 29, 30, 31, 35, 37, 109, 71, 54, 65, 67, 70, 72, 121, 122, 124, 125, 133, 135, 153, 8, 7, 3, 64, 66",p29: no road name printed
malihabad,37,बिशुनपुर,abadi,,29,22,"166, 164, 169, 198, 197, 171, 140, 139, 133, 130, 128, 126, 125, 124, 143, 128, 147, 142, 13, 99, 146, 172",
malihabad,37,बिशुनपुर,link,,29,2,"198, 197",p29: no road name printed
malihabad,38,मलहा,abadi,,29,86,"161, 162, 321, 3, 324, 313, 333, 334, 300, 304, 285, 288, 290, 266, 269, 264, 263, 262, 260, 259, 240, 244, 243, 242, 241, 237, 235, 170, 169, 232, 172, 171, 173, 174, 175, 177, 178, 913, 915, 912, 94, 965, 983, 981, 1041, 1042, 1041, 1039, 1031, 1030, 1029, 1028, 1035, 1069, 1034, 1072, 1103, 1670, 1672, 1683, 1685, 1686, 1667, 1666, 1474, 1473, 1472, 1471, 1846, 235, 957, 215ग, 317ख, 317, 955ख, 271, 1877, 234, 263क, 318ख, 1666, 165, 162, 261, 259, 917ख",
malihabad,38,मलहा,link,जेहटा रोड से मलहा मार्ग व मलहा से हसन खेड़ा मार्ग,29,44,"1105, 1107, 1118, 1119, 147, 641, 640, 623, 622, 615, 614, 613, 193, 740, 738, 738, 733, 932, 931, 930, 929, 927, 1170, 1169, 1176, 1167, 1166, 1165, 1164, 1156, 1151, 1648, 1646, 1647, 1645, 1018, 1016, 1015, 1014, 1009, 1007, 1006, 992, 994",
malihabad,38,मलहा,link,सिध्देश्वरी मंदिर को जाने वाला मार्ग,29 31,33,"1474, 1473, 1472, 1471, 1464, 1462, 1458, 1456, 1452, 1451, 1448, 1438, 1439, 1440, 1434, 1436, 1487, 1433, 1425, 1424, 1425, 1421, 1420, 1419, 1418, 1417, 1415, 1431, 1369, 1370, 1408, 1410, 1441",p29: continues on next page | p31: continued from p29 (serial 38); road continues from p29 (सिध्देश्वरी मंदिर को जाने वाला मार्ग)
malihabad,38,मलहा,link,आउटर रिंग रोड/किसान पथ,31,73,"1881, 822, 823, 817, 816, 814, 737, 738, 771, 808, 845, 847, 805, 803, 798, 800, 785, 747, 183, 186, 185, 747, 201, 200, 202, 188, 189, 190, 191, 203, 197, 211, 198, 195, 193, 196, 212, 213, 215, 216, 612, 611, 610, 476, 477, 219, 218, 472, 473, 471, 470, 469, 463, 464, 469, 441, 440, 486, 485, 490, 491, 492, 439, 438, 494, 493, 434, 432, 429, 427, 431, 440, 441","p31: continued from p29 (serial 38); printed ""आउटर रिंग रोड/किसान पथ से लगें गाटा संख्या""; comma missing in ""470 469"""
malihabad,39,गोखौरा,abadi,,31,19,"82, 84, 142, 140, 143, 135, 136, 134, 267, 164, 155, 153, 24, 145, 146, 149घ, 149/669, 149/670, 143/671",
malihabad,39,गोखौरा,link,बहेलिया से गोखौरा व गोखौरा से मलहा,31,37,"108, 109, 110, 119, 120, 129, 129/672, 140, 287, 292, 293, 294, 297, 301, 327, 516, 515, 513, 493, 494, 491, 473, 472, 476, 465, 464, 377, 362, 358, 357, 356, 355, 354, 353, 339, 338, 331",
malihabad,40,बहेलिया,abadi,,33,25,"133, 134, 135, 136, 146, 147, 149, 153, 131, 146, 123, 105, 106, 107, 116, 119, 118, 109, 110, 111, 112, 113, 118ख, 132, 586",
malihabad,40,बहेलिया,link,कसमण्डी कला से बहेलिया जाने वाला मार्ग,33,34,"43, 38, 37, 36, 32, 31, 25, 24, 19, 20, 16, 17, 46, 47, 48, 74, 67, 77, 90, 89, 87ब, 86, 85, 84, 123, 125, 128, 127, 155, 156, 157, 159, 167, 169",p33: 87ब suffix printed as ब
malihabad,40,बहेलिया,link,बहेलिया से गोखौरा जाने वाला मार्ग,33,38,"289, 290, 291, 359, 360, 361, 363, 374, 382, 384, 402, 401, 403, 399, 595, 596, 597, 598, 599, 528, 527, 524, 513, 511, 506, 505, 429, 490, 427, 426, 425, 424, 423, 418, 405, 406, 407, 408/630",
malihabad,41,पिपरी कुराखर,abadi,,33,27,"135, 137, 134, 152, 160, 161, 143, 144, 192, 190, 234, 231, 193, 235, 437, 441, 452, 454, 453, 149, 151, 156स, 191, 232, 315, 443स, 451",
malihabad,41,पिपरी कुराखर,link,माल इटौंजा मार्ग,33,17,"347, 426, 427, 428, 429, 430, 461, 402, 400, 463, 466, 468, 470, 477, 478, 479, 473",
malihabad,41,पिपरी कुराखर,link,सैदापुर चौराहे से पिपरी कुराखर कमालपुर लोधौरा मार्ग,33,28,"185, 184, 183, 182, 181, 176, 175, 173, 163, 163, 161, 156, 145, 134, 32, 34, 35, 22, 25, 28, 393, 391, 390, 389, 383, 382, 346, 320",
malihabad,41,पिपरी कुराखर,link,पिपरी से देवरी गजा मार्ग,33,25,"132, 131, 13, 129, 127, 126, 203, 202, 201, 198, 197, 185, 194, 189, 188, 187, 190, 263, 262, 260, 258, 254, 253, 247, 236",
malihabad,41,पिपरी कुराखर,link,पिपरी से पुरवा मार्ग,35,15,"203, 202, 201, 200, 196, 197, 199, 205, 206, 207, 208, 210, 212, 240, 281",p35: continued from p33 (serial 41)
malihabad,42,बहरौरा,abadi,,35,39,"99, 115, 116, 163, 164, 479, 433, 430, 428, 426, 467, 174, 176, 613, 611, 608, 307, 301, 600, 595, 590, 588, 587, 586, 99, 433, 427, 428, 166, 165, 419, 422, 497, 601, 608, 607, 166, 167, 591",
malihabad,42,बहरौरा,link,जनपदीय मार्ग माल - इटौंजा मार्ग से बहरौरा सम्पर्क मार्ग,35,24,"343, 620, 619, 618, 610, 613, 616, 346, 277, 305, 306, 304, 319, 300, 296, 297, 302, 229, 169, 168, 418, 417, 167, 166",p35: road name mentions जनपदीय मार्ग but listed in road column
malihabad,43,देवरी गजा,abadi,,35,31,"257, 265, 134, 135, 137, 138, 144, 145, 146, 147, 148, 149, 150, 151, 152, 153, 154, 110, 95, 68, 70, 71, 67, 163, 165, 16, 19, 156, 47, 155, 259",
malihabad,43,देवरी गजा,link,पकरा से नहर व नहर से वीर पुर की सीमा तक रोड,35,34,"314, 317, 311, 310, 304, 301, 300, 299, 79, 78, 77, 74, 73, 63, 62, 61, 59, 58, 57, 54, 53, 52, 51, 43, 40, 39, 38, 36, 35, 70, 71, 68, 67, 65",
malihabad,43,देवरी गजा,link,पिपरी पुरवा से देवरी गजा मार्ग,35,27,"298, 297, 296, 286, 285, 281, 275, 276, 265, 266, 257, 76, 81, 84, 100, 101, 102, 103, 104, 105, 106, 111, 113, 114, 132, 261, 263",
malihabad,43,देवरी गजा,link,अकबरपुर से देवरी गजा सम्पर्क मार्ग,35,7,"202, 201, 200, 198, 196, 193, 192",
malihabad,44,पकरा,abadi,,35,22,"182, 290, 284, 279, 278, 247, 242, 199, 200, 190, 191, 240, 192, 193, 195, 189, 192, 246, 242, 290, 187, 243",
malihabad,44,पकरा,link,माल इटौंजा मार्ग,35,15,"255, 256, 263, 264, 267, 268, 269, 270, 308, 310, 311, 312, 315, 316, 317",
malihabad,44,पकरा,link,माल इटौंजा मार्ग से बदैया मार्ग,35,29,"266, 277, 276, 278, 187, 291, 182, 181, 180, 44, 46, 49, 50, 47, 48, 62, 66, 67, 69, 2, 3, 10, 11, 12, 16, 17, 18, 37, 36",
malihabad,44,पकरा,link,पकरा से राजगढ़ मार्ग,35,10,"234, 233, 237, 216, 205, 206, 209, 239, 203, 242",
malihabad,45,चन्दवारा,abadi,,37,44,"17, 25, 27, 28, 29, 31, 75, 73, 69, 70, 66, 46, 45, 41, 124, 127, 118, 117, 116, 145, 176, 177, 178, 179, 190, 223, 213, 300, 299, 230, 232, 234, 26, 38, 76, 73, 74, 121, 122, 225, 227, 83, 160, 133","p37: comma missing in ""225 227"""
malihabad,45,चन्दवारा,link,,37,64,"3, 4, 6, 16, 41, 17, 87, 88, 93, 94, 95, 96, 97, 99, 100, 106, 107, 108, 128, 129, 133, 154, 159, 160, 1226, 125, 124, 137, 139, 143, 144, 145, 146, 116, 242, 273, 279, 236, 230, 281, 295, 296, 297, 299, 269, 268, 254, 30/340, 31, 75, 73, 70, 53, 57, 60, 89, 91, 102, 103, 126, 147, 189, 191, 300","p37: no road name printed; comma missing in ""254 30/340""; last printed as ""191300"" (no comma), read as 191 and 300"
malihabad,46,शाहमऊ,abadi,,37,8,"74, 78, 79, 85, 88, 89, 188, 96",
malihabad,46,शाहमऊ,link,,37,48,"101, 171, 173, 172, 168, 160, 161, 121, 122, 133, 147, 144, 154, 221, 200, 199, 198, 181, 99, 97, 38, 39, 41, 64, 43, 44, 45, 61, 62, 77, 50, 51, 52, 53, 95, 137, 157, 151, 260, 261, 258, 262, 263, 139, 149, 265, 266, 267",p37: no road name printed
malihabad,47,नौबस्ता,abadi,,37,19,"99, 98, 263, 262, 261, 260, 258, 257, 256, 255, 252, 254, 233, 232, 231, 230, 168, 164, 179",
malihabad,47,नौबस्ता,link,,37,43,"111, 160, 163, 99, 100, 102, 342, 180, 140, 141, 146, 178, 188, 182, 178, 185, 186, 180, 147, 148, 149, 174, 173, 172, 171, 170, 163, 230, 231, 179, 3, 4, 11, 12, 139, 138, 135, 129, 130, 123, 121, 120, 118",p37: no road name printed
malihabad,48,भंवर,abadi,,37,7,"210, 211, 202, 201, 214, 219, 220",
malihabad,48,भंवर,link,,37,27,"198, 215, 214, 201, 200, 184, 185, 187, 189, 190, 191, 192, 193, 194, 196, 197, 220, 9, 10, 11, 12, 13, 32, 18, 19, 20, 25",p37: no road name printed
malihabad,49,ऑट,abadi,,37,19,"134, 137, 139, 161, 194, 199, 200, 202, 203, 204, 210, 212, 214, 136, 196, 136, 163, 164, 139","p37: comma missing in ""136 196"""
malihabad,49,ऑट,link,,37,34,"177, 172, 163, 164, 189, 184, 230, 239, 240, 222, 125, 124, 224, 228, 227, 169, 172, 177, 2, 7, 33, 35, 38, 39, 41, 42, 192, 169, 184, 71, 72, 73, 69, 66",p37: no road name printed
malihabad,50,भुलसी,abadi,,37,9,"70, 89, 97, 92, 93, 151, 71, 79, 88",
malihabad,50,भुलसी,link,,37 39,77,"68, 66, 64, 70, 71, 73, 64, 92, 93, 154, 156, 157, 159, 160, 152, 151, 95, 98, 21, 22, 4, 19, 18, 114, 115, 135, 134, 133, 128, 169, 171, 188, 185, 179, 176, 174, 173, 109, 120, 121, 123, 119, 124, 118, 116, 115, 114, 21, 18, 19, 20, 25, 6, 7, 8, 9, 16, 17, 62, 122, 111, 130, 131, 167, 166, 148, 196, 189, 197, 147, 33, 32, 34, 149, 147, 3, 1",p37: no road name printed; continues on next page | p39: continued from p37 (serial 50); no road name
malihabad,51,दुलारमऊ,abadi,,39,16,"234, 186, 187, 188, 189, 198, 201, 213, 215, 216, 217, 218, 232, 263, 260, 261",
malihabad,51,दुलारमऊ,link,,39,111,"154, 155, 156, 157, 177, 179, 180, 182, 183, 235, 236, 237, 238, 254, 253, 248, 247, 257, 258, 260, 261, 263, 264, 265, 266, 267, 268, 269, 276, 277, 278, 279, 201, 212, 205, 207, 197, 198, 219, 220, 221, 222, 223, 224, 195, 164, 149, 43, 42, 41, 40, 39, 36, 35, 1, 3, 264, 284, 285, 286, 290, 291, 292, 294, 295, 280, 282, 272, 264, 182, 187, 188, 189, 190, 191, 195, 172, 173, 174, 179, 180, 150, 151, 152, 153, 123, 121, 133, 117, 134, 114, 115, 83, 84, 80, 79, 105, 103, 87, 88, 102, 86, 95, 96, 97, 98, 99, 31, 30, 28, 2",p39: no road name printed
malihabad,52,कुन्डरा खुर्द,abadi,,39,40,"273, 277, 284, 285, 286, 288, 290, 291, 311, 312, 329, 330, 331, 332, 333, 334, 335, 336, 338, 339, 340, 341, 342, 343, 344, 345, 371, 364, 359, 357, 356, 355, 354, 353, 344, 371, 358, 84, 85, 347",
malihabad,52,कुन्डरा खुर्द,link,,39,56,"318, 317, 313, 308, 309, 297, 296, 311, 327, 326, 329, 330, 273, 271, 272, 259, 257, 350, 349, 351, 365, 376, 370, 364, 378, 351, 349, 350, 257, 259, 271, 272, 256, 250, 274, 269, 284, 251, 197, 190, 198, 188, 191, 180, 201, 31, 32, 57, 58, 59, 60, 61, 62, 55, 51, 54",p39: no road name printed
malihabad,53,कुन्डरा कलां,abadi,,39,17,"20, 24, 26, 27, 28, 79, 80, 81, 82, 77, 88, 89, 92, 93, 94, 74, 78",
malihabad,53,कुन्डरा कलां,link,,39,39,"97, 95, 91, 98, 94, 85, 86, 89, 83, 74, 101, 32, 16, 35, 37, 39, 32, 47, 41, 17, 18, 111, 14, 39, 38, 54, 55, 69, 70, 56, 57, 58, 114, 115, 116, 100, 99, 109, 108","p39: no road name printed; comma missing in ""58 114"""
malihabad,54,शेरपुर भौसा,abadi,,39,44,"261, 264, 265, 295, 296, 298, 304, 305, 306, 311, 310, 314, 315, 321, 318, 134, 117, 171, 170, 173, 168, 167, 154, 151, 137, 136, 155, 162, 106, 156, 174, 185, 139, 144, 138, 268, 259, 317, 299, 300, 303, 310, 134, 115",
malihabad,54,शेरपुर भौसा,link,,39 41,107,"117, 118, 119, 120, 121, 47, 45, 49, 50, 104, 105, 216, 108, 109, 110, 111, 112, 113, 114, 115, 218, 219, 225, 242, 244, 246, 223, 221, 365, 364, 363, 403, 407, 408, 411, 410, 353, 352, 347, 422, 423, 424, 425, 426, 427, 429, 430, 431, 434, 420, 419, 414, 415, 400, 371, 370, 375, 379, 448, 380, 468, 459, 476, 482, 455, 456, 454, 453, 451, 450, 377, 374, 160, 153, 155, 161, 162, 277, 278, 280, 365, 366, 367, 285, 286, 287, 371, 363, 299, 33, 301, 309, 353, 354, 356, 245, 249, 250, 251, 326, 315, 321, 319, 318, 314, 316, 276",p39: no road name printed; continues on next page
malihabad,55,मलिहाबाद,abadi,,41 43,288,"1006, 1718/1, 602, 927, 892, 1814, 1052, 1778, 1603, 2458, 1056, 1945, 325, 160/1, 1123स, 90/3, 1014, 153, 191, 103, 1012, 1032, 1053, 1044, 144, 145, 146, 147, 148, 149, 150, 151, 152, 153, 156, 1521, 1122, 1516, 1517, 1522, 1511, 1510, 1518, 1522, 1523, 1526, 1527, 1528, 1529, 1530, 1646, 1645, 1526, 1551, 1552, 1524, 1710, 1944, 1577, 1929, 1811, 959, 2542, 2484, 1125, 1131, 1130, 1132, 1127, 1126, 1163, 1017, 994, 993, 991, 992, 990, 1018, 989, 982, 986, 970, 971, 972, 973, 974, 975, 976, 977, 978, 979, 980, 981, 983, 984, 985, 986, 987, 988, 1000, 1005, 1003, 1005, 1007, 1013, 1017, 1018, 1019, 1020, 1021, 1022, 1023, 1025, 1026, 1027, 1028, 1029, 1030, 1031, 1032, 1033, 1034, 1035, 1036, 1037, 1038, 1039, 1040, 1041, 1042, 1043, 1044, 1045, 1046, 1047, 1048, 1049, 1050, 1054, 1070, 1072, 1073, 1074, 1075, 1076, 1077, 1078, 1079, 1080, 1081, 1082, 1083, 1084, 1085, 1086, 1087, 1089, 1106, 1122, 1700, 198, 1699, 1741, 1742, 1744, 1745, 1746, 1710, 1711, 1712, 1713, 1714, 1715, 1716, 1717, 1718, 1720, 1726, 1727, 1728, 1729, 1730, 1731, 1732, 1943, 1957, 1949, 2057, 2058, 2059, 2060, 2053, 2052, 2056, 2063, 2064, 2066, 2067, 2068, 2069, 2070, 2071, 2073, 2075, 2076, 2077, 2080, 2078, 2079, 2093, 2094, 2092, 2087, 2086, 2085, 2082, 2081, 2083, 2084, 2085, 2186, 2187, 2185, 2184, 2190, 2188, 2189, 2212, 2213, 2214, 1923, 1924, 1925, 1926, 1927, 1929, 1930, 1932, 1933, 1873, 1874, 1875, 1871, 1872, 1870, 1839, 1840, 1841, 1842, 1843, 1844, 1845, 1846, 1848, 1849, 1836, 1837, 1869, 1851, 1853, 1855, 1856, 1857, 1859, 1860, 1861, 1862, 1863, 1864, 1865, 1866, 1867, 1868, 1812, 1813, 1814, 1815, 1817, 1818, 1819, 1820, 1821, 1826, 1827, 1828, 1829, 1831, 1835",p41: cell continues on next page | p43: continued from previous page
malihabad,55,मलिहाबाद,nh,एन.एच.आई.,41,34,"56, 90, 100, 101, 105, 106, 107, 108, 112, 111, 103, 104, 110, 135, 133, 166, 167, 168, 173, 175, 174, 209, 212, 213, 214, 215, 216, 221, 223, 224, 228, 229, 230, 269",moved to nh: road named एन.एच.आई.
malihabad,55,मलिहाबाद,link,मोहान मलिहाबाद,41,159,"115, 116, 117, 135, 133, 123, 119, 120, 170, 169, 167, 158, 159, 160, 161, 162, 163, 165, 201, 202, 268, 269, 302, 303, 304, 305, 306, 307, 310, 313, 314, 318, 319, 322, 324, 323, 325, 326, 330, 331, 332, 567, 566, 562, 563, 561, 560, 373, 371, 370, 367, 366, 365, 355, 354, 351, 346, 345, 344, 343, 336, 568, 569, 571, 570, 582, 583, 582, 588, 594, 589, 594, 599, 600, 601, 613, 614, 620, 621, 623, 781, 782, 783, 784, 785, 786, 800, 808, 809, 810, 817, 837, 838, 2624, 2625, 2622, 2610, 2611, 2612, 2616, 2617, 2618, 1009, 1005, 1003, 1002, 996, 995, 993, 992, 987, 993, 986, 979, 980, 978, 971, 970, 967, 961, 959, 958, 956, 955, 952, 938, 937, 936, 935, 933, 931, 930, 929, 919, 918, 917, 916, 915, 856, 855, 854, 853, 840, 2246, 2247, 2248, 2455, 2456, 2457, 2470, 2471, 2472, 2453, 2454, 2456, 2457, 2607, 2606, 2605",
malihabad,55,मलिहाबाद,link,हरदोई रोड से गल्लामंडी,43,27,"1209/2805, 1209, 1207, 1203, 1202, 1201, 1139, 1138, 1157, 1134, 1133, 1132, 1131, 1125, 36, 35, 38, 39, 42, 43, 44, 45, 69, 70, 71, 156, 155","p43: printed "",,"" empty token after 1209/2805 skipped"
malihabad,56,चॉदपुर,abadi,,43,14,"126, 125, 191, 197, 198, 197, 212, 192, 191, 183, 185, 127, 128, 184",
malihabad,56,चॉदपुर,link,,43,28,"393, 391, 392, 339, 340, 335, 336, 396, 414, 477, 486, 487, 488, 494, 405, 387, 424, 426, 431, 432, 434, 396, 391, 213, 215, 204, 205, 206",
malihabad,57,हाशिमपुर,abadi,,43,20,"230, 232, 228, 227, 248, 240, 241, 242, 250, 251, 243, 244, 255, 256, 257, 379, 396, 431, 427, 435",
malihabad,57,हाशिमपुर,link,,43,8,"276, 277, 278, 279/670, 197, 201, 202, 203",
malihabad,58,अहमदाबाद,abadi,,43,52,"117, 118, 119, 120, 121, 123, 122, 124, 135, 136, 512, 510, 614, 607, 591, 587, 544, 540, 472, 418, 472, 471, 521, 129, 130, 124, 243, 132, 131, 245, 590, 137, 111, 114, 115, 137, 243, 249, 486, 484, 474, 471, 537, 541, 546, 543, 487, 544, 607, 615, 470, 521",
malihabad,58,अहमदाबाद,link,हरदोई रोड,43,58,"204, 205, 208, 209, 211, 212, 264, 243, 270, 68, 250, 249, 121, 120, 118, 117, 110, 109, 108, 637, 631, 630, 629, 128, 627, 626, 621, 624, 634, 502, 500, 496, 495, 438, 436, 434, 433, 432, 431, 422, 288, 280, 281, 282, 283, 633, 276, 277, 278, 279/670, 287, 201, 202, 203, 263, 268, 122, 119",
malihabad,58,अहमदाबाद,link,सम्पर्क मार्ग,43,38,"388, 390, 391, 523, 524, 525, 528, 530, 531, 607, 609, 610, 611, 640, 439, 628, 616, 617, 623, 625, 626, 614, 615, 62, 61, 60, 63, 46, 43, 65, 140, 132, 131, 115, 111, 110, 117, 130",
malihabad,59,कहला,abadi,,43,32,"704, 708, 718, 719, 721, 722, 724, 751, 750, 750/1222, 749, 743, 736, 731, 730, 642, 704, 695, 701, 702, 703, 709, 715, 716, 699, 695, 728, 691, 743, 715, 716, 717",
malihabad,59,कहला,link,,43 45,59,"60, 61, 604, 605, 607, 608, 610, 612, 611, 619, 620, 624, 625, 633, 634, 732, 739, 740, 741, 742, 746, 756, 936, 934, 932, 931, 930, 928, 927, 924, 923, 922, 917, 916, 915, 911, 910, 909, 908, 991, 992, 993, 889, 980, 938, 939, 940, 941, 942, 947, 960, 961, 962, 963, 964, 976, 977, 946, 947",p43: cell continues on next page | p45: continued from previous page
malihabad,60,पतौना,abadi,,45,25,"562, 554, 553, 567, 570, 588, 586, 583, 584, 577, 666, 650, 597, 472, 473, 121, 135, 94, 95, 97, 54, 32, 49, 48, 31",
malihabad,60,पतौना,link,,45,63,"358, 363, 360, 362, 365, 369, 371, 372, 373, 374, 378, 317, 316, 315, 310, 309, 301, 299, 298, 74, 75, 76, 128, 129, 130, 146, 147, 148, 149, 150, 223, 224, 225, 226, 227, 266, 493, 492, 489, 488, 521, 523, 380, 391, 393, 400, 401, 402, 403, 405, 407, 408, 409, 457, 458, 459, 615, 616, 621, 622, 623, 624, 626",
malihabad,60,पतौना,link,सम्पर्क मार्ग,45,42,"380, 381, 382, 383, 384, 429, 431, 432, 434, 435, 474, 524, 526, 559, 560, 61, 62, 277, 290, 292, 294, 295, 296, 42, 64, 66, 68, 70, 72, 126, 127, 130, 139, 141, 143, 145, 601, 637, 650, 654, 655, 647",
malihabad,61,गौरैय्या,abadi,,45,8,"210, 214, 213, 190, 191, 193, 136, 203",
malihabad,61,गौरैय्या,link,,45,38,"106, 105, 104, 107, 109, 111, 113, 114, 115, 235, 236, 237, 238, 239, 288, 285, 284, 281, 280, 275, 274, 273, 263, 262, 261, 260, 259, 254, 253, 252, 244, 243, 242, 312, 315, 316, 317, 318",
malihabad,61,गौरैय्या,link,सम्पर्क मार्ग,45,27,"116, 117, 234, 233, 225, 224, 212, 195, 139, 141, 142, 150, 151, 155, 156, 160, 182, 181, 178, 177, 174, 173, 166, 165, 164, 163, 162",
malihabad,62,सैबसी,abadi,,47,6,"13, 70, 68, 45, 34, 36",
malihabad,62,सैबसी,link,सम्पर्क मार्ग,47,37,"38, 34, 33, 10, 18, 21, 22, 23, 3, 38, 101, 102, 95, 94, 84, 82, 64, 58, 23, 24, 25, 27, 96, 93, 91, 89, 78, 75, 76, 63, 66, 67, 68, 52, 64, 53, 64","p47: ""96 93"" printed without comma, read as two numbers"
malihabad,63,सरथरा,abadi,,47,16,"52, 53, 54, 64, 88, 87, 89, 237, 239, 241, 245, 247, 249, 251, 390, 62",
malihabad,63,सरथरा,link,सम्पर्क मार्ग,47,127,"350, 349, 348, 346, 343, 341, 340, 339, 335, 333, 334, 327, 326, 325, 304, 306, 303, 322, 371, 369, 368, 362, 363, 361, 352, 353, 24, 25, 28, 59, 93, 97, 159, 158, 161, 232, 26, 30, 31, 32, 33, 49, 50, 51, 7, 16, 19, 17, 22, 24, 25, 28, 93, 97, 99, 100, 159, 158, 161, 201, 232, 210, 209, 208, 206, 205, 204, 203, 184, 198, 199, 200, 230, 326, 325, 304, 303, 297, 296, 292, 290, 278, 275, 273, 272, 306, 308, 322, 371, 369, 368, 361, 367, 365, 389, 360, 361, 362, 363, 353, 352, 350, 349, 348, 340, 342, 341, 339, 335, 327, 333, 334, 325, 326, 327, 288, 287, 286, 377, 378, 380, 10, 382, 359, 355, 401, 400","p47: ""10"" at line end then ""382"" on next line with no comma; read as separate 10 and 382"
malihabad,64,थरी,abadi,,47 49,120,"21, 22, 23, 24, 56, 84, 83, 81, 82, 112, 96, 97, 98, 100, 14, 361, 363, 382, 384, 406, 404, 403, 410, 411, 466, 430, 432, 433, 435, 437, 341, 342, 332, 330, 352, 353, 360, 987, 997, 996, 1040, 993, 1036, 1005, 1000, 1006, 1007, 809, 739, 738, 718, 719, 767, 742, 675, 674, 670, 664, 661, 575, 571, 573, 566, 642, 641, 638, 637, 632, 617, 1441, 1440, 1474, 1484, 1463, 1464, 1482, 1890, 1899, 1901, 1924, 1932, 1933, 1937, 1936, 1937, 1901, 1903, 1904, 1983, 1960, 1961, 1963, 2004, 2005, 2228, 2229, 2246, 2252, 2248, 2294, 1996, 1993, 2003, 1636, 1637, 1750, 1479, 1743, 1711, 1715, 1713, 1722, 348, 344, 355, 425, 562, 1747, 1744, 1750",p47: cell continues on next page | p49: continued from previous page
malihabad,64,थरी,link,,47 49,167,"1, 2, 3, 5, 6, 8, 117, 75, 119, 130, 131, 217, 214, 202, 200, 245, 247, 248, 252, 359, 365, 366, 367, 363, 382, 384, 406, 463, 411, 1101, 1099, 1098, 1097, 1105, 1210, 1199, 1198, 1197, 1196, 1195, 1192, 1193, 1191, 1190, 1205, 1148, 1152, 1165, 865, 864, 863, 862, 809, 786, 788, 789, 819, 818, 821, 822, 823, 851, 856, 857, 540, 536, 538, 524, 525, 531, 530, 1332, 1335, 1339, 1341, 1342, 1343, 1350, 1361, 1360, 1359, 1901, 1899, 1890, 1404, 1405, 1430, 1435, 1446, 1445, 1444, 1442, 1459, 1453, 531, 1537, 2413, 13, 14, 118, 78, 79, 114, 65, 150, 221, 251, 268, 259, 263, 264, 261, 409, 100, 1104, 406, 1188, 1123, 1147, 1248, 1229, 1479, 1480, 1481, 1482, 1294, 1295, 1398, 1300, 1301, 1474, 1454, 1813, 1545, 1817, 1561, 1564, 1563, 1566, 1567, 1762, 1750, 1708, 1725, 104, 103, 101, 81, 95, 112, 79, 118, 217, 214, 202, 161, 361, 163, 182, 185, 403, 410, 354, 351, 352, 350, 304",p47: cell continues on next page | p49: continued from previous page
malihabad,65,बुधड़िया,abadi,,49,21,"80, 93, 117, 118, 119, 62, 71, 72, 84, 83, 82, 81, 85, 78, 202/85, 73, 203/93, 76, 75, 100, 85",
malihabad,65,बुधड़िया,link,,49,27,"62, 63, 85, 86, 89, 93, 96, 97, 158, 157, 159, 160, 162, 163, 166, 168, 169, 174, 175, 176, 177, 100, 99, 199, 190, 198, 178",
malihabad,66,दुगौली,abadi,,49,34,"211, 212, 216, 217, 219, 225, 237, 185, 186, 188, 180, 192, 191, 190, 196, 197, 86, 571, 589, 578, 569, 573, 568, 575, 576, 536, 532, 221, 222, 223, 224, 226, 227, 276",
malihabad,66,दुगौली,link,,49,43,"239, 238, 237, 185, 184, 183, 189, 117, 118, 133, 134, 144, 138, 168, 147, 146, 170, 178, 179, 101, 104, 130, 41, 40, 44, 45, 46, 47, 80, 82, 83, 87, 93, 99, 150, 260, 252, 262, 261, 650, 651, 656, 648","p49: ""185 184"" printed without comma, read as two numbers"
malihabad,67,सालिहाबाद,abadi,,49,4,"35, 28, 25, 27",
malihabad,67,सालिहाबाद,link,,49,13,"10, 12, 13, 27, 26, 25, 23, 2227, 40, 39, 38, 37, 36",p49: 2227 printed as is (possibly 22 and 27 missing comma)
malihabad,68,टिकैतगंज,abadi,,51,34,"46, 32, 30, 29, 171, 172, 180, 183, 177, 181, 182, 184, 173, 175, 176, 168, 169, 170, 130, 131, 166, 206, 211, 212, 213, 214, 215, 218, 28, 31, 33, 52, 186, 183",
malihabad,68,टिकैतगंज,link,,51,86,"28, 29, 50, 53, 126, 127, 171, 179, 193, 299, 298, 297, 296, 290, 289, 288, 287, 282, 271, 270, 269, 243, 242, 240, 239, 232, 224, 225, 226, 227, 220, 219, 204, 205, 207, 206, 65, 70, 67, 199, 198, 197, 196, 195, 194, 193, 184, 170, 129, 128, 125, 113, 114, 115, 109, 110, 107, 111, 106, 101, 52, 51, 49, 48, 47, 26, 201, 203, 202, 222, 223, 203, 204, 48, 57, 58, 62, 69, 9, 10, 12, 66, 64, 45, 46, 47","p51: cell has two unnamed blocks (second starts at 199), merged; ""269 243"" and ""240 239"" printed without commas"
malihabad,69,अल्लूपुर,abadi,,51,56,"190, 126, 294, 74, 18, 19, 20, 21, 22, 27, 31, 40, 64, 68, 69, 95, 96, 93, 92, 88, 89, 135, 133, 190, 189, 107, 186, 185, 181, 83, 84, 85, 86, 81, 80, 79, 78, 77, 76, 74, 94, 97, 72, 73, 9, 10, 12, 13, 23, 32, 39, 41, 43, 44, 47, 49","p51: ""19 20"" and ""89""/""135"" printed without commas"
malihabad,69,अल्लूपुर,link,,51,61,"137, 140, 141, 142, 143, 144, 145, 150, 151, 153, 154, 155, 156, 164, 165, 166, 168, 118, 169, 170, 171, 172, 135, 132, 130, 120, 119, 175, 380, 385, 395, 396, 305, 197, 103, 200, 200/412, 203, 207, 99, 203, 208, 209, 212, 213, 215, 217, 230, 229, 97, 98, 99, 100, 89, 19, 20, 130, 132, 133, 86, 85","p51: ""154 155"" and ""133 86"" printed without commas"
malihabad,70,हबीबपुर,abadi,,51,16,"103, 102, 101, 99, 98, 94, 92, 91, 86, 106, 367, 366, 95, 68, 78, 89",
malihabad,70,हबीबपुर,link,,51 53,82,"9, 30, 34, 35, 38, 39, 41, 125, 126, 127, 223, 224, 225, 226, 227, 228, 310, 354, 355, 362, 365, 364, 408, 409, 282, 283, 326, 325, 328, 330, 342, 343, 352, 358, 123, 118, 117, 116, 115, 114, 113, 112, 111, 109, 108, 106, 158, 157, 155, 156, 152, 151, 147, 132, 131, 173, 172, 171, 165, 143, 142, 141, 128, 126, 187, 194, 195, 253, 254, 255, 256, 266, 267, 272, 273, 274, 280, 281, 282, 363, 359, 329",p51: cell continues on next page | p53: continued from previous page
malihabad,71,नवी नगर,abadi,,53,75,"115, 377, 373, 382, 386, 365, 353, 290, 354, 361, 353, 354, 361, 456, 291, 292, 318, 319, 324, 325, 229, 231, 232, 310, 308, 307, 263, 266, 189, 172, 163, 182, 183, 173, 160, 290/1418, 286, 287, 366, 372, 276, 118, 119, 155, 165, 164, 163, 273, 274, 188, 268, 269, 270, 302, 304, 305, 170, 285ग, 298, 555, 556, 558, 559, 561, 562, 576, 578, 543, 550, 551, 552, 653, 554, 201, 300",
malihabad,71,नवी नगर,link,,53,75,"5, 6, 7, 14, 16, 19, 20, 196, 201, 203, 204, 205, 206, 243, 221, 222, 240, 235, 229, 328, 587, 588, 589, 594, 595, 596, 324, 319, 318, 338, 340, 347, 554, 708, 709, 711, 713, 714, 733, 890, 891, 893, 912, 913, 909, 908, 914, 916, 982, 1172, 558, 723, 694, 906, 854, 1227, 1188, 1186, 1185, 1225, 1224, 1249, 1312, 1314, 219, 225, 226, 228, 227, 325/1424, 598, 599, 600, 601, 602",
malihabad,72,भदवाना,abadi,,53,46,"341, 330, 312, 333, 324, 343, 342, 345, 344, 347, 340, 83, 87, 86, 88, 89, 115, 113, 112, 111, 110, 108, 120, 127, 161, 162, 176, 182, 84, 85, 78, 90, 114, 128, 121, 129, 346, 350, 351, 329, 123, 344, 347, 349, 346, 160",
malihabad,72,भदवाना,link,,53,82,"1, 2, 6, 7, 8, 9, 10, 12, 20, 24, 25, 27, 28, 15, 31, 35, 36, 39, 41, 42, 43, 158, 156, 155, 146, 145, 144, 141, 140, 132, 131, 130, 116, 85, 86, 83, 82, 79, 80, 76, 72, 184, 182, 176, 162, 161, 280, 282, 284, 304, 305, 317, 319, 333, 334, 308, 309, 294, 296, 234, 236, 235, 228, 226, 221, 220, 358, 357, 356, 355, 354, 314, 315, 318, 84, 160, 152, 337, 336, 335, 284, 283",
malihabad,73,वाजिद नगर,abadi,,53 55,45,"12, 13, 14, 16, 113, 114, 117, 118, 119, 120, 121, 123, 124, 172, 171, 173, 176, 174, 169, 168, 186, 185, 181, 11, 184, 187, 167, 166, 155, 156, 175, 126, 111, 91, 19, 20, 17, 18, 15, 9, 10, 180, 15, 17, 177",p53: cell continues on next page | p55: continued from previous page
malihabad,73,वाजिद नगर,link,,53 55,74,"22, 23, 25, 26, 27, 28, 31, 32, 33, 43, 45, 46, 48, 49, 51, 55, 57, 62, 64, 66, 69, 70, 71, 111, 109, 108, 105, 104, 103, 98, 97, 95, 94, 93, 135, 134, 130, 127, 126, 118, 117, 114, 113, 17, 19, 20, 21, 21, 20, 19, 17, 119, 125, 42, 171, 29, 30, 1, 3, 4, 145, 144, 143, 191, 156, 151, 192, 193, 194, 196, 136, 137, 138, 139",p53: cell continues on next page | p55: continued from previous page
malihabad,74,दाउदपुर,abadi,,55,42,"35, 36, 32, 33, 30, 37, 29, 28, 27, 178, 177, 188, 173, 170, 184, 186, 126, 122, 53, 23, 38, 40, 41, 52, 55, 118, 119, 165, 164, 171, 187, 153, 138, 131, 132, 136, 130, 211, 215, 34, 36, 167",
malihabad,74,दाउदपुर,link,,55,73,"3, 4, 6, 7, 9, 11, 12, 13, 14, 21, 22, 23, 39, 41, 43, 45, 47, 60, 61, 62, 63, 64, 65, 68, 67, 78, 77, 76, 107, 108, 104, 105, 98, 97, 93, 94, 95, 91, 89, 85, 81, 82, 170, 171, 211, 212, 219, 215, 148, 150, 153, 130, 131, 132, 164, 166, 165, 126, 53, 241, 242, 244, 162, 160, 158, 152, 143, 144, 145, 448, 217, 147, 315",
malihabad,75,ढखवा,abadi,,55,113,"241, 242, 243, 244, 240, 246, 264, 263, 264, 265, 219, 178, 177, 266, 27, 229, 230, 231, 232, 233, 234, 235, 475, 479, 460, 453, 454, 459, 460, 468, 467, 466, 480, 510, 511, 512, 481, 484, 308, 310, 858, 860, 861, 862, 864, 830, 837, 838, 839, 851, 220, 112क, 237, 844, 125, 263, 222, 474, 226, 470, 60, 230, 471, 242, 722, 243, 7क, 112ख, 469, 847, 253, 171, 172, 173, 175, 179, 508, 513, 591, 593, 597, 598, 599, 604, 605, 857, 865, 867, 811, 814, 827, 829, 831, 832, 854, 835, 77, 206, 368, 289, 290, 291, 292, 295, 297, 343, 597, 599, 601, 602, 719, 721, 781",
malihabad,75,ढखवा,link,,55 57,174,"8, 9, 10, 11, 73, 74, 75, 76, 77, 78, 85, 86, 90, 92, 93, 94, 95, 100, 102, 103, 104, 111, 169, 170, 171, 230, 238, 241, 240, 248, 246, 253, 276, 278, 269, 308, 317, 315, 318, 320, 489, 492, 554, 486, 482, 481, 480, 466, 465, 435, 434, 433, 421, 420, 427, 423, 632, 629, 605, 601, 518, 514, 513, 508, 509, 498, 497, 724, 989, 991, 992, 704, 706, 719, 718, 722, 858, 729, 727, 730, 731, 659, 760, 761, 776, 753, 716, 717, 807, 806, 809, 810, 839, 838, 835, 834, 824, 823, 819, 820, 799, 788, 791, 847, 631, 429, 432, 469, 476, 483, 488, 490, 598, 599, 6066, 319, 279, 254, 249, 247, 242, 223, 173, 175, 148, 149, 179, 184, 185, 187, 188, 189, 190, 661, 658, 674, 663, 664, 665, 142, 143, 145, 146, 149, 689, 691, 721, 759, 763, 764, 767, 768, 713, 852, 853, 854, 851, 882, 881, 880, 878, 879, 811, 828, 830, 805, 806, 874, 869, 860, 861, 862, 857, 858",p55: cell continues on next page; 6066 printed as is | p57: continued from previous page
malihabad,76,गहदों,abadi,,57,154,"248, 252, 253, 255, 214, 215, 216, 217, 218, 228, 229, 231, 233, 234, 236, 238, 246, 305, 301, 302, 303, 1468, 1467, 1482, 1491, 1494, 1507, 1509, 1510, 1514, 2145, 2146, 2148, 2149, 2192, 2142, 128, 135, 137, 143, 145, 159, 215, 323, 324, 325, 375, 377, 372, 416, 389, 391, 415, 492, 533, 532, 534, 731, 732, 737, 700, 701, 806, 1132, 1352, 1353, 1363, 1362, 1370, 1365, 1290, 2196, 2185, 2181, 2189, 2108, 2112, 2113, 2116, 2118, 2130, 2133, 2132, 2139, 1929, 1930, 1935, 1936, 1941, 1946, 1947, 1925, 1875, 1197, 1198, 1740, 1741, 1739, 1735, 1745, 1746, 1744, 1706, 1704, 1710, 1712, 1717, 1718, 1537, 1293, 1292, 1291, 1352, 1350, 1362, 1290, 1313, 1347, 1280, 1208, 734, 1471, 1465, 1463, 1458, 1459, 1460, 1455, 1456, 493, 488, 486, 453, 455, 529, 570, 567, 564, 539, 456, 461, 2104, 2140, 2141, 2194, 2193, 2114, 2115, 1927, 1950, 1916, 1917, 305, 306",
malihabad,76,गहदों,link,,57 59,328,"83, 85, 86, 87, 126, 127, 128, 136, 137, 145, 144, 143, 81, 80, 79, 56, 60, 673, 805, 806, 842, 843, 789, 787, 790, 793, 792, 733, 689, 688, 685, 681683, 632, 631, 630, 750, 759, 746, 745, 744, 795, 799, 742, 713, 711, 710, 708, 706, 705, 655, 653, 636, 635, 634, 407, 48, 547, 550, 553, 554, 580, 581, 582, 594, 595, 597, 570, 571, 584, 585, 586, 587, 603, 604, 511, 510, 520, 522, 523, 529, 1361, 1362, 1364, 1247, 1248, 1273, 1243, 1242, 1241, 1277, 1276, 1275, 1274, 1244, 1236, 1235, 1234, 1233, 1232, 1231, 1230, 1227, 1224, 1217, 1210, 1209, 1208, 1202, 1201, 1200, 1194, 1193, 1192, 1191, 1188, 1187, 1186, 1179, 1155, 1149, 1147, 1146, 1130, 1129, 1127, 1123, 1122, 1120, 1119, 1117, 1116, 1115, 1114, 1113, 1092, 1088, 1086, 1081, 1075, 1071, 1813, 1812, 1811, 1810, 1808, 1805, 1803, 1802, 1798, 1774, 1773, 1771, 1770, 1713, 1712, 1710, 1709, 1708, 1706, 1703, 1702, 1701, 1700, 1699, 1524, 1525, 1522, 1521, 1514, 1469, 1468, 1467, 1462, 1461, 1458, 1455, 1454, 1453, 1450, 1448, 1440, 1439, 1434, 1431, 1430, 1392, 1391, 1390, 1389, 1378, 2137, 2139, 1536, 1537, 1539, 1541, 1550, 1555, 1554, 1553, 1662, 1661, 1644, 1642, 1907, 1908, 2031, 2032, 2033, 2040, 2037, 1505, 1507, 1561, 1587, 1602, 1604, 1605, 1625, 1626, 1641, 1638, 1645, 1649, 1650, 1920, 1199, 1919, 1902, 1904, 1905, 1906, 2135, 2118, 1803, 1802, 1800, 1799, 1797, 1796, 1795, 1791, 1792, 1793, 1869, 1871, 1867, 1865, 1864, 1863, 1862, 1861, 1860, 1859, 1848, 1847, 1846, 1845, 1844, 1843, 1832, 1831, 1829, 1806, 1805, 1134, 1140, 1011, 178, 1172, 1155, 1159, 1181, 1197, 1195, 679, 695, 1432, 1452, 1453, 1460, 1518, 1519, 1223, 1523, 801, 1809, 1821, 1070, 1080, 1079, 1083, 1084, 1087, 1091, 1125, 1132, 1148, 1511, 1510, 1517, 1535, 1557, 1590, 1603, 1631, 2041, 2067, 1637, 2069, 2070, 2073, 2101, 2122, 2124, 2114, 2115, 2131, 2116, 1051, 1054, 1048, 1047, 1046, 1045, 1044, 1042, 1053","p57: cell continues on next page; 681683 printed as is (likely 681 and 683 missing comma); printed "",,"" empty token after 673 skipped | p59: continued from previous page; printed "", ,"" empty token after 1140 skipped"
malihabad,77,करेन्द,abadi,,59,61,"359, 368, 369, 394, 498, 490, 489, 488, 509, 23, 22, 2, 3, 4, 6, 13, 14, 17, 63, 61, 62, 60, 59, 58, 56, 54, 25, 358, 354, 599, 528, 488, 489, 369, 370, 366, 150, 151, 154, 156, 157, 158, 159, 160, 213, 176, 122, 123, 58, 116, 41/600, 303, 293, 300, 238, 296, 508, 131, 177, 179, 529",
malihabad,77,करेन्द,link,,59,56,"362, 363, 319, 318, 317, 314, 282, 281, 279, 278, 377, 376, 373, 365, 509, 487, 517, 514, 590, 589, 588, 587, 518, 277, 276, 273, 380, 317, 591, 515, 512, 516, 511, 510, 36, 366, 365, 128, 120, 119, 116, 133, 131, 138, 166, 141, 142, 93, 94, 599/276, 361, 258, 312, 313, 315, 316",
malihabad,78,महमूद नगर,abadi,,59,61,"428, 425, 429, 430, 432, 419, 418, 423, 422, 421, 424, 417, 416, 415, 411, 413, 412, 414, 435, 433, 410, 407, 403, 401, 399, 371, 370, 367, 352, 351, 350, 347, 348, 342, 340, 339, 337, 319, 315, 314, 344, 345, 354, 356, 357, 358, 359, 295, 296, 297, 307, 332, 333, 278, 279, 281, 280, 276, 275, 273, 438",
malihabad,78,महमूद नगर,link,,59,57,"281, 279, 278, 277, 236, 195, 194, 283, 286, 287, 288, 289, 290, 302, 303, 305, 309, 310, 311, 312, 313, 314, 319, 427, 278, 276, 275, 273, 267, 266, 263, 256, 118, 117, 93, 92, 89, 88, 82, 80, 79, 64, 1, 328, 306, 329, 308, 330, 105, 225, 197, 233, 230, 240, 241, 261, 95",
malihabad,79,नेजाभारी,abadi,,59,39,"75, 78, 79, 80, 115, 116, 117, 73, 72, 122, 123, 121, 225, 202, 203, 249, 248, 237, 204, 233, 235, 270, 226, 224, 223, 221, 268, 269, 228, 227, 240, 248, 241, 296, 307, 298, 304, 308, 243",
malihabad,79,नेजाभारी,link,,59 61,60,"261, 264, 355, 240, 266, 235, 267, 270, 313, 314, 312, 310, 309, 297, 294, 293, 284, 273, 272, 204, 207, 164, 163, 162, 161, 160, 159, 121, 117, 118, 200, 232, 265, 235, 208, 237, 238, 240, 266, 221, 219, 104, 100, 97, 96, 51, 49, 48, 47, 309, 311, 308, 317, 319, 321, 327, 302, 303, 304, 305",p59: cell continues on next page (61) | p61: verified p61
malihabad,80,सदरपुर,abadi,,61,41,"24, 25, 31, 63, 65, 66, 134, 133, 131, 130, 129, 128, 127, 126, 114, 113, 112, 109, 102, 103, 99, 98, 97, 91, 78, 79, 80, 138, 75, 127, 125, 64, 70, 71, 74, 73, 76, 77, 108, 132, 183",p61: verified p61
malihabad,80,सदरपुर,link,,61,25,"5, 15, 14, 26, 27, 28, 31, 65, 66, 67, 68, 80, 81, 82, 83, 86, 63, 32, 30, 29, 13, 12, 2, 7, 28",p61: verified p61
malihabad,81,फिरोजपुर,abadi,,61,19,"148, 147, 141, 140, 124, 115, 117, 118, 119, 150, 81, 78, 79, 82, 90, 123, 121, 144, 149",p61: verified p61
malihabad,81,फिरोजपुर,link,,61,23,"1, 3, 6, 8, 16, 57, 66, 65, 60, 62, 58, 89, 88, 90, 149, 111, 113, 125, 124, 123, 115, 121, 119",p61: verified p61
malihabad,82,मुजासा,abadi,,61,20,"277, 278, 280, 281, 282, 283, 286, 146, 139, 137, 134, 251, 253, 271, 267, 135, 250, 268, 254, 250",p61: empty entry between commas after 250 as printed; verified p61
malihabad,82,मुजासा,link,,61,57,"307, 309, 311, 313, 318, 319, 351, 350, 347, 348, 349, 353, 354, 355, 360, 62, 364, 365, 368, 369, 370, 371, 345, 344, 340, 339, 338, 326, 325, 323, 321, 12, 13, 14, 16, 17, 49, 50, 54, 65, 67, 343, 324, 322, 277, 368, 362, 133, 132, 131, 128, 125, 169, 160, 155, 156, 157",p61: verified p61
malihabad,83,दौलतपुर,abadi,,61,36,"45, 46, 47, 48, 49, 50, 52, 53, 54, 55, 56, 57, 58, 59, 158, 157, 156, 97, 93, 91, 72, 73, 71, 78, 60, 69, 68, 61, 67, 79, 66, 65, 94, 95, 96, 70","p61: ""60 69"" printed without comma; verified p61"
malihabad,83,दौलतपुर,link,,61,28,"41, 42, 43, 38, 44, 37, 63, 65, 66, 45, 48, 49, 50, 96, 97, 258, 143, 155, 156, 164, 163, 162, 161, 160, 159, 55, 158, 157",p61: verified p61
malihabad,84,भटपुरवा,abadi,,61,32,"54, 66, 65, 69, 81, 80, 82, 83, 84, 88, 86, 85, 89, 94, 95, 185, 184, 183, 182, 181, 180, 193, 196, 190, 191, 192, 188, 189, 186, 167, 187, 201",p61: verified p61
malihabad,84,भटपुरवा,link,,61,42,"212, 216, 217, 208, 201, 202, 203, 196, 194, 193, 192, 191, 190, 95, 96, 97, 99, 100, 161, 162, 164, 171, 180, 306, 219, 230, 186, 84, 85, 80, 87, 88, 78, 79, 76, 74, 73, 108, 203, 190, 90, 206",p61: verified p61
malihabad,85,मवई कलां,abadi,,63,49,"801, 802, 797, 798, 796, 795, 794, 791, 792, 631, 630, 629, 628, 627, 624, 623, 622, 621, 859, 860, 863, 864, 862, 861, 856, 1101, 1103, 1105, 1106, 1107, 1108, 1117, 1118, 854, 1189, 1188, 844, 833, 831, 828, 822, 823, 824, 820, 818, 1124, 1183, 1194, 844871","p63: ""844871"" printed as one token (likely 844, 871 missing comma); page starts with an empty table row; verified p63"
malihabad,85,मवई कलां,link,,63,109,"129, 130, 352, 356, 347, 348, 569, 575, 351, 355, 353, 354, 463, 464, 465, 478, 477, 476, 475, 474, 473, 469, 468, 565, 568, 174, 176, 162, 331, 332, 151, 146, 148, 142, 141, 140, 139, 137, 136, 135, 134, 132, 389, 390, 393, 405, 406, 407, 413, 414, 415, 416, 417, 418, 430, 432, 435, 440, 434, 444, 453, 454, 457, 601, 608, 611, 613, 615, 616, 621, 622, 623, 624, 625, 626, 627, 628, 629, 630, 631, 586, 640, 1217, 1236, 1251, 1255, 1234, 1258, 1259, 1260, 1207, 1208, 1209, 1210, 1211, 1196, 1197, 1199, 1154, 863, 586, 587, 593, 594, 596, 378, 381, 382, 386",p63: verified p63
malihabad,86,अटरिया,abadi,,63,22,"151, 163, 166, 169ख, 169ग, 170, 171, 172, 173, 177, 76, 83, 106, 85, 90, 84, 4, 261, 178, 162, 181, 182",p63: note in cell: गाटा संख्या 72 आबादी; verified p63
malihabad,86,अटरिया,link,,63,80,"84, 110, 111, 102, 104, 76, 139, 140, 150, 151, 152, 144, 146, 147, 156, 131, 403, 405, 417, 418, 419, 420, 429, 430, 431, 432, 462, 374, 378, 379, 380, 393, 394, 400, 401, 377, 375, 4, 5, 7, 69, 74, 75, 88, 89, 90, 94, 95, 96, 100, 139, 140, 138, 113, 114, 115, 116, 117, 118, 119, 121, 83, 84, 85, 76, 103, 106, 107, 108, 200, 203, 206, 205, 209, 210, 194, 185, 218, 220, 173",p63: verified p63
malihabad,87,मंझी निकरोजपुर,abadi,,63,80,"324, 316, 652, 651, 643, 642, 639, 635, 37, 329, 389, 1232/333, 332, 335, 338, 301, 310, 387, 386, 464, 478, 481, 501, 498, 497, 495, 503, 509, 515, 762, 763, 764, 765, 727, 726, 798, 720, 718, 716, 717, 715, 714, 730, 731, 711, 706, 733, 739, 737, 742, 746, 745, 747, 311, 320, 650, 1001, 1002, 492, 504, 513, 709, 797, 746, 741, 103, 740, 743, 327, 640, 1006, 1034, 1035, 1039, 1040, 633, 631, 630, 629, 382",p63: verified p63
malihabad,87,मंझी निकरोजपुर,link,,63 65,141,"992, 993, 994, 996, 1000, 1006, 640, 639, 635, 327, 329, 335, 339, 294, 293, 280, 278, 273, 272, 26, 160, 357, 356, 355, 341, 349, 350, 351, 352, 361, 363, 364, 368, 458, 370, 371, 372, 373, 379, 382, 386, 387, 389, 629, 630, 628, 631, 633, 1040, 1039, 1035, 1034, 1008, 1010, 358, 525, 523, 522, 527, 529, 531, 461, 514, 520, 464, 251, 706, 743, 141, 143, 145, 162, 149, 148, 152, 153, 155, 129, 156, 183, 189, 198, 196, 199, 190, 200, 203, 282, 287, 285, 286, 290, 255, 256, 257, 258, 261, 270, 93, 332, 325, 369, 632, 70, 348, 275, 269, 268, 210, 234, 1261, 262, 264, 266, 206, 205, 185, 221, 126, 127, 122, 121, 120, 118, 187, 184, 116, 129, 130, 131, 132, 133, 135, 136, 137, 151, 144, 740, 734, 564, 209",p63: continues on next page; verified p63 | p65: verified p65
malihabad,88,कनार,abadi,,65,57,"162, 159, 161, 154, 153, 152, 149, 146, 134, 144, 143, 142, 397, 396, 394, 390, 393, 391, 386, 332, 333, 334, 335, 342, 414, 417, 418, 419, 421, 442, 441, 445, 285, 286, 287, 288, 280, 279, 163, 175, 177, 174, 375, 377, 398, 399, 934, 949, 649, 243, 169, 436, 335, 269, 234, 236, 289",p65: verified p65
malihabad,88,कनार,link,,65,112,"18, 17, 20, 21, 29, 30, 32, 15, 53, 52, 50, 57, 46, 224, 228, 234, 237, 236, 41, 44, 45, 233, 232, 375, 378, 377, 384, 385, 386, 162, 163, 164, 168, 169, 174, 379, 373, 369, 368, 364, 362, 363, 259, 261, 260, 278, 263, 317, 318, 319, 325, 326, 332, 417, 416, 406, 405, 404, 401, 400, 396, 397, 427, 426, 418, 445, 308, 309, 310, 311, 312, 314, 315, 239, 240, 241, 243, 245, 247, 248, 249, 258, 279, 282, 283, 285, 289, 295, 297, 315/551, 315, 363, 237, 40, 39, 36, 35, 33, 31, 34, 365, 556, 284, 407, 244, 339, 265, 264, 231, 367, 13, 329",p65: verified p65
malihabad,89,खालिसपुर,abadi,,65,102,"223, 222, 221, 164, 195, 194, 197, 198, 219, 389, 386, 390, 392, 393, 394, 245, 228, 227, 226, 273, 248, 247, 246, 313, 312, 269, 270, 272, 284, 302, 303, 300, 299, 298, 297, 294, 293, 645, 736, 735, 734, 743, 745, 742, 741, 746, 760, 757, 756, 764, 763, 685, 778, 780, 785, 784, 783, 776, 774, 728, 682, 718, 719, 681, 673, 665, 663, 662, 660, 628, 648, 649, 656, 651, 658, 669, 672, 674, 675, 677, 679, 708, 773, 775, 720, 721, 722, 723, 712, 713, 770, 775, 762, 212, 321, 325, 314, 315, 273, 315, 274, 276",p65: verified p65
malihabad,89,खालिसपुर,link,,65,142,"589, 590, 554, 555, 553, 535, 534, 533, 531, 463, 464, 437, 438, 439, 440, 445, 431, 447, 448, 450, 456, 457, 458, 459, 461, 542, 541, 540, 539, 538, 537, 551, 558, 587, 594, 591, 592, 602, 529, 528, 527, 504, 525, 524, 522, 521, 604, 600, 599, 597, 596, 300, 299, 295, 269, 270, 272, 273, 282, 279, 288, 284, 303, 301, 266, 265, 262, 261, 258, 257, 255, 230, 229, 243, 242, 238, 254, 252, 251, 250, 249, 248, 394, 396, 397, 383, 374, 359, 360, 335, 337, 347, 348, 354, 356, 376, 385, 378, 379, 380, 381, 383, 391, 392, 213, 214, 212, 182, 181, 180, 178, 177, 176, 174, 774, 778, 780, 785, 784, 780, 666, 667, 668, 669, 677, 665, 663, 557, 536, 532, 449, 451, 430, 428, 429, 417, 415, 416, 361, 376, 373, 395",p65: verified p65
malihabad,90,बेलगढ़ा,abadi,,67,49,"238, 239, 237, 241, 242, 252, 253, 234, 257, 241, 260, 224, 228, 225, 115, 114, 107, 106, 105, 108, 103, 98, 99, 100, 101, 102, 54, 93, 94, 95, 96, 89, 85, 84, 83, 120, 119, 131, 130, 127, 132, 123, 124, 125, 112, 116, 118, 152, 235",p67: verified p67
malihabad,90,बेलगढ़ा,link,,67,101,"40, 41, 64, 66, 67, 70, 72, 73, 74, 75, 76, 76/393, 80, 81, 82, 83, 115, 116, 120, 121, 122, 123, 124, 125, 152, 153, 154, 155, 158, 160, 161, 162, 319, 318, 317, 316, 319, 200, 221, 225, 227, 230, 231, 97, 98, 232, 234, 257, 255, 314, 312, 311, 306, 307, 309, 326, 333, 321, 320, 323, 326, 327, 328, 345, 346, 347, 360, 352, 357, 356, 203, 166, 167, 198, 194, 193, 200, 211, 212, 203, 216, 77, 78, 79, 84, 217, 215, 218, 220, 252, 233, 238, 239, 247, 15, 18, 24, 26, 32, 33, 45",p67: verified p67
malihabad,91,लोधौसी,abadi,,67,34,"171, 145, 143, 268, 267, 266, 265, 269, 270, 271, 272, 273, 275, 275, 276, 77, 257, 255, 185, 186, 188, 180, 187, 181, 180, 152, 158, 165, 166, 168, 170, 177, 355, 299","p67: printed ""27,2 273"" read as 272, 273; verified p67"
malihabad,91,लोधौसी,link,,67,36,"5, 6, 7, 10, 13, 14, 17, 18, 19, 62, 63, 64, 65, 67, 281, 280, 279, 278, 261, 260, 259, 354, 322, 321, 320, 319, 318, 316, 317, 298, 297, 296, 284, 283, 254, 255",p67: verified p67
malihabad,92,खड़ता,abadi,,67,64,"35, 94, 98, 213, 256, 261, 495, 582, 105, 106, 110, 119, 120, 121, 122, 142, 135, 134, 132, 131, 130, 393, 11, 443, 38, 537, 533, 532, 596, 600, 598, 632, 635, 636, 637, 635, 260, 257, 254, 253, 102, 104, 75, 36, 126, 367स, 97, 265ग, 367ग, 405, 345, 96ग, 273, 395, 48, 397, 369, 536, 371, 372, 29, 470, 370, 469",p67: verified p67
malihabad,92,खड़ता,link,,67,89,"17, 16, 15, 71, 393, 401, 403, 406, 490, 491, 261, 271, 359, 350, 997, 998, 990, 155, 145, 164, 161, 159, 186, 187, 188, 178, 184, 190, 207, 211, 212, 215, 217, 222, 316, 327, 333, 337, 641, 646, 659, 661, 660, 663, 665, 666, 667, 668, 724, 725, 726, 768, 767, 788, 702, 705, 994, 991, 986, 987, 988, 780, 781, 785, 772, 346, 347, 343, 348, 349, 351, 352, 353, 360, 272, 279, 284, 285, 244, 242, 243, 263, 259, 264, 265, 260, 257, 254, 253",p67: verified p67
malihabad,93,दतली,abadi,,67,54,"73, 261, 138, 143, 76, 77, 64, 46, 147, 146, 82, 86, 11, 13, 19, 20, 24, 25, 26, 66, 68, 74, 75, 111, 242, 114, 116, 145, 148, 148, 83, 151, 152, 153, 238, 240, 241, 40, 41, 57, 60, 53, 63, 69, 202, 203, 244, 113, 142, 48, 62, 248, 260, 62",p67: verified p67
malihabad,93,दतली,link,,67 69,82,"11, 6, 13, 19, 24, 46, 83, 82, 80, 79, 76, 75, 74, 240, 241, 238, 151, 149, 113, 111, 110, 109, 108, 107, 86, 85, 89, 92, 96, 97, 98, 100, 101, 102, 205, 206, 190, 216, 188, 187, 222, 226, 231, 236, 237, 255, 171, 174, 240, 261, 262, 263, 264, 241, 257, 256, 142, 254, 251, 73, 69, 260, 242, 233, 230, 229, 224, 223, 220, 221, 218, 210, 212, 258, 259, 209, 211, 247, 26, 153, 152, 20",p67: continues on next page; verified p67
malihabad,94,मवई खुर्द,abadi,,69,43,"560, 567, 563, 460, 461, 464, 465, 466, 467, 468, 469, 471, 472, 473, 474, 459, 439, 438, 440, 430, 428, 431, 432, 436, 61, 62, 64, 65, 66, 67, 68, 69, 75, 564, 553, 557, 485, 480, 437, 435, 58, 590, 591",
malihabad,94,मवई खुर्द,link,,69,166,"20, 21, 22, 42, 49, 50, 51, 80, 82, 90, 125, 126, 127, 24, 26, 28, 4, 5, 11, 137, 138, 139, 143, 144, 145, 146, 158, 159, 160, 169, 170, 171, 172, 180, 181, 184, 185, 186, 187, 197, 198, 199, 202, 203, 205, 206, 192, 195, 196, 212, 213, 215, 217, 218, 219, 220, 221, 222, 223, 224, 225, 226, 227, 228, 229, 231, 253, 254, 256, 260, 323, 326, 491, 493, 509, 510, 513, 519, 520, 523, 524, 534, 535, 537, 557, 590, 593, 594, 615, 616, 617, 623, 633, 635, 643, 648, 721, 722, 723, 724, 747, 748, 750, 754, 755, 756, 762, 764, 765, 767, 768, 847, 769, 770, 771, 833, 832, 831, 761, 760, 830, 811/870, 811, 810, 809, 80, 807, 806, 805, 800, 799, 798, 794, 792, 776, 775, 773, 675, 676, 693, 694, 695, 697, 698, 731, 732, 733, 734, 735, 736, 553, 42, 41, 47, 37, 36, 43/862, 149, 162, 182, 738, 562, 561, 560, 555, 536","p69: ""80"" printed between 809 and 807 (possibly 808); empty entries between commas after 42 and 41"
malihabad,95,मीठे नगर,abadi,,69,33,"140, 141, 142, 143, 144, 145, 146, 147, 148, 149, 151, 152, 121, 122, 123, 134, 83, 81, 139, 136, 166, 165, 168, 167, 169, 170, 133, 138, 162, 122, 164, 163, 167स",
malihabad,95,मीठे नगर,link,,69,54,"29, 30, 31, 32, 34, 35, 41, 48, 49, 50, 51, 53, 55, 56, 57, 59, 60, 84, 85, 86, 101, 102, 104, 110, 111, 117, 116, 133, 138, 178, 179, 180, 181, 182, 191, 187, 186, 185, 184, 373, 374, 375, 381, 383, 390, 391, 399, 626, 113, 106, 108, 175, 174, 399स",p69: empty entry between commas after 626
malihabad,96,सहिलामऊ,abadi,,69 71,35,"154, 161, 155, 145, 142, 141, 156, 151, 146, 147, 138, 140, 143, 144, 53, 57, 51, 339, 338, 337, 333, 328, 314, 313, 312, 311, 310, 309, 306, 304, 41, 148, 149, 162, 340",p69: continues on next page | p71: continued from previous page
malihabad,96,सहिलामऊ,link,,69 71,56,"247, 245, 243, 252, 251, 163, 162, 302, 301, 46, 38, 36, 394, 392, 387, 386, 385, 342, 341, 350, 352, 353, 354, 356, 324, 325, 327, 307, 308, 299, 315, 317, 297, 292, 291, 283, 281, 295, 294, 293, 287, 286, 285, 253, 255, 256, 258, 276, 273, 272, 270, 189, 192, 181, 182, 304",p69: continues on next page | p71: continued from previous page
malihabad,97,नई बस्ती भिठौरा,abadi,,71,66,"184, 189/160, 190, 300, 194, 196, 199, 202, 205, 206, 104, 102, 214, 215, 241, 242, 243, 306, 307, 308, 362, 345, 344, 331, 330, 306, 307, 308, 362, 345, 344, 331, 330, 306, 307, 308, 362, 345, 344, 331, 316, 315, 465, 616, 462, 516, 514, 644, 620, 616, 562, 460, 632, 640, 641, 642, 432, 434, 426, 460, 442, 478, 306, 313, 306, 313",
malihabad,97,नई बस्ती भिठौरा,link,,71,46,"146, 147, 148, 149, 151, 155, 156, 157, 160, 164, 165, 141, 142, 143, 144, 130, 1, 140, 139, 170, 174, 187, 188, 194, 195, 243, 245, 248, 300, 313, 315, 316, 330, 168, 167, 480, 482, 478, 443, 632, 636, 426, 420, 424, 423, 422",
malihabad,98,नरायणपुर,abadi,,71,19,"202, 204, 197, 381, 378, 377, 371, 366, 269, 270, 271, 272, 273, 274, 257, 203, 368, 298, 366",
malihabad,98,नरायणपुर,link,,71,44,"332, 333, 335, 328, 326, 321, 300, 299, 298, 363, 338, 339, 1, 28, 29, 30, 31, 32, 33, 84, 88, 90, 188, 187, 186, 185, 184, 181, 172, 169, 168, 415, 414, 413, 411, 409, 406, 384, 192, 214, 215, 218, 25, 263",
malihabad,99,लतीफपुर,abadi,,71,13,"68, 69, 75, 77, 107, 108, 109, 110, 146, 147, 157, 72, 82",
malihabad,99,लतीफपुर,link,,71,21,"9, 10, 11, 123, 13, 15, 27, 58, 51, 52, 49, 115, 116, 120, 121, 122, 123, 124, 169, 174, 175",
malihabad,100,सुक्खा खेड़ा,abadi,,71,17,"42, 29, 154, 71, 68, 141, 140, 75, 229, 228, 223, 237, 239, 211, 116, 117, 126",
malihabad,100,सुक्खा खेड़ा,link,,71,35,"3, 4, 5, 8, 11, 12, 13, 16, 81, 78, 77, 83, 84, 85, 76, 75, 89, 131, 129, 153, 154, 127, 126, 196, 206, 207, 268, 269, 272, 273, 182, 192, 193, 158, 156",
malihabad,101,अमलौली,abadi,,71,13,"33, 32, 43, 70, 75, 80, 87, 86, 85, 243, 106, 98, 97",
malihabad,101,अमलौली,link,,71,57,"57, 57, 62, 269, 267, 265, 257, 255, 254, 253, 225, 226, 220, 219, 205, 206, 203, 201, 198, 196, 165, 169, 139, 147, 166, 167, 168, 154, 153, 151, 176, 174, 149, 148, 176, 146, 145, 144, 180, 136, 130, 128, 127, 126, 125, 134, 136, 137, 14, 16, 19, 22, 119, 116, 114, 95, 67",
malihabad,102,शालेह नगर,abadi,,71 73,65,"144, 146, 100, 75, 450, 451, 454, 456, 467, 472, 480, 485, 488, 447, 444, 443, 889, 721, 855, 854, 851, 846, 845, 839, 836, 835, 833, 832, 811, 1274, 1278, 1240, 1248, 1243, 1242, 1244, 1037, 1031, 1033, 1057, 1055, 1059, 1060, 1114, 1122, 1121, 1081, 115, 113, 276, 24, 442, 554, 553, 823, 824, 842, 1025, 1037, 1016, 1021, 656, 658, 667, 660",p71: continues on next page | p73: continued from previous page
malihabad,102,शालेह नगर,link,,71 73,67,"873, 874, 588, 436, 437, 438, 439, 442, 443, 450, 451, 452, 458, 460, 548, 452, 458, 460, 548, 549, 551, 554, 555, 655, 656, 868, 869, 842, 840, 839, 1234, 1233, 1222, 1224, 1225, 275, 161, 159, 157, 120, 24, 21, 19, 18, 13, 12, 11, 10, 9, 8, 7, 6, 5, 4, 75, 281, 284, 285, 286, 321, 228, 329, 376, 377, 385, 387, 372",p71: continues on next page | p73: continued from previous page
malihabad,103,पहाड़पुर,abadi,,73,19,"236, 238, 235, 323, 246, 235, 324, 241, 322, 341, 130, 96, 97, 94, 79, 89, 239, 234, 224",
malihabad,103,पहाड़पुर,link,,73,56,"319, 321, 325, 323, 324, 243, 393, 394, 329, 332, 377, 365, 320, 203, 315, 316, 314, 313, 312, 308, 302, 203, 293, 294, 111, 112, 99, 396, 93, 94, 95, 239, 244, 400, 113, 115, 220, 122, 125, 127, 130, 333, 336, 335, 334, 332, 354, 395, 355, 356, 375, 376, 329, 327, 315, 399",
malihabad,104,अटौरा,abadi,,73,31,"174, 175, 211, 210, 209, 181, 180, 285, 162, 185, 115, 310, 311, 212, 213, 214, 220, 224, 223, 222, 228, 274, 160, 110, 185, 184, 183, 182, 176, 178, 107",
malihabad,104,अटौरा,link,,73,71,"388, 330, 306, 335, 163, 111, 687, 64, 65, 66, 323, 320, 321, 330, 301, 308, 306, 355, 354, 352, 351, 357, 191, 195, 194, 100, 98, 116, 117, 67, 68, 69, 95, 165, 169, 172, 179, 180, 183, 185, 243, 244, 239, 238, 197, 195, 102, 107, 106, 124, 125, 126, 127, 228, 223, 219, 218, 319, 318, 128, 129, 130, 132, 63, 76, 149, 150, 151, 152, 153, 157","p73: ""320 321"" printed without comma"
malihabad,105,भोगलामऊ,abadi,,73,58,"89, 142, 140, 132, 133, 134, 135, 102, 101, 94, 93, 104, 106, 105, 60, 42, 43, 109, 101, 127, 142, 107, 109, 110, 118, 120, 98, 97, 112, 115, 117, 114, 137, 138, 135, 11, 26, 23, 22, 40, 47, 45, 243, 113, 111, 116, 92, 99, 180, 108, 106, 91, 116, 136, 115, 21, 44, 96",
malihabad,105,भोगलामऊ,link,,73,57,"194, 189, 177, 196, 197, 176, 175, 249, 248, 247, 246, 241, 240, 238, 232, 231, 180, 181, 185, 238, 232, 231, 113, 114, 230, 226, 225, 214, 215, 198, 106, 107, 99, 109, 111, 335, 336, 338, 340, 342, 81, 83, 87, 93, 96, 191, 192, 193, 89, 11, 21, 23, 38, 42, 43, 60, 61",
malihabad,106,महदोइया,abadi,,73 75,82,"168, 228, 230, 255, 246, 350, 22, 24, 48, 49, 50, 57, 69, 75, 65, 80, 73, 82, 80, 81, 320, 932, 928, 927, 1041, 1056, 87, 88, 90, 91, 173, 194, 165, 167, 162, 175, 220, 224, 1054, 1043, 1040, 231, 244, 229, 228, 227, 317, 345, 348, 352, 353, 173, 576, 577, 588, 589, 583, 469, 474, 471, 484, 584, 587, 590, 926, 931, 932, 1038, 1029, 1044, 1054, 1056, 173क, 221, 222ख, 223, 230, 245, 463क, 470, 588, 1042",p73: continues on next page | p75: continued from previous page
malihabad,106,महदोइया,link,,73 75,101,"62, 55, 54, 63, 78, 79, 81, 85, 46, 44, 45, 42, 15, 16, 144, 202, 449, 445, 460, 461, 462, 83, 13, 10, 5, 81, 30, 79, 78, 63, 45, 41, 62, 55, 54, 49, 50, 57, 67, 69, 70, 94, 107, 106, 109, 110, 111, 112, 141, 142, 132, 149, 148, 157, 160, 202, 200, 169, 197, 198, 195, 193, 192, 189, 188, 187, 165, 176, 219, 220, 171, 173, 230, 231, 232, 236, 237, 238, 242, 947, 945, 950, 951, 952, 953, 943, 940, 979, 931, 244, 248, 250, 253, 257, 259, 261, 266, 938, 937, 936, 932",p73: continues on next page | p75: continued from previous page
malihabad,107,अहिडर,abadi,,75,70,"452, 469, 464, 435, 452, 45, 447, 438, 435, 238, 160, 1099, 1098, 1097, 1096, 1095, 1127, 1203, 1242, 1205, 1206, 1208, 1209, 1216, 1128, 1130, 1131, 1132, 1140, 1141, 1142, 1143, 1153, 1154, 1155, 1156, 1157, 1176, 1177, 1195, 237, 238, 278, 453, 452, 445, 453, 457, 229, 238, 167, 164, 161, 172, 173, 166, 1197, 1198, 1203, 1204, 1209, 1394, 1396, 872, 873, 875, 680, 681, 682, 229ग",
malihabad,107,अहिडर,link,,75,61,"95, 117, 119, 120, 122, 159, 160, 161, 98, 417, 415, 416, 413, 412, 410, 409, 38, 369, 374, 370, 369, 368, 367, 363, 362, 361, 358, 359, 354, 328, 329, 264, 336, 497, 498, 503, 504, 505, 506, 507, 511, 529, 516, 529, 532, 536, 534, 535, 1100, 1101, 1105, 1106, 1196, 1265, 1263, 1275, 1274, 1308, 1315, 1314, 1313",
malihabad,108,गोड़वा बरौकी,abadi,,75,47,"179, 174, 170, 171, 645, 377, 376, 361, 397, 798, 914, 786, 724, 783, 79, 792, 894, 882, 872, 898, 899, 882, 776, 888, 892, 887, 896, 895, 894, 787, 792, 791, 788, 639, 85, 84, 89, 170, 175, 179, 87, 88, 642, 640, 685, 686, 791","p75: ""686 791"" printed without comma"
malihabad,108,गोड़वा बरौकी,link,,75,55,"47, 48, 99, 49, 101, 105, 106, 108, 143, 145, 143, 163, 145, 140, 138, 132, 124, 437, 430, 429, 428, 438, 444, 645, 649, 650, 651, 654, 655, 777, 613, 614, 615, 623, 629, 621, 626, 555, 551, 823, 775, 788, 829, 830, 831, 833, 817, 192, 818, 836, 837, 838, 900, 818/921, 838/915",
malihabad,109,बहिर,abadi,,77,65,"196, 194, 255, 256, 273, 250, 251, 236, 237, 257, 486, 404, 405, 406, 441, 445, 446, 447, 570, 506, 507, 567, 520, 930, 932, 949, 952, 938, 430, 431, 435, 454, 461, 460, 252, 271, 274, 269, 264, 223, 285, 287, 289, 290, 232, 252, 237, 236, 253, 193, 403, 445, 486, 401, 402, 404, 405, 406, 494, 445, 446, 569, 520, 507, 506",p77: page starts with an empty table row
malihabad,109,बहिर,link,,77,67,"271, 272, 273, 184, 258, 259, 69, 694, 696, 629, 630, 631, 632, 612, 626, 627, 608, 609, 641, 642, 643, 587, 600, 601, 572, 343, 603, 606, 546, 547, 548, 549, 550, 388, 390, 392, 94, 395, 399, 489, 490, 491, 492, 447, 451, 453, 467, 501, 500, 470, 502, 503, 465, 737, 727, 726, 728, 730, 731, 740, 940, 954, 208, 209, 213, 214, 216",
malihabad,110,गोधन,abadi,,77,9,"227, 228, 368, 265, 231, 237, 223, 226, 230",
malihabad,110,गोधन,link,,77,33,"172, 4, 170, 12, 168, 167, 155, 156, 15, 157, 159, 152, 151, 150, 160, 190, 199, 145, 146, 147, 148, 144, 201, 143, 217, 141, 140, 218, 219, 138, 139, 220, 137",
malihabad,111,भेलमपुर,abadi,,77,17,"31, 94, 95, 106, 140, 143, 21, 138, 64, 122, 66, 70, 71, 72, 127, 121, 76",
malihabad,111,भेलमपुर,link,,77,33,"62, 58, 59, 131, 138, 143, 146, 121, 128, 63, 122, 131, 133, 132, 139, 140, 143, 145, 146, 31, 35, 41, 91, 42, 89, 49, 50, 51, 67, 68, 78, 76, 87",
malihabad,112,बसन्तपुर,abadi,,79,62,"168, 212, 215, 260, 262, 263, 267, 268, 287, 288, 309, 60, 64, 61, 59, 56, 960, 964, 915, 947, 1160, 1195, 1132, 1093, 1086, 1085, 1154, 120, 119, 117, 115, 101, 103, 813, 817, 694, 698, 699, 717, 714, 715, 716, 717, 719, 686, 687, 688, 695, 1140, 1003, 1136, 943, 944, 893, 894, 896, 908, 907, 78, 87, 70, 66",
malihabad,112,बसन्तपुर,link,,79,163,"68, 301, 300, 302, 288, 287, 268, 263, 262, 260, 258, 259, 262, 216, 251, 250, 625, 628, 635, 636, 583, 906, 9, 1064, 1063, 1062, 1061, 1056, 1054, 1053, 1029, 1020, 1007, 1008, 1005, 877, 876, 874, 851, 850, 839, 816, 815, 811, 804, 803, 802, 800, 479, 247, 248, 229, 228, 227, 222, 215, 213, 73, 293, 294, 296, 297, 299, 300, 690, 586, 861, 863, 864, 865, 892, 897, 912, 915, 934, 932, 926, 924, 923, 922, 679, 906, 904, 903, 901, 846, 844, 843, 841, 840, 1061, 1060, 1079, 1061, 1083, 1085, 1140, 1056, 1058, 1040, 1039, 1143, 449, 1150, 1151, 1152, 1154, 1160, 1194, 1136, 817, 839, 836, 831, 821, 825, 826, 829, 827, 828, 929, 327, 307, 338, 339, 340, 342, 313, 287, 288, 266, 263, 262, 1077, 583, 811, 815, 818, 1062, 1063, 839, 1053, 876, 877, 1021, 1005, 1020, 1007, 101, 103, 30, 120, 158, 146, 162, 163, 164, 256, 254, 106, 9, 212, 1149","p79: ""164 256"" printed without comma"
malihabad,113,शंकरपुर,abadi,,79,18,"193, 224, 299, 280, 210, 209, 244, 76, 68, 87, 70, 74, 72, 155, 196, 194, 200, 224",
malihabad,113,शंकरपुर,link,,79,34,"217, 223, 224, 214, 213, 212, 211, 214, 207, 205, 204, 181, 189, 161, 160, 146, 122, 121, 88, 45, 86, 62, 74, 81, 27, 21, 70, 68, 245, 128, 123, 163, 186, 187",
malihabad,114,मसीढ़ा हमीर,abadi,,79 81,61,"565, 569, 570, 575, 582, 583, 589, 591, 603, 605, 640, 641, 642, 644, 649, 547, 548, 549, 554, 557, 551, 578, 580, 576, 442, 415, 445, 2/1, 2/2, 2/3, 2/4, 2/5, 2/6, 2/7, 2/8, 2/9, 2/10, 2/11, 576, 579, 586स, 586/1, 582/2, 556, 39, 40, 604, 591, 592/2, 592/1, 6, 2, 10, 561, 563, 564, 580, 651, 553, 650, 515",p79: continues on next page
malihabad,114,मसीढ़ा हमीर,link,मुख्य मार्ग माल–मलिहाबाद,79 81,51,"2, 3, 39, 40, 41, 42, 43, 54, 86, 114, 116, 123, 127, 129, 130, 130, 131, 243, 244, 245, 253, 258, 261, 401, 405, 406, 411, 425, 426, 427, 431, 432, 434, 440, 452, 453, 454, 455, 456, 459, 495, 496, 497, 498, 558, 559, 561, 563, 569, 573, 576",p79: continues on next page | p81: continues from p79 (serial 114 मसीढ़ा हमीर); road name from p79
malihabad,114,मसीढ़ा हमीर,link,सम्पर्क मार्ग,81,56,"5, 433, 449, 116, 114, 118, 139, 140, 158, 161, 162, 164, 108, 107, 105, 102, 101, 92, 91, 90, 91/883, 89/884, 89, 87, 86, 577, 578, 579, 235, 235/1, 235/2, 235/3, 235/4, 235/5, 235/6, 236, 223, 87, 89, 90, 91, 92, 10, 102, 105, 108, 164, 181, 158, 160, 140, 139, 261, 569, 162, 161",
malihabad,115,मसीढ़ा रतन,abadi,,81,63,"224, 225, 227, 261, 115, 88, 121, 341, 345, 346, 347, 383, 384, 629, 630/1, 623, 621, 608, 510, 508, 505, 534, 544, 529, 528, 233स, 204, 254, 235, 199, 232, 201, 195, 553, 201, 259, 197, 198, 171, 155, 154, 217, 216, 87, 86, 120, 251, 203, 234, 235, 196, 188, 190, 194, 187, 200, 175, 203, 205, 199, 233, 629, 340",
malihabad,115,मसीढ़ा रतन,link,मुख्य मार्ग,81,15,"187, 188, 194, 195, 201, 199, 175, 182, 183, 184, 203, 204, 235, 236, 189",
malihabad,115,मसीढ़ा रतन,link,सम्पर्क मार्ग,81,121,"205, 206, 208, 238, 198, 316, 314, 310, 305, 302, 111, 200, 292, 291, 275, 269, 267, 274, 88, 99, 95, 106, 104, 37, 44, 45, 47, 48, 3, 4, 5, 6, 7, 10, 34, 32, 30, 5, 23, 367, 374, 379, 364, 351, 349, 341, 384, 384/637, 385, 386, 387, 388, 38, 481, 483, 269, 580, 577, 576, 565, 564, 561, 559, 558, 555, 555/540, 554, 553, 614, 616, 617, 610, 621, 629, 632, 613, 276, 277, 406, 415, 417, 418, 438, 441, 442, 445, 446, 453, 528, 538, 540, 587, 588, 189, 591, 632, 516, 517, 526, 549, 590, 596, 593, 601, 604, 605, 366, 367, 374, 397, 336, 309, 38, 416, 594, 364, 309, 615, 416, 446, 608",
malihabad,116,देवरी डांडा,abadi,,83,12,"74, 109, 155, 101, 200, 203, 92, 93, 85, 82, 81, 67",
malihabad,116,देवरी डांडा,link,,83,34,"38, 134, 50, 135, 21, 11, 09, 73, 74, 81, 85, 89, 64, 58, 208, 214, 215, 210, 179, 219, 259, 223, 248, 247, 241, 238, 233, 232, 229, 164, 170, 175, 176, 93",
malihabad,117,दिघारा,abadi,,83,24,"44, 45, 43, 42, 83, 103, 104, 105, 60, 62, 61, 63, 64, 77, 78, 79, 75, 76, 59, 71, 59, 50, 45, 47",
malihabad,117,दिघारा,link,,83,37,"113, 114, 103, 17, 47, 9, 10, 11, 12, 4, 2, 7, 6, 19, 30, 45, 50, 60, 61, 62, 63, 64, 83, 89, 100, 101, 117, 118, 119, 129, 103, 117, 120, 121, 124, 94, 96",
malihabad,118,कमालपुर लोधौरा,abadi,,83,47,"50, 51, 54, 58, 35, 33, 34, 173, 174, 169, 168, 165, 172, 472, 473, 475, 418, 434, 464, 480, 418, 55, 56, 171, 49, 62, 32, 39, 40, 176, 175, 63, 64, 68, 167, 467, 429, 443, 485, 482, 484, 435, 393, 416, 428, 420, 475",
malihabad,118,कमालपुर लोधौरा,link,,83 85,178,"669, 668, 663, 662, 661, 657, 508, 509, 507, 506, 503, 502, 501, 493, 521, 520, 518, 517, 514, 513, 606, 607, 608, 635, 655, 654, 511, 512, 498, 472, 473, 475, 425, 424, 423, 422, 429, 434, 435, 480, 489, 492, 395, 396, 397, 416, 418, 420, 421, 419, 411, 400, 372, 374, 375, 386, 387, 385, 383, 384, 382, 381, 379, 380, 364, 365, 361, 362, 363, 359, 360, 358, 357, 356, 340, 326, 327, 328, 332, 208, 209, 207, 176, 174, 175, 177, 173, 180, 182, 183, 184, 185, 186, 187, 16, 17, 39, 40, 41, 43, 44, 46, 54, 32, 34, 33, 63, 64, 130, 110, 105, 104, 103, 89, 94, 95, 90, 96, 97, 98, 145, 147, 169, 168, 167, 166, 60, 35, 30, 80, 55, 56, 57, 58, 26, 23, 24, 25, 27, 232, 230, 260, 366, 367, 368, 377, 376, 132, 133, 127, 138, 139, 140, 142, 143, 146, 656, 658, 510, 476, 477, 464, 412, 413, 412, 415, 409, 408, 407, 406, 402, 403, 404, 437, 438, 439, 482, 637",p83: cell continues on next page | p85: continues from p83 (serial 118 कमालपुर लोधौरा)
malihabad,119,रायपुर,abadi,,85,45,"319, 317, 318, 400, 397, 396, 393, 353, 361, 350, 338, 155, 156, 153, 152, 192, 193, 194, 195, 196, 237, 246, 344, 345, 346, 181क, 322ड़, 323, 186, 191, 158, 146, 148, 340, 341, 319, 342, 362, 293, 286, 83, 351, 148, 356, 387",
malihabad,119,रायपुर,link,,85,88,"409, 408, 407, 405, 404, 380, 381, 385, 391, 392, 400, 312, 313, 319, 322327, 328, 329, 318, 316, 310, 308, 315, 329, 331, 332, 341, 343, 344, 302, 299, 250, 251, 252, 246, 165, 166, 152, 150, 149, 83, 82, 79, 78, 67, 184, 188, 189, 190, 60, 61, 62, 64, 48, 47, 46, 379, 393, 394, 361, 353, 363, 372, 375, 8, 9, 5, 3, 63, 286, 284, 285, 120, 119, 65, 66, 247, 248, 249, 30, 309, 317, 330, 342, 320, 401, 402, 403, 386","p85: printed ""322327"" with no comma (likely 322, 327)"
malihabad,120,बीरपुर,abadi,,85 87,84,"214, 213, 217, 218, 219, 222, 221, 68, 67, 56, 55, 54, 51, 242, 241, 274, 259, 260, 261, 262, 228, 229, 109, 110, 351, 352, 355, 356, 362, 346, 286, 287, 288, 289, 290, 347, 340, 342, 343, 341, 470, 473, 438, 463, 466, 459, 451, 410, 509, 508, 507, 236, 240, 288स, 359, 454, 468, 83, 84, 85, 86, 78, 69, 672, 56/564, 112, 216, 211, 119, 224, 225, 263, 262, 50, 60, 350, 349, 360, 510, 520, 543, 467, 459, 417",p85: cell continues on next page | p87: continues from p85 (serial 120 बीरपुर)
malihabad,120,बीरपुर,link,,85 87,137,"83, 84, 85, 86, 69, 68, 67, 225, 227, 228, 224, 211, 216, 220, 92, 93, 109, 110, 112, 214, 203, 118, 119, 241, 242, 251, 250, 285, 284, 282, 281, 277, 276, 274, 202, 201, 196, 194, 186, 187, 188, 315, 316, 436, 437, 438, 464, 465, 466, 470, 478, 484, 485, 486, 487, 488, 489, 184, 185, 121, 120, 410, 418, 419, 416, 413, 408, 409, 411, 403, 402, 252, 42, 237, 283, 286, 351, 352, 353, 354, 355, 356, 367, 359, 166, 369, 370, 371, 372, 373, 374, 375, 421, 424, 425, 427, 428, 429, 430, 449, 447, 445, 443, 442, 441, 440, 433, 331, 332, 334, 336, 337, 339, 364, 365, 417, 459, 454, 456, 221, 222, 214/565, 213, 265, 479, 111, 89, 105, 104, 103, 102, 101, 100, 99, 98, 97, 34",p85: cell continues on next page | p87: continues from p85 (serial 120 बीरपुर)
malihabad,121,भानपुर,abadi,,87,43,"55, 56, 60, 66, 63, 52, 51, 46, 37, 34, 67, 68, 69, 7082, 77, 78, 80, 164, 96, 162, 91, 89, 88, 161, 99, 105, 30, 31, 32, 50, 86, 87, 94, 95, 97, 48, 28, 27, 85, 75, 76, 74, 62","p87: printed ""7082"" with no comma (likely 70, 82)"
malihabad,121,भानपुर,link,,87,33,"44, 55, 51, 52, 60, 66, 63, 65, 31, 32, 30, 28, 87, 20, 19, 10, 9, 7, 4, 2, 3, 115, 113, 112, 111, 109, 107, 106, 105, 27, 29, 50, 88",
malihabad,122,इब्राहिपुर,abadi,,87,35,"71, 72, 73, 83, 84, 85, 86, 87, 57, 56, 53, 52, 51, 50, 49, 46, 60, 61, 62, 23, 65, 34, 4, 6, 48, 22, 24, 66, 69, 70, 74, 80, 7, 33, 35",
malihabad,122,इब्राहिपुर,link,,87,36,"35, 32, 37, 38, 40, 41, 43, 44, 45, 46, 54, 56, 87, 127, 130, 126, 125, 121, 119, 118, 133, 134, 135, 136, 137, 138, 140, 141, 144, 112, 106, 103, 115, 116, 6, 7",
malihabad,123,नवीपनाह,abadi,,87 89,215,"45, 3, 7, 6, 8, 9, 10, 13, 14, 66, 65, 38, 37, 36, 34, 23, 24, 26, 356, 397, 348, 353, 354, 237, 238, 285, 286, 300, 301, 302, 303, 295, 296, 293, 310, 309, 308, 307, 382, 381, 275, 274, 273, 263, 262, 261, 260, 259, 531, 532, 526, 533, 534, 525, 523, 522, 520, 519, 518, 515, 516, 508, 509, 510, 512, 500, 499, 498, 1200, 1231, 1237, 1238, 1239, 1236, 1197, 1196, 1242, 1243, 1244, 1246, 1247, 1248, 1361, 1362, 1363, 1542, 1504, 1505, 1506, 1146, 1147, 1148, 1149, 931, 1134, 1138, 1136, 1135, 1129, 264, 262, 22, 190, 291, 352, 347, 1234, 1240, 1230, 1241, 1460, 1419, 1418, 577, 580, 501, 225, 1333, 1147, 1, 2, 4, 5, 11, 15, 169, 22, 39, 323, 324, 340, 341, 320, 321, 319, 355, 357, 358, 240, 241, 244, 235, 287, 290, 298, 197, 316, 299, 226, 210, 207, 1142, 1143, 1144, 921, 1179, 380, 379, 378, 375, 385, 389, 393, 394, 395, 396, 397, 503, 504, 505, 553, 551, 554, 256, 257, 258, 528, 529, 530, 535, 536, 539, 789, 790, 788, 786, 787, 785, 784, 783, 779, 1415, 1414, 1413, 778, 775, 776, 1421, 1422, 1423, 1468, 1469, 1465, 1464, 1463, 1462, 1461, 1458, 1457, 1456, 1434, 1454, 1453, 1233, 1232","p87: empty token "", ,"" after 65 as printed; cell continues on next page | p89: continues from p87 (serial 123 नवीपनाह); ""2 4"" printed without comma; empty token "", ,"" after 783"
malihabad,123,नवीपनाह,link,,87 89 91,340,"14, 15, 79, 84, 93, 95, 97, 66, 69, 70, 71, 74, 76, 26, 27, 29, 49, 50, 52, 134, 34, 37, 36, 39, 53, 124, 126, 105, 159, 328, 327, 160, 326, 325, 164, 165, 166, 323, 332, 319, 318, 343, 352, 354, 290, 237, 238, 286, 282, 281, 271, 252, 251, 249, 250, 248, 247, 246, 243, 244, 242, 226, 225, 207, 203, 202, 199, 198, 197, 196, 194, 1012, 1011, 1010, 1009, 1008, 1007, 1006, 850, 847, 843, 841, 840, 838, 815, 814, 813, 811, 794, 793, 792, 254, 255, 873, 872, 876, 1002, 1000, 998, 997, 1004, 1036, 994, 977, 975, 1055, 1054, 972, 967, 1059, 1057, 1069, 1071, 1077, 1076, 1084, 1091, 1016, 1017, 1121, 1122, 1123, 1143, 1142, 1141, 1140, 1129, 959, 964, 965, 837, 836, 835, 826, 817, 818, 833, 832, 830, 861, 863, 829, 828, 827, 893, 891, 1369, 1382, 1386, 1378, 1390, 891, 1377, 1376, 1375, 1374, 907/1671?, 1215, 373, 376, 377, 379, 402, 401, 397, 396, 387, 256, 257, 258, 259, 528, 530, 531, 532, 533, 534, 535, 536, 539, 541, 542, 543, 590, 587, 591, 592, 593, 595, 596, 598, 599, 601, 602604, 606, 608, 508, 509, 515, 516, 518, 519, 628, 629, 630, 634, 635, 637, 638, 639, 754, 765, 767, 774, 773, 772, 1574, 1573, 1572, 1568, 1567, 1566, 1563, 1556, 1555, 1554, 1553, 1543, 1542, 1495, 1489, 1488, 1487, 485, 1483, 1482, 1480, 1468, 1467, 1466, 1464, 1465, 1462, 1461, 1458, 1457, 1456, 1455, 1454, 1452, 1451, 1436/1678, 1431, 1449, 1448, 1440, 1439, 1298, 1299, 1303, 1304, 1306, 1310, 1313, 1350, 1353, 1354, 1356, 1357, 1366, 1365, 1369, 1368, 1397, 1398, 1400, 1428, 1431, 1434, 1423, 1422, 1421, 776, 777, 778, 781, 785, 786, 787, 788, 789, 427, 425, 424, 416, 414, 409, 404, 403, 376, 379, 385, 23, 24, 474, 87, 62, 61, 55, 54, 127, 115, 117, 118, 119, 120, 122, 184, 588, 589, 633, 631, 1485, 1338, 1333, 1323, 1322, 1321, 1316, 1315, 1293, 1453, 1463, 1363, 1364, 1341, 1340, 642, 643, 644","p87: cell continues on next page | p89: continues from p87 (serial 123 नवीपनाह); digit unclear 907/1671? (overtyped); printed ""602604"" with no comma (likely 602, 604) | p91: continues from p89 (serial 123 नवीपनाह)"
malihabad,124,सैदापुर,abadi,,91,56,"43, 42, 56, 57, 68, 30, 109, 209, 207, 416, 415, 414, 190, 189, 167, 168, 169, 548, 550, 552, 412, 652, 651, 650, 671, 672, 640, 642, 644, 645, 646, 32, 449, 456, 457, 539, 546, 550, 418, 455, 459, 458, 528, 529, 530, 531, 649, 62, 411, 551, 559, 558, 445, 573, 637, 469",
malihabad,124,सैदापुर,link,,91,107,"51, 52, 55, 56, 57, 32, 34, 45, 53, 211, 60, 212, 61, 214, 62, 63, 65, 216, 81, 82, 84, 217, 222, 223, 226, 199, 198, 200, 201, 203, 204, 205, 225, 227, 228, 229, 230, 231, 232, 233, 253, 255, 271, 281, 282, 269, 284, 285, 386, 406, 407, 416, 415, 414, 412, 363, 351, 350, 603, 607, 605, 606, 610, 609, 612, 613, 614, 614, 598, 599, 677, 671, 427, 449, 450, 451, 515, 519, 220, 221, 207, 206, 453, 539, 552, 554, 555, 562, 563, 564, 650, 565, 567, 570, 583, 600, 617, 626, 642, 680, 679, 672, 494, 516, 513, 512, 574",
malihabad,125,हसनापुर,abadi,,91 93,157,"103, 104, 105, 106, 116, 115, 114, 184, 186, 191, 192, 193, 194, 110, 111, 161, 156, 157, 146, 144, 143, 142, 141, 140, 139, 138, 137, 136, 132, 131, 130, 129, 128, 127, 125, 124, 303, 308, 307, 306, 351, 352, 353, 339, 338, 342, 344, 345, 346, 705, 704, 761, 762, 652, 651, 597, 596, 759, 758, 747, 753, 754, 752, 769, 771, 756, 807, 812, 814, 820, 818, 1077, 821, 980, 981, 982, 983, 978, 977, 446, 451, 452, 453, 454, 973, 951, 952, 953, 954, 970, 969, 888, 25, 26, 28, 34, 35, 24, 16, 305, 347, 345, 341, 348, 158, 159, 763, 764, 767, 222, 221, 233, 218, 226, 227, 228, 757, 819, 817, 810, 812, 803, 748, 926, 929, 930, 931, 946, 947, 223, 230, 154, 123, 343, 385, 328, 83, 585, 584, 583, 840, 841, 837, 1023, 592, 890, 972, 112, 593, 594, 588, 591, 600, 598, 164, 687, 688",p91: cell continues on next page | p93: continues from p91 (serial 125 हसनापुर)
malihabad,125,हसनापुर,link,,91 93,164,"988, 980, 446, 451, 895, 893, 894, 883, 884, 885, 886, 550, 549, 548, 547, 500, 501, 499, 496, 1065, 1067, 1068, 1069, 1070, 872, 871, 867, 866, 862, 772, 1073, 1075, 1076, 1079, 1082, 1083, 1085, 1086, 811, 812, 810, 807, 806, 737, 740, 802, 801, 800, 756, 753, 754, 545, 543, 505, 503, 504, 504/1309, 483, 484, 485, 488, 489, 652, 651, 608, 607, 600, 599, 597, 602, 603, 604, 523, 522, 521, 621, 620, 614, 383, 377, 332, 333, 338, 339, 334, 35, 359, 301, 302, 351, 352, 353, 355, 356, 357, 360, 362, 371, 363, 365, 143, 144, 142, 154, 156, 170, 171, 180, 181, 114, 187, 189, 191, 192, 193, 194, 195, 201, 207, 231, 232, 215, 214, 676, 677, 679, 674, 687, 690, 670, 668, 691, 698, 699, 702, 704, 747, 746, 718, 717, 715, 714, 709, 476, 488, 477, 300, 30, 33, 34, 2928, 752, 705, 816, 398, 989, 987, 681, 196, 110, 111, 167, 169, 350",p91: cell continues on next page | p93: continues from p91 (serial 125 हसनापुर)
malihabad,126,बदैंया,abadi,,93,59,"160, 156, 184, 190, 150, 148, 147, 140, 137, 138, 139, 26, 18, 36, 343, 352, 351, 350, 349, 343, 352, 391, 390, 401, 402, 403, 385, 386, 387, 384, 368, 810, 817, 815, 826, 804, 805, 359, 399, 400, 362, 361, 365, 136, 149, 126, 151, 811, 363, 822, 28, 29, 816, 318, 388, 718, 422स, 775, 136",
malihabad,126,बदैंया,link,,93,38,"392, 393, 309, 311, 313, 314, 319, 219, 120, 121, 131, 144, 90, 88, 57, 56, 160, 161, 162, 126, 122, 116, 119, 113, 112, 368, 124, 211, 213, 216, 218, 318, 317, 315, 349, 347, 312, 317",
malihabad,127,टिकरी कलां,abadi,,93,41,"88, 79, 80, 51, 52, 53, 39, 48, 10, 384, 385, 364, 368, 373, 374, 635, 636, 637, 648, 650, 627, 595, 589, 590, 591, 592, 631, 632, 630, 2, 5, 9, 381, 363, 376, 107, 108, 109, 585, 639, 649",
malihabad,127,टिकरी कलां,link,,93,64,"91, 88, 85, 53, 56, 51, 49, 48, 10, 79, 92, 94, 95, 96, 98, 102, 104, 107, 405, 389, 386, 385, 108, 109, 612, 619, 620, 623, 624, 625, 627, 651, 647, 643, 653, 654, 656, 657, 689, 690, 691, 692, 698, 694, 699, 700, 706, 707, 709, 710, 711, 650, 5, 9, 10, 19, 26, 45, 525, 536, 541, 542, 561, 695",
malihabad,128,जिन्दौर,abadi,,93 95,227,"56, 123, 124, 126, 128, 129, 112, 110, 108, 23, 22, 20, 1127, 1128, 1114, 1115, 1399, 1398, 1397, 1395, 1394, 1393, 1390, 1388, 1383, 1379, 1380, 1412, 1343, 1372, 1373, 1376, 1414, 1415, 1045, 1046, 1091, 1156, 1102, 1101, 1096, 1095, 1094, 299, 304, 307, 308, 302, 513, 523, 515, 517, 1028, 326, 427, 436, 440, 439, 449, 523, 522, 504, 807, 808, 810, 811, 812, 814, 1025, 1024, 1021, 1022, 627, 628, 601, 636, 632, 642, 626, 832, 845, 774, 773, 633, 855, 856, 854, 851, 1709, 1772, 1773, 1706, 1756, 1754, 1744, 2072, 2073, 2075, 2141, 138, 2126, 2135, 18, 19, 15, 14, 1542, 1548, 1547, 1550, 1551, 1544, 2183, 2197, 2195, 2172, 2138, 937, 935, 934, 932, 890, 859, 601, 602, 603, 627, 628, 626, 625, 655, 642, 641, 630, 439, 437, 428, 1259, 1288, 1297, 1300, 1302, 1329, 1330, 1331, 1342, 1343, 1372, 1373, 1376, 1413, 1411, 1412, 1380, 1378, 1379, 1383, 1388, 1389, 1390, 1387, 1399, 1400, 1403, 1291, 1297, 1571, 1574, 1519, 1514, 1503, 1502, 1497, 1498, 1499, 1492, 1493, 1489, 1490, 1524, 1522, 1570, 111, 120, 122, 125, 300, 301, 303, 369, 438, 470, 524, 525, 629, 808, 813, 838, 840, 936, 1021, 1027, 1026, 1029, 1043, 1093, 1116, 1289, 1294, 1295, 1303, 1329, 1342, 1401, 1491, 1498, 1501, 1504, 1518, 1521, 1708, 1748, 2136, 2170, 2171, 2208, 2247/1175",p93: cell continues on next page | p95: continues from p93 (serial 128 जिन्दौर)
malihabad,128,जिन्दौर,nh,एन.एच.,93 95,98,"52, 53, 54, 55, 56, 57, 58, 162, 168, 169, 170, 171, 175, 177, 247, 2260/176, 249, 251, 252, 265, 266, 267, 268, 1035, 1036, 2240/1036, 1038, 1039, 1040, 1041, 1042, 1044, 1047, 1049, 1088, 1050, 1053, 1055, 1056, 1059, 1062, 1063, 1064, 1066, 1067, 2245/1066, 269, 296, 297, 299, 1032, 1068, 1069, 1070, 1071, 1030, 1031, 952, 972, 974, 975, 987, 986, 988, 996, 997, 1004, 1006, 1014, 1015, 1016, 1017, 1018, 1019, 1072, 1073, 1490, 1524, 1525, 1530, 1531, 1532, 1533, 1534, 1537, 1538, 1539, 1540, 1543, 1544, 1546, 2165, 2203, 2207, 2209, 1034, 1535, 1542","p93: printed in road column as ""एन.एच. पर स्थित गाटा संख्याएँ निम्नवत है""; cell continues on next page | p95: continues from p93 (serial 128 जिन्दौर); printed in road column under ""एन.एच. पर स्थित गाटा"""
malihabad,128,जिन्दौर,link,मुसीबत गंज सम्पर्क मार्ग,95,15,"52, 12, 31, 17, 32, 35, 37, 38, 39, 43, 46, 48, 49, 20, 22",p95: continues from p93 (serial 128 जिन्दौर)
malihabad,128,जिन्दौर,link,हरदोई रोड से दौलत पुर सम्पर्क मार्ग,95,51,"1035, 1108, 1107, 1150, 1151, 1152, 1110, 1147, 1256, 1165, 1259, 1288, 1297, 1300, 1301, 1302, 1329, 1330, 1416, 1426, 1728, 1729, 1746, 1755, 1754, 1756, 1802, 1855, 1854, 1853, 1851, 1850, 1849, 1846, 1845, 1844, 1842, 1834, 1831, 1825, 1824, 1823, 1822, 1821, 1820, 1817, 1816, 1815, 1813, 1809, 1804",p95: continues from p93 (serial 128 जिन्दौर)
malihabad,128,जिन्दौर,link,हरदोई रोड से लालू हार खड़ंजा मार्ग,95,24,"59, 68, 70, 71, 91, 89, 93, 94, 143, 135, 200, 202, 204, 217, 147, 149, 150, 153, 154, 160, 161, 140, 94, 206",p95: continues from p93 (serial 128 जिन्दौर)
malihabad,128,जिन्दौर,link,हरदोई रोड से जानकी नगर सम्पर्क मार्ग,95,20,"441, 448, 453, 325, 318, 317, 314, 506, 454, 471, 472, 473, 477, 479, 501, 506, 505, 509, 510, 302",p95: continues from p93 (serial 128 जिन्दौर)
malihabad,128,जिन्दौर,link,हरदोई रोड से लालता खेड़ा सम्पर्क मार्ग,95,29,"656, 661, 664, 665, 659, 653, 652, 693, 691, 692, 705, 708, 710, 729, 685, 746, 774, 860, 932, 940, 934, 935, 937, 938, 973, 974, 975, 976, 977",p95: continues from p93 (serial 128 जिन्दौर)
malihabad,128,जिन्दौर,link,हरदोई रोड से तिरगवां सम्पर्क मार्ग,95,13,"1547, 2164, 2160, 2110, 2131, 2132, 2134, 2127, 2128, 2129, 2130, 2114, 2109",p95: continues from p93 (serial 128 जिन्दौर)
malihabad,128,जिन्दौर,link,गदिया खेड़ा से राम नगर सम्पर्क मार्ग,97,30,"1776, 1918, 1929, 1930, 2059, 2058, 2060, 2063, 2065, 2068, 2072, 2071, 2089, 2090, 2091, 2092, 2095, 1684, 1683, 2252/2098, 2124, 2144, 2146, 2145, 2126, 1706, 1780, 1781, 1783, 1774",p97: continues from p95 (serial 128 जिन्दौर)
malihabad,128,जिन्दौर,link,हरदोई रोड से गदियन खेड़ा सम्पर्क मार्ग,97,6,"2202, 2201, 2196, 2195, 2183, 2197",p97: continues from p95 (serial 128 जिन्दौर)
malihabad,129,मोहम्मद नगर तालुकेदारी,abadi,,97,33,"31, 29, 73, 78, 93, 49, 158, 212, 127, 132, 131, 135, 215, 134, 121, 152, 118, 119, 124, 125, 61, 214, 216, 149, 152, 154, 201, 202, 212, 120, 414, 422, 885",
malihabad,129,मोहम्मद नगर तालुकेदारी,link,,97,154,"481, 492, 415, 414, 417, 385, 424, 385, 393, 392, 381, 380, 379, 372, 342, 343, 344, 345, 346, 341, 338, 328, 327, 332, 329, 312, 318, 319, 322, 369, 230, 259, 264, 263, 260, 237, 261, 238, 239, 230, 232, 217, 213, 211, 212, 191, 203, 201, 200, 199, 198, 493, 426, 425, 479, 514, 513, 512, 510, 481, 503, 504, 505, 506, 507, 508, 762, 760, 758, 736, 737, 739, 740, 742, 742, 448, 749, 756, 767, 768, 91, 910, 770, 771, 774, 775, 777, 775, 778, 781, 839, 840, 810, 812, 821, 843, 844, 845, 846, 821, 813, 837, 816, 820, 819, 817, 219, 88, 220, 95, 104, 102, 103, 74, 114, 116, 304, 305, 306, 307, 308, 291, 302, 301, 299, 298, 292, 316, 240, 241, 246, 258, 268, 267, 245, 262, 300, 38, 39, 40, 41, 42, 45, 97, 98, 224, 225, 232, 101, 150, 56, 57, 34, 32","p97: ""116 304"" printed without comma"
malihabad,130,मोहम्मद नगर रहमत नगर,abadi,,99,35,"70, 68, 69, 65, 59, 58, 121, 122, 124, 126, 117, 118, 483, 484, 487, 418, 423, 98, 399, 412, 413, 390, 391, 880, 881, 882, 852, 870, 869, 871, 872, 850, 890, 886, 887",
malihabad,130,मोहम्मद नगर रहमत नगर,link,,99,141,"2, 5, 4, 7, 15, 238, 240, 248, 249, 54, 55, 58, 76, 75, 79, 267, 80, 20, 16, 239, 267, 52, 268, 74, 81, 481, 492, 415, 414, 417, 385, 424, 385, 393, 392, 381, 380, 379, 372, 342, 343, 344, 345, 346, 341, 338, 328, 327, 332, 329, 312, 318, 319, 322, 369, 230, 259, 264, 263, 260, 237, 261, 238, 239, 230, 232, 217, 213, 211, 212, 191, 203, 201, 200, 199, 198, 493, 426, 425, 479, 514, 513, 512, 510, 481, 503, 504, 505, 506, 507, 508, 762, 760, 758, 736, 737, 739, 740, 742, 742, 448, 749, 756, 767, 768, 91, 910, 770, 771, 774, 775, 777, 775, 778, 781, 839, 840, 810, 812, 821, 843, 844, 845, 846, 821, 813, 837, 816, 820, 819, 817, 219, 88, 220, 95, 104, 102, 103, 74, 114, 116",
malihabad,131,नई बस्ती धनेवा,abadi,,99,24,"49, 12, 26, 23, 45, 46, 44, 115, 40, 68, 106, 25, 28, 27, 49, 22, 24, 26, 46स, 50, 55, 57, 64, 94स",
malihabad,131,नई बस्ती धनेवा,link,,99 101,147,"2, 5, 4, 7, 15, 238, 240, 248, 249, 54, 55, 58, 76, 75, 79, 267, 80, 20, 16, 239, 267, 52, 268, 74, 81, 439, 447, 444, 445, 441, 447, 440, 468, 473, 477, 484, 486, 490, 488, 279, 284, 292, 294, 234, 235, 236, 237, 247, 248, 279, 200, 85, 29, 30, 31, 32, 33, 50, 51, 48, 47, 46, 45, 43, 41, 40, 39, 478, 479, 480, 520, 519, 589, 481, 483, 484, 528, 530, 541, 544, 540, 543, 556, 557, 756, 759, 753, 561, 563, 564, 563, 566, 609, 610, 843, 196, 194, 4193, 192, 191, 190, 189, 188, 187, 186, 176, 173, 172, 171, 169, 168, 167, 302, 303, 304, 305, 612, 608, 607, 604, 600, 687, 696, 689, 688, 687, 699, 685, 684, 669, 644, 642, 640, 633, 632, 628, 627, 626, 625, 624, 614, 613, 567, 605, 569, 573, 572","p99: ""190 189"" printed without comma; 4193 as printed (likely 193); cell continues on next page | p101: continues from p99 (serial 131 नई बस्ती धनेवा)"
malihabad,132,माधौपुर,abadi,,101,124,"290, 293, 294, 296, 298, 306, 604, 303, 301, 288, 287, 283, 281, 302, 303, 318, 384, 383, 381, 376, 372, 371, 369, 368, 268, 269, 771, 484, 772, 773, 776, 777, 778, 785, 759, 761, 764, 651, 654, 656, 659, 658, 661, 670, 671, 675, 677, 678, 679, 680, 645, 644, 643, 534, 532, 825, 826, 823, 813, 829, 838, 839, 835, 841, 851, 853, 856, 855, 859, 858, 843, 836, 846, 847, 985, 986, 848, 867, 968, 971, 972, 973, 977, 979, 980, 1193, 1192, 1191, 1187, 1188, 1183, 1185, 1187, 1188, 1144, 1142, 1242, 1240, 1239, 1238, 1233, 1235, 1236, 323, 744, 857, 676, 1189, 1237, 826, 382ग, 763, 967, 653स, 327, 299ख, 657, 325, 852ख, 970, 845, 326, 289, 650",
malihabad,132,माधौपुर,nh,एन.एच.,101,44,"904, 903, 925, 924, 923, 913, 914, 917, 918, 919, 912, 995, 1155, 1157, 996, 997, 1003, 1004, 1031, 1029, 1027, 1028, 1039, 1051, 1050, 1049, 1044, 1045, 1079, 1074, 1064, 1065, 1066, 1090, 1091, 1094, 1128, 1147, 1148, 1150, 1151, 1152, 1153, 1154",
malihabad,132,माधौपुर,link,सम्पर्क मार्ग,101,81,"315, 318, 384, 380, 379, 364, 362, 363, 349, 348, 347, 338, 339, 475, 476, 241, 244, 240, 237, 223, 233, 253, 247, 248, 478, 473, 474, 472, 471, 469, 467, 462, 461, 456, 458, 460, 387, 410, 481, 480, 482, 483, 773, 774, 775, 766, 765, 764, 722, 724, 725, 720, 728, 729, 731, 651, 531, 532, 534, 624, 597, 648, 680, 684, 639, 855, 853, 697, 683, 835, 843, 986, 988, 991, 992, 978, 1008, 999, 998, 997, 995",
malihabad,133,बदौरा,abadi,,101,40,"11, 22, 23, 24, 36, 121, 118, 129, 128, 127, 125, 151, 152, 189, 188, 187, 184, 183, 181, 179, 178, 193, 192, 194, 176, 174, 173, 206, 207, 208, 209, 210, 211, 89, 124ख, 177ख, 179, 181, 190ख, 214",
malihabad,133,बदौरा,link,सम्पर्क मार्ग,101,46,"15, 17, 16, 1, 3, 7, 11, 12, 13, 143, 144, 145, 146, 197, 191, 151, 152, 153, 155, 156, 157, 162, 160, 134, 135, 122, 136, 137, 138, 37, 38, 39, 46, 51, 52, 54, 55, 57, 58, 59, 60, 61, 62, 63, 64, 65",
malihabad,134,नजर नगर,abadi,,101,13,"60, 98, 99, 108, 109, 110, 111, 94, 95, 92, 96ख, 97, 94",
malihabad,134,नजर नगर,nh,एन.एच.,101,16,"79, 93, 113, 114, 106, 107, 179, 181, 200, 203, 204, 205, 206, 207, 209, 210",
malihabad,134,नजर नगर,link,सम्पर्क मार्ग,101,22,"191, 192, 193, 194, 195, 196, 202, 211, 212, 215, 221, 216, 233, 235, 236, 237, 238, 277, 228, 229, 224, 222",
malihabad,135,टिकरी खुर्द,abadi,,101,11,"60, 61, 62, 58, 42, 68, 72, 74, 75, 77, 59अ/1",
malihabad,135,टिकरी खुर्द,nh,एन.एच.,101,10,"48, 14, 15, 16, 7, 23, 24, 21, 22, 18",
malihabad,135,टिकरी खुर्द,link,सम्पर्क मार्ग,103,22,"31, 45, 84, 85, 106, 107, 108, 124, 121, 126, 127, 128, 138, 125/235, 125/232, 112, 114, 215, 216, 220, 223, 224",p103: continues from p101
malihabad,136,सरावां,abadi,,103,45,"554, 555, 569, 570, 571, 572, 573, 588, 589, 594, 598, 599, 602, 604, 605, 606, 609, 695, 699, 600, 606, 610, 609, 725, 726, 727, 717, 713, 693, 694, 115, 113, 112, 108, 107, 69, 92, 114ख, 130ख, 570, 607क, 608, 699, 712, 722घ",
malihabad,136,सरावां,nh,एन.एच.,103,53,"632, 634, 627, 638, 639, 643, 644, 645, 646, 647, 656, 658, 659, 621, 665, 686, 688, 695, 696, 697, 702, 703, 414, 426, 427, 428, 429, 430, 516, 517, 519, 520, 526, 527, 528, 529, 530, 545, 546, 547, 548, 549, 550, 551, 552, 609, 610, 612, 613, 626, 627, 628, 663","p103: ""520 526"" printed without comma"
malihabad,136,सरावां,link,सम्पर्क मार्ग,103,16,"90, 91, 92, 93, 106, 107, 114, 115, 116, 120, 121, 122, 745, 746, 747, 749",
malihabad,137,बेलवा,abadi,,103,20,"119, 120, 121, 122, 123, 124, 92, 94, 102, 103, 106, 107, 109, 196, 202, 112, 114, 108, 198, 193",
malihabad,137,बेलवा,link,,103,18,"3, 6, 7, 29, 30, 31, 33, 40, 41, 42, 34, 26, 27, 35, 127, 144, 192, 154",
malihabad,138,गोसवा,abadi,,103,19,"43, 47, 50, 54, 194, 197, 170, 200, 41, 46, 165, 167, 196, 42, 44, 53, 57, 163, 169",
malihabad,138,गोसवा,link,,103,75,"185, 186, 218, 225, 226, 230, 235, 236, 199, 201, 202, 203, 204, 207, 208, 213, 212, 216, 249, 68, 69, 70, 72, 73, 38, 42, 43, 51, 52, 65, 66, 248, 240, 1, 2, 9, 10, 11, 12, 13, 94, 93, 17, 88, 25, 87, 22, 26, 25, 90, 21, 91, 35, 36, 190, 206, 158, 157, 247, 248, 249, 218, 234, 240, 232, 18, 3, 4, 7, 8, 14, 32, 33, 34, 71",
malihabad,139,तेरवा,abadi,,103,31,"40, 46, 38, 31, 33, 34, 35, 89, 84, 85, 202, 204, 20, 33, 18, 105, 198, 205, 199, 212, 262, 223, 221, 218, 217, 225, 192, 193, 37, 83स, 203स",
malihabad,139,तेरवा,link,,103,3,"72, 73, 80",
malihabad,140,जमोलिया,abadi,,105,101,"136, 242, 243, 244, 245, 129, 125, 126, 127, 215, 214, 93, 94, 83, 95, 109, 137, 142, 147, 152, 219, 172, 1070, 1080, 1087, 1083, 1061, 1060, 1063, 1064, 1182, 1077, 970, 971, 972, 973, 974, 1109, 1110, 565, 566, 567, 564, 554, 465, 505, 506, 507, 547, 548, 504, 545, 551, 552, 1611, 1612, 1615, 1655, 1656, 1641, 1639, 1640, 2157, 2151, 2152, 1883, 1649, 1652, 1653, 1656, 1658, 1659, 1597, 1598, 1599, 1604, 888, 889, 886, 891, 630, 632, 643, 645, 885, 906, 223, 215, 230, 231, 232, 427, 430, 432, 425, 422, 421, 409, 885, 889, 891",
malihabad,140,जमोलिया,link,दिलावर नगर से ससपन मार्ग,105,66,"265, 267, 2725, 273, 276, 310, 314, 315, 316, 318, 319, 320, 323, 345, 347, 348, 351, 356, 357, 359, 360, 362, 368, 447, 449, 477, 476, 478, 485, 486, 495, 497, 515, 525, 526, 765, 766, 775, 793, 790, 802, 803, 810, 818, 819, 820, 822, 824, 834, 836, 837, 864, 865, 866, 867, 868, 876, 871, 1914, 1919, 497, 498, 513, 515, 515, 516",p105: 2725 as printed
malihabad,140,जमोलिया,link,रहीमाबाद से जमोलिया मार्ग,105,37,"1855, 1656, 1991, 2000, 1958, 1860, 1859, 18187, 1988, 1991, 1825, 1967, 1966, 1811, 1810, 1963, 1965, 1964, 1791, 1792, 1787, 1788, 1790, 1785, 1768, 1954, 1953, 1749, 1748, 1747, 1872, 1745, 1748, 1869, 1873, 1874, 1875",p105: 18187 as printed (5 digits)
malihabad,141,खड़ौहॉ,abadi,,105,73,"207, 211, 209, 20, 223, 228, 229, 260, 600, 595, 953, 590, 746, 747, 1180, 717, 447, 1463, 1472, 1630, 1621, 1623, 1448, 1410, 2166, 2155, 1165, 1158, 1183, 1182, 278, 260, 277, 276, 283, 282, 208, 600, 596, 599, 541, 542, 601, 597, 1453, 1451, 1452, 1465, 1454, 1455, 1362, 1363, 1364, 1365, 1444, 1463, 1449, 2166, 1180, 1183, 1129, 1181, 526, 525, 534, 1658, 1620, 1672, 1450, 1445, 1448, 1435, 1617",
malihabad,141,खड़ौहॉ,nh,लखनऊ हरदोई पक्की सड़क राज्य मार्ग,105,40,"11, 12, 15, 16, 17, 18, 49, 76, 82, 85, 40, 141, 167, 166, 165, 170, 169, 510, 510/2399, 568/2398, 509, 569, 568, 552, 551, 535, 534, 538, 52/80, 143, 145, 144, 511, 512, 513, 514, 515, 516, 517, 518",p105: state highway (राज्य मार्ग) in road column; mapped to nh
malihabad,141,खड़ौहॉ,link,लखनऊ हरदोई सड़क भावा खेड़ा म0 खड़ौहॉ,105,40,"48, 44, 43, 41, 40, 33, 39, 57, 224, 49, 50, 51, 53, 58, 57, 59, 60, 42, 61, 62, 63, 63, 65, 66, 210, 224, 232, 230, 243, 241, 242, 245, 247, 248, 249, 250, 246, 251, 253, 254",
malihabad,141,खड़ौहॉ,link,लखनऊ हरदोई रोड चिहुटा,105,40,"532, 533, 530, 533/2406, 531, 526, 746, 534, 649, 539, 540स, 646, 601, 650, 648, 595, 653, 655, 656, 654, 651, 652, 590, 682, 681, 683, 689, 688, 690, 692, 693, 694, 715, 742, 721, 720, 719, 434, 538, 540स","p105: ""683 689"" printed without comma"
malihabad,141,खड़ौहॉ,link,लखनऊ हरदोई रोड से चिहुटा पर खड़ौहॉ पक्की सड़क,105 109,31,"468, 457, 469, 470, 471, 472, 473, 463, 464, 456, 452, 451, 450, 449, 447, 1457, 1463, 1468, 1469, 1449, 1435, 1436, 1431, 1423, 1422, 1414सं, 1415, 1405सं, 1182, 718, 1475",p105: cell continues on next page | p109: continues from p105/p107; road name from p105
malihabad,141,खड़ौहॉ,link,खड़ौहॉ गौन्दा मुअज्जम नगर,109,30,"1667, 1668, 1669, 1621, 1657, 1658, 1655, 1652/2417, 1418, 1632, 1634, 1414, 1633, 1419, 1481, 1616, 1617, 1618, 1619, 1658, 1422, 1659, 1421, 1658, 1626, 1425, 1424, 1420, 2428, 1421",
malihabad,141,खड़ौहॉ,link,चिहुटा खड़ौहॉ जाने वाली पक्की सड़क,109,5,"826, 1456, 1445, 1455, 1450",
malihabad,141,खड़ौहॉ,link,खड़ौहॉ से बांक व पहाड़पुर जाने वाली पक्की सड़क,109,61,"1446/2419, 2294, 2293, 2292, 2287, 2281, 2280, 1447, 1442, 1438, 1381, 1382, 1385, 1432, 1409, 1218, 1410, 1411, 1413, 1412, 1405, 1319, 1318स, 1317, 1316स, 1320, 1311, 1240, 1246, 1241, 1244, 1245, 2118स, 2168, 2162, 2297, 2347, 2339, 2340, 2338, 2336, 2164, 2166, 1793, 1794, 1316सं, 1316/2441, 1796, 1315, 1312, 1311, 1810, 1282, 1240, 1239, 1238, 2122, 1161, 1180, 1179, 1185","p109: ""2340 2338"" printed without comma"
malihabad,141,खड़ौहॉ,link,,109,14,"10, 13, 14, 19, 20, 21, 50, 83, 86, 84, 80, 140, 139, 520",p109: unlabeled group on new line after खड़ौहॉ से बांक व पहाड़पुर road list (road unclear; may belong to it)
malihabad,142,अऊमऊ,abadi,,109,118,"802, 801, 679, 678, 677, 673, 672, 671, 655, 654, 653, 656, 650, 651, 644, 643, 642, 652, 639, 656, 658, 1032, 1031, 959, 960, 954, 953, 952, 949, 950, 951, 928, 930, 931, 929, 922, 923, 924, 925, 936, 927, 810, 808, 394, 395, 396, 387, 386, 385, 384, 383, 382, 381, 379, 378, 377, 376, 375, 373, 374, 389, 390, 391, 361, 121, 120, 119, 118, 116, 17, 138, 136, 135, 134, 125, 162, 163, 161, 160, 742, 737, 103, 739, 740, 743, 706, 708, 650, 645, 646, 649, 336, 332, 333, 1232, 333, 329, 327, 326, 635, 629, 640, 1004, 1005, 1006, 1034, 1035, 1039, 1040, 633, 631, 630, 624, 389, 388, 387, 386, 382",
malihabad,142,अऊमऊ,link,,109 111,184,"153, 151, 144, 143, 136, 135, 134, 130, 129, 125, 124, 253, 239, 238, 229, 228, 227, 226, 225, 217, 216, 215, 210, 205, 1129, 1134, 1141, 1145, 1148, 1153, 1158, 1056, 1139, 1138, 1137, 1136, 202, 199, 197, 191, 190, 189, 188, 187, 180, 179, 177, 169, 168, 165, 164, 136, 162, 161, 160, 159, 158, 157, 156, 155, 1127, 1126, 1125, 1124, 1122, 1094, 192, 1091, 1090, 1066, 1065, 1036, 1035, 1034, 635, 633, 632, 631, 629, 639, 808, 811, 814, 806, 804, 799, 800, 643, 573, 510, 509, 501, 500, 499, 498, 406, 405, 404, 402, 401, 399, 397, 396, 395, 394, 113, 112, 111, 110, 99, 95, 94, 93, 90, 79, 78, 74, 73, 72, 69, 68, 67, 66, 65, 63, 61, 60, 59, 22, 21, 20, 19, 18, 17, 266, 206, 205, 185, 221, 126, 127, 122, 121, 120, 118, 187, 184, 183, 116, 129, 130, 131, 132, 133, 135, 136, 137, 149, 151, 152, 153, 141, 142, 143, 144, 145, 146, 147, 706, 743, 740, 734, 706, 358, 359, 461, 524, 523, 522, 531, 520, 517, 514, 464","p109: cell continues on next page | p111: continues from p109; ""143 144"" printed without comma"
malihabad,143,आदमपुर,abadi,,111,11,"56, 54, 57, 58, 149, 148, 146, 133, 115, 87, 84",
malihabad,143,आदमपुर,link,,111,21,"6, 26, 25, 84, 83, 87, 88, 114, 113, 132, 133, 134, 136, 146, 34, 35, 32, 31, 30, 52, 56","p111: ""133,1 34"" read as 133;134"
malihabad,144,कोलवा भनौरा,abadi,,111,56,"985, 1138, 1137, 1136, 1125, 1124, 1019, 1018, 1017, 1016, 989, 990, 996, 111, 110, 112, 108, 104, 106, 101, 864, 865, 863, 861, 860, 858, 856, 857, 854, 855, 758, 757, 755, 754, 751, 731, 730, 739, 738, 726, 724, 727, 115, 114, 113, 406, 409, 410, 411, 412, 436, 415, 416, 435, 418, 41","p111: last token ""41"" runs into cell border, possibly truncated"
malihabad,144,कोलवा भनौरा,link,,111,118,"965, 964, 963, 943, 975, 977, 978, 979, 980, 981, 985, 1143, 895, 894, 893, 892, 891, 890, 888, 880, 879, 869, 870, 99, 100, 101, 112, 113, 111, 122, 124, 125, 126, 137, 176, 194, 169, 199, 233, 203, 205, 206, 207, 208, 209, 225, 281, 283, 284, 285, 290, 291, 292, 297, 299, 412, 436, 437, 441, 445, 223, 222, 221, 217, 216, 212, 211, 560, 563, 564, 168, 166, 174, 141, 140, 139, 138, 135, 128, 127, 188, 114, 115, 864, 865, 849, 839, 836, 835, 800, 799, 797, 796, 795, 1139, 1146, 1145, 1140, 984, 982, 981, 976, 975, 973, 971, 970, 967, 967, 1010, 1012, 1037, 1041, 1040, 1046, 1053, 1057, 1058, 1077","p111: ""126,1 37"" and ""176,1 94"" read as 126;137 and 176;194"
malihabad,145,खखरा,abadi,,111,17,"95, 96, 93, 87, 88, 90, 99, 168, 98, 113, 103, 104, 105, 106, 107, 109, 110",
malihabad,145,खखरा,link,,111,19,"149, 150, 156, 157, 158, 162, 161, 164, 167, 168, 90, 88, 87, 92, 93, 95, 96, 51, 42",
malihabad,146,गढ़थम्भा,abadi,,113,6,"86, 80, 83, 95, 99, 97",
malihabad,146,गढ़थम्भा,link,,113,24,"11, 13, 15, 16, 17, 18, 33, 34, 72, 71, 69, 74, 75, 89, 81, 82, 85, 102, 116, 117, 118, 120, 122, 123",
malihabad,147,जगदीशपुर बुजुर्ग,abadi,,113,21,"149, 151, 152, 153, 154, 155, 157, 125, 126, 124, 125, 131, 130, 129, 139, 140, 141, 143, 149, 148, 150",
malihabad,147,जगदीशपुर बुजुर्ग,link,,113,64,"109, 110, 111, 128, 137, 134, 133, 132, 123, 199, 200, 198, 204, 197, 195, 124, 143, 107, 3, 5, 8, 9, 13, 26, 25, 24, 23, 20, 21, 22, 31, 33, 34, 44, 45, 62, 60, 59, 181, 179, 151, 150, 148, 147, 154, 143, 107, 106, 105, 104, 103, 102, 11, 96, 95, 94, 91, 90, 88, 87, 86, 77, 75, 64",
malihabad,148,सुल्तानपुर,abadi,,113,19,"187, 167, 155, 157, 168, 169, 170, 171, 172, 173, 174, 176, 180, 182, 183, 184, 88, 189, 186","p113: ""88"" as printed (sequence suggests 188?)"
malihabad,148,सुल्तानपुर,link,,113,7,"206, 205, 204, 201, 164, 209, 208",
malihabad,149,जगदीशपुर खुर्द,abadi,,113,11,"20, 22, 24, 26, 25, 35, 36, 34, 56, 57, 23",
malihabad,149,जगदीशपुर खुर्द,link,,113,15,"2, 3, 4, 5, 6, 7, 37, 44, 43, 41, 50, 54, 60, 59, 58",
malihabad,150,हटौली,abadi,,113,33,"48, 49, 151, 162, 167, 165, 166, 369, 370, 371, 372, 373, 385, 384, 412, 413, 414, 415, 416, 417, 418, 419, 420, 421, 422, 423, 37, 364, 365, 366, 374, 386, 425",
malihabad,150,हटौली,link,,113,13,"39, 41, 42, 43, 181, 177, 176, 174, 173, 171, 164, 323, 344",
malihabad,151,घुसौली,abadi,,113,27,"52, 53, 27, 18, 235, 236, 237, 248, 251, 286, 287, 288, 289, 290, 291, 219, 12, 9, 10, 11, 69, 70, 443/410, 14, 16, 250, 277क",
malihabad,151,घुसौली,link,,113,19,"34, 35, 36, 439/36, 444/33, 32, 34, 411, 412, 354, 388, 389, 390, 391, 392, 374, 399, 402, 356","p113: ""390 391"" printed without comma"
malihabad,152,गुमसेना,abadi,,113,35,"111, 114, 115, 116, 120, 121, 123, 124, 125, 126, 127, 128, 112, 212, 203, 290, 291, 204, 205, 206, 207, 208, 209, 210, 224, 225, 228, 323, 334, 318, 319, 110, 211, 191, 214",p113: ends with trailing comma; may continue on next page
malihabad,152,गुमसेना,link,,113 115,75,"51, 52, 53, 56, 60, 61, 63, 77, 79, 80, 81, 23, 231, 230, 203, 204, 201, 202, 234, 255, 256, 258, 260, 300, 303, 305, 308, 309, 315, 316, 317, 321, 322, 323, 324, 325, 3328, 385/78, 110, 124, 125, 126, 127, 128, 136, 219, 212, 225, 99, 102, 111, 334, 335, 343, 342, 348, 355, 354, 353, 272, 270, 168, 174, 351, 350, 349, 288, 346, 345, 315, 318, 319, 209, 211, 208",p113: 3328 as printed (4 digits); cell continues on next page | p115: continues from p113
malihabad,153,पीर नगर,abadi,,115,23,"156, 159, 130, 205, 206, 207, 137, 136, 100, 99, 95, 96, 217, 215, 210, 240, 242, 243, 199, 182, 131, 208ग, 208क",
malihabad,153,पीर नगर,link,,115,13,"171, 174, 175, 163, 164, 160, 159, 156, 293, 177, 178, 179, 180",
malihabad,154,अकबरपुर,abadi,,115,25,"1, 3, 4, 227, 240, 243, 244, 245, 246, 247, 248, 249, 250, 251, 253, 274, 258, 259, 267, 260, 261, 262, 256, 255, 226",
malihabad,154,अकबरपुर,link,,115,45,"302, 303, 308, 309, 310, 184, 182, 180, 178, 321, 320, 319, 318, 332, 336, 316, 315, 314, 318, 337, 338, 339, 342, 73, 75, 128, 130, 132, 108, 263, 262, 256, 218, 150, 135, 134, 65, 70, 147, 149, 160, 161, 165, 166, 171",
malihabad,155,रनीपारा,abadi,,115,29,"466, 468, 470, 472, 473, 477, 476, 484, 499, 486, 488, 144, 145, 147, 151, 154, 179, 178, 176, 173, 172, 421, 422, 371, 469ग, 476, 500ख, 415, 416",
malihabad,155,रनीपारा,link,,115,141,"446, 447, 448, 449, 450, 453, 456, 460, 468, 465, 470, 47, 478, 479, 480, 481, 482, 489, 490, 492, 493, 466, 537, 528, 553, 556, 557, 558, 563, 614, 620, 617, 627, 628, 631, 634, 636, 637, 4, 5, 6, 7, 13, 14, 15, 16, 17, 19, 23, 38, 40, 42, 43, 16, 17, 19, 20, 21, 29, 30, 33, 87, 91, 119, 120, 121, 122, 123, 142, 422, 423, 427, 434, 435, 442, 443, 260, 259, 256, 255, 254, 281, 282, 283, 288, 291, 307, 306, 352, 350, 359, 363, 374, 373, 371, 369, 520, 518, 516, 511, 505, 504, 409, 408, 407, 403, 385, 382, 381, 380, 348, 349, 350, 233, 252, 251, 249, 248, 499, 498, 497, 502, 503, 513, 523, 524, 525, 526, 527, 529, 532, 535, 543, 756/352, 553, 556, 557, 558, 563, 564, 566","p115: ""492 493"" printed without comma"
malihabad,156,हमिरापुर,abadi,,115 117,143,"617, 615, 614, 611, 610, 608, 596, 598, 589, 590, 589, 588, 574, 575, 576, 574, 559, 560, 553, 554, 555, 535, 536, 537, 538, 540, 541, 322, 323, 324, 325, 327, 318, 319, 320, 264, 266, 265, 249, 250, 251, 213, 174, 173, 171, 170, 154, 155, 156, 157, 158, 159, 149, 483, 484, 485, 486, 513, 517, 518, 519, 528, 529, 531, 532, 533, 350, 397, 398, 351, 352, 356, 353, 392, 386, 401, 402, 999, 1004, 1009, 1012, 1013, 1015, 1016, 1017, 1018, 958, 960, 961, 990, 997, 998, 462, 461, 454, 452, 453, 428, 447, 448, 450, 480, 481, 472, 853, 589, 870, 869, 862, 863, 864, 865, 866, 867, 868, 254, 255, 256, 527, 528, 259, 399, 474, 854ब, 857, 861, 959, 855, 856, 963, 613, 594, 263, 880, 881, 882, 878, 876, 558, 561, 562, 564, 565",p115: cell continues on next page | p117: continues from p115
malihabad,156,हमिरापुर,link,,115 117,198,"119, 120, 121, 117, 116, 127, 132, 133, 134, 135, 136, 189, 190, 192, 193, 197, 198, 200, 226, 227, 228, 232, 233, 234, 235, 236, 284, 285, 287, 288, 289, 299, 302, 365, 366, 376, 377, 378, 380, 381, 382, 383, 384, 385, 386, 411, 412, 413, 414, 415, 418, 979, 978, 977, 995, 458, 459, 460, 462, 463, 464, 467, 468, 470, 504, 505, 506, 507, 507/1029, 508, 804, 805, 851, 852, 853, 854, 862, 863, 866, 867, 869, 870, 871, 970, 969, 976, 975, 974, 973, 988/1038, 988, 988/1039, 989, 990, 991, 1015, 1016, 1017, 951, 950, 949, 948, 946, 945, 937, 939, 896, 895, 894, 876, 953, 954, 958, 957, 956, 963, 966, 967, 471, 469, 805, 802, 801, 800, 799, 798, 784, 785, 786, 787, 788, 796, 795, 799, 798, 800, 802, 805, 33, 34, 26, 36, 198, 197, 196, 195, 175, 174, 171, 213, 211, 173, 202, 201, 200, 302, 310, 312, 313, 314, 316, 317, 320, 321, 266, 267, 268, 271, 270, 297, 299, 215, 216, 217, 307, 315, 406, 406, 106, 102, 96, 237, 238, 461/1036, 503, 860, 822, 803, 824, 827, 828, 962, 961, 960, 890, 896/1035, 941, 981",p115: cell continues on next page | p117: continues from p115
malihabad,157,सहिजना,abadi,,117,58,"625, 613, 616, 618, 619, 622, 623, 1016, 989, 988, 985, 983, 981, 972, 971, 970, 952, 638, 752, 644, 645, 646, 927, 970, 998, 999, 1019, 1074, 1071, 1418, 1419, 1725, 1726, 1766, 1727, 1769, 1772, 1807, 1808, 636, 637, 633, 631, 1169, 1174, 1173, 1172, 1743, 1744, 1716, 1717, 1171, 1722, 1723, 1729, 1730, 1727, 1733",
malihabad,157,सहिजना,link,,117,85,"2072, 2197, 2086, 2191, 2102, 1745, 1744, 1743, 1173, 1172, 1171, 1169, 1165, 1147, 1153, 1150, 1138, 1131, 1132, 1133, 1134, 1114, 1115, 1116, 1301, 1047, 1042, 1034, 1033, 1031, 1032, 997, 1030, 996, 995, 1029, 1026, 1025, 1014, 1010, 1008, 619, 409, 410, 412, 413, 618, 616, 613, 629, 610, 609, 608, 631, 2011, 1967, 1968, 1966, 1965, 1964, 1963, 1962, 1962, 1960, 1959, 1958, 1814, 1831, 1832, 1833, 1865, 1869, 1868, 1874, 1873, 1872, 1794, 1804, 1803, 1802, 1783, 1806, 1809, 1811, 1812","p117: ""1173 1172 1171"" printed without commas"
malihabad,158,तरौना,abadi,,117,104,"51, 50, 95, 83, 88, 97, 99, 995, 923, 825, 350, 353, 352, 369, 360, 361, 603, 604, 605, 819, 799, 797, 794, 793, 792, 786, 788, 1098, 937, 1183, 1184, 1185, 1186, 1187, 1188, 921, 924, 935, 934, 928, 611, 912, 752, 750, 610, 837, 898, 900, 902, 833, 832, 338, 337, 336, 1813, 1814, 1849, 1836, 1833, 1828, 1838, 1843, 1839, 1811, 1808, 94, 96, 321, 361, 479, 612, 614, 617, 697, 751, 754/1878, 780, 790, 795, 815, 817, 818, 820, 821, 825, 834, 835, 836, 838, 902, 922, 934, 936, 1076, 1191, 1743, 1790, 1809, 1837, 1840, 1841, 1842, 1844, 1846",
malihabad,158,तरौना,link,,117 119,163,"211, 212, 213, 214, 218, 220, 221, 225, 229, 230, 233, 235, 236, 237, 230, 235, 238, 208, 268, 269, 270, 287, 289, 290, 291, 325, 329, 330, 334, 332, 841, 842, 1, 15, 16, 18, 45, 71, 72, 73, 74, 80, 84, 85, 86, 87, 97, 170, 171, 183, 182, 186, 187, 188, 193, 194, 196, 195, 197, 198, 200, 201, 199, 202, 203, 204, 209, 1369, 1372, 1373, 1481, 1483, 1484, 1485, 1489, 1490, 1491, 1492, 1505, 1507, 1509, 1606, 1607, 1608, 1609, 1610, 1611, 1612, 1640, 1641, 1642, 1849, 1848, 1367, 1364, 1362, 1361, 1360, 1356, 1350, 1349, 1346, 1349, 1344, 1343, 1342, 1253, 1252, 1251, 1249, 1248, 1243, 1248, 1268, 1231, 1230, 1229, 1228, 1155, 1144, 1139, 1137, 1047, 947, 1046, 1048, 984, 981, 1831, 1830, 982, 972, 962, 961, 959, 715, 720, 725, 727, 737, 771, 772, 773, 774, 780, 787, 788, 1032, 987, 956, 941, 940, 939, 944, 945, 946, 948, 1005, 1075, 1077, 1097, 1098, 1076","p117: ""290 291"" printed without comma; cell continues on next page | p119: continues from p117"
malihabad,159,फतेहपुर,abadi,,119,63,"21, 22, 23, 24, 26, 27, 30, 33, 34, 35, 36, 37, 38, 8, 49, 50, 54, 60, 63, 18, 19, 09, 11, 1, 2, 3, 4, 5, 6, 100, 101, 102, 104, 103, 113, 114, 110, 111, 115, 116, 117, 118, 202, 203, 204, 205, 206, 123, 131, 12, 134, 154, 155, 20, 21, 25, 105, 127, 130, 155, 160, 187, 239","p119: ""8"" and ""09"" as printed"
malihabad,159,फतेहपुर,link,,119,79,"1, 2, 4, 6, 5, 9, 11, 21, 100, 101, 91, 79, 77, 74, 3, 4, 5, 26, 27, 28, 32, 33, 35, 36, 37, 38, 117, 118, 110, 111, 109, 108, 200, 201, 203, 198, 197, 196, 194, 193, 192, 126, 127, 125, 122, 124, 128, 134, 156, 157, 158, 159, 160, 161, 164, 166, 167, 168, 169, 171, 172, 173, 174, 175, 178, 179, 181, 182, 184, 239, 239, 236, 233, 231, 222, 227, 213, 211, 190",
malihabad,160,कैथुलिया,abadi,,119,57,"379, 376, 375, 374, 373, 399, 394, 390, 398, 399, 23, 26, 287, 285, 284, 283, 281, 279, 278, 306, 290, 296, 294, 387, 383, 384, 385, 304, 303, 674, 675, 676, 677, 673, 624, 627, 386, 686, 273, 269, 286, 280, 272, 288, 199, 198, 197, 19, 185, 188, 195, 286, 295, 377, 671, 679, 680",
malihabad,160,कैथुलिया,link,,119,45,"487, 489, 492, 490, 508, 525, 556, 565, 546, 602, 598, 608, 609, 629, 627, 626, 625, 685, 694, 687, 678, 694, 693, 705, 708, 707, 709, 704, 647, 700, 722, 721, 723, 01, 48, 37, 791, 792, 793, 702, 726, 723, 476, 477, 396","p119: ""01"" as printed"
malihabad,161,तिलन,abadi,,119 121,108,"300, 301, 302, 303, 411, 304, 397, 400, 405, 415, 432, 437, 433, 414, 584, 574, 184, 185, 186, 187, 188, 182, 200, 201, 640, 430, 638, 633, 632, 630, 620, 614, 615, 616, 618, 625, 624, 610, 907, 905, 903, 1417, 1418, 1419, 1522, 1527, 1520, 1565, 1167, 1570, 1502, 1584, 1583, 1501, 1503, 1535, 1544, 1034, 621, 618, 671, 640, 660, 608, 678, 413, 412, 407, 408, 414, 409, 410, 158, 1581, 1570, 1568, 1562, 610, 670, 1118, 688, 369, 184, 185, 199, 366, 369, 376, 405, 407, 408, 410, 413, 584, 628, 641, 648, 656, 668, 732, 740, 1549, 1558, 1560, 1565, 1569, 1570, 1581","p119: ""640 430"" printed without comma; cell ends with comma, may continue on p121 | p121: continues from previous page"
malihabad,161,तिलन,link,,119 121,114,"1050, 1051, 1048, 1047, 1046, 145, 1052, 1053, 1044, 1054, 1049, 1055, 1041, 1007, 1039, 1048, 1011, 1010, 848, 1013, 1019, 812, 1020, 808, 1022, 1023, 1024, 803, 806, 807, 1026, 802, 1027, 693, 692, 650, 685, 686, 712, 677, 719, 676, 730, 675, 731, 910, 912, 946, 945, 914, 915, 918, 943, 934, 954, 956, 936, 959, 940, 938, 927, 928, 926, 929, 920, 591, 550, 545, 542, 541, 540, 530, 538, 535, 527, 526, 521, 520, 494, 493, 401, 470, 469, 465, 464, 467, 459, 458, 457, 456, 454, 453, 452, 400, 377, 378, 372, 624, 625, 626, 603, 573, 577, 608, 578, 577, 578, 298, 271, 297, 574, 290, 204, 210","p119: cell ends with comma, continues on p121 | p121: continues from previous page"
malihabad,162,दिलावर नगर,abadi,,121,77,"306, 366, 362, 355, 352, 359, 326, 314, 320, 343, 351, 346, 345, 334, 335, 336, 330, 337, 323, 233, 231, 243, 246, 256, 240, 238, 748, 708, 710, 709, 745, 636, 760, 764, 763, 207, 272, 274, 185, 203, 199, 197, 198, 168, 773, 774, 778, 769, 767, 766, 333, 331, 330, 337, 339, 334, 343, 341, 342, 345, 347, 348, 356, 351, 661, 659, 658, 657, 656, 644, 643, 678, 676, 675, 670, 672/856, 643",
malihabad,162,दिलावर नगर,link,,121,103,"388, 389, 390, 393, 349, 346, 345, 342, 339, 334, 281, 513, 512, 510, 509, 508, 519, 506, 396, 397, 398, 400, 401, 413, 414, 416, 417, 419/817, 280, 8, 36, 37, 41, 9, 10, 12, 13, 14, 15, 6, 43, 44, 45, 46, 48, 49, 51, 52, 53, 64, 65, 66, 78, 79, 81, 505, 538, 525, 524, 523, 522, 521, 520, 539, 563, 511, 515, 516, 518, 517, 750, 749, 755, 756, 585, 596, 597, 599, 601, 748, 745, 746, 701, 707, 808, 608, 809, 791, 786, 796, 774, 773, 764, 349, 341, 343, 353, 350, 363, 367, 355, 362, 361",
malihabad,163,मुडियारा,abadi,,121,77,"38, 39, 41, 58, 59, 61, 63, 62, 36, 44, 31, 60, 306, 305, 304, 322, 328, 329, 331, 333, 531, 352, 348, 419, 282, 390, 396, 395, 374, 387, 386, 384, 383, 380, 469, 1326, 1328, 1334, 1470, 1325, 150, 151, 152, 153, 158, 339, 335, 447, 451, 495, 481, 482, 458, 460, 463, 487, 486, 485, 483, 469, 1022, 364, 373, 393, 1317, 1315, 1330, 1321, 1325, 1309, 1310, 1311, 1312, 1313, 1314, 529, 493",
malihabad,163,मुडियारा,link,,121,154,"1478, 1539, 1540, 1541, 1305, 1942, 945, 946, 984, 988, 989, 1010, 2215, 210, 209, 163, 108, 109, 118, 120, 226, 231, 225, 241, 224, 258, 223, 258, 222, 221, 220, 211, 212, 216, 213, 200, 184, 199, 193, 192, 190, 58, 208, 207, 200, 293, 259, 260, 164, 177, 182, 185, 186, 65, 64, 187, 65, 60, 61, 294, 295, 296, 300, 310, 311, 315, 317, 161, 160, 158, 119, 546, 323, 543, 325, 326, 322, 328, 327, 544, 543, 540, 538, 333, 493, 494, 495, 485, 483, 497, 486, 487, 498, 488, 491, 499, 506, 1009, 1001, 1002, 987, 1050, 999, 998, 983, 1054, 1053, 956, 955, 1059, 954, 949, 948, 947, 944, 1443, 943, 942, 1455, 1480, 1481, 1459, 1460, 1461, 1483, 1511, 1509, 1582, 1516, 1517, 1583, 1506, 1533, 1578, 1542, 1321, 1319, 1318, 1316, 1470, 1325, 1324, 1317, 1013, 1014, 1015, 1020, 1021, 1022, 490, 475, 473, 472, 459","p121: ""-1054"" printed with leading dash"
malihabad,164,सिसवारा,abadi,,123,42,"531, 533, 530, 484, 538, 542, 486, 534, 113, 124, 142, 143, 156, 147, 149, 166, 167, 200, 202, 225, 634, 627, 638, 639, 573, 487, 521, 540, 537, 532, 536, 225, 177, 154, 111, 132, 231, 626, 631, 656, 675, 539",
malihabad,164,सिसवारा,link,गहदो मार्ग,123,82,"35, 38, 34, 54, 57, 58, 59, 61, 64, 66, 67, 69, 19, 20, 21, 22, 23, 29, 30, 31, 32, 308, 306, 240, 242, 241, 233, 234, 232, 111, 95, 216, 214, 323, 325, 432, 433, 465, 467, 469, 470, 471, 288, 281, 289, 326, 441, 455, 439, 531, 530, 484, 538, 542, 485, 534, 535, 113, 124, 142, 143, 156, 147, 149, 166, 167, 200, 202, 225, 634, 627, 638, 639, 573, 487, 521, 540, 537, 533, 532, 536, 484","p123: second ""गहदो मार्ग"" entry in same cell (road name printed twice)"
malihabad,165,कमालुद्दीन नगर,abadi,,123,27,"150, 157, 158, 156, 155, 162, 72, 73, 74, 80, 76, 184, 171, 172, 67, 64, 66, 174, 169, 180, 144, 147, 149, 181, 178, 204, 202",
malihabad,165,कमालुद्दीन नगर,link,,123,49,"2, 4, 5, 7, 104, 105, 106, 108, 99, 100, 9, 24, 26, 27, 28, 29, 30, 31, 32, 38, 150, 175, 67, 64, 66, 174, 159, 180, 144, 147, 149/208, 209, 211, 202, 204, 150, 157, 158, 156, 159, 162, 72, 73, 74, 80, 76, 184, 181, 178",
malihabad,166,बड़खोरवा,abadi,,123,13,"239, 45, 476, 475, 463, 644, 184, 179, 346, 344, 125, 127, 128",
malihabad,166,बड़खोरवा,link,,123 125,44,"92, 89, 93, 94, 96, 97, 114, 116, 118, 120, 180, 175, 199, 205, 212, 222, 223, 95, 112, 105, 106, 103, 77, 78, 85, 79, 100, 98, 88, 187, 188, 189, 184, 127, 128, 102, 103, 105, 106, 183, 40, 52, 12, 42",p123: cell continues on next page | p125: continues from previous page
malihabad,167,ससपन,abadi,,125 127,230,"1087, 1112, 1111, 1110, 1109, 1114, 1129, 1113, 1127, 1160, 1083, 1084, 1354, 1355, 1388, 1383, 1356, 1349, 1395, 1409, 1410, 3199, 2498, 2499, 2189, 3781, 3782, 3783, 3780, 3779, 3216, 3215, 3254, 3213, 3212, 3781, 3782, 3783, 1916, 1918, 1927, 1985, 1987, 1983, 1998, 3818, 3820, 3821, 3890, 3889, 3823, 3824, 3827, 810, 3939, 3940, 3941, 3950, 3956, 3955, 3954, 3967, 3860, 3872, 3873, 3883, 3740, 3995, 3997, 4000, 4004, 4006, 3938, 3939, 2901, 4, 2162, 2163, 2171, 2172, 2169, 2166, 2167, 2165, 2164, 2163, 2149, 2154, 2161, 1598, 1599, 1596, 1595, 1591, 2119, 2083, 2084, 2113, 2114, 2115, 2112, 2110, 2007, 2104, 2094, 2089, 538, 534, 537, 562, 560, 561, 539, 542, 1819, 1818, 1812, 1813, 1814, 185, 1781, 1833, 1832, 1695, 1674, 1672, 1670, 1698, 1699, 1703, 1086, 1090, 1118, 1115, 1125, 1123, 1153, 1154, 1351, 1345, 1346, 1255, 1343, 1385, 959, 935, 939, 940, 1015, 992, 118, 963, 1326, 1401, 1322, 1338, 881, 876, 840, 821, 826, 818, 809, 900, 2067, 2079, 2080, 2081, 2118, 2102, 2105, 2107, 2086, 540, 541, 543, 544, 545, 531, 526, 734, 730, 265, 274, 277, 278, 281, 283, 1591, 1593, 2174, 2182, 2151, 2178, 2164, 2165, 2167, 2152, 2154, 1600, 1810, 1812, 1783, 1776, 1824, 1838, 2960, 2961, 2962, 2963, 2964, 2965, 2966, 2932, 2934, 2956, 2981, 2983, 3007, 3010, 3034, 3037, 3108, 3111, 3124, 2753, 2760, 2759, 2751, 2775","p125: ""544 545"" printed without comma; cell continues on next page | p127: continues from previous page"
malihabad,167,ससपन,link,,125,165,"695, 794, 795, 798, 799, 905, 906, 907, 902, 894, 895, 886, 883, 879, 878, 840, 865, 864, 863, 862, 860, 910, 916, 973, 974, 975, 1032, 1034, 1035, 1036, 1044, 1056, 1060, 1061, 1062, 1063, 1065, 1066, 1067, 1068, 1578, 1579, 1580, 1581, 1582, 1583, 1586, 2175, 2178, 2180, 2181, 2186, 2188, 2189, 2203, 2204, 2205, 2499, 2500, 2502, 2503, 2504, 2505, 2506, 2509, 2512, 2519, 2524, 2525, 2566, 2567, 2568, 2763, 2764, 2765, 2768, 2769, 2770, 2771, 2772, 2773, 2774, 3120, 3124, 3125, 3126, 3127, 3131, 3132, 3065, 3161, 3163, 3165, 3167, 3168, 3169, 3191, 3192, 3193, 3194, 3195, 3200, 3201, 3202, 3203, 3204, 3213, 3214, 3215, 3216, 3210, 3233, 3224, 3222, 3221, 3219, 3220, 3261, 3262, 3263, 3267, 3268, 3278, 3280, 3281, 3282, 3283, 3284, 3285, 3286, 3287, 3293, 3294, 3296, 3779, 3780, 3781, 3782, 3783, 3784, 3785, 3787, 3793, 3789, 3790, 3791, 3793, 3792, 3164, 3156, 3891, 3892, 3893, 3205, 3209, 3223, 3291, 2207, 2507, 250, 659, 995, 994, 1059, 2179",
malihabad,168,गोपालपुर,abadi,,127,15,"45, 42, 43, 44, 47, 215, 219, 46, 291, 46, 155, 200, 290, 320मि, 320",
malihabad,168,गोपालपुर,link,,127,50,"88, 86, 90, 91, 99, 101, 12, 103, 181, 184, 189, 303, 304, 312?, 314, 319, 320, 402, 407, 413, 321, 322, 334, 338, 340, 370, 43, 44, 45, 215, 46, 291, 203, 215, 217, 218, 219, 220, 224, 288, 137, 143, 152, 133, 156, 135, 136, 47, 49, 42","p127: printed ""31,2 314"" (read as 312?)"
malihabad,169,ऑट गढ़ी सौरा,abadi,,127,138,"172, 708, 707, 706, 705, 704, 682, 622, 621, 620, 258, 253, 240, 238, 225, 175, 174, 226, 256, 257, 1102, 1098, 1097, 1096, 1095, 1073, 1056, 1070, 1069, 1065, 1023ख, 986, 1122, 1027, 928, 929, 930, 935, 955क, 956, 967, 1887क, 1887ख, 1887ग, 1889, 1891, 1893, 1894, 1892ख, 1892क, 1436, 1574क, 1571, 1426, 1427, 1430, 1884, 1938, 1092, 1091, 1089, 1088, 604, 613, 1072, 1124, 177, 178, 168, 169, 170, 167, 166, 709, 710, 711, 712, 714, 702, 700, 701, 688, 689, 627, 625, 282, 280, 281, 277, 275, 273, 260, 254, 250, 237, 224, 190, 185, 1103, 1101, 1099, 1055, 1028, 934, 974, 975, 1018, 1119, 853, 854, 855, 1434, 1429, 1428, 1425, 1570, 1573, 1524, 1526, 1511, 1516, 1506, 1508, 1512, 1437, 1882, 1880, 1878, 1879, 1875, 1890, 869, 872, 269, 713ख, 716, 715, 1435",
malihabad,169,ऑट गढ़ी सौरा,link,,127 129,208,"365, 364, 361, 360, 357, 350, 349, 342, 341, 299, 298, 293, 282, 281, 280, 279, 266, 275, 682, 681, 680, 678, 677, 675, 674, 670, 669, 667, 651, 640, 639, 637, 636, 635, 634, 629, 628, 627, 622, 621, 620, 617, 457, 443, 439, 438, 435, 376, 379, 369, 368, 367, 374, 273, 1889, 1890, 1922, 1923, 1929, 1695, 1696, 1697, 1699, 1703, 1704, 1705, 1706, 1707, 1709, 1710, 1711, 1616, 1617, 1258, 1257, 1256, 1248, 1247, 1245, 1148, 904, 905, 1150, 1156, 1157, 1158, 1260, 1261, 1262, 1275, 1277, 1278, 1280, 1370, 1372, 1374, 1378, 1390, 997, 994, 998, 986, 1017, 1016, 1013, 1012, 534, 530, 531, 532, 1140, 1141, 1142, 1143, 1138, 1132, 992, 993, 882, 884, 885, 886, 851, 850, 854, 853, 1362, 1361, 1360, 1451, 1454, 1358, 1351, 1349, 1347, 1343, 1342, 1341, 1332, 1326, 952, 934, 932, 920, 917, 912, 911, 910, 909, 908, 1477, 1475, 1469, 1470, 1471, 1472, 1473, 1455, 455, 930, 935, 956, 1936, 1945, 1944, 1934, 1933, 1932, 1847, 1790, 1789, 1788, 1787, 1701, 1700, 1714, 1715, 206, 211, 212, 194, 192, 187, 180, 181, 124, 115, 144, 145, 146, 159, 160, 161, 805, 1043, 1085, 1084, 1082, 1077, 1076, 1047, 820, 819, 822, 823, 1036, 862, 856","p127: ""1471 1472"" and ""1701 1700"" printed without comma; cell continues on next page | p129: continues from previous page"
malihabad,170,जौरिया,abadi,,129,38,"57, 58, 59, 60, 67, 97, 109, 384, 389, 407, 419, 416, 417, 362, 369, 459, 45, 39, 34, 12, 11, 7, 6, 5, 97, 405, 395, 397, 314, 403, 400, 405, 133, 137, 378, 374, 371, 362",
malihabad,170,जौरिया,link,,129,39,"356, 358, 359, 368, 369, 385, 483, 509, 511, 354, 478, 355, 342, 343, 340, 295, 296, 243, 274, 272, 268, 262, 357, 170, 337, 113, 116, 389, 392, 132, 394, 397, 24, 26, 27, 44, 55, 48, 49",
malihabad,171,चैना,abadi,,129,19,"41, 38, 60, 78, 47, 48, 46, 17, 18, 48, 11, 27, 12, 36, 26, 57, 84, 86, 94",
malihabad,171,चैना,link,,129,18,"11, 30, 28, 27, 12, 32, 60, 65, 111, 112, 113, 124, 14, 17, 18, 12, 19, 77",
malihabad,172,रुसेना,abadi,,129,52,"280, 269, 237, 274, 229, 230, 232, 553, 554, 551, 550, 548, 560, 570, 271, 1552, 638, 655, 525, 601, 600, 641, 638, 652, 653, 654, 528, 524, 523, 518, 519, 520, 669, 687, 1084, 1043, 1097, 1098, 1096, 1095, 913, 906, 924, 925, 923, 916, 476, 527, 528, 521, 523, 271",
malihabad,172,रुसेना,link,,129,127,"238, 240, 237, 232, 231, 218, 217, 216, 215, 213, 214, 212, 211, 396, 395, 560, 559, 557, 556, 548, 549, 547, 546, 545, 544, 542, 541, 540, 539, 538, 533, 532, 527, 526, 522, 491, 492, 1282, 489, 480, 479, 478, 477, 476, 454, 453, 451, 452, 408, 407, 405, 400, 399, 397, 201, 209, 208, 207, 209, 159, 160, 89, 87, 86, 84, 81, 79, 76, 71, 201, 203, 195, 190, 188, 185, 184, 180, 182, 106, 1105, 1104, 1103, 1102, 1041, 1040, 1090, 1089, 1082, 1083, 930, 928, 925, 895, 894, 763, 764, 896, 892, 41, 40, 33, 27, 262, 263, 259, 250, 260, 126, 212, 394, 393, 391, 390, 389, 225, 288, 782, 788, 789, 699, 696, 514, 513, 512, 653, 654, 665",
malihabad,173,रहटा,abadi,,129,16,"210, 259, 382, 383, 388, 381, 460, 457, 455, 456, 114, 215, 17, 210, 167, 22ख",p129: cell ends with comma; may continue on next page
malihabad,173,रहटा,nh,गहदों से रहीमाबाद राजमार्ग,129 131,91,"80, 488, 485, 483, 450, 238, 240, 241, 262, 267, 269, 270, 309, 307, 308, 314, 315, 316, 318, 319, 320, 321, 326, 329, 383, 397, 398, 399, 400, 401, 402, 403, 404, 441, 442, 480, 486, 482, 447, 448, 449, 203, 204, 205, 206, 219, 210, 311, 331, 332, 313, 426, 427, 422, 421, 115, 114, 113, 162, 142, 141, 109, 108, 107, 106, 126, 16, 17, 28, 53, 64, 63, 62, 71, 73, 67, 260, 267, 269, 270, 489, 490, 443, 433, 432, 430, 429, 434, 435, 436, 437",p129: cell continues on next page | p131: continues from previous page; road name from p129 | moved to nh: road named गहदों से रहीमाबाद राजमार्ग
malihabad,174,उमरावल,abadi,,131,133,"829, 824, 523, 832, 846, 847, 632, 635, 640, 649, 753, 758, 748, 734, 735, 736, 1134, 1142, 1141, 1125, 1126, 1128, 1129, 987, 1066, 1081, 1082, 1056, 1057, 1058, 1059, 1042, 1044, 745, 746, 735, 734, 736, 750, 751, 752, 746, 748, 749, 750, 218, 213, 283, 278, 275, 274, 266, 232, 253, 257, 363, 367, 358, 355, 350, 441, 420, 421, 422, 423, 424, 425, 426, 427, 428, 428, 350, 107, 108, 272, 270, 278, 279, 54, 55, 298, 278, 243, 316, 304, 308, 309, 318, 319, 331, 27, 28, 29, 68, 69, 71, 72, 74, 21, 22, 23, 17, 13, 4, 5, 6, 7, 22, 492, 490, 491, 449, 450, 570, 538, 536, 577, 578, 468, 882, 885, 881, 879, 877, 878, 891, 892, 898, 899, 900, 901, 902, 903",
malihabad,174,उमरावल,link,,131,61,"1158, 1160, 1161, 1162, 1163, 1164, 1122, 1155, 1116, 1117, 1118, 1119, 1128, 1114, 1113, 1108, 1104, 1105, 1103, 1101, 1081, 1082, 1071, 1069, 200, 178, 180, 181, 192, 193, 197, 197, 188, 206, 207, 219, 220, 221, 218, 222, 224, 142, 145, 120, 76, 77, 78, 150, 151, 20, 18, 17, 16, 15, 147, 148, 152, 135, 137, 138, 160",
malihabad,175,खुशहालपुर,abadi,,131,14,"31, 32, 33, 37, 23, 24, 25, 8, 26, 30, 30, 23, 27, 25",
malihabad,175,खुशहालपुर,link,,131,60,"1, 2, 3, 4, 5, 10, 13, 14, 15, 17, 18, 19, 20, 21, 111, 129, 127, 70, 69, 68, 67, 66, 62, 64, 38, 37, 36, 34, 33, 32, 31, 30, 24, 23, 4, 5, 7, 8, 111, 135, 137, 172, 173, 197, 198, 199, 207, 206, 209, 208, 209, 217, 219, 220, 114, 115, 118, 125, 128, 129",
malihabad,176,भतोईया,abadi,,131,14,"49, 55, 57, 63, 75, 136, 134, 130, 148, 139, 146, 147, 152, 151",
malihabad,176,भतोईया,link,,131,15,"50, 52, 92, 93, 94, 148, 152, 149, 146, 144, 141, 142, 150, 163, 164",
malihabad,177,सुरगौला,abadi,,131,15,"274, 271, 294, 255, 370, 389, 404, 401, 377, 374, 373, 300, 306, 305, 308",
malihabad,177,सुरगौला,link,,131,23,"388, 378, 370, 287, 373, 374, 38, 151, 206, 200, 197, 198, 202, 195, 203, 192, 193, 196, 206, 210, 212, 217, 228",
malihabad,178,मनकौटी,abadi,,131 133,41,"173, 174, 177, 173, 382, 38, 389, 361, 364, 360, 185, 186, 306, 324, 325, 322, 396, 359, 358, 336, 337, 338, 320, 332, 331, 333, 359, 359/350, 477, 478, 507, 399, 385, 392, 387, 396, 152, 153, 151, 140, 137",p131: cell continues on next page | p133: continues from previous page
malihabad,178,मनकौटी,link,,131 133,43,"478, 471, 506, 502, 457, 494, 496, 492, 493, 487, 488, 490, 525, 530, 531, 529, 523, 519, 522, 517, 518, 516, 510, 509, 382, 383, 385, 173, 174, 166, 145, 141, 144, 150, 149, 153, 154, 147, 145, 164, 163, 160, 159",p131: cell continues on next page | p133: continues from previous page
malihabad,179,रघुरामपुर,abadi,,133,0,,p133: cell text (no numbers): गैर आबाद
malihabad,179,रघुरामपुर,link,,133,20,"140, 142, 108, 101, 97, 96, 89, 88, 87, 86, 83, 82, 61, 60, 62, 80, 77, 76, 145, 144",
malihabad,180,रसूलाबाद,abadi,,133,25,"150, 151, 142, 113, 112, 111, 110, 109, 108, 107, 144, 148, 146, 147, 62, 66, 67, 64, 49, 104, 102, 101, 100, 83, 103",
malihabad,180,रसूलाबाद,link,,133,39,"79, 78, 52, 77, 76, 53, 86, 85, 83, 103, 104, 151, 152, 155, 156, 142, 141, 134, 136, 137, 138, 139, 104, 105, 151, 150, 149, 108, 71, 56, 55, 53, 29, 58, 60, 23, 24, 25, 26",
malihabad,181,कुकरा,abadi,,133,36,"178, 177, 176, 175, 170, 171, 172, 169, 168, 167, 166, 165, 163, 162, 161, 137, 136, 135, 132, 131, 130, 87, 75, 206, 158, 148, 140, 141, 121, 122, 123, 124, 125, 78, 82, 83",
malihabad,181,कुकरा,link,,133,91,"75, 74, 76, 77, 79, 80, 81, 189, 178, 134, 168, 67, 66, 161, 87, 130, 131, 132, 135, 136, 160, 138, 139, 141, 142, 143, 144, 145, 146, 147, 148, 233, 232, 230, 236, 257, 270, 336, 337, 338, 137, 159, 154, 152, 150, 224, 225, 227, 258, 259, 266, 267, 345, 354, 355, 357, 358, 359, 369, 378, 379, 380, 340, 334, 234, 330, 339, 332, 331, 329, 328, 327, 325, 324, 346, 349, 389, 390, 391, 367, 364, 365, 368, 228, 153, 156, 149, 166, 168, 176, 179","p133: ""139 141"" and ""345 354"" printed without comma"
malihabad,182,बरी जलालपुर,abadi,,133,39,"142, 134, 118, 116, 115, 117, 119, 133, 132, 136, 159, 157, 143, 142, 104, 105, 106, 143, 144, 145, 137, 138, 140, 145, 147, 148, 149, 150, 151, 152, 153, 154, 155, 156, 141, 140, 138, 137, 96","p133: ""153 154"" printed without comma"
malihabad,182,बरी जलालपुर,link,,133,47,"192, 186, 182, 162, 161, 141, 140, 139, 130, 181, 160, 159, 158, 157, 156, 145, 96, 97, 95, 85, 86, 78, 186, 102, 183, 181, 193, 194, 195, 196, 197, 4, 5, 263, 164, 165, 166, 167, 170, 171, 172, 173, 127, 128, 129, 130, 140",
malihabad,183,बड़ी गढ़ी,abadi,,135,69,"212, 214, 213, 186, 187, 216, 217, 218, 236, 237, 238, 239, 240, 241, 242, 243, 245, 246, 248, 301, 302, 303, 304, 306, 308, 312, 313, 326, 327, 328, 339, 330, 331, 313, 326, 325, 316, 314, 311, 312, 340, 269, 270, 271, 395, 329, 211, 209, 188, 187, 184, 374, 440, 442, 430, 431, 433, 282, 290, 291, 509, 503, 525, 527, 528, 406, 219, 221, 378",
malihabad,183,बड़ी गढ़ी,link,,135,146,"129, 134, 133, 132, 131, 112, 111, 110, 109, 108, 107, 106, 113, 144, 170, 171, 172, 173, 176, 93, 92, 85, 84, 83, 177, 181, 182, 183, 184, 185, 187, 188, 76, 75, 73, 74, 66, 65, 57, 56, 54, 53, 51, 217, 219, 221, 222, 223, 225, 226, 227, 228, 229, 230, 265, 266, 267, 473, 477, 404, 478, 489, 482, 402, 502, 483, 508, 510, 511, 512, 395, 396, 394, 531, 532, 533, 339, 338, 337, 548, 558, 336, 562, 561, 559, 296, 282, 575, 576, 579, 580, 608, 612, 613, 642, 651, 653, 654, 679, 680, 681, 682, 716, 52, 63, 94, 95, 119, 120, 220, 232, 211, 209, 208, 207, 203, 199, 196, 149, 347, 348, 349, 352, 353, 371, 372, 374, 375, 329, 560, 597, 598, 599, 663, 664, 667, 692, 693, 694, 695, 676, 558, 549, 550, 551, 560",
malihabad,184,बख्त्यार नगर,abadi,,135 137,122,"605स, 122, 121, 124, 126, 131, 132, 133, 134, 135, 136, 137, 138, 139, 524, 590, 589, 588, 587, 586, 140, 141, 156, 157, 159, 161, 162, 175, 326, 327, 328, 329, 330, 332, 333, 335, 338, 364, 365, 379, 380, 381, 382, 466, 383, 462, 463, 464, 465, 401, 407, 409, 410, 411, 413, 412, 414, 415, 424, 425, 452, 451, 453, 456, 457, 459, 454, 449, 450, 437, 438, 440, 441, 447, 448, 442, 443, 444, 445, 55, 56, 57, 58, 59, 63, 64, 65, 66, 90, 91, 92, 93, 94, 95, 96, 478, 479, 117, 123, 163, 176, 325, 461, 458, 99, 100, 101, 102, 104, 515, 485, 483, 484, 486, 487, 519, 520, 521, 522, 523, 476, 477","p135: cell continues on next page | p137: continues from previous page; ""521 522"" printed without comma"
malihabad,184,बख्त्यार नगर,link,,135 137,151,"232, 239, 227, 226, 225, 237, 240, 241, 242, 224, 223, 222, 244, 310, 313, 315, 317, 318, 320, 179, 323, 178, 176, 324, 325, 327, 175, 156, 155, 154, 141, 142, 143, 144, 145, 138, 146, 147, 148, 149, 150, 155, 154, 153, 151, 131, 130, 127, 123, 124, 125, 25, 26, 31, 33, 114, 118, 116, 104, 02, 99, 86, 97, 90, 91, 92, 93, 94, 95, 96, 65, 66, 119, 120, 121, 605स, 476, 483, 489, 490, 475, 473, 492, 493, 474, 371, 501, 502, 505, 560, 503, 504, 469, 468, 461, 382, 383, 378, 370, 363, 366, 367, 361, 362, 365, 360, 364, 339, 341, 344, 345, 299, 298, 296, 287, 282, 289, 290, 291, 295, 521, 522, 509, 511, 526, 527, 528, 536, 228, 229, 233, 234, 63, 59, 58, 56, 55, 442, 443, 444, 446, 447, 448, 605स, 437, 438, 433, 432, 434, 435, 436","p135: ""02"" as printed (likely 102); ""490 475"" printed without comma; cell continues on next page | p137: continues from previous page"
malihabad,185,मण्डौली,abadi,,137,29,"196, 212, 218, 407, 408, 409, 410, 411, 412, 414, 415, 417, 427, 426, 477, 478, 483, 578, 584, 585, 586, 587, 588, 589, 482, 482/2, 538, 592, 232/2",
malihabad,185,मण्डौली,link,,137,42,"199, 198, 189, 220, 229, 232, 233, 236, 238, 240, 241, 242, 243, 259, 260, 423, 424, 425, 428, 429, 415, 433, 438, 439, 441, 442, 444, 476, 477, 478, 483, 567, 575, 578, 579, 580, 581, 583, 584, 586, 587, 588",
malihabad,186,हरिहरपुर,abadi,,137,35,"319, 320, 321, 184, 180, 337, 338, 357, 183, 193, 228, 229, 322, 323, 324, 325, 326, 327, 328, 329, 330, 355, 186, 399, 234, 232, 233, 235, 262, 257, 258, 261, 259, 245, 242",
malihabad,186,हरिहरपुर,link,,137,113,"16, 13, 11, 18, 19, 20, 33, 27, 28, 29, 36, 37, 39, 40, 41, 43, 44, 45, 46, 95, 94, 95, 99, 98, 97, 84, 101, 82, 102, 104, 105, 106, 107, 108, 109, 100, 110, 111, 112, 113, 114, 252, 253, 254, 255, 256, 243, 246, 185, 241, 239, 240, 274, 275, 276, 277, 278, 279, 280, 281, 282, 283, 284, 350, 349, 346, 347, 345, 342, 341, 229, 228, 193, 194, 160, 149, 175, 176, 177, 173, 174, 144, 145, 146, 160, 359, 419, 420, 421, 422, 423, 424, 444, 445, 446, 447, 448, 148, 149, 150, 163, 179, 338, 346, 310, 311, 145, 164, 165, 166, 170, 181, 147","p137: ""448 148"" printed without comma"
malihabad,187,ईशापुर,abadi,,137 139,59,"395, 392, 462, 463?, 464, 465, 466, 450, 400, 405, 456, 476, 470, 478, 479, 482, 483, 455, 453, 446, 445, 440, 438, 457, 458, 459, 460, 497, 498, 499, 500, 507, 551, 550, 549, 548, 575, 574, 573, 555, 554, 553, 238, 517, 516, 513, 514, 453, 455, 480, 439, 545, 552, 412, 484, 477, 418, 441, 544","p137: printed ""46,3 464"" (read as 463?); cell continues on next page | p139: continues from previous page"
malihabad,187,ईशापुर,link,,137 139,113,"2, 32, 46, 34, 40, 49, 35, 42, 88, 52, 86, 85, 58, 82, 81, 84, 80, 103, 144, 104, 141, 143, 139, 162, 164, 137, 188, 187, 164, 165, 178, 166, 136, 135, 134, 131, 132, 198, 197, 196, 195, 192, 176, 223, 224, 225, 226, 227, 179, 212, 229, 230, 231, 232, 220, 239, 240, 259, 278, 241, 242, 282, 283, 284, 285, 286, 287, 244, 245, 247, 452, 490, 449, 448, 446, 454, 455, 414, 483, 448, 485, 486, 487, 515, 516, 512, 560, 611, 570, 600, 548, 507, 556, 562, 542, 508, 505, 549, 31, 12, 311, 314, 514, 517, 459, 410, 415, 411, 412, 413, 473, 300, 316",p137: cell continues on next page | p139: continues from previous page
malihabad,188,सेंधरवा,abadi,,139,63,"522, 522/1053, 504, 520, 519, 553, 524, 514, 546, 546/1057, 545, 544, 5543/106, 543, 324, 323, 325/999, 322, 317, 313, 311, 309, 308, 304, 303/1005, 338, 327, 326, 395, 394, 396, 288, 299, 303, 390, 284, 456, 310, 515, 312, 552, 549, 550, 528/1053, 332, 333, 247, 244, 250, 516, 251, 260, 536, 537, 538, 539, 533, 530, 531, 532, 253, 256, 255","p139: ""5543/106"" as printed (likely 543/1056?); ""312 552"" printed without comma"
malihabad,188,सेंधरवा,link,,139,142,"12, 13, 14, 16, 17, 18, 19, 35, 36, 38, 126, 127, 128, 123, 122, 131, 133, 137, 138, 139, 140, 141, 144, 145, 143, 151, 150, 123, 122, 120, 114, 113, 112, 115, 104, 105, 103, 89, 88, 107, 83, 76, 109, 110, 76, 75, 189, 187, 199, 193, 185, 184, 183, 182, 196, 195, 178, 179, 180, 200, 199, 176, 174, 202, 207, 208, 211, 214, 215, 217, 216, 216/1020, 255, 257, 259, 268, 267, 266, 272, 261, 262, 256, 593, 589, 595, 596, 597, 598, 616, 620, 619, 967, 703, 702, 701, 831, 847, 849, 706, 707, 760, 782, 783, 784, 248, 246, 250, 562/1013, 242, 244, 245, 516, 260, 536, 537, 538, 539, 533, 530, 531, 532, 253, 251, 499, 498, 496, 495, 561, 562, 568, 383, 397, 396, 339, 340, 395, 399, 361, 522, 342, 357, 359","p139: ""195 178"" and ""180 200"" printed without comma; signed note below table: नोटः– 1. उपरोक्त सूची में किसी भी प्रकार की विवाद की स्थिति में तहसीलदार का निर्णय निबंधन के विषय में अंतिम माना जाएगा। 2. उपरोक्त सूची मूल्यांकन सूची दर 01/08/2025 का भाग होगा। (signed तहसीलदार मलिहाबाद)"
