sro,sro_name,page,segment_no,segment_hi,village_hi,vcode,land_rate,shop_single_land,shop_multi,office,extra,flag
sadar1,Sadar-1,56,1,धर्मशाला चौराहा से जटाशंकर चौक व होटल गंगेज चौराहा होते हुए दुर्गाबाडी चौराहा तक,नियामत चक,0097,34000,,,,,
sadar1,Sadar-1,56,1,धर्मशाला चौराहा से जटाशंकर चौक व होटल गंगेज चौराहा होते हुए दुर्गाबाडी चौराहा तक,रूद्रपुर,0065,34000,,,,,
sadar1,Sadar-1,56,1,धर्मशाला चौराहा से जटाशंकर चौक व होटल गंगेज चौराहा होते हुए दुर्गाबाडी चौराहा तक,हुमायूपुर दक्षिणी,0084,34000,,,,,
sadar1,Sadar-1,56,1(ए),होटल गंगेज चौराहा से अलीनगर चौराहा तक,नियामत चक,0097,34000,,,,,
sadar1,Sadar-1,56,1(ए),होटल गंगेज चौराहा से अलीनगर चौराहा तक,रूद्रपुर,0065,34000,,,,,
sadar1,Sadar-1,56,1(ए),होटल गंगेज चौराहा से अलीनगर चौराहा तक,हुमायूपुर दक्षिणी,0084,34000,,,,,
sadar1,Sadar-1,56,2,दुर्गाबाडी चौराहा के बाद से सरस्वती शिशु मंदिर होते हुए सूरजकुण्ड रेलवें क्रासिंग मार्ग तक,अधियारी बाग,0058,34000,,,,,
sadar1,Sadar-1,56,2,दुर्गाबाडी चौराहा के बाद से सरस्वती शिशु मंदिर होते हुए सूरजकुण्ड रेलवें क्रासिंग मार्ग तक,काजीपुर कला,0075,34000,,,,,
sadar1,Sadar-1,56,2,दुर्गाबाडी चौराहा के बाद से सरस्वती शिशु मंदिर होते हुए सूरजकुण्ड रेलवें क्रासिंग मार्ग तक,तिवारीपुर,0063,34000,,,,,
sadar1,Sadar-1,56,2,दुर्गाबाडी चौराहा के बाद से सरस्वती शिशु मंदिर होते हुए सूरजकुण्ड रेलवें क्रासिंग मार्ग तक,रमदत्तपुर,0074,34000,,,,,
sadar1,Sadar-1,56,3,चरन लाल चौराहे के बाद से जाफरा बाजार चौराहे तक,अलीनगर उत्तरी,0082,32000,,,,,
sadar1,Sadar-1,56,3,चरन लाल चौराहे के बाद से जाफरा बाजार चौराहे तक,जाफरा बाजार,0088,32000,,,,,
sadar1,Sadar-1,56,3,चरन लाल चौराहे के बाद से जाफरा बाजार चौराहे तक,दीवान बाजार,0064,32000,,,,,
sadar1,Sadar-1,56,3,चरन लाल चौराहे के बाद से जाफरा बाजार चौराहे तक,रूद्रपुर,0065,32000,,,,,
sadar1,Sadar-1,57,4,अलीनगर चौराहे के बाद से चरन लाल चौराहे तक,अलीनगर,0082,38000,,,,,
sadar1,Sadar-1,57,4,अलीनगर चौराहे के बाद से चरन लाल चौराहे तक,अलीनगर उत्तरी,0082,38000,,,,,
sadar1,Sadar-1,57,4,अलीनगर चौराहे के बाद से चरन लाल चौराहे तक,दीवान बाजार,0064,38000,,,,,
sadar1,Sadar-1,57,4,अलीनगर चौराहे के बाद से चरन लाल चौराहे तक,हजारीपुर,0103,38000,,,,,
sadar1,Sadar-1,57,5,अलीनगर चौराहे के बाद से हजारीपुर चौराहा होते हुए जटाशंकर चौक तक,अलीनगर उत्तरी,0082,38000,,,,,
sadar1,Sadar-1,57,5,अलीनगर चौराहे के बाद से हजारीपुर चौराहा होते हुए जटाशंकर चौक तक,अलीनगर दक्षिणी,0082,38000,,,,,
sadar1,Sadar-1,57,5,अलीनगर चौराहे के बाद से हजारीपुर चौराहा होते हुए जटाशंकर चौक तक,नियामत चक,0097,38000,,,,,
sadar1,Sadar-1,57,5,अलीनगर चौराहे के बाद से हजारीपुर चौराहा होते हुए जटाशंकर चौक तक,हजारीपुर,0103,38000,,,,,
sadar1,Sadar-1,57,6,चरण लाल चौराहे के बाद सेदुर्गाबाडी चौराहा तक,अलीनगर उत्तरी,0082,37000,,,,,
sadar1,Sadar-1,57,6,चरण लाल चौराहे के बाद सेदुर्गाबाडी चौराहा तक,रूद्रपुर,0065,37000,,,,,
sadar1,Sadar-1,57,6,चरण लाल चौराहे के बाद सेदुर्गाबाडी चौराहा तक,हुमायूपुर दक्षिणी,0084,37000,,,,,
sadar1,Sadar-1,57,7,मस्जिद तिरोह से चौरहिया गोला होते हुए साहबगंज चौराहे तक,इस्लामचक,0090,38000,,,,,
sadar1,Sadar-1,57,7,मस्जिद तिरोह से चौरहिया गोला होते हुए साहबगंज चौराहे तक,खूनीपुर,0043,38000,,,,,
sadar1,Sadar-1,57,7,मस्जिद तिरोह से चौरहिया गोला होते हुए साहबगंज चौराहे तक,नसीराबाद,0048,38000,,,,,
sadar1,Sadar-1,57,8,साहबगंज चौराहे के बाद से खूनीपुर चौराहे तक,इस्लामचक,0090,38000,,,,,
sadar1,Sadar-1,57,8,साहबगंज चौराहे के बाद से खूनीपुर चौराहे तक,खूनीपुर,0043,38000,,,,,
sadar1,Sadar-1,57,8,साहबगंज चौराहे के बाद से खूनीपुर चौराहे तक,नसीराबाद,0048,38000,,,,,
sadar1,Sadar-1,57,9,असुरन चौराहा के बाद से एच0एन0 सिंह चौराहा तक,बशारतपुर,0091,38000,,,,,
sadar1,Sadar-1,57,9,असुरन चौराहा के बाद से एच0एन0 सिंह चौराहा तक,भेडियागढ,0050,38000,,,,,
sadar1,Sadar-1,57,9,असुरन चौराहा के बाद से एच0एन0 सिंह चौराहा तक,शाहपुर,0068,38000,,,,,
sadar1,Sadar-1,58,10,एच0एन0 सिंह चौराहे के बाद से राप्तीनगर फेज–4 चौराहा तक,चरगॉवा (खजांची चौक),0001,42000,,,,,
sadar1,Sadar-1,58,10,एच0एन0 सिंह चौराहे के बाद से राप्तीनगर फेज–4 चौराहा तक,बशारतपुर (खजांची चौक),0091,42000,,,,,
sadar1,Sadar-1,58,10,एच0एन0 सिंह चौराहे के बाद से राप्तीनगर फेज–4 चौराहा तक,राप्तीनगर (खजांची चौक),0016,42000,,,,,
sadar1,Sadar-1,58,10,एच0एन0 सिंह चौराहे के बाद से राप्तीनगर फेज–4 चौराहा तक,हरसेवकपुर (खजांची चौक),0093,42000,,,,,
sadar1,Sadar-1,58,11,राप्तीनगर फेज–4 चौराहा के बाद से झुगिया बाजार नगर निगम सीमा तक,झुगिया,0002,38000,,,,,
sadar1,Sadar-1,58,11,राप्तीनगर फेज–4 चौराहा के बाद से झुगिया बाजार नगर निगम सीमा तक,फतेहपुर,0003,38000,,,,,
sadar1,Sadar-1,58,11,राप्तीनगर फेज–4 चौराहा के बाद से झुगिया बाजार नगर निगम सीमा तक,मानबेला,0005,38000,,,,,
sadar1,Sadar-1,58,11,राप्तीनगर फेज–4 चौराहा के बाद से झुगिया बाजार नगर निगम सीमा तक,सलेमपुर उर्फ मुंगलपुर,0004,38000,,,,,
sadar1,Sadar-1,58,12,असुरन चौराहा के बाद से गीतावाटिका उत्तरी बाउण्ड्री तक,घोषीपुरवा,0057,34000,,,,,
sadar1,Sadar-1,58,12,असुरन चौराहा के बाद से गीतावाटिका उत्तरी बाउण्ड्री तक,जं0 मातादीन,0034,34000,,,,,
sadar1,Sadar-1,58,12,असुरन चौराहा के बाद से गीतावाटिका उत्तरी बाउण्ड्री तक,जं0 सालिकराम,0033,34000,,,,,
sadar1,Sadar-1,58,12,असुरन चौराहा के बाद से गीतावाटिका उत्तरी बाउण्ड्री तक,धर्मपुर,0069,34000,,,,,
sadar1,Sadar-1,58,12,असुरन चौराहा के बाद से गीतावाटिका उत्तरी बाउण्ड्री तक,शाहपुर,0068,34000,,,,,
sadar1,Sadar-1,58,12,असुरन चौराहा के बाद से गीतावाटिका उत्तरी बाउण्ड्री तक,शिवपुर सहबाजगंज,0032,34000,,,,,
sadar1,Sadar-1,58,13,गीतावाटिका उत्तरी बाउण्ड्री के बाद से धर्मपुर तिराहे तक,घोषीपुरवा,0057,33000,,,,,
sadar1,Sadar-1,58,13,गीतावाटिका उत्तरी बाउण्ड्री के बाद से धर्मपुर तिराहे तक,शाहपुर,0068,33000,,,,,
sadar1,Sadar-1,58,13,गीतावाटिका उत्तरी बाउण्ड्री के बाद से धर्मपुर तिराहे तक,धर्मपुर,0069,33000,,,,,
sadar1,Sadar-1,58,14,धर्मपुर तिराहे के बाद से पादरी बाजार पुलिस चौकी तक,जं0 मातादीन,0034,32000,,,,,
sadar1,Sadar-1,58,14,धर्मपुर तिराहे के बाद से पादरी बाजार पुलिस चौकी तक,जं0 सालिकराम,0033,32000,,,,,
sadar1,Sadar-1,58,14,धर्मपुर तिराहे के बाद से पादरी बाजार पुलिस चौकी तक,शिवपुर सहबाजगंज,0032,32000,,,,,
sadar1,Sadar-1,58,14,धर्मपुर तिराहे के बाद से पादरी बाजार पुलिस चौकी तक,धर्मपुर,0069,32000,,,,,
sadar1,Sadar-1,59,15,पुलिसबूथ चौराहा कौआबाग के बाद से जेल बाईपास रोड हाते हुए पादरी बाजार पुलिस बूथ तक,शाहपुर,0068,30000,,,,,
sadar1,Sadar-1,59,15,पुलिसबूथ चौराहा कौआबाग के बाद से जेल बाईपास रोड हाते हुए पादरी बाजार पुलिस बूथ तक,जं0 सालिकराम,0033,30000,,,,,
sadar1,Sadar-1,59,15,पुलिसबूथ चौराहा कौआबाग के बाद से जेल बाईपास रोड हाते हुए पादरी बाजार पुलिस बूथ तक,जं0 हकीम नं0 1,0035,30000,,,,,
sadar1,Sadar-1,59,15,पुलिसबूथ चौराहा कौआबाग के बाद से जेल बाईपास रोड हाते हुए पादरी बाजार पुलिस बूथ तक,जं0 मातादीन,0034,30000,,,,,
sadar1,Sadar-1,59,15,पुलिसबूथ चौराहा कौआबाग के बाद से जेल बाईपास रोड हाते हुए पादरी बाजार पुलिस बूथ तक,शिवपुर सहबाजगंज,0032,30000,,,,,
sadar1,Sadar-1,59,16,पादरी बाजार पुलिस बूथ के बाद से संगम चौराहा होते हुए खजांची चौराहा तक,शाहपुर,0068,30000,,,,,
sadar1,Sadar-1,59,16,पादरी बाजार पुलिस बूथ के बाद से संगम चौराहा होते हुए खजांची चौराहा तक,जं0 सालिकराम,0033,30000,,,,,
sadar1,Sadar-1,59,16,पादरी बाजार पुलिस बूथ के बाद से संगम चौराहा होते हुए खजांची चौराहा तक,जं0 शिवपुर सहबाजगंज,0032,30000,,,,,
sadar1,Sadar-1,59,16,पादरी बाजार पुलिस बूथ के बाद से संगम चौराहा होते हुए खजांची चौराहा तक,बशारतपुर,0091,30000,,,,,
sadar1,Sadar-1,59,16,पादरी बाजार पुलिस बूथ के बाद से संगम चौराहा होते हुए खजांची चौराहा तक,हरसेवकपुर नं0 1,0093,30000,,,,,
sadar1,Sadar-1,59,17,खजांची चौराहा होते हुए स्पोर्स्ट कालेज भगवानपुर होते हुए बरगदवा चौराहा तक,जं0 नकहा नं0 2,0030,38000,,,,,
sadar1,Sadar-1,59,17,खजांची चौराहा होते हुए स्पोर्स्ट कालेज भगवानपुर होते हुए बरगदवा चौराहा तक,जं0 नकहा नं0 1,0029,38000,,,,,
sadar1,Sadar-1,59,17,खजांची चौराहा होते हुए स्पोर्स्ट कालेज भगवानपुर होते हुए बरगदवा चौराहा तक,राप्तीनगर कालोनी,0016,38000,,,,,
sadar1,Sadar-1,59,17,खजांची चौराहा होते हुए स्पोर्स्ट कालेज भगवानपुर होते हुए बरगदवा चौराहा तक,हरसेवकपुर नं0 1,0093,38000,,,,,
sadar1,Sadar-1,59,18,एच0एन0 सिंह चौराहे के बाद से कृष्णा नगर कालोनी होते हुए हडहवा रेलवे क्रासिंग तक,कृष्णानगर,0121,36000,,,,,
sadar1,Sadar-1,59,18,एच0एन0 सिंह चौराहे के बाद से कृष्णा नगर कालोनी होते हुए हडहवा रेलवे क्रासिंग तक,जटेपुर उत्तरी,0038,36000,,,,,
sadar1,Sadar-1,59,18,एच0एन0 सिंह चौराहे के बाद से कृष्णा नगर कालोनी होते हुए हडहवा रेलवे क्रासिंग तक,बशारतपुर,0091,36000,,,,,
sadar1,Sadar-1,59,18,एच0एन0 सिंह चौराहे के बाद से कृष्णा नगर कालोनी होते हुए हडहवा रेलवे क्रासिंग तक,राप्तीनगर,0016,36000,,,,,
sadar1,Sadar-1,59,18,एच0एन0 सिंह चौराहे के बाद से कृष्णा नगर कालोनी होते हुए हडहवा रेलवे क्रासिंग तक,लोहियानगर,0128,36000,,,,,
sadar1,Sadar-1,59,18,एच0एन0 सिंह चौराहे के बाद से कृष्णा नगर कालोनी होते हुए हडहवा रेलवे क्रासिंग तक,शक्तिनगर,0132,36000,,,,,
sadar1,Sadar-1,60,19,हडहवा रेलवे क्रासिंग के बाद से हुमायूपुर रेलवे क्रासिंग होते हुए गंगेज होटल चौराहा तक,चकसा हुसैन,0031,30000,,,,,
sadar1,Sadar-1,60,19,हडहवा रेलवे क्रासिंग के बाद से हुमायूपुर रेलवे क्रासिंग होते हुए गंगेज होटल चौराहा तक,जटेपुर उत्तरी,0038,30000,,,,,
sadar1,Sadar-1,60,19,हडहवा रेलवे क्रासिंग के बाद से हुमायूपुर रेलवे क्रासिंग होते हुए गंगेज होटल चौराहा तक,लोहियानगर,0128,30000,,,,,
sadar1,Sadar-1,60,19,हडहवा रेलवे क्रासिंग के बाद से हुमायूपुर रेलवे क्रासिंग होते हुए गंगेज होटल चौराहा तक,हुमायूपुर उ0 नया क्षेत्र,0037,30000,,,,,
sadar1,Sadar-1,60,19,हडहवा रेलवे क्रासिंग के बाद से हुमायूपुर रेलवे क्रासिंग होते हुए गंगेज होटल चौराहा तक,हुमायूपुर उ0 पुराना क्षेत्र,0036,30000,,,,,
sadar1,Sadar-1,60,20,चारफाटक के बाद से कौआबाग एवं बिछिया होते हुए असुरन तक,घोषीपुरवा,0057,21000,,,,,
sadar1,Sadar-1,60,20,चारफाटक के बाद से कौआबाग एवं बिछिया होते हुए असुरन तक,भेडियागढ,0050,21000,,,,,
sadar1,Sadar-1,60,21,खजांची चौराहे के बाद से फातिमा हास्पिटल होते हुए पादरी बाजार पुलिस बूथ तक,जं0 मातादीन,0034,30000,,,,,
sadar1,Sadar-1,60,21,खजांची चौराहे के बाद से फातिमा हास्पिटल होते हुए पादरी बाजार पुलिस बूथ तक,जं0 सालिकराम,0033,30000,,,,,
sadar1,Sadar-1,60,21,खजांची चौराहे के बाद से फातिमा हास्पिटल होते हुए पादरी बाजार पुलिस बूथ तक,जं0 हकीम नं0 1,0035,30000,,,,,
sadar1,Sadar-1,60,21,खजांची चौराहे के बाद से फातिमा हास्पिटल होते हुए पादरी बाजार पुलिस बूथ तक,बशारतपुर,0091,30000,,,,,
sadar1,Sadar-1,60,21,खजांची चौराहे के बाद से फातिमा हास्पिटल होते हुए पादरी बाजार पुलिस बूथ तक,शिवपुर सहबाजगंज,0032,30000,,,,,
sadar1,Sadar-1,60,21,खजांची चौराहे के बाद से फातिमा हास्पिटल होते हुए पादरी बाजार पुलिस बूथ तक,हरसेवकपुर नं0 1,0093,30000,,,,,
sadar1,Sadar-1,60,22,गोरखनाथ ओवरब्रिज होते हुए गोरखनाथ मंदिर के पहले गेट तक,अधियारी बाग,0058,44000,,,,,
sadar1,Sadar-1,60,22,गोरखनाथ ओवरब्रिज होते हुए गोरखनाथ मंदिर के पहले गेट तक,पुराना गोरखपुर,0042,44000,,,,,
sadar1,Sadar-1,60,22,गोरखनाथ ओवरब्रिज होते हुए गोरखनाथ मंदिर के पहले गेट तक,हुमायूपुर उत्तरी,0037,44000,,,,,
sadar1,Sadar-1,60,23,गोरखनाथ के बाद से नथमलपुर होते हुए राणी सती मंदिर तक,नथमलपुर,0039,30000,,,,,
sadar1,Sadar-1,60,23,गोरखनाथ के बाद से नथमलपुर होते हुए राणी सती मंदिर तक,पुराना गोरखपुर,0042,30000,,,,,
sadar1,Sadar-1,60,23,गोरखनाथ के बाद से नथमलपुर होते हुए राणी सती मंदिर तक,मिर्जापुर पचपेड़वा,0040,30000,,,,,
sadar1,Sadar-1,60,24,गोरखनाथ पहले गेट के बाद से होते हुए मधुर मिलन मैरेज हाल तक,नथमलपुर,0039,38000,,,,,
sadar1,Sadar-1,60,24,गोरखनाथ पहले गेट के बाद से होते हुए मधुर मिलन मैरेज हाल तक,पुराना गोरखपुर,0042,38000,,,,,
sadar1,Sadar-1,60,24,गोरखनाथ पहले गेट के बाद से होते हुए मधुर मिलन मैरेज हाल तक,लच्छीपुर (राजेन्द्रनगर प0),0018,38000,,,,,
sadar1,Sadar-1,60,24,गोरखनाथ पहले गेट के बाद से होते हुए मधुर मिलन मैरेज हाल तक,लच्छीपुर (राजेन्द्रनगर पूर्वी),0018,38000,,,,,
sadar1,Sadar-1,61,25,मधुर मिलन मैरेज हाल से होते हुए चन्द्रा पेट्रोल पम्प होते हुए बरगदवा चौराहा तक,बरगदवा,0015,38000,,,,,
sadar1,Sadar-1,61,25,मधुर मिलन मैरेज हाल से होते हुए चन्द्रा पेट्रोल पम्प होते हुए बरगदवा चौराहा तक,लच्छीपुर,0018,38000,,,,,
sadar1,Sadar-1,61,25,मधुर मिलन मैरेज हाल से होते हुए चन्द्रा पेट्रोल पम्प होते हुए बरगदवा चौराहा तक,विकास नगर,0149,38000,,,,,
sadar1,Sadar-1,61,26,बरगदवॉ चौराहा होते हुए मोहरीपुर पुल तक,जं0 बेनीमाधव नं0 1,0013,32000,,,,,
sadar1,Sadar-1,61,26,बरगदवॉ चौराहा होते हुए मोहरीपुर पुल तक,जं0 बेनीमाधव नं0 2,0014,32000,,,,,
sadar1,Sadar-1,61,26,बरगदवॉ चौराहा होते हुए मोहरीपुर पुल तक,बरगदवा,0015,32000,,,,,
sadar1,Sadar-1,61,26,बरगदवॉ चौराहा होते हुए मोहरीपुर पुल तक,विकास नगर,0149,32000,,,,,
sadar1,Sadar-1,61,27,बरगदवा चौराहा के बाद से फर्टिलाइजर होते हुए झुगिंया चौराहा मार्ग तक,उर्वरक नगर,0053,30000,,,,,
sadar1,Sadar-1,61,27,बरगदवा चौराहा के बाद से फर्टिलाइजर होते हुए झुगिंया चौराहा मार्ग तक,जं0 बेनीमाधव नं0 2,0014,30000,,,,,
sadar1,Sadar-1,61,27,बरगदवा चौराहा के बाद से फर्टिलाइजर होते हुए झुगिंया चौराहा मार्ग तक,जं0 नकहा नं0 2,0030,30000,,,,,
sadar1,Sadar-1,61,27,बरगदवा चौराहा के बाद से फर्टिलाइजर होते हुए झुगिंया चौराहा मार्ग तक,झुगिया,0002,30000,,,,,
sadar1,Sadar-1,61,27,बरगदवा चौराहा के बाद से फर्टिलाइजर होते हुए झुगिंया चौराहा मार्ग तक,फतेहपुर,0003,30000,,,,,
sadar1,Sadar-1,61,27,बरगदवा चौराहा के बाद से फर्टिलाइजर होते हुए झुगिंया चौराहा मार्ग तक,मानबेला,0005,30000,,,,,
sadar1,Sadar-1,61,27,बरगदवा चौराहा के बाद से फर्टिलाइजर होते हुए झुगिंया चौराहा मार्ग तक,विकास नगर,0149,30000,,,,,
sadar1,Sadar-1,61,28,खूनीपुर चौराहे के बाद से साहबगंज होते हुए राजघाट थाना मार्ग तक,इस्माईलपुर,0044,30000,,,,,
sadar1,Sadar-1,61,28,खूनीपुर चौराहे के बाद से साहबगंज होते हुए राजघाट थाना मार्ग तक,खूनीपुर,0043,30000,,,,,
sadar1,Sadar-1,61,28,खूनीपुर चौराहे के बाद से साहबगंज होते हुए राजघाट थाना मार्ग तक,रहमतनगर,0096,30000,,,,,
sadar1,Sadar-1,61,28,खूनीपुर चौराहे के बाद से साहबगंज होते हुए राजघाट थाना मार्ग तक,शेषपुर,0055,30000,,,,,
sadar1,Sadar-1,61,29,गीताप्रेस के बाद से लालडिग्गी चौराहा होते हुए मदरसा तक,खूनीपुर,0043,34000,,,,,
sadar1,Sadar-1,61,29,गीताप्रेस के बाद से लालडिग्गी चौराहा होते हुए मदरसा तक,बसन्तपुर खास,0095,34000,,,,,
sadar1,Sadar-1,61,29,गीताप्रेस के बाद से लालडिग्गी चौराहा होते हुए मदरसा तक,शेषपुर,0055,34000,,,,,
sadar1,Sadar-1,62,30,विजय चौराहा के बाद से खन्ना लाज होते हुए अलीनगर चौराहा तक,अलीनगर,0082,34000,,,,,
sadar1,Sadar-1,62,30,विजय चौराहा के बाद से खन्ना लाज होते हुए अलीनगर चौराहा तक,जटेपुर दक्षिणी,0054,34000,,,,,
sadar1,Sadar-1,62,31,लालडिग्गी के बाद से मिर्जापुर होते हुए घासीकटरा तक,खूनीपुर,0043,34000,,,,,
sadar1,Sadar-1,62,31,लालडिग्गी के बाद से मिर्जापुर होते हुए घासीकटरा तक,घासीकटरा,0046,34000,,,,,
sadar1,Sadar-1,62,31,लालडिग्गी के बाद से मिर्जापुर होते हुए घासीकटरा तक,बसन्तपुर,0095,34000,,,,,
sadar1,Sadar-1,62,31,लालडिग्गी के बाद से मिर्जापुर होते हुए घासीकटरा तक,भरपुरवा,0081,34000,,,,,
sadar1,Sadar-1,62,31,लालडिग्गी के बाद से मिर्जापुर होते हुए घासीकटरा तक,मिर्जापुर,0085,34000,,,,,
sadar1,Sadar-1,62,31,लालडिग्गी के बाद से मिर्जापुर होते हुए घासीकटरा तक,रहमतनगर,0096,34000,,,,,
sadar1,Sadar-1,62,32,घासीकटरा चौराहा के बाद से जाफरा बाजार रोड तक,इस्लामचक,0090,34000,,,,,
sadar1,Sadar-1,62,32,घासीकटरा चौराहा के बाद से जाफरा बाजार रोड तक,घासीकटरा,0046,34000,,,,,
sadar1,Sadar-1,62,32,घासीकटरा चौराहा के बाद से जाफरा बाजार रोड तक,जाफरा बाजार,0088,34000,,,,,
sadar1,Sadar-1,62,32,घासीकटरा चौराहा के बाद से जाफरा बाजार रोड तक,भरपुरवा,0081,34000,,,,,
sadar1,Sadar-1,62,32,घासीकटरा चौराहा के बाद से जाफरा बाजार रोड तक,विन्द टोला,0072,34000,,,,,
sadar1,Sadar-1,62,33,घंटाघर के बाद से शेषपुर मार्ग तक,बसन्तपुर मुतनाजा,0056,41000,,,,,
sadar1,Sadar-1,62,33,घंटाघर के बाद से शेषपुर मार्ग तक,बसन्तपुर खास,0095,41000,,,,,
sadar1,Sadar-1,62,33,घंटाघर के बाद से शेषपुर मार्ग तक,शेषपुर,0055,41000,,,,,
sadar1,Sadar-1,62,34,बक्शीपुर चौराहे के बाद से मस्जिद तिराहा होते हुए घासीकटरा चौराहे तक,खोखर टोला,0049,32000,,,,,
sadar1,Sadar-1,62,34,बक्शीपुर चौराहे के बाद से मस्जिद तिराहा होते हुए घासीकटरा चौराहे तक,गाजीरौजा,0067,32000,,,,,
sadar1,Sadar-1,62,34,बक्शीपुर चौराहे के बाद से मस्जिद तिराहा होते हुए घासीकटरा चौराहे तक,घासीकटरा,0046,32000,,,,,
sadar1,Sadar-1,62,34,बक्शीपुर चौराहे के बाद से मस्जिद तिराहा होते हुए घासीकटरा चौराहे तक,दीवान बाजार,0064,32000,,,,,
sadar1,Sadar-1,62,34,बक्शीपुर चौराहे के बाद से मस्जिद तिराहा होते हुए घासीकटरा चौराहे तक,नसीराबाद,0048,32000,,,,,
sadar1,Sadar-1,63,35,घासीकटरा चौराहा के बाद से इलाहीबाग चौराहा तक,इलाहीबाग,0099,30000,,,,,
sadar1,Sadar-1,63,35,घासीकटरा चौराहा के बाद से इलाहीबाग चौराहा तक,घासीकटरा,0046,30000,,,,,
sadar1,Sadar-1,63,35,घासीकटरा चौराहा के बाद से इलाहीबाग चौराहा तक,निजामपुर,0080,30000,,,,,
sadar1,Sadar-1,63,35,घासीकटरा चौराहा के बाद से इलाहीबाग चौराहा तक,नरसिंहपुर,0079,30000,,,,,
sadar1,Sadar-1,63,36,जिया मंजिल तिराहे के बाद से अहमद नर्सिग होम होते हुए बेनीगंज चौराहे तक,गाजीरौजा,0067,27500,,,,,
sadar1,Sadar-1,63,36,जिया मंजिल तिराहे के बाद से अहमद नर्सिग होम होते हुए बेनीगंज चौराहे तक,दीवान बाजार,0064,27500,,,,,
sadar1,Sadar-1,63,37,बसन्तपुर चौराहा के बाद से मदरसा चौराहा तक,बसन्तपुर खास,0095,27500,,,,,
sadar1,Sadar-1,63,37,बसन्तपुर चौराहा के बाद से मदरसा चौराहा तक,बसन्तपुर मुतनाजा,0056,27500,,,,,
sadar1,Sadar-1,63,37,बसन्तपुर चौराहा के बाद से मदरसा चौराहा तक,शेषपुर,0055,27500,,,,,
sadar1,Sadar-1,63,37 ए.,बसन्तपुर चौराहा से हाल्सीगंज चौक होते हुए घंटाघर तक,बसन्तपुर खास,0095,30000,,,,,
sadar1,Sadar-1,63,37 ए.,बसन्तपुर चौराहा से हाल्सीगंज चौक होते हुए घंटाघर तक,बसन्तपुर मुतनाजा,0056,30000,,,,,
sadar1,Sadar-1,63,38,"रामलीला मैदान तिराहे के बाद से सिधारीपुर चौराहा तक, विलन्दपुर खत्ता होते हुए ग्रीन सिटी तक",अधियारी बाग,0058,32000,,,,,
sadar1,Sadar-1,63,38,"रामलीला मैदान तिराहे के बाद से सिधारीपुर चौराहा तक, विलन्दपुर खत्ता होते हुए ग्रीन सिटी तक",तकियाकवलदह,0059,32000,,,,,
sadar1,Sadar-1,63,38,"रामलीला मैदान तिराहे के बाद से सिधारीपुर चौराहा तक, विलन्दपुर खत्ता होते हुए ग्रीन सिटी तक",पट्टन,0025,32000,,,,,
sadar1,Sadar-1,63,38,"रामलीला मैदान तिराहे के बाद से सिधारीपुर चौराहा तक, विलन्दपुर खत्ता होते हुए ग्रीन सिटी तक",रसूलपुर,0022,32000,,,,,
sadar1,Sadar-1,63,38,"रामलीला मैदान तिराहे के बाद से सिधारीपुर चौराहा तक, विलन्दपुर खत्ता होते हुए ग्रीन सिटी तक",विलन्दपुर खत्ता,0101,32000,,,,,
sadar1,Sadar-1,63,38,"रामलीला मैदान तिराहे के बाद से सिधारीपुर चौराहा तक, विलन्दपुर खत्ता होते हुए ग्रीन सिटी तक",सिधारीपुर,0061,32000,,,,,
sadar1,Sadar-1,63,38,"रामलीला मैदान तिराहे के बाद से सिधारीपुर चौराहा तक, विलन्दपुर खत्ता होते हुए ग्रीन सिटी तक",सूरजकुण्ड कालोनी,0148,32000,,,,,
sadar1,Sadar-1,63,39,रामलीला मैदान तिराहे के बाद से रसूलपुर हाते हुए लगन पैलेस तक,नथमलपुर,0039,30000,,,,,
sadar1,Sadar-1,63,39,रामलीला मैदान तिराहे के बाद से रसूलपुर हाते हुए लगन पैलेस तक,पुराना गोरखपुर,0042,30000,,,,,
sadar1,Sadar-1,63,39,रामलीला मैदान तिराहे के बाद से रसूलपुर हाते हुए लगन पैलेस तक,रसूलपुर,0022,30000,,,,,
sadar1,Sadar-1,64,40,इलाहीबाग चौराहे के बाद से तिवारीपुर थाना होते हुए सूरजकुण्ड गेट तक,इलाहीबाग,0099,30000,,,,,
sadar1,Sadar-1,64,40,इलाहीबाग चौराहे के बाद से तिवारीपुर थाना होते हुए सूरजकुण्ड गेट तक,घोषीपुर,0100,30000,,,,,
sadar1,Sadar-1,64,40,इलाहीबाग चौराहे के बाद से तिवारीपुर थाना होते हुए सूरजकुण्ड गेट तक,तिवारीपुर,0063,30000,,,,,
sadar1,Sadar-1,64,41,स्पोटर्स कालेज चौराहे से करीमनगर होते हुए फतेहपुर ग्राम सीमा तक,जं0 नकहा नं0 2,0030,34000,,,,,
sadar1,Sadar-1,64,41,स्पोटर्स कालेज चौराहे से करीमनगर होते हुए फतेहपुर ग्राम सीमा तक,पोखरभिण्डा करीमनगर,0094,34000,,,,,
sadar1,Sadar-1,64,41,स्पोटर्स कालेज चौराहे से करीमनगर होते हुए फतेहपुर ग्राम सीमा तक,फतेहपुर,0003,34000,,,,,
sadar1,Sadar-1,64,41,स्पोटर्स कालेज चौराहे से करीमनगर होते हुए फतेहपुर ग्राम सीमा तक,रेलविहार आवा0 योजना,0127,34000,,,,,
sadar1,Sadar-1,64,42,"आवास विकास कालोनी, सूरजकुण्ड तिराहा के बाद से नेता जी सुबाष चन्द्र बोष चौराहे तक",माधोपुर,0027,30000,,,,,
sadar1,Sadar-1,64,42,"आवास विकास कालोनी, सूरजकुण्ड तिराहा के बाद से नेता जी सुबाष चन्द्र बोष चौराहे तक",सिधारीपुर,0061,30000,,,,,
sadar1,Sadar-1,64,43,नेता जी सुबाष चन्द्र बोष चौक के बाद से सरस्वती शिशु मंदिर होत हुए ग्रीन सिटी तिराहे तक,नथमलपुर,0039,32000,,,,,
sadar1,Sadar-1,64,43,नेता जी सुबाष चन्द्र बोष चौक के बाद से सरस्वती शिशु मंदिर होत हुए ग्रीन सिटी तिराहे तक,पट्टन,0025,32000,,,,,
sadar1,Sadar-1,64,44,ग्रीन सिटी तिराहे से एम0पी0 पाल्टेकनिक होते हुए 10 नं0 बोरिंग तक,नथमलपुर,0039,23500,,,,,
sadar1,Sadar-1,64,44,ग्रीन सिटी तिराहे से एम0पी0 पाल्टेकनिक होते हुए 10 नं0 बोरिंग तक,पट्टन,0025,23500,,,,,
sadar1,Sadar-1,64,44,ग्रीन सिटी तिराहे से एम0पी0 पाल्टेकनिक होते हुए 10 नं0 बोरिंग तक,लच्छीपुर,0018,23500,,,,,
sadar1,Sadar-1,64,45,जाफरा बाजार चौराहे से जय बहादुर खरे के मकान होते हुए काजीपुर तिराहा तक,काजीपुर कला,0075,27500,,,,,
sadar1,Sadar-1,64,45,जाफरा बाजार चौराहे से जय बहादुर खरे के मकान होते हुए काजीपुर तिराहा तक,जाफरा बाजार,0088,27500,,,,,
sadar1,Sadar-1,64,46,काजीपुर तिराहा के बाद से तिवारीपुर थाना होते हुए ट्रासफार्मर तक,काजीपुर कला,0075,27500,,,,,
sadar1,Sadar-1,64,46,काजीपुर तिराहा के बाद से तिवारीपुर थाना होते हुए ट्रासफार्मर तक,घोषीपुर,0100,27500,,,,,
sadar1,Sadar-1,64,46,काजीपुर तिराहा के बाद से तिवारीपुर थाना होते हुए ट्रासफार्मर तक,तिवारीपुर,0063,27500,,,,,
sadar1,Sadar-1,64,46,काजीपुर तिराहा के बाद से तिवारीपुर थाना होते हुए ट्रासफार्मर तक,बुलाकीपुर,0076,27500,,,,,
sadar1,Sadar-1,65,47,बेनीगंज चौराहे के बाद से आत्माराम वैद्यघर होते हुए दुर्गाबाडी रोड तक,अधियारी बाग,0058,27500,,,,,
sadar1,Sadar-1,65,47,बेनीगंज चौराहे के बाद से आत्माराम वैद्यघर होते हुए दुर्गाबाडी रोड तक,जाफरा बाजार,0088,27500,,,,,
sadar1,Sadar-1,65,47,बेनीगंज चौराहे के बाद से आत्माराम वैद्यघर होते हुए दुर्गाबाडी रोड तक,रूद्रपुर,0065,27500,,,,,
sadar1,Sadar-1,65,48,एल्युमीनियम फैक्ट्री चौराहा के बाद से रामप्रीत चौराहे तक,चकसा हुसैन,0031,30000,,,,,
sadar1,Sadar-1,65,48,एल्युमीनियम फैक्ट्री चौराहा के बाद से रामप्रीत चौराहे तक,बशारतपुर,0091,30000,,,,,
sadar1,Sadar-1,65,49,रामप्रीत चौराहे के बाद से प्रज्ञा स्कूल होते हुए स्पोर्स्ट कालेज तक,जं0 नकहा नं0 01,0029,32000,,,,,
sadar1,Sadar-1,65,49,रामप्रीत चौराहे के बाद से प्रज्ञा स्कूल होते हुए स्पोर्स्ट कालेज तक,जं0 नकहा नं0 02,0030,32000,,,,,
sadar1,Sadar-1,65,49,रामप्रीत चौराहे के बाद से प्रज्ञा स्कूल होते हुए स्पोर्स्ट कालेज तक,बशारतपुर,0091,32000,,,,,
sadar1,Sadar-1,65,50,हनुमान गडी से मिर्जापुर होते हुए एन0एच0 28 तक,बसंतपुर,0095,27500,,,,,
sadar1,Sadar-1,65,50,हनुमान गडी से मिर्जापुर होते हुए एन0एच0 28 तक,मिर्जापुर,0085,27500,,,,,
sadar1,Sadar-1,65,50,हनुमान गडी से मिर्जापुर होते हुए एन0एच0 28 तक,मुण्डेरी चक,0086,27500,,,,,
sadar1,Sadar-1,65,50,हनुमान गडी से मिर्जापुर होते हुए एन0एच0 28 तक,शेषपुर,0055,27500,,,,,
sadar1,Sadar-1,65,50,हनुमान गडी से मिर्जापुर होते हुए एन0एच0 28 तक,हनुमान चक,0011,27500,,,,,
sadar1,Sadar-1,65,51,हनुमान गडी चौराहे के बाद से इलाहीबाग चौराहे तक,इलाहीबाग,0099,27500,,,,,
sadar1,Sadar-1,65,51,हनुमान गडी चौराहे के बाद से इलाहीबाग चौराहे तक,मुण्डेरी चक,0086,27500,,,,,
sadar1,Sadar-1,65,51,हनुमान गडी चौराहे के बाद से इलाहीबाग चौराहे तक,हनुमान चक,0011,27500,,,,,
sadar1,Sadar-1,65,52,नखास चौक के बाद से इस्माईलपुर होते हुए खूनीपुर चौराहे तक,ईस्माईलपुर,0044,30000,,,,,
sadar1,Sadar-1,65,52,नखास चौक के बाद से इस्माईलपुर होते हुए खूनीपुर चौराहे तक,खूनीपुर,0043,30000,,,,,
sadar1,Sadar-1,65,53,खूनीपुर चौराहा के बाद से साहबगंज चौराहा तक,ईस्माईलपुर,0044,30000,,,,,
sadar1,Sadar-1,65,53,खूनीपुर चौराहा के बाद से साहबगंज चौराहा तक,खूनीपुर,0043,30000,,,,,
sadar1,Sadar-1,65,53,खूनीपुर चौराहा के बाद से साहबगंज चौराहा तक,मिर्जापुर,0085,30000,,,,,
sadar1,Sadar-1,66,54,साहबगंज चौराहे के बाद से शिव शनि साई मंदिर होते हुए हनुमान गढ़ी बन्धे तक,रकाबगंज,0096,30000,,,,,vcode 0096 as printed (also रहमतनगर elsewhere)
sadar1,Sadar-1,66,54,साहबगंज चौराहे के बाद से शिव शनि साई मंदिर होते हुए हनुमान गढ़ी बन्धे तक,हनुमान चक,0011,30000,,,,,
sadar1,Sadar-1,66,54,साहबगंज चौराहे के बाद से शिव शनि साई मंदिर होते हुए हनुमान गढ़ी बन्धे तक,मिर्जापुर,0085,30000,,,,,
sadar1,Sadar-1,66,55,थवईपुल के बाद से हेमन्त कुमार बनर्जी रोड होते हुए चरनलाल चौराहा तक,दीवान बाजार,0064,27500,,,,,
sadar1,Sadar-1,66,55,थवईपुल के बाद से हेमन्त कुमार बनर्जी रोड होते हुए चरनलाल चौराहा तक,अलीनगर दक्षिणी,0082,27500,,,,,
sadar1,Sadar-1,66,55 (ए),थवईपुल के बाद से अलीनगर चौराहा तक,दीवान बाजार,0064,38000,,,,,
sadar1,Sadar-1,66,55 (ए),थवईपुल के बाद से अलीनगर चौराहा तक,अलीनगर दक्षिणी,0082,38000,,,,,
sadar1,Sadar-1,66,56,हुमायूपुर उत्तरी चौराहा होते हुए गोरखनाथ थाना तक,जाहिदाबाद,0041,30000,,,,,
sadar1,Sadar-1,66,56,हुमायूपुर उत्तरी चौराहा होते हुए गोरखनाथ थाना तक,हुमॉयूपुर उत्तरी,0037,30000,,,,,
sadar1,Sadar-1,66,57,स्टेट बैंक कालोनी होते हुए जाफरा बाजार चौराहे तक,अधियारी बाग,0058,27500,,,,,
sadar1,Sadar-1,66,57,स्टेट बैंक कालोनी होते हुए जाफरा बाजार चौराहे तक,जाफरा बाजार,0088,27500,,,,,
sadar1,Sadar-1,66,57,स्टेट बैंक कालोनी होते हुए जाफरा बाजार चौराहे तक,रमदत्तपुर,0074,27500,,,,,
sadar1,Sadar-1,66,58,पट्टन तिराहा से होते हुए वृन्दावन कालोनी तक,पट्टन,0025,30000,,,,,
sadar1,Sadar-1,66,58,पट्टन तिराहा से होते हुए वृन्दावन कालोनी तक,लच्छीपुर,0018,30000,,,,,
sadar1,Sadar-1,66,59,हनुमान प्रसाद पोद्दार मूर्ति होते हुए मधूसूदन अपार्टमेण्ट होते हुए जेल गेट से मेन रोड पर,शाहपुर,0068,38000,,,,,
sadar1,Sadar-1,66,60,राजघाट मोड़ के बाद से बसन्तपुर तकिया मस्जिद तक व बसन्तपुर तकिया से लालपुर तिराहा तक,बसन्तपुर खास,0095,27500,,,,,
sadar1,Sadar-1,66,60,राजघाट मोड़ के बाद से बसन्तपुर तकिया मस्जिद तक व बसन्तपुर तकिया से लालपुर तिराहा तक,बसन्तपुर तकिया,0095,27500,,,,,
sadar1,Sadar-1,66,60,राजघाट मोड़ के बाद से बसन्तपुर तकिया मस्जिद तक व बसन्तपुर तकिया से लालपुर तिराहा तक,बसन्तपुर मुस्तकिल,0095,27500,,,,,
sadar1,Sadar-1,66,60,राजघाट मोड़ के बाद से बसन्तपुर तकिया मस्जिद तक व बसन्तपुर तकिया से लालपुर तिराहा तक,मिर्जापुर,0085,27500,,,,,
sadar1,Sadar-1,66,61,निजामपुर तिराहा के बाद से होते हुए मिर्जापुर तिराहा तक,मिर्जापुर,0085,27500,,,,,
sadar1,Sadar-1,66,61,निजामपुर तिराहा के बाद से होते हुए मिर्जापुर तिराहा तक,निजामपुर,0080,27500,,,,,
sadar1,Sadar-1,67,62,चन्द्रा पेट्रोल पम्प के बाद से पहले यूनियम बैंक के सामने से होते हुए बसन्त अपार्टमेण्ट होते हुए भगत चौराहा तक,शास्त्रीनगर,0139,30000,,,,,
sadar1,Sadar-1,67,62,चन्द्रा पेट्रोल पम्प के बाद से पहले यूनियम बैंक के सामने से होते हुए बसन्त अपार्टमेण्ट होते हुए भगत चौराहा तक,राजेन्द्रनगर पूर्वी,0018,30000,,,,,
sadar1,Sadar-1,67,62,चन्द्रा पेट्रोल पम्प के बाद से पहले यूनियम बैंक के सामने से होते हुए बसन्त अपार्टमेण्ट होते हुए भगत चौराहा तक,लच्छीपुर,0018,30000,,,,,
sadar1,Sadar-1,67,63,भगत चौराहा के बाद से शास्त्रीनगर होते हुए नकहा क्रासिंग तक,शास्त्रीनगर,0139,30000,,,,,
sadar1,Sadar-1,67,63,भगत चौराहा के बाद से शास्त्रीनगर होते हुए नकहा क्रासिंग तक,जं0 नकहा नं0 1,0029,30000,,,,,
sadar1,Sadar-1,67,63,भगत चौराहा के बाद से शास्त्रीनगर होते हुए नकहा क्रासिंग तक,लच्छीपुर,0018,30000,,,,,
sadar1,Sadar-1,68,01,नगर पंचायत सीमा में गोरखपुर की तरफ से आने वाली सडक नगर पंचायत होते हुए चुंगी चौराहे तक,कबीरनगर,0162,16000,,,,table=नगर पंचायत क्षेत्र (serials restart at 01),
sadar1,Sadar-1,68,01,नगर पंचायत सीमा में गोरखपुर की तरफ से आने वाली सडक नगर पंचायत होते हुए चुंगी चौराहे तक,नेहरूनगर,0167,16000,,,,table=नगर पंचायत क्षेत्र (serials restart at 01),
sadar1,Sadar-1,68,01,नगर पंचायत सीमा में गोरखपुर की तरफ से आने वाली सडक नगर पंचायत होते हुए चुंगी चौराहे तक,रामानगर,0168,16000,,,,table=नगर पंचायत क्षेत्र (serials restart at 01),
sadar1,Sadar-1,68,02,चुंगी चौराहा के बाद से सिधावल ग्रामसभा नगर पंचायत की सीमा तक भटहट रोड,बुद्धनगर,0165,13000,,,,table=नगर पंचायत क्षेत्र (serials restart at 01),
sadar1,Sadar-1,68,02,चुंगी चौराहा के बाद से सिधावल ग्रामसभा नगर पंचायत की सीमा तक भटहट रोड,शास्त्रीनगर,0171,13000,,,,table=नगर पंचायत क्षेत्र (serials restart at 01),
sadar1,Sadar-1,68,03,"रेलवे क्रासिंग के बाद से हनुमान मंदिर, हरखापुर चौराहा होते हुए नगर पंचायत की सीमा तक हाटा रोड",बापू नगर,0163,13000,,,,table=नगर पंचायत क्षेत्र (serials restart at 01),
sadar1,Sadar-1,68,03,"रेलवे क्रासिंग के बाद से हनुमान मंदिर, हरखापुर चौराहा होते हुए नगर पंचायत की सीमा तक हाटा रोड",सुबाष चन्द्र बोष नगर,0172,13000,,,,table=नगर पंचायत क्षेत्र (serials restart at 01),
sadar1,Sadar-1,68,04,हनुमान मंदिर के बाद से नगर पंचायत की सीमा तक सोनबरसा रोड,सुबाष चन्द्र बोष नगर,0172,16000,,,,table=नगर पंचायत क्षेत्र (serials restart at 01),
sadar1,Sadar-1,68,05,"रामलीला मैदान पुलिया के बाद से थाना, मुख्य बाजार चौक, हरीबैण्ड चौराहा, विजय चौक, होकर नगर पंचायत की सीमा तक भटहट रोड",नेहरूनगर,0167,16000,,,,table=नगर पंचायत क्षेत्र (serials restart at 01),
sadar1,Sadar-1,68,05,"रामलीला मैदान पुलिया के बाद से थाना, मुख्य बाजार चौक, हरीबैण्ड चौराहा, विजय चौक, होकर नगर पंचायत की सीमा तक भटहट रोड",महर्षि दयानन्द नगर,0166,16000,,,,table=नगर पंचायत क्षेत्र (serials restart at 01),
sadar1,Sadar-1,68,05,"रामलीला मैदान पुलिया के बाद से थाना, मुख्य बाजार चौक, हरीबैण्ड चौराहा, विजय चौक, होकर नगर पंचायत की सीमा तक भटहट रोड",लोहियानगर,0169,16000,,,,table=नगर पंचायत क्षेत्र (serials restart at 01),
sadar1,Sadar-1,68,05,"रामलीला मैदान पुलिया के बाद से थाना, मुख्य बाजार चौक, हरीबैण्ड चौराहा, विजय चौक, होकर नगर पंचायत की सीमा तक भटहट रोड",विवेकानन्द नगर,0170,16000,,,,table=नगर पंचायत क्षेत्र (serials restart at 01),
sadar1,Sadar-1,68,05,"रामलीला मैदान पुलिया के बाद से थाना, मुख्य बाजार चौक, हरीबैण्ड चौराहा, विजय चौक, होकर नगर पंचायत की सीमा तक भटहट रोड",शास्त्रीनगर,0171,16000,,,,table=नगर पंचायत क्षेत्र (serials restart at 01),
sadar1,Sadar-1,68,06,"वार्ड नं0 6 कृष्णा के मकान से मुख्य बाजार, रमजान के घर, बड़े गाव चौराहा से नगर पंचायत सीमा तक",अम्बेडकर नगर,0161,13000,,,,table=नगर पंचायत क्षेत्र (serials restart at 01),
sadar1,Sadar-1,68,06,"वार्ड नं0 6 कृष्णा के मकान से मुख्य बाजार, रमजान के घर, बड़े गाव चौराहा से नगर पंचायत सीमा तक",बजरंग नगर,0164,13000,,,,table=नगर पंचायत क्षेत्र (serials restart at 01),
sadar1,Sadar-1,68,06,"वार्ड नं0 6 कृष्णा के मकान से मुख्य बाजार, रमजान के घर, बड़े गाव चौराहा से नगर पंचायत सीमा तक",विवेकानन्द नगर,0170,13000,,,,table=नगर पंचायत क्षेत्र (serials restart at 01),
sadar1,Sadar-1,68,07,हरीबैण्ड चौराहे के बाद से चुंगी चौराहा तक,लोहिया नगर,0169,13000,,,,table=नगर पंचायत क्षेत्र (serials restart at 01),
sadar1,Sadar-1,68,07,हरीबैण्ड चौराहे के बाद से चुंगी चौराहा तक,शास्त्रीनगर,0171,13000,,,,table=नगर पंचायत क्षेत्र (serials restart at 01),
sadar1,Sadar-1,91,1,धर्मशाला चौराह से जटाशंकर चौक व होटल गंगेज चौराहा होते हुए दुर्गाबाडी चौराहा तक,नियामत चक,0097,,95500,99500,89000,,
sadar1,Sadar-1,91,1,धर्मशाला चौराह से जटाशंकर चौक व होटल गंगेज चौराहा होते हुए दुर्गाबाडी चौराहा तक,रूद्रपुर,0065,,95500,99500,89000,,
sadar1,Sadar-1,91,1,धर्मशाला चौराह से जटाशंकर चौक व होटल गंगेज चौराहा होते हुए दुर्गाबाडी चौराहा तक,हुमायूपुर दक्षिणी,0084,,95500,99500,89000,,
sadar1,Sadar-1,91,1ए,होटल गंगेज चौराहा से अलीनगर चौराहा तक तक,नियामत चक,0097,,95500,99500,89000,,
sadar1,Sadar-1,91,1ए,होटल गंगेज चौराहा से अलीनगर चौराहा तक तक,रूद्रपुर,0065,,95500,99500,89000,,
sadar1,Sadar-1,91,1ए,होटल गंगेज चौराहा से अलीनगर चौराहा तक तक,हुमायूपुर दक्षिणी,0084,,95500,99500,89000,,
sadar1,Sadar-1,91,2,दुर्गाबाडी चौराहा के बाद से सरस्वती शिशु मंदिर होते हुए सूरजकुण्ड रेलवे क्रासिंग मार्ग तक,अधियारी बाग,0058,,95500,99500,89000,,
sadar1,Sadar-1,91,2,दुर्गाबाडी चौराहा के बाद से सरस्वती शिशु मंदिर होते हुए सूरजकुण्ड रेलवे क्रासिंग मार्ग तक,काजीपुर कला,0075,,95500,99500,89000,,
sadar1,Sadar-1,91,2,दुर्गाबाडी चौराहा के बाद से सरस्वती शिशु मंदिर होते हुए सूरजकुण्ड रेलवे क्रासिंग मार्ग तक,तिवारीपुर,0063,,95500,99500,89000,,
sadar1,Sadar-1,91,2,दुर्गाबाडी चौराहा के बाद से सरस्वती शिशु मंदिर होते हुए सूरजकुण्ड रेलवे क्रासिंग मार्ग तक,रमदत्तपुर,0074,,95500,99500,89000,,
sadar1,Sadar-1,91,3,चरन लाल चौराहे के बाद से जाफरा बाजार चौराहे तक,अलीनगर उत्तरी,0082,,95500,99500,89000,,
sadar1,Sadar-1,91,3,चरन लाल चौराहे के बाद से जाफरा बाजार चौराहे तक,जाफरा बाजार,0088,,95500,99500,89000,,
sadar1,Sadar-1,91,3,चरन लाल चौराहे के बाद से जाफरा बाजार चौराहे तक,दीवान बाजार,0064,,95500,99500,89000,,
sadar1,Sadar-1,91,3,चरन लाल चौराहे के बाद से जाफरा बाजार चौराहे तक,रूद्रपुर,0065,,95500,99500,89000,,
sadar1,Sadar-1,92,4,अलीनगर चौराहे के बाद से चरन लाल चौराहे तक,अलीनगर,0082,,103000,110000,99500,,
sadar1,Sadar-1,92,4,अलीनगर चौराहे के बाद से चरन लाल चौराहे तक,अलीनगर उत्तरी,0082,,103000,110000,99500,,
sadar1,Sadar-1,92,4,अलीनगर चौराहे के बाद से चरन लाल चौराहे तक,दीवान बाजार,0064,,103000,110000,99500,,
sadar1,Sadar-1,92,4,अलीनगर चौराहे के बाद से चरन लाल चौराहे तक,हजारीपुर,0103,,103000,110000,99500,,
sadar1,Sadar-1,92,5,अलीनगर चौराहे के बाद से हजारीपुर चौराहा हाते हुए जटाशंकर चौक तक,अलीनगर उत्तरी,0082,,103000,110000,99500,,
sadar1,Sadar-1,92,5,अलीनगर चौराहे के बाद से हजारीपुर चौराहा हाते हुए जटाशंकर चौक तक,अलीनगर दक्षिणी,0082,,103000,110000,99500,,
sadar1,Sadar-1,92,5,अलीनगर चौराहे के बाद से हजारीपुर चौराहा हाते हुए जटाशंकर चौक तक,नियामत चक,0097,,103000,110000,99500,,
sadar1,Sadar-1,92,5,अलीनगर चौराहे के बाद से हजारीपुर चौराहा हाते हुए जटाशंकर चौक तक,हजारीपुर,0103,,103000,110000,99500,,
sadar1,Sadar-1,92,6,चरण लाल चौराहे के बाद सेदुर्गाबाडी चौराहा तक,अलीनगर उत्तरी,0082,,95500,99500,89000,,
sadar1,Sadar-1,92,6,चरण लाल चौराहे के बाद सेदुर्गाबाडी चौराहा तक,रूद्रपुर,0065,,95500,99500,89000,,
sadar1,Sadar-1,92,6,चरण लाल चौराहे के बाद सेदुर्गाबाडी चौराहा तक,हुमायूपुर दक्षिणी,0084,,95500,99500,89000,,
sadar1,Sadar-1,92,7,मस्जिद तिराहे से चौरहिया गोला होते हुए साहबगंज चौराहे तक,इस्लामचक,0090,,103000,110000,99500,,
sadar1,Sadar-1,92,7,मस्जिद तिराहे से चौरहिया गोला होते हुए साहबगंज चौराहे तक,खूनीपुर,0043,,103000,110000,99500,,
sadar1,Sadar-1,92,7,मस्जिद तिराहे से चौरहिया गोला होते हुए साहबगंज चौराहे तक,नसीराबाद,0048,,103000,110000,99500,,
sadar1,Sadar-1,92,8,साहबगंज चौराहे के बाद से खूनीपुर चौराहे तक,इस्लामचक,0090,,103000,110000,99500,,
sadar1,Sadar-1,92,8,साहबगंज चौराहे के बाद से खूनीपुर चौराहे तक,खूनीपुर,0043,,103000,110000,99500,,
sadar1,Sadar-1,92,8,साहबगंज चौराहे के बाद से खूनीपुर चौराहे तक,नसीराबाद,0048,,103000,110000,99500,,
sadar1,Sadar-1,93,9,असुरन चौराहा के बाद से एच0एन0 सिंह चौराहा तक,वशारतपुर,0091,,103000,110000,99500,,
sadar1,Sadar-1,93,9,असुरन चौराहा के बाद से एच0एन0 सिंह चौराहा तक,भेडियागढ,0050,,103000,110000,99500,,
sadar1,Sadar-1,93,9,असुरन चौराहा के बाद से एच0एन0 सिंह चौराहा तक,शाहपुर,0068,,103000,110000,99500,,
sadar1,Sadar-1,93,10,एच0एन0 सिंह चौराहे के बाद से राप्तीनगर फेज-4 चौराहा तक,चरगॉवा (खजांची चौक),0001,,103000,110000,99500,,
sadar1,Sadar-1,93,10,एच0एन0 सिंह चौराहे के बाद से राप्तीनगर फेज-4 चौराहा तक,बशारतपुर (खजांची चौक),0091,,103000,110000,99500,,
sadar1,Sadar-1,93,10,एच0एन0 सिंह चौराहे के बाद से राप्तीनगर फेज-4 चौराहा तक,राप्तीनगर (खजांची चौक),0016,,103000,110000,99500,,
sadar1,Sadar-1,93,10,एच0एन0 सिंह चौराहे के बाद से राप्तीनगर फेज-4 चौराहा तक,हरसेवकपुर (खजांची चौक),0093,,103000,110000,99500,,
sadar1,Sadar-1,93,11,राप्तीनगर फेज-4 चौराहा के बाद से झुगिया बाजार नगर निगम सीमा तक,झुंगिया,0002,,103000,110000,99500,,
sadar1,Sadar-1,93,11,राप्तीनगर फेज-4 चौराहा के बाद से झुगिया बाजार नगर निगम सीमा तक,फतेहपुर,0003,,103000,110000,99500,,
sadar1,Sadar-1,93,11,राप्तीनगर फेज-4 चौराहा के बाद से झुगिया बाजार नगर निगम सीमा तक,मानबेला,0005,,103000,110000,99500,,
sadar1,Sadar-1,93,11,राप्तीनगर फेज-4 चौराहा के बाद से झुगिया बाजार नगर निगम सीमा तक,सलेमपुर उर्फ मुगलपुर,0004,,103000,110000,99500,,
sadar1,Sadar-1,93,12,असुरन चौराहा के बाद से गीतावाटिका उत्तरी बाउण्ड्री तक,घोषीपुरवा,0057,,103000,110000,99500,,
sadar1,Sadar-1,93,12,असुरन चौराहा के बाद से गीतावाटिका उत्तरी बाउण्ड्री तक,जं0 मातादीन,0034,,103000,110000,99500,,
sadar1,Sadar-1,93,12,असुरन चौराहा के बाद से गीतावाटिका उत्तरी बाउण्ड्री तक,जं0 सालिकराम,0033,,103000,110000,99500,,
sadar1,Sadar-1,93,12,असुरन चौराहा के बाद से गीतावाटिका उत्तरी बाउण्ड्री तक,धर्मपुर,0069,,103000,110000,99500,,
sadar1,Sadar-1,93,12,असुरन चौराहा के बाद से गीतावाटिका उत्तरी बाउण्ड्री तक,शाहपुर,0068,,103000,110000,99500,,
sadar1,Sadar-1,93,12,असुरन चौराहा के बाद से गीतावाटिका उत्तरी बाउण्ड्री तक,शिवपुर सहवाजगंज,0032,,103000,110000,99500,,
sadar1,Sadar-1,94,13,गीतावाटिका उत्तरी बाउण्ड्री के बाद से धर्मपुर तिराहे तक,घोषीपुरवा,0057,,103000,110000,99500,,
sadar1,Sadar-1,94,13,गीतावाटिका उत्तरी बाउण्ड्री के बाद से धर्मपुर तिराहे तक,शाहपुर,0068,,103000,110000,99500,,
sadar1,Sadar-1,94,13,गीतावाटिका उत्तरी बाउण्ड्री के बाद से धर्मपुर तिराहे तक,धर्मपुर,0069,,103000,110000,99500,,
sadar1,Sadar-1,94,14,धर्मपुर तिराहे के बाद से पादरी बाजार पुलिस चौकी तक,जं0 मातादीन,0034,,103000,110000,99500,,
sadar1,Sadar-1,94,14,धर्मपुर तिराहे के बाद से पादरी बाजार पुलिस चौकी तक,जं0 सालिकराम,0033,,103000,110000,99500,,
sadar1,Sadar-1,94,14,धर्मपुर तिराहे के बाद से पादरी बाजार पुलिस चौकी तक,शिवपुर सहवाजगंज,0032,,103000,110000,99500,,
sadar1,Sadar-1,94,14,धर्मपुर तिराहे के बाद से पादरी बाजार पुलिस चौकी तक,धर्मपुर,0069,,103000,110000,99500,,
sadar1,Sadar-1,94,15,पुलिसबूथ चौराहा कौआबाग के बाद से जेल बाईपास रोड हाते हुए पादरी बाजार पुलिस बूथ तक,शाहपुर,0068,,95500,99500,89000,,
sadar1,Sadar-1,94,15,पुलिसबूथ चौराहा कौआबाग के बाद से जेल बाईपास रोड हाते हुए पादरी बाजार पुलिस बूथ तक,जं0 सालिकराम,0033,,95500,99500,89000,,
sadar1,Sadar-1,94,15,पुलिसबूथ चौराहा कौआबाग के बाद से जेल बाईपास रोड हाते हुए पादरी बाजार पुलिस बूथ तक,जं0 हकीम नं0 1,0035,,95500,99500,89000,,
sadar1,Sadar-1,94,15,पुलिसबूथ चौराहा कौआबाग के बाद से जेल बाईपास रोड हाते हुए पादरी बाजार पुलिस बूथ तक,जं0 मातादीन,0034,,95500,99500,89000,,
sadar1,Sadar-1,94,15,पुलिसबूथ चौराहा कौआबाग के बाद से जेल बाईपास रोड हाते हुए पादरी बाजार पुलिस बूथ तक,शिवपुर सहवाजगंज,0032,,95500,99500,89000,,
sadar1,Sadar-1,94,16,पादरी बाजार पुलिस बूथ के बाद से संगम चौराहा होते हुए खजांची चौराहा तक,शाहपुर,0068,,95500,99500,89000,,
sadar1,Sadar-1,94,16,पादरी बाजार पुलिस बूथ के बाद से संगम चौराहा होते हुए खजांची चौराहा तक,जं0 सालिकराम,0033,,95500,99500,89000,,
sadar1,Sadar-1,94,16,पादरी बाजार पुलिस बूथ के बाद से संगम चौराहा होते हुए खजांची चौराहा तक,जं0 शिवपुर सहवाजगंज,0032,,95500,99500,89000,,
sadar1,Sadar-1,94,16,पादरी बाजार पुलिस बूथ के बाद से संगम चौराहा होते हुए खजांची चौराहा तक,बशारतपुर,0091,,95500,99500,89000,,
sadar1,Sadar-1,94,16,पादरी बाजार पुलिस बूथ के बाद से संगम चौराहा होते हुए खजांची चौराहा तक,हरसेवकपुर नं0 1,0093,,95500,99500,89000,,
sadar1,Sadar-1,95,17,खजांची चौराहा होते हुए स्पोर्स्ट कालेज भगवानपुर होते हुए बरगदवा चौराहा तक,जं0 नकहा नं0 2,0030,,103000,110000,99500,,
sadar1,Sadar-1,95,17,खजांची चौराहा होते हुए स्पोर्स्ट कालेज भगवानपुर होते हुए बरगदवा चौराहा तक,जं0 नकहा नं0 1,0029,,103000,110000,99500,,
sadar1,Sadar-1,95,17,खजांची चौराहा होते हुए स्पोर्स्ट कालेज भगवानपुर होते हुए बरगदवा चौराहा तक,राप्तीनगर कालोनी,0016,,103000,110000,99500,,
sadar1,Sadar-1,95,17,खजांची चौराहा होते हुए स्पोर्स्ट कालेज भगवानपुर होते हुए बरगदवा चौराहा तक,हरसेवकपुर नं0 1,0093,,103000,110000,99500,,
sadar1,Sadar-1,95,18,एच0एन0 सिंह चौराहे के बाद से कृष्णा नगर कालोनी होते हुए हडहवा रेलवे क्रासिंग तक,कृष्णानगर,0121,,103000,110000,99500,,
sadar1,Sadar-1,95,18,एच0एन0 सिंह चौराहे के बाद से कृष्णा नगर कालोनी होते हुए हडहवा रेलवे क्रासिंग तक,जटेपुर उत्तरी,0038,,103000,110000,99500,,
sadar1,Sadar-1,95,18,एच0एन0 सिंह चौराहे के बाद से कृष्णा नगर कालोनी होते हुए हडहवा रेलवे क्रासिंग तक,बशारतपुर,0091,,103000,110000,99500,,
sadar1,Sadar-1,95,18,एच0एन0 सिंह चौराहे के बाद से कृष्णा नगर कालोनी होते हुए हडहवा रेलवे क्रासिंग तक,राप्तीनगर,0016,,103000,110000,99500,,
sadar1,Sadar-1,95,18,एच0एन0 सिंह चौराहे के बाद से कृष्णा नगर कालोनी होते हुए हडहवा रेलवे क्रासिंग तक,लोहियानगर,0128,,103000,110000,99500,,
sadar1,Sadar-1,95,18,एच0एन0 सिंह चौराहे के बाद से कृष्णा नगर कालोनी होते हुए हडहवा रेलवे क्रासिंग तक,शक्तिनगर,0132,,103000,110000,99500,,
sadar1,Sadar-1,95,19,हडहवा रेलवे क्रासिंग के बाद से हुमायूपुर रेलवे क्रासिंग होते हुए गंगेज हौटल चौराहा तक,चकसा हुसैन,0031,,95500,99500,89000,,
sadar1,Sadar-1,95,19,हडहवा रेलवे क्रासिंग के बाद से हुमायूपुर रेलवे क्रासिंग होते हुए गंगेज हौटल चौराहा तक,जटेपुर उत्तरी,0038,,95500,99500,89000,,
sadar1,Sadar-1,95,19,हडहवा रेलवे क्रासिंग के बाद से हुमायूपुर रेलवे क्रासिंग होते हुए गंगेज हौटल चौराहा तक,लोहियानगर,0128,,95500,99500,89000,,
sadar1,Sadar-1,95,19,हडहवा रेलवे क्रासिंग के बाद से हुमायूपुर रेलवे क्रासिंग होते हुए गंगेज हौटल चौराहा तक,हुमायूपुर उ0 नया क्षेत्र,0037,,95500,99500,89000,,
sadar1,Sadar-1,95,19,हडहवा रेलवे क्रासिंग के बाद से हुमायूपुर रेलवे क्रासिंग होते हुए गंगेज हौटल चौराहा तक,हुमायूपुर उ0 पुराना क्षेत्र,0036,,95500,99500,89000,,
sadar1,Sadar-1,95,19,हडहवा रेलवे क्रासिंग के बाद से हुमायूपुर रेलवे क्रासिंग होते हुए गंगेज हौटल चौराहा तक,हुमायूपुर दक्षिणी,0084,,95500,99500,89000,,
sadar1,Sadar-1,95,20,चारफाटक के बाद से कौआबाग एवं बिछिया होते हुए असुरन तक,घोषीपुरवा,0057,,95500,99500,89000,,
sadar1,Sadar-1,95,20,चारफाटक के बाद से कौआबाग एवं बिछिया होते हुए असुरन तक,भेडियागढ,0050,,95500,99500,89000,,
sadar1,Sadar-1,95,20,चारफाटक के बाद से कौआबाग एवं बिछिया होते हुए असुरन तक,शाहपुर,0068,,95500,99500,89000,,
sadar1,Sadar-1,96,21,खजांची चौराहे के बाद से फातिमा हास्पिटल होते हुए पादरी बाजार पुलिस बूथ तक,जं0 मातादीन,0034,,95500,99500,89000,,
sadar1,Sadar-1,96,21,खजांची चौराहे के बाद से फातिमा हास्पिटल होते हुए पादरी बाजार पुलिस बूथ तक,जं0 सालिकराम,0033,,95500,99500,89000,,
sadar1,Sadar-1,96,21,खजांची चौराहे के बाद से फातिमा हास्पिटल होते हुए पादरी बाजार पुलिस बूथ तक,जं0 हकीम नं0 1,0035,,95500,99500,89000,,
sadar1,Sadar-1,96,21,खजांची चौराहे के बाद से फातिमा हास्पिटल होते हुए पादरी बाजार पुलिस बूथ तक,बशारतपुर,0091,,95500,99500,89000,,
sadar1,Sadar-1,96,21,खजांची चौराहे के बाद से फातिमा हास्पिटल होते हुए पादरी बाजार पुलिस बूथ तक,शिवपुर सहवाजगंज,0032,,95500,99500,89000,,
sadar1,Sadar-1,96,21,खजांची चौराहे के बाद से फातिमा हास्पिटल होते हुए पादरी बाजार पुलिस बूथ तक,हरसेवकपुर नं0 1,0093,,95500,99500,89000,,
sadar1,Sadar-1,96,22,गोरखनाथ ओवरब्रिज होते हुए गोरखनाथ मंदिर के पहले गेट तक,अधियारी बाग,0058,,103000,110000,99500,,
sadar1,Sadar-1,96,22,गोरखनाथ ओवरब्रिज होते हुए गोरखनाथ मंदिर के पहले गेट तक,पुराना गोरखपुर,0042,,103000,110000,99500,,
sadar1,Sadar-1,96,22,गोरखनाथ ओवरब्रिज होते हुए गोरखनाथ मंदिर के पहले गेट तक,हुमायूपुर उत्तरी,0037,,103000,110000,99500,,
sadar1,Sadar-1,96,23,गोरखनाथ के बाद से नथमलपुर होते हुए राणी सती मंदिर तक,नथमलपुर,0039,,95500,99500,89000,,
sadar1,Sadar-1,96,23,गोरखनाथ के बाद से नथमलपुर होते हुए राणी सती मंदिर तक,पुराना गोरखपुर,0042,,95500,99500,89000,,
sadar1,Sadar-1,96,23,गोरखनाथ के बाद से नथमलपुर होते हुए राणी सती मंदिर तक,मिर्जापुर पचपेड़वा,0040,,95500,99500,89000,,
sadar1,Sadar-1,96,24,गोरखनाथ पहले गेट के बाद से होते हुए मधुर मिलन मैरेज हाल तक,नथमलपुर,0039,,103000,110000,99500,,
sadar1,Sadar-1,96,24,गोरखनाथ पहले गेट के बाद से होते हुए मधुर मिलन मैरेज हाल तक,पुराना गोरखपुर,0042,,103000,110000,99500,,
sadar1,Sadar-1,96,24,गोरखनाथ पहले गेट के बाद से होते हुए मधुर मिलन मैरेज हाल तक,लच्छीपुर (राजेन्द्रनगर प0),0018,,103000,110000,99500,,
sadar1,Sadar-1,96,24,गोरखनाथ पहले गेट के बाद से होते हुए मधुर मिलन मैरेज हाल तक,लच्छीपुर (राजेन्द्रनगर पूर्वी),0018,,103000,110000,99500,,
sadar1,Sadar-1,96,25,मधुर मिलन मैरेज हाल से होते हुए चन्द्रा पेट्रोल पम्प होते हुए बरगदवा चौराहा तक,बरगदवा,0015,,103000,110000,99500,,
sadar1,Sadar-1,96,25,मधुर मिलन मैरेज हाल से होते हुए चन्द्रा पेट्रोल पम्प होते हुए बरगदवा चौराहा तक,लच्छीपुर,0018,,103000,110000,99500,,
sadar1,Sadar-1,96,25,मधुर मिलन मैरेज हाल से होते हुए चन्द्रा पेट्रोल पम्प होते हुए बरगदवा चौराहा तक,विकास नगर,0149,,103000,110000,99500,,
sadar1,Sadar-1,97,26,बरगदवाँ चौराहा होते हुए मोहरीपुर पुल तक,जं0 बेनीमाधव नं0 1,0013,,95500,99500,89000,,
sadar1,Sadar-1,97,26,बरगदवाँ चौराहा होते हुए मोहरीपुर पुल तक,जं0 बेनीमाधव नं0 2,0014,,95500,99500,89000,,
sadar1,Sadar-1,97,26,बरगदवाँ चौराहा होते हुए मोहरीपुर पुल तक,बरगदवा,0015,,95500,99500,89000,,
sadar1,Sadar-1,97,26,बरगदवाँ चौराहा होते हुए मोहरीपुर पुल तक,विकास नगर,0149,,95500,99500,89000,,
sadar1,Sadar-1,97,27,बरगदवा चौराहा के बाद से फर्टिलाइजर होते हुए झुगिंया चौराहा मार्ग तक,उर्वरक नगर,0053,,95500,99500,89000,,
sadar1,Sadar-1,97,27,बरगदवा चौराहा के बाद से फर्टिलाइजर होते हुए झुगिंया चौराहा मार्ग तक,जं0 बेनीमाधव नं0 2,0014,,95500,99500,89000,,
sadar1,Sadar-1,97,27,बरगदवा चौराहा के बाद से फर्टिलाइजर होते हुए झुगिंया चौराहा मार्ग तक,जं0 नकहा नं0 2,0030,,95500,99500,89000,,
sadar1,Sadar-1,97,27,बरगदवा चौराहा के बाद से फर्टिलाइजर होते हुए झुगिंया चौराहा मार्ग तक,झुगिया,0002,,95500,99500,89000,,
sadar1,Sadar-1,97,27,बरगदवा चौराहा के बाद से फर्टिलाइजर होते हुए झुगिंया चौराहा मार्ग तक,फतेहपुर,0003,,95500,99500,89000,,
sadar1,Sadar-1,97,27,बरगदवा चौराहा के बाद से फर्टिलाइजर होते हुए झुगिंया चौराहा मार्ग तक,मानबेला,0005,,95500,99500,89000,,
sadar1,Sadar-1,97,27,बरगदवा चौराहा के बाद से फर्टिलाइजर होते हुए झुगिंया चौराहा मार्ग तक,विकास नगर,0149,,95500,99500,89000,,
sadar1,Sadar-1,97,28,खूनीपुर चौराहे के बाद से साहबगंज होते हुए राजघाट थाना मार्ग तक,इस्माईलपुर,0044,,95500,99500,89000,,
sadar1,Sadar-1,97,28,खूनीपुर चौराहे के बाद से साहबगंज होते हुए राजघाट थाना मार्ग तक,खूनीपुर,0043,,95500,99500,89000,,
sadar1,Sadar-1,97,28,खूनीपुर चौराहे के बाद से साहबगंज होते हुए राजघाट थाना मार्ग तक,रहमतनगर,0096,,95500,99500,89000,,
sadar1,Sadar-1,97,28,खूनीपुर चौराहे के बाद से साहबगंज होते हुए राजघाट थाना मार्ग तक,शेषपुर,0055,,95500,99500,89000,,
sadar1,Sadar-1,97,29,गीताप्रेस के बाद से लालडिग्गी चोराहा होते हुए मदरसा तक,खूनीपुर,0043,,103000,110000,99500,,
sadar1,Sadar-1,97,29,गीताप्रेस के बाद से लालडिग्गी चोराहा होते हुए मदरसा तक,बसन्तपुर खास,0095,,103000,110000,99500,,
sadar1,Sadar-1,97,29,गीताप्रेस के बाद से लालडिग्गी चोराहा होते हुए मदरसा तक,शेषपुर,0055,,103000,110000,99500,,
sadar1,Sadar-1,98,30,विजय चौराहा के बाद से खन्ना लाज होते हुए अलीनगर चौराहा तक,अलीनगर,0082,,103000,110000,99500,,
sadar1,Sadar-1,98,30,विजय चौराहा के बाद से खन्ना लाज होते हुए अलीनगर चौराहा तक,जटेपुर दक्षिणी,0054,,103000,110000,99500,,
sadar1,Sadar-1,98,31,लालडिग्गी के बाद से मिर्जापुर होते हुए घासीकटरा तक,खूनीपुर,0043,,103000,110000,99500,,
sadar1,Sadar-1,98,31,लालडिग्गी के बाद से मिर्जापुर होते हुए घासीकटरा तक,घासीकटरा,0046,,103000,110000,99500,,
sadar1,Sadar-1,98,31,लालडिग्गी के बाद से मिर्जापुर होते हुए घासीकटरा तक,बसन्तपुर,0095,,103000,110000,99500,,
sadar1,Sadar-1,98,31,लालडिग्गी के बाद से मिर्जापुर होते हुए घासीकटरा तक,भरपुरवा,0081,,103000,110000,99500,,
sadar1,Sadar-1,98,31,लालडिग्गी के बाद से मिर्जापुर होते हुए घासीकटरा तक,मिर्जापुर,0085,,103000,110000,99500,,
sadar1,Sadar-1,98,31,लालडिग्गी के बाद से मिर्जापुर होते हुए घासीकटरा तक,रहमतनगर,0096,,103000,110000,99500,,
sadar1,Sadar-1,98,32,घासीकटरा चौराहा के बाद से जाफरा बाजार रोड तक,इस्लामचक,0090,,103000,110000,99500,,
sadar1,Sadar-1,98,32,घासीकटरा चौराहा के बाद से जाफरा बाजार रोड तक,घासीकटरा,0046,,103000,110000,99500,,
sadar1,Sadar-1,98,32,घासीकटरा चौराहा के बाद से जाफरा बाजार रोड तक,जाफरा बाजार,0088,,103000,110000,99500,,
sadar1,Sadar-1,98,32,घासीकटरा चौराहा के बाद से जाफरा बाजार रोड तक,भरपुरवा,0081,,103000,110000,99500,,
sadar1,Sadar-1,98,32,घासीकटरा चौराहा के बाद से जाफरा बाजार रोड तक,बिन्द टोला,0072,,103000,110000,99500,,
sadar1,Sadar-1,98,33,घंटाघर के बाद से शेषपुर मार्ग तक,बसन्तपुर मुतनाजा,0056,,103000,110000,99500,,
sadar1,Sadar-1,98,33,घंटाघर के बाद से शेषपुर मार्ग तक,बसन्तपुर खास,0095,,103000,110000,99500,,
sadar1,Sadar-1,98,33,घंटाघर के बाद से शेषपुर मार्ग तक,शेषपुर,0055,,103000,110000,99500,,
sadar1,Sadar-1,99,34,बक्शीपुर चौराहे के बाद से मस्जिद तिराहा होते हुए घासीकटरा चौराहे तक,खोखर टोला,0049,,103000,110000,99500,,
sadar1,Sadar-1,99,34,बक्शीपुर चौराहे के बाद से मस्जिद तिराहा होते हुए घासीकटरा चौराहे तक,गाजीरौजा,0067,,103000,110000,99500,,
sadar1,Sadar-1,99,34,बक्शीपुर चौराहे के बाद से मस्जिद तिराहा होते हुए घासीकटरा चौराहे तक,घासीकटरा,0046,,103000,110000,99500,,
sadar1,Sadar-1,99,34,बक्शीपुर चौराहे के बाद से मस्जिद तिराहा होते हुए घासीकटरा चौराहे तक,दीवान बाजार,0064,,103000,110000,99500,,
sadar1,Sadar-1,99,34,बक्शीपुर चौराहे के बाद से मस्जिद तिराहा होते हुए घासीकटरा चौराहे तक,नसीराबाद,0048,,103000,110000,99500,,
sadar1,Sadar-1,99,35,घासीकटरा चौराहा के बाद से इलाहीबाग रोड तक,इलाहीबाग,0099,,95500,99500,89000,,
sadar1,Sadar-1,99,35,घासीकटरा चौराहा के बाद से इलाहीबाग रोड तक,घासीकटरा,0046,,95500,99500,89000,,
sadar1,Sadar-1,99,35,घासीकटरा चौराहा के बाद से इलाहीबाग रोड तक,निजामपुर,0080,,95500,99500,89000,,
sadar1,Sadar-1,99,35,घासीकटरा चौराहा के बाद से इलाहीबाग रोड तक,नरसिंहपुर,0079,,95500,99500,89000,,
sadar1,Sadar-1,99,36,जिया मंजिल तिराहे के बाद से अहमद नर्सिंग होम होते हुए बेनीगंज चौराहे तक,गाजीरौजा,0067,,95500,99500,89000,,
sadar1,Sadar-1,99,36,जिया मंजिल तिराहे के बाद से अहमद नर्सिंग होम होते हुए बेनीगंज चौराहे तक,दीवान बाजार,0064,,95500,99500,89000,,
sadar1,Sadar-1,99,37,बसन्तपुर चौराहा के बाद से मदरसा चौराहा तक,बसन्तपुर खास,0095,,95500,99500,89000,,
sadar1,Sadar-1,99,37,बसन्तपुर चौराहा के बाद से मदरसा चौराहा तक,बसन्तपुर मुतनाजा,0056,,95500,99500,89000,,
sadar1,Sadar-1,99,37,बसन्तपुर चौराहा के बाद से मदरसा चौराहा तक,शेषपुर,0055,,95500,99500,89000,,
sadar1,Sadar-1,99,37ए,बसन्तपुर चौराहा से हालसी चौक होते हुए घण्टाघर तक,बसन्तपुर खास,0095,,95500,99500,89000,,
sadar1,Sadar-1,99,37ए,बसन्तपुर चौराहा से हालसी चौक होते हुए घण्टाघर तक,बसन्तपुर मुतनाजा,0056,,95500,99500,89000,,
sadar1,Sadar-1,100,38,"रामलीला मैदान तिराहे के बाद से सिघारीपुर चौराहा तक, बिलन्दपुर खत्ता होते हुए ग्रीन सिटी तक",अधियारी बाग,0058,,95500,99500,89000,,
sadar1,Sadar-1,100,38,"रामलीला मैदान तिराहे के बाद से सिघारीपुर चौराहा तक, बिलन्दपुर खत्ता होते हुए ग्रीन सिटी तक",तकियाकवलदह,0059,,95500,99500,89000,,
sadar1,Sadar-1,100,38,"रामलीला मैदान तिराहे के बाद से सिघारीपुर चौराहा तक, बिलन्दपुर खत्ता होते हुए ग्रीन सिटी तक",पट्टन,0025,,95500,99500,89000,,
sadar1,Sadar-1,100,38,"रामलीला मैदान तिराहे के बाद से सिघारीपुर चौराहा तक, बिलन्दपुर खत्ता होते हुए ग्रीन सिटी तक",रसूलपुर,0022,,95500,99500,89000,,
sadar1,Sadar-1,100,38,"रामलीला मैदान तिराहे के बाद से सिघारीपुर चौराहा तक, बिलन्दपुर खत्ता होते हुए ग्रीन सिटी तक",बिलन्दपुर खत्ता,0101,,95500,99500,89000,,
sadar1,Sadar-1,100,38,"रामलीला मैदान तिराहे के बाद से सिघारीपुर चौराहा तक, बिलन्दपुर खत्ता होते हुए ग्रीन सिटी तक",सिघारीपुर,0061,,95500,99500,89000,,
sadar1,Sadar-1,100,38,"रामलीला मैदान तिराहे के बाद से सिघारीपुर चौराहा तक, बिलन्दपुर खत्ता होते हुए ग्रीन सिटी तक",सूरजकुण्ड कालोनी,0148,,95500,99500,89000,,
sadar1,Sadar-1,100,39,रामलीला मैदान तिराहे के बाद से रसूलपुर हाते हुए लगन पैलेस तक,नथमलपुर,0039,,95500,99500,89000,,
sadar1,Sadar-1,100,39,रामलीला मैदान तिराहे के बाद से रसूलपुर हाते हुए लगन पैलेस तक,पुराना गोरखपुर,0042,,95500,99500,89000,,
sadar1,Sadar-1,100,39,रामलीला मैदान तिराहे के बाद से रसूलपुर हाते हुए लगन पैलेस तक,रसूलपुर,0022,,95500,99500,89000,,
sadar1,Sadar-1,100,40,इलाहीबाग चौराहे के बाद से तिवारीपुर थाना होते हुए सूरजकुण्ड गेट तक,इलाहीबाग,0099,,95500,99500,89000,,
sadar1,Sadar-1,100,40,इलाहीबाग चौराहे के बाद से तिवारीपुर थाना होते हुए सूरजकुण्ड गेट तक,घोषीपुर,0100,,95500,99500,89000,,
sadar1,Sadar-1,100,40,इलाहीबाग चौराहे के बाद से तिवारीपुर थाना होते हुए सूरजकुण्ड गेट तक,तिवारीपुर,0063,,95500,99500,89000,,
sadar1,Sadar-1,100,41,स्पोटर्स कालेज चौराहे से करीमनगर होते हुए फतेहपुर ग्राम सीमा तक,जं0 नकहा नं0 2,0030,,95500,99500,89000,,
sadar1,Sadar-1,100,41,स्पोटर्स कालेज चौराहे से करीमनगर होते हुए फतेहपुर ग्राम सीमा तक,पोखरभिण्डा करीमनगर,0094,,95500,99500,89000,,
sadar1,Sadar-1,100,41,स्पोटर्स कालेज चौराहे से करीमनगर होते हुए फतेहपुर ग्राम सीमा तक,फतेहपुर,0003,,95500,99500,89000,,
sadar1,Sadar-1,100,41,स्पोटर्स कालेज चौराहे से करीमनगर होते हुए फतेहपुर ग्राम सीमा तक,रेलविहार आवा0 योजना,0127,,95500,99500,89000,,
sadar1,Sadar-1,100,42,"आंवास विकास कालोनी, सूरजकुण्ड तिराहा के बाद से नेता जी सुबाष चन्द्र बोष चौराहे तक",माधोपुर,0027,,95500,99500,89000,,
sadar1,Sadar-1,100,42,"आंवास विकास कालोनी, सूरजकुण्ड तिराहा के बाद से नेता जी सुबाष चन्द्र बोष चौराहे तक",सिघारीपुर,0061,,95500,99500,89000,,
sadar1,Sadar-1,101,43,नेता जी सुबाष चन्द्र बोष चौक के बाद से सरस्वती शिशु मंदिर होत हुए ग्रीन सिटी तिराहे तक,नथमलपुर,0039,,95500,99500,89000,,
sadar1,Sadar-1,101,43,नेता जी सुबाष चन्द्र बोष चौक के बाद से सरस्वती शिशु मंदिर होत हुए ग्रीन सिटी तिराहे तक,पट्टन,0025,,95500,99500,89000,,
sadar1,Sadar-1,101,44,ग्रीन सिटी तिराहे से एम0पी0 पाल्टेकनिक होते हुए 10 नं0 बोरिंग तक,नथमलपुर,0039,,95500,99500,89000,,
sadar1,Sadar-1,101,44,ग्रीन सिटी तिराहे से एम0पी0 पाल्टेकनिक होते हुए 10 नं0 बोरिंग तक,पट्टन,0025,,95500,99500,89000,,
sadar1,Sadar-1,101,44,ग्रीन सिटी तिराहे से एम0पी0 पाल्टेकनिक होते हुए 10 नं0 बोरिंग तक,लच्छीपुर,0018,,95500,99500,89000,,
sadar1,Sadar-1,101,45,जाफरा बाजार चौराहे से जय बहादुर खरे के मकान होते हुए काजीपुर तिराहा तक,काजीपुर कला,0075,,95500,99500,89000,,
sadar1,Sadar-1,101,45,जाफरा बाजार चौराहे से जय बहादुर खरे के मकान होते हुए काजीपुर तिराहा तक,जाफरा बाजार,0088,,95500,99500,89000,,
sadar1,Sadar-1,101,46,काजीपुर तिराहा के बाद से तिवारीपुर थाना होते हुए ट्रासफार्मर तक,काजीपुर कला,0075,,95500,99500,89000,,
sadar1,Sadar-1,101,46,काजीपुर तिराहा के बाद से तिवारीपुर थाना होते हुए ट्रासफार्मर तक,घोषीपुर,0100,,95500,99500,89000,,
sadar1,Sadar-1,101,46,काजीपुर तिराहा के बाद से तिवारीपुर थाना होते हुए ट्रासफार्मर तक,तिवारीपुर,0063,,95500,99500,89000,,
sadar1,Sadar-1,101,46,काजीपुर तिराहा के बाद से तिवारीपुर थाना होते हुए ट्रासफार्मर तक,बुलाकीपुर,0076,,95500,99500,89000,,
sadar1,Sadar-1,101,47,बेनीगंज चौराहे के बाद से आत्माराम वैद्यघर होते हुए दुर्गाबाडी रोड तक,अधियारी बाग,0058,,95500,99500,89000,,
sadar1,Sadar-1,101,47,बेनीगंज चौराहे के बाद से आत्माराम वैद्यघर होते हुए दुर्गाबाडी रोड तक,जाफरा बाजार,0088,,95500,99500,89000,,
sadar1,Sadar-1,101,47,बेनीगंज चौराहे के बाद से आत्माराम वैद्यघर होते हुए दुर्गाबाडी रोड तक,रूद्रपुर,0065,,95500,99500,89000,,
sadar1,Sadar-1,101,48,एल्युमीनियम फैक्ट्री चौराहा के बाद से रामप्रीत चौराहे तक,चकसा हुसैन,0031,,95500,99500,89000,,
sadar1,Sadar-1,101,48,एल्युमीनियम फैक्ट्री चौराहा के बाद से रामप्रीत चौराहे तक,बशारतपुर,0091,,95500,99500,89000,,
sadar1,Sadar-1,101,49,रामप्रीत चौराहे के बाद से प्रज्ञां स्कूल होते हुए स्पोर्स्ट कालेज तक,जं0 नकहा नं0 01,0029,,95500,99500,89000,,
sadar1,Sadar-1,101,49,रामप्रीत चौराहे के बाद से प्रज्ञां स्कूल होते हुए स्पोर्स्ट कालेज तक,जं0 नकहा नं0 02,0030,,95500,99500,89000,,
sadar1,Sadar-1,101,49,रामप्रीत चौराहे के बाद से प्रज्ञां स्कूल होते हुए स्पोर्स्ट कालेज तक,बशारतपुर,0091,,95500,99500,89000,,
sadar1,Sadar-1,102,50,हनुमान गडी से मिर्जापुर होते हुए एन0एच0 28 तक,वसंतपुर,0095,,95500,99500,89000,,
sadar1,Sadar-1,102,50,हनुमान गडी से मिर्जापुर होते हुए एन0एच0 28 तक,मिर्जापुर,0085,,95500,99500,89000,,
sadar1,Sadar-1,102,50,हनुमान गडी से मिर्जापुर होते हुए एन0एच0 28 तक,मुण्डेरी चक,0086,,95500,99500,89000,,
sadar1,Sadar-1,102,50,हनुमान गडी से मिर्जापुर होते हुए एन0एच0 28 तक,शेषपुर,0055,,95500,99500,89000,,
sadar1,Sadar-1,102,50,हनुमान गडी से मिर्जापुर होते हुए एन0एच0 28 तक,हनुमान चक,0011,,95500,99500,89000,,
sadar1,Sadar-1,102,51,हनुमान गडी चौराहे के बाद से इलाहीबाग चौराहे तक,इलाहीबाग,0099,,95500,99500,89000,,
sadar1,Sadar-1,102,51,हनुमान गडी चौराहे के बाद से इलाहीबाग चौराहे तक,मुण्डेरी चक,0086,,95500,99500,89000,,
sadar1,Sadar-1,102,51,हनुमान गडी चौराहे के बाद से इलाहीबाग चौराहे तक,हनुमान चक,0011,,95500,99500,89000,,
sadar1,Sadar-1,102,52,नखास चौक के बाद से इस्माईलपुर होते हुए खूनीपुर चौराहे तक,ईस्माईलपुर,0044,,95500,99500,89000,,
sadar1,Sadar-1,102,52,नखास चौक के बाद से इस्माईलपुर होते हुए खूनीपुर चौराहे तक,खूनीपुर,0043,,95500,99500,89000,,
sadar1,Sadar-1,102,53,खूनीपुर चौराहा के बाद से साहबगंज चौराहा तक,ईस्माईलपुर,0044,,95500,99500,89000,,
sadar1,Sadar-1,102,53,खूनीपुर चौराहा के बाद से साहबगंज चौराहा तक,खूनीपुर,0043,,95500,99500,89000,,
sadar1,Sadar-1,102,53,खूनीपुर चौराहा के बाद से साहबगंज चौराहा तक,मिर्जापुर,0085,,95500,99500,89000,,
sadar1,Sadar-1,102,54,साहबगंज चौराहे के बाद से शिव शनि साई मंदिर होते हुए हनुमान गढ़ी बन्धे तक,रकाबगंज,0096,,95500,99500,89000,,vcode 0096 printed for रकाबगंज (0096 = रहमतनगर elsewhere)
sadar1,Sadar-1,102,54,साहबगंज चौराहे के बाद से शिव शनि साई मंदिर होते हुए हनुमान गढ़ी बन्धे तक,हनुमान चक,0011,,95500,99500,89000,,
sadar1,Sadar-1,102,54,साहबगंज चौराहे के बाद से शिव शनि साई मंदिर होते हुए हनुमान गढ़ी बन्धे तक,मिर्जापुर,0085,,95500,99500,89000,,
sadar1,Sadar-1,102,55,थवईपुल के बाद से हेमन्त कुमार बनर्जी रोड होते हुए चरनलाल चौराहा तक,दीवान बाजार,0064,,95500,99500,89000,,
sadar1,Sadar-1,102,55,थवईपुल के बाद से हेमन्त कुमार बनर्जी रोड होते हुए चरनलाल चौराहा तक,अलीनगर दक्षिणी,0082,,95500,99500,89000,,vcode 0082 printed for अलीनगर दक्षिणी (p106 list gives 0083)
sadar1,Sadar-1,103,55ए,थवईपुल के बाद से अलीनगर चौराहा तक,दीवान बाजार,0064,,95500,99500,89000,,
sadar1,Sadar-1,103,55ए,थवईपुल के बाद से अलीनगर चौराहा तक,अलीनगर दक्षिणी,0082,,95500,99500,89000,,vcode 0082 printed for अलीनगर दक्षिणी (p106 list gives 0083)
sadar1,Sadar-1,103,56,हुमायूपुर उत्तरी चौराहा होते हुए गोरखनाथ थाना तक,जाहिदाबाद,0041,,95500,99500,89000,,
sadar1,Sadar-1,103,56,हुमायूपुर उत्तरी चौराहा होते हुए गोरखनाथ थाना तक,हुमॉयूपुर उत्तरी,0037,,95500,99500,89000,,
sadar1,Sadar-1,103,57,स्टेट बैंक कालोनी होते हुए जाफरा बाजार चौराहे तक,अधियारी बाग,0058,,95500,99500,89000,,
sadar1,Sadar-1,103,57,स्टेट बैंक कालोनी होते हुए जाफरा बाजार चौराहे तक,जाफरा बाजार,0088,,95500,99500,89000,,
sadar1,Sadar-1,103,57,स्टेट बैंक कालोनी होते हुए जाफरा बाजार चौराहे तक,रमदत्तरपुर,0074,,95500,99500,89000,,
sadar1,Sadar-1,103,58,पट्टन तिराहा से होते हुए वृन्दावन कालोनी तक,पट्टन,0025,,95500,99500,89000,,
sadar1,Sadar-1,103,58,पट्टन तिराहा से होते हुए वृन्दावन कालोनी तक,लच्छीपुर,0018,,95500,99500,89000,,
sadar1,Sadar-1,103,59,"हनुमान प्रसाद पोद्दार मूर्ति होते हुए मधूसूदनं अपार्टमेण्ट [2nd line cut off by table rule, illegible]",शाहपुर,0068,,95500,99500,89000,,segment text second line cut off in scan
sadar1,Sadar-1,103,60,राजघाट मोड़ के बाद से बसन्तपुर तकिया मस्जिद तक व बसन्तपुर तकिया से लालपुर तिराहा तक,बसन्तपुर खास,0095,,95500,99500,89000,,
sadar1,Sadar-1,103,60,राजघाट मोड़ के बाद से बसन्तपुर तकिया मस्जिद तक व बसन्तपुर तकिया से लालपुर तिराहा तक,बसन्तपुर तकिया,0095,,95500,99500,89000,,
sadar1,Sadar-1,103,60,राजघाट मोड़ के बाद से बसन्तपुर तकिया मस्जिद तक व बसन्तपुर तकिया से लालपुर तिराहा तक,बसन्तपुर मुस्तकिल,0095,,95500,99500,89000,,
sadar1,Sadar-1,103,60,राजघाट मोड़ के बाद से बसन्तपुर तकिया मस्जिद तक व बसन्तपुर तकिया से लालपुर तिराहा तक,मिर्जापुर,0085,,95500,99500,89000,,
sadar1,Sadar-1,103,61,निजामपुर तिराहा के बाद से होते हुए मिर्जापुर तिराहा तक,मिर्जापुर,0085,,95500,99500,89000,,
sadar1,Sadar-1,103,61,निजामपुर तिराहा के बाद से होते हुए मिर्जापुर तिराहा तक,निजामपुर,0080,,95500,99500,89000,,
sadar1,Sadar-1,104,62,चन्द्रा पेट्रोल पम्प के बाद से पहले यूनियम बैंक के सामने से होते हुए बसन्त अपार्टमेण्ट होते हुए भगत चौराहा तक,शास्त्रीनगर,0139,,95500,99500,89000,,
sadar1,Sadar-1,104,62,चन्द्रा पेट्रोल पम्प के बाद से पहले यूनियम बैंक के सामने से होते हुए बसन्त अपार्टमेण्ट होते हुए भगत चौराहा तक,राजेन्द्रनगर पूर्वी,0018,,95500,99500,89000,,
sadar1,Sadar-1,104,62,चन्द्रा पेट्रोल पम्प के बाद से पहले यूनियम बैंक के सामने से होते हुए बसन्त अपार्टमेण्ट होते हुए भगत चौराहा तक,लच्छीपुर,0018,,95500,99500,89000,,
sadar1,Sadar-1,104,63,भगत चौराहा के बाद से शास्त्रीनगर होते हुए नकहा क्रासिंग तक,शास्त्रीनगर,0139,,95500,99500,89000,,
sadar1,Sadar-1,104,63,भगत चौराहा के बाद से शास्त्रीनगर होते हुए नकहा क्रासिंग तक,जं0 नकहा नं0 1,0029,,95500,99500,89000,,
sadar1,Sadar-1,104,63,भगत चौराहा के बाद से शास्त्रीनगर होते हुए नकहा क्रासिंग तक,लच्छीपुर,0018,,95500,99500,89000,,
sadar1,Sadar-1,105,01,नगर पंचायत सीमा में गोरखपुर की तरफ से आने वाली सडक नगर पंचायत होते हुए चुंगी चौराहे तक,कबीरनगर,0162,,70000,78000,68000,list=nagar panchayat segment list (serial restarts at 01),rows slightly misaligned in scan; all rows print same rates
sadar1,Sadar-1,105,01,नगर पंचायत सीमा में गोरखपुर की तरफ से आने वाली सडक नगर पंचायत होते हुए चुंगी चौराहे तक,नेहरूनगर,0167,,70000,78000,68000,list=nagar panchayat segment list (serial restarts at 01),rows slightly misaligned in scan; all rows print same rates
sadar1,Sadar-1,105,01,नगर पंचायत सीमा में गोरखपुर की तरफ से आने वाली सडक नगर पंचायत होते हुए चुंगी चौराहे तक,रामानगर,0168,,70000,78000,68000,list=nagar panchayat segment list (serial restarts at 01),rows slightly misaligned in scan; all rows print same rates
sadar1,Sadar-1,105,02,चुंगी चौराहा के बाद से सिधावल ग्रामसभा नगर पंचायत की सीमा तक भटहट रोड,बुद्धनगर,0165,,70000,78000,68000,list=nagar panchayat segment list (serial restarts at 01),rows slightly misaligned in scan; all rows print same rates
sadar1,Sadar-1,105,02,चुंगी चौराहा के बाद से सिधावल ग्रामसभा नगर पंचायत की सीमा तक भटहट रोड,शास्त्रीनगर,0171,,70000,78000,68000,list=nagar panchayat segment list (serial restarts at 01),rows slightly misaligned in scan; all rows print same rates
sadar1,Sadar-1,105,03,"रेलवे क्रासिंग के बाद से हनुमान मंदिर, हरखापुर चौराहा होते हुए नगर पंचायत की सीमा तक हाटा रोड",बापू नगर,0163,,70000,78000,68000,list=nagar panchayat segment list (serial restarts at 01),rows slightly misaligned in scan; all rows print same rates
sadar1,Sadar-1,105,03,"रेलवे क्रासिंग के बाद से हनुमान मंदिर, हरखापुर चौराहा होते हुए नगर पंचायत की सीमा तक हाटा रोड",सुबाष चन्द्र बोष नगर,0172,,70000,78000,68000,list=nagar panchayat segment list (serial restarts at 01),rows slightly misaligned in scan; all rows print same rates
sadar1,Sadar-1,105,04,हनुमान मंदिर के बाद से नगर पंचायत की सीमा तक सोनबरसा रोड,सुबाष चन्द्र बोष नगर,0172,,70000,78000,68000,list=nagar panchayat segment list (serial restarts at 01),rows slightly misaligned in scan; all rows print same rates
sadar1,Sadar-1,105,05,"रामलीला मैदान पुलिया के बाद से थाना, मुख्य बाजार चौक, हरीबैण्ड चौराहा, विजय चौक, होकर नगर पंचायत की सीमा तक भटहट रोड",नेहरूनगर,0167,,70000,78000,68000,list=nagar panchayat segment list (serial restarts at 01),rows slightly misaligned in scan; all rows print same rates
sadar1,Sadar-1,105,05,"रामलीला मैदान पुलिया के बाद से थाना, मुख्य बाजार चौक, हरीबैण्ड चौराहा, विजय चौक, होकर नगर पंचायत की सीमा तक भटहट रोड",महर्षि दयानन्द नगर,0166,,70000,78000,68000,list=nagar panchayat segment list (serial restarts at 01),rows slightly misaligned in scan; all rows print same rates
sadar1,Sadar-1,105,05,"रामलीला मैदान पुलिया के बाद से थाना, मुख्य बाजार चौक, हरीबैण्ड चौराहा, विजय चौक, होकर नगर पंचायत की सीमा तक भटहट रोड",लोहियानगर,0169,,70000,78000,68000,list=nagar panchayat segment list (serial restarts at 01),rows slightly misaligned in scan; all rows print same rates
sadar1,Sadar-1,105,05,"रामलीला मैदान पुलिया के बाद से थाना, मुख्य बाजार चौक, हरीबैण्ड चौराहा, विजय चौक, होकर नगर पंचायत की सीमा तक भटहट रोड",विवेकानन्द नगर,0170,,70000,78000,68000,list=nagar panchayat segment list (serial restarts at 01),rows slightly misaligned in scan; all rows print same rates
sadar1,Sadar-1,105,05,"रामलीला मैदान पुलिया के बाद से थाना, मुख्य बाजार चौक, हरीबैण्ड चौराहा, विजय चौक, होकर नगर पंचायत की सीमा तक भटहट रोड",शास्त्रीनगर,0171,,70000,78000,68000,list=nagar panchayat segment list (serial restarts at 01),rows slightly misaligned in scan; all rows print same rates
sadar1,Sadar-1,105,06,"वार्ड नं0 6 कृष्णा के मकान से मुख्य बाजार, रमजान के घर, बड़े गाव चौराहा से नगर पंचायत सीमा तक",अम्बेडकर नगर,0161,,70000,78000,68000,list=nagar panchayat segment list (serial restarts at 01),rows slightly misaligned in scan; all rows print same rates
sadar1,Sadar-1,105,06,"वार्ड नं0 6 कृष्णा के मकान से मुख्य बाजार, रमजान के घर, बड़े गाव चौराहा से नगर पंचायत सीमा तक",बजरंग नगर,0164,,70000,78000,68000,list=nagar panchayat segment list (serial restarts at 01),rows slightly misaligned in scan; all rows print same rates
sadar1,Sadar-1,105,06,"वार्ड नं0 6 कृष्णा के मकान से मुख्य बाजार, रमजान के घर, बड़े गाव चौराहा से नगर पंचायत सीमा तक",विवेकानन्द नगर,0170,,70000,78000,68000,list=nagar panchayat segment list (serial restarts at 01),rows slightly misaligned in scan; all rows print same rates
sadar1,Sadar-1,105,07,हरीबैण्ड चौराहे के बाद से चुंगी चौराहा तक,लोहिया नगर,0169,,70000,78000,68000,list=nagar panchayat segment list (serial restarts at 01),rows slightly misaligned in scan; all rows print same rates
sadar1,Sadar-1,105,07,हरीबैण्ड चौराहे के बाद से चुंगी चौराहा तक,शास्त्रीनगर,0171,,70000,78000,68000,list=nagar panchayat segment list (serial restarts at 01),rows slightly misaligned in scan; all rows print same rates
sadar2,Sadar-2,50,1,बेतियाहाता चौराहा से अलहदादलपुर चौराहा तक,अलहदादपुर,0028,35000,,,,row_no=1;shop_rent_per_sqm=375,
sadar2,Sadar-2,50,1,बेतियाहाता चौराहा से अलहदादलपुर चौराहा तक,बेतिहायाता,0046,35000,,,,row_no=2;shop_rent_per_sqm=375,village spelled बेतिहायाता as printed
sadar2,Sadar-2,50,2,अलहदादपुर चौराहा के बाद से नांगलिया हास्पिटल होते हुए नार्मल टैक्सी स्टैण्ड तक,अलहदादपुर,0023,33000,,,,row_no=3;shop_rent_per_sqm=350,vcode 0023 differs from 0028 at row 1 (as printed)
sadar2,Sadar-2,50,2,अलहदादपुर चौराहा के बाद से नांगलिया हास्पिटल होते हुए नार्मल टैक्सी स्टैण्ड तक,खुर्रमपुर,0047,33000,,,,row_no=4;shop_rent_per_sqm=350,
sadar2,Sadar-2,50,2,अलहदादपुर चौराहा के बाद से नांगलिया हास्पिटल होते हुए नार्मल टैक्सी स्टैण्ड तक,रायगंज दक्षिणी,0009,33000,,,,row_no=5;shop_rent_per_sqm=350,
sadar2,Sadar-2,50,3,नार्मल टैक्सी स्टैण्ड से टीपीनगर तक,तुर्कमानपुर,0008,33000,,,,row_no=6;shop_rent_per_sqm=350,
sadar2,Sadar-2,50,4,तुर्कमानपुर तिराहे से हांसूपुर बंधे तक,हांसूपुर,0038,30000,,,,row_no=7;shop_rent_per_sqm=300,
sadar2,Sadar-2,50,5,टीपीनगर से मंशी प्रेमचन्द पार्क होते हुए अलहदादपुर रोड तक,तुर्कमानपुर,0008,33000,,,,row_no=8;shop_rent_per_sqm=350,
sadar2,Sadar-2,50,5,टीपीनगर से मंशी प्रेमचन्द पार्क होते हुए अलहदादपुर रोड तक,बेतियाहाता आवास विकास कालोनी,0094,33000,,,,row_no=9;shop_rent_per_sqm=350,
sadar2,Sadar-2,50,6,मुंशी प्रेमचन्द पार्क से हनुमान मन्दिर होते हुए बेतियाहाता चौराहा तक,बेतियाहाता,0046,36000,,,,row_no=10;shop_rent_per_sqm=375,
sadar2,Sadar-2,50,7,बेतियाहाता चौराहा से कैंट चौराहा तक,दाउदपुर,0013,36000,,,,row_no=11;shop_rent_per_sqm=375,
sadar2,Sadar-2,50,7,बेतियाहाता चौराहा से कैंट चौराहा तक,बेतियाहाता,0046,36000,,,,row_no=12;shop_rent_per_sqm=375,
sadar2,Sadar-2,50,8,कैंट चौराहे के बाद से छात्र संघ चौराहा तक,दाउदपुर,0013,36000,,,,row_no=13;shop_rent_per_sqm=375,
sadar2,Sadar-2,50,8,कैंट चौराहे के बाद से छात्र संघ चौराहा तक,बिलन्दपुर,0014,36000,,,,row_no=14;shop_rent_per_sqm=375,
sadar2,Sadar-2,51,9,छात्रसंघ चौराहा से पैडलेगंज तक,कालेपुर,0050,36000,,,,row_no=15;shop_rent_per_sqm=375,
sadar2,Sadar-2,51,9,छात्रसंघ चौराहा से पैडलेगंज तक,बिलन्दपुर,0014,36000,,,,row_no=16;shop_rent_per_sqm=375,"village printed with trailing comma (बिलन्दपुर,)"
sadar2,Sadar-2,51,10,पैडलेगंज चौराहा के बाद से देवरिया बाई पास मोड तक,दाउदपुर,0013,38000,,,,row_no=17;shop_rent_per_sqm=375,
sadar2,Sadar-2,51,10,पैडलेगंज चौराहा के बाद से देवरिया बाई पास मोड तक,बिलन्दपुर,0014,38000,,,,row_no=18;shop_rent_per_sqm=375,"village printed with trailing comma (बिलन्दपुर,)"
sadar2,Sadar-2,51,11,पैडलेगंज चौक के बाद से मोहददीपुर पुलिस चौकी तक,पड़हा,0051,32000,,,,row_no=19;shop_rent_per_sqm=300,
sadar2,Sadar-2,51,11,पैडलेगंज चौक के बाद से मोहददीपुर पुलिस चौकी तक,मोहददीपुर,0016,36000,,,,row_no=20;shop_rent_per_sqm=375,
sadar2,Sadar-2,51,12,देवरिया बाई पास मोड से रूस्तमपुर चौराहा तक,दाउदपुर,0013,36000,,,,row_no=21;shop_rent_per_sqm=375,
sadar2,Sadar-2,51,12,देवरिया बाई पास मोड से रूस्तमपुर चौराहा तक,रूस्तमपुर,0038,36000,,,,row_no=22;shop_rent_per_sqm=375,
sadar2,Sadar-2,51,13,रूस्तमपुर चौराहा से फलमण्डी चौराहा होते हुए ट्रांसपोर्ट नगर चौराहा तक,दाउदपुर,0013,36000,,,,row_no=23;shop_rent_per_sqm=375,
sadar2,Sadar-2,51,13,रूस्तमपुर चौराहा से फलमण्डी चौराहा होते हुए ट्रांसपोर्ट नगर चौराहा तक,बेतियाहाता,0046,36000,,,,row_no=24;shop_rent_per_sqm=375,
sadar2,Sadar-2,51,13,रूस्तमपुर चौराहा से फलमण्डी चौराहा होते हुए ट्रांसपोर्ट नगर चौराहा तक,मिर्जापुर,0035,36000,,,,row_no=25;shop_rent_per_sqm=375,
sadar2,Sadar-2,51,13,रूस्तमपुर चौराहा से फलमण्डी चौराहा होते हुए ट्रांसपोर्ट नगर चौराहा तक,महेवा,0011,36000,,,,row_no=26;shop_rent_per_sqm=375,
sadar2,Sadar-2,51,14,रूस्तमपुर चौराहे से आजाद चौक होत हूए चिलमापुर तिराहे तक,चिलमापुर,0037,36000,,,,row_no=27;shop_rent_per_sqm=350,
sadar2,Sadar-2,51,14,रूस्तमपुर चौराहे से आजाद चौक होत हूए चिलमापुर तिराहे तक,रूस्तमपुर,0038,36000,,,,row_no=28;shop_rent_per_sqm=350,
sadar2,Sadar-2,51,15,आजाद चौक से नहर रोड होते हुए हाइवे तक,रूस्तमपुर,0038,36000,,,,row_no=29;shop_rent_per_sqm=350,
sadar2,Sadar-2,51,16,चिलमापुर तिराहे से बगहा बाबा मन्दिर तक,चिलमापुर,0037,26000,,,,row_no=30;shop_rent_per_sqm=325,
sadar2,Sadar-2,51,16,चिलमापुर तिराहे से बगहा बाबा मन्दिर तक,पथरा,5845,26000,,,,row_no=31;shop_rent_per_sqm=325,
sadar2,Sadar-2,51,16,चिलमापुर तिराहे से बगहा बाबा मन्दिर तक,भरवलिया,0315,26000,,,,row_no=32;shop_rent_per_sqm=325,
sadar2,Sadar-2,51,16,चिलमापुर तिराहे से बगहा बाबा मन्दिर तक,महुईसुधरपुर,0010,26000,,,,row_no=33;shop_rent_per_sqm=325,
sadar2,Sadar-2,51,16,चिलमापुर तिराहे से बगहा बाबा मन्दिर तक,रूस्तमपुर,0038,26000,,,,row_no=34;shop_rent_per_sqm=325,
sadar2,Sadar-2,51,17,चिलमापुर तिराहे से भरवलिया मोड तक,चिलमापुर,0037,22000,,,,row_no=35;shop_rent_per_sqm=300,
sadar2,Sadar-2,51,17,चिलमापुर तिराहे से भरवलिया मोड तक,भरवलिया,0315,22000,,,,row_no=36;shop_rent_per_sqm=300,
sadar2,Sadar-2,52,18,आजाद चौक से नवल्स एकेडमी होते हुए फलमण्डी चौक तक,महुईसुधरपुर,0010,24000,,,,row_no=37;shop_rent_per_sqm=300,village printed with trailing comma
sadar2,Sadar-2,52,18,आजाद चौक से नवल्स एकेडमी होते हुए फलमण्डी चौक तक,मिर्जापुर,0035,24000,,,,row_no=38;shop_rent_per_sqm=300,
sadar2,Sadar-2,52,18,आजाद चौक से नवल्स एकेडमी होते हुए फलमण्डी चौक तक,महेवा,0011,24000,,,,row_no=39;shop_rent_per_sqm=300,
sadar2,Sadar-2,52,18,आजाद चौक से नवल्स एकेडमी होते हुए फलमण्डी चौक तक,रूस्तमपुर,0038,24000,,,,row_no=40;shop_rent_per_sqm=300,
sadar2,Sadar-2,52,19,आजाद चौक से गोरखपुर पब्लिक स्कूल तक,महुईसुधरपुर,0010,24000,,,,row_no=41;shop_rent_per_sqm=300,
sadar2,Sadar-2,52,20,गोरखपुर पब्लिक से झरवा बांध तक,झरवा,5501,22000,,,,row_no=42;shop_rent_per_sqm=300,
sadar2,Sadar-2,52,20,गोरखपुर पब्लिक से झरवा बांध तक,महुईसुधरपुर,0010,22000,,,,row_no=43;shop_rent_per_sqm=300,village printed with trailing comma
sadar2,Sadar-2,52,21,झरवा हनुमान मन्दिर से टीपीनगर चौक तक,झरवा,5501,24000,,,,row_no=44;shop_rent_per_sqm=300,
sadar2,Sadar-2,52,21,झरवा हनुमान मन्दिर से टीपीनगर चौक तक,पथरा,5843,24000,,,,row_no=45;shop_rent_per_sqm=300,vcode 5843 for पथरा differs from 5845 at row 31 (both verified as printed)
sadar2,Sadar-2,52,21,झरवा हनुमान मन्दिर से टीपीनगर चौक तक,महेवा,0011,24000,,,,row_no=46;shop_rent_per_sqm=300,
sadar2,Sadar-2,52,22,रूस्तमपुर चौराहे से पेट्रोल पम्प तक,रूस्तमपुर,0038,35000,,,,row_no=47;shop_rent_per_sqm=375,
sadar2,Sadar-2,52,22,रूस्तमपुर चौराहे से पेट्रोल पम्प तक,दाउदपुर,0013,35000,,,,row_no=48;shop_rent_per_sqm=375,
sadar2,Sadar-2,52,22,रूस्तमपुर चौराहे से पेट्रोल पम्प तक,बेतियाहाता,0046,35000,,,,row_no=49;shop_rent_per_sqm=375,
sadar2,Sadar-2,52,23,पेट्रोल पम्प के बाद से काली मंदिर से पहले दाउदपुर मोड तक,रूस्तमपुर,0038,35000,,,,row_no=50;shop_rent_per_sqm=375,
sadar2,Sadar-2,52,23,पेट्रोल पम्प के बाद से काली मंदिर से पहले दाउदपुर मोड तक,दाउदपुर,0013,35000,,,,row_no=51;shop_rent_per_sqm=375,
sadar2,Sadar-2,52,23,पेट्रोल पम्प के बाद से काली मंदिर से पहले दाउदपुर मोड तक,बेतियाहाता,0046,35000,,,,row_no=52;shop_rent_per_sqm=375,
sadar2,Sadar-2,52,24,दाउदपुर मोड से कैण्ट चौराहा तक,रूस्तमपुर,0038,35000,,,,row_no=53;shop_rent_per_sqm=375,
sadar2,Sadar-2,52,24,दाउदपुर मोड से कैण्ट चौराहा तक,दाउदपुर,0013,35000,,,,row_no=54;shop_rent_per_sqm=375,
sadar2,Sadar-2,52,24,दाउदपुर मोड से कैण्ट चौराहा तक,बेतियाहाता,0046,35000,,,,row_no=55;shop_rent_per_sqm=375,
sadar2,Sadar-2,52,25,दाउदपुर काली मन्दिर तिराहे से दाउदपुर चौराहे तक,दाउदपुर,0013,33000,,,,row_no=56;shop_rent_per_sqm=300,
sadar2,Sadar-2,52,26,दाउदपुर चौराहे से आर्यन हास्पिटल होते हुए हाइवे तक,दाउदपुर,0013,33000,,,,row_no=57;shop_rent_per_sqm=300,
sadar2,Sadar-2,53,27,दाउदपुर चौराह से विधायक निवास होते हुए हाइवे तक,दाउदपुर,0013,33000,,,,row_no=58;shop_rent_per_sqm=300,
sadar2,Sadar-2,53,28,दाउदपुर चौराहा से डा0 आर0 के0 सी0 मिश्रा होते हुए हाइवे तक।,दाउदपुर,0013,33000,,,,row_no=59;shop_rent_per_sqm=300,
sadar2,Sadar-2,53,29,देवरिया बाई पास तिराहे से जी0डी0ए0 आफिस होते हुए सहारा स्टेट तक,कजाकपुर,5222,32000,,,,row_no=60;shop_rent_per_sqm=300,
sadar2,Sadar-2,53,29,देवरिया बाई पास तिराहे से जी0डी0ए0 आफिस होते हुए सहारा स्टेट तक,गोपलापुर,0017,32000,,,,row_no=61;shop_rent_per_sqm=300,vcode 0017 (as printed)
sadar2,Sadar-2,53,29,देवरिया बाई पास तिराहे से जी0डी0ए0 आफिस होते हुए सहारा स्टेट तक,तालरामगढ़,0020,32000,,,,row_no=62;shop_rent_per_sqm=300,
sadar2,Sadar-2,53,29,देवरिया बाई पास तिराहे से जी0डी0ए0 आफिस होते हुए सहारा स्टेट तक,दाउदपुर,0013,32000,,,,row_no=63;shop_rent_per_sqm=300,
sadar2,Sadar-2,53,29,देवरिया बाई पास तिराहे से जी0डी0ए0 आफिस होते हुए सहारा स्टेट तक,भरवलिया,0315,32000,,,,row_no=64;shop_rent_per_sqm=300,
sadar2,Sadar-2,53,29,देवरिया बाई पास तिराहे से जी0डी0ए0 आफिस होते हुए सहारा स्टेट तक,रूस्तमपुर,0038,32000,,,,row_no=65;shop_rent_per_sqm=300,
sadar2,Sadar-2,53,29,देवरिया बाई पास तिराहे से जी0डी0ए0 आफिस होते हुए सहारा स्टेट तक,रामपुर रामगढ़,0002,32000,,,,row_no=66;shop_rent_per_sqm=300,
sadar2,Sadar-2,53,30,छात्र संघ चौराहे से विश्वविद्यालय चौराहे तक,अराजी छावनी,0054,45000,,,,row_no=67;shop_rent_per_sqm=375,
sadar2,Sadar-2,53,31,रेलवे स्टेशन चौक से पुलिस लाइन होते हुए काली मन्दिर तक,अराजी छावनी,0054,45000,,,,row_no=68;shop_rent_per_sqm=375,
sadar2,Sadar-2,53,32,रेलवे बस स्टेशन से कार्मल स्कूल होते हुए पुलिस लाइन मोड तक।,अराजी छावनी,0054,45000,,,,row_no=69;shop_rent_per_sqm=375,
sadar2,Sadar-2,53,33,काली मन्दिर तिराहे से कचहरी चौक तक।,आराजी छावनी,0054,48000,,,,row_no=70;shop_rent_per_sqm=400,"village printed आराजी छावनी, (with comma)"
sadar2,Sadar-2,53,33,काली मन्दिर तिराहे से कचहरी चौक तक।,चक जलाल,0055,48000,,,,row_no=71;shop_rent_per_sqm=400,
sadar2,Sadar-2,53,33,काली मन्दिर तिराहे से कचहरी चौक तक।,पुर्दिलपुर,0041,48000,,,,row_no=72;shop_rent_per_sqm=400,
sadar2,Sadar-2,53,34,कचहरी चौक से शास्त्री चौराहा होते हुए बेतियाहाता चौक तक,जगन्नाथपुर,0045,36000,,,,row_no=73;shop_rent_per_sqm=350,
sadar2,Sadar-2,53,34,कचहरी चौक से शास्त्री चौराहा होते हुए बेतियाहाता चौक तक,बेतियाहाता,0046,36000,,,,row_no=74;shop_rent_per_sqm=350,
sadar2,Sadar-2,53,34,कचहरी चौक से शास्त्री चौराहा होते हुए बेतियाहाता चौक तक,बनकटीचक,0044,36000,,,,row_no=75;shop_rent_per_sqm=350,
sadar2,Sadar-2,53,34,कचहरी चौक से शास्त्री चौराहा होते हुए बेतियाहाता चौक तक,मेवातीपुर,0024,36000,,,,row_no=76;shop_rent_per_sqm=350,
sadar2,Sadar-2,54,35,छात्र संघ से कचहरी बस स्टेण्ड होते हुए अम्बेडकर चौक तक,आराजी छावनी,0054,39000,,,,row_no=77;shop_rent_per_sqm=350,
sadar2,Sadar-2,54,35,छात्र संघ से कचहरी बस स्टेण्ड होते हुए अम्बेडकर चौक तक,बिलन्दपुर,0014,39000,,,,row_no=78;shop_rent_per_sqm=350,
sadar2,Sadar-2,54,36,अम्बेडकर चौक से शास्त्री चौक होते हुए घोष कम्पनी चौक तक,काजीपुर खुर्द,0045,39000,,,,row_no=79;shop_rent_per_sqm=350,"village printed with trailing comma; vcode 0045 also printed for जगन्नाथपुर (rows 73/137) and काजीपुर खुर्द is 0043 at row 135, as printed"
sadar2,Sadar-2,54,36,अम्बेडकर चौक से शास्त्री चौक होते हुए घोष कम्पनी चौक तक,दाउदपुर,0013,39000,,,,row_no=80;shop_rent_per_sqm=350,
sadar2,Sadar-2,54,36,अम्बेडकर चौक से शास्त्री चौक होते हुए घोष कम्पनी चौक तक,बनकटीचक,0044,39000,,,,row_no=81;shop_rent_per_sqm=350,
sadar2,Sadar-2,54,36,अम्बेडकर चौक से शास्त्री चौक होते हुए घोष कम्पनी चौक तक,मेवातीपुर,0024,39000,,,,row_no=82;shop_rent_per_sqm=350,
sadar2,Sadar-2,54,36,अम्बेडकर चौक से शास्त्री चौक होते हुए घोष कम्पनी चौक तक,मियां बाजार,0023,39000,,,,row_no=83;shop_rent_per_sqm=350,
sadar2,Sadar-2,54,37,अम्बेडकर चौक से हरिओम नगर तिराहे तक,आराजी छावनी,0054,45000,,,,row_no=84;shop_rent_per_sqm=375,
sadar2,Sadar-2,54,38,हरिओम नगर तिराहे से आर0टी0ओ0 आफिस होते हुए चौराहा तक,आराजी छावनी,0054,45000,,,,row_no=85;shop_rent_per_sqm=375,
sadar2,Sadar-2,54,39,हरिओम नगर तिराहे से पार्क रोड तक।,आराजी छावनी,0054,45000,,,,row_no=86;shop_rent_per_sqm=375,
sadar2,Sadar-2,54,40,गोलघर चौराहा से सिटी माल होते हुए विश्वविद्यालय चौराहा तक,आराजी छावनी,0054,48000,,,,row_no=87;shop_rent_per_sqm=400,
sadar2,Sadar-2,54,41,सिटी माल के सामने से अब्बासी नर्सिंग होम होते हुए कार्मल रोड तक,आराजी छावनी,0054,39000,,,,row_no=88;shop_rent_per_sqm=300,
sadar2,Sadar-2,54,42,पार्क रिजेन्सी के बगल से बुद्धा नर्सिंग होम होते हुए रीजनल स्टेडियम गेट तक,आराजी छावनी,0054,42000,,,,row_no=89;shop_rent_per_sqm=400,
sadar2,Sadar-2,54,43,कचहरी चौराहा से हरिओम नगर तिराहे तक,आराजी छावनी,0054,48000,,,,row_no=90;shop_rent_per_sqm=400,
sadar2,Sadar-2,54,44,कचहरी चौक से टाउनहाल चौक तक,चक जलाल,0055,48000,,,,row_no=91;shop_rent_per_sqm=400,
sadar2,Sadar-2,54,45,टाउनहाल चौराहे से ए0डी0 चौक तक,चक जलाल,0055,48000,,,,row_no=92;shop_rent_per_sqm=400,
sadar2,Sadar-2,54,45,टाउनहाल चौराहे से ए0डी0 चौक तक,मियां बाजार,0023,48000,,,,row_no=93;shop_rent_per_sqm=400,
sadar2,Sadar-2,55,46,हरिओमनगर तिराहा से जी0डी0ए0 टावर होते हुए पार्क रोड तक,आराजी छावनी,0054,45000,,,,row_no=94;shop_rent_per_sqm=375,
sadar2,Sadar-2,55,47,हरिओमनगर तिराहा से महाराणा प्रताप इण्टर कालेज होते हुए कचहरी चौक तक,आराजी छावनी,0054,48000,,,,row_no=95;shop_rent_per_sqm=400,
sadar2,Sadar-2,55,48,हरिओमनगर तिराहा से आर0टी0ओ0 आफिस होते हुए विश्वविद्यालय तक,आराजी छावनी,0054,45000,,,,row_no=96;shop_rent_per_sqm=375,
sadar2,Sadar-2,55,49,जिलाधिकारी आवास के आगे चौराहे से अमर सिंह स्कूल होते हुए पार्क रोड तक,आराजी छावनी,0054,42000,,,,row_no=97;shop_rent_per_sqm=375,
sadar2,Sadar-2,55,50,इन्दिरा बाल बिहार तिराहे से गोलघर श्रीमती इन्दिरागांधी प्रतिमा तक,आराजी छावनी,0054,48000,,,,row_no=98;shop_rent_per_sqm=400,
sadar2,Sadar-2,55,51,गोलघर गांधी गली से बैंक रोड तिराहे तक,चक जलाल,0055,48000,,,,row_no=99;shop_rent_per_sqm=400,
sadar2,Sadar-2,55,52,काली मन्दिर तिराहे से स्पेयर पार्ट मार्केट होते हुए राज टाकीज रोड तक,जटेपुर दक्षिणी,0059,45000,,,,row_no=100;shop_rent_per_sqm=375,
sadar2,Sadar-2,55,52,काली मन्दिर तिराहे से स्पेयर पार्ट मार्केट होते हुए राज टाकीज रोड तक,पुर्दिलपुर,0041,45000,,,,row_no=101;shop_rent_per_sqm=375,
sadar2,Sadar-2,55,53,बलदेव प्लाजा के बगल से खोवा मण्डी होते हुए विजय चौक रोड तक।,चक जलाल,0055,45000,,,,row_no=102;shop_rent_per_sqm=375,
sadar2,Sadar-2,55,53,बलदेव प्लाजा के बगल से खोवा मण्डी होते हुए विजय चौक रोड तक।,पुर्दिलपुर,0041,45000,,,,row_no=103;shop_rent_per_sqm=375,
sadar2,Sadar-2,55,54,गोलघर चौक से विश्वविद्यालय चौराहा तक।,आराजी छावनी,0054,48000,,,,row_no=104;shop_rent_per_sqm=400,
sadar2,Sadar-2,55,55,विश्वविद्यालय चौराहा से मोहददीपुर तक।,आराजी छावनी,0054,45000,,,,row_no=105;shop_rent_per_sqm=375,
sadar2,Sadar-2,55,55,विश्वविद्यालय चौराहा से मोहददीपुर तक।,मोहददीपुर,0016,45000,,,,row_no=106;shop_rent_per_sqm=375,
sadar2,Sadar-2,55,56,गोलघर चौक से वीनस कम्पाउण्ड होते हुए विजय चौक तक।,चक जलाल,0055,48000,,,,row_no=107;shop_rent_per_sqm=400,
sadar2,Sadar-2,55,56,गोलघर चौक से वीनस कम्पाउण्ड होते हुए विजय चौक तक।,पुर्दिलपुर,0041,48000,,,,row_no=108;shop_rent_per_sqm=400,
sadar2,Sadar-2,55,57,विजय चौक से सावित्री हास्पिटल मोड तक।,दिलेजाकपुर,0047,48000,,,,row_no=109;shop_rent_per_sqm=400,"vcode 0047 also printed for खुर्रमपुर (row 4), as printed"
sadar2,Sadar-2,55,57,विजय चौक से सावित्री हास्पिटल मोड तक।,पुर्दिलपुर,0041,48000,,,,row_no=110;shop_rent_per_sqm=400,
sadar2,Sadar-2,56,58,सावित्री हास्पिटल मोड के बाद से अलीनगर चौक तक।,दिलेजाकपुर,0047,45000,,,,row_no=111;shop_rent_per_sqm=375,
sadar2,Sadar-2,56,58,सावित्री हास्पिटल मोड के बाद से अलीनगर चौक तक।,पुर्दिलपुर,0041,45000,,,,row_no=112;shop_rent_per_sqm=375,
sadar2,Sadar-2,56,59,विजय चौक से ए0डी0 चौक तक,चक जलाल,0055,48000,,,,row_no=113;shop_rent_per_sqm=400,
sadar2,Sadar-2,56,59,विजय चौक से ए0डी0 चौक तक,पुर्दिलपुर,0041,48000,,,,row_no=114;shop_rent_per_sqm=400,
sadar2,Sadar-2,56,60,ए0डी0 चौक से बक्शीपुर चौक तक,पुर्दिलपुर,0041,45000,,,,row_no=115;shop_rent_per_sqm=375,
sadar2,Sadar-2,56,60,ए0डी0 चौक से बक्शीपुर चौक तक,बक्शीपुर,0057,45000,,,,row_no=116;shop_rent_per_sqm=375,
sadar2,Sadar-2,56,60,ए0डी0 चौक से बक्शीपुर चौक तक,मियांबाजार,0023,45000,,,,row_no=117;shop_rent_per_sqm=375,
sadar2,Sadar-2,56,61,जुबली तिराहे से जुबली सिनेमा होते हुए कोतवाली तक,बक्शीपुर,0057,42000,,,,row_no=118;shop_rent_per_sqm=375,village printed with trailing comma
sadar2,Sadar-2,56,61,जुबली तिराहे से जुबली सिनेमा होते हुए कोतवाली तक,मुफ्तीपुर,0025,35000,,,,row_no=119;shop_rent_per_sqm=300,
sadar2,Sadar-2,56,61,जुबली तिराहे से जुबली सिनेमा होते हुए कोतवाली तक,मियां बाजार,0023,35000,,,,row_no=120;shop_rent_per_sqm=300,
sadar2,Sadar-2,56,62,घोष कम्पनी चौक से नखास तक,मियां बाजार,0023,42000,,,,row_no=121;shop_rent_per_sqm=375,
sadar2,Sadar-2,56,62,घोष कम्पनी चौक से नखास तक,मुफ्तीपुर,0025,42000,,,,row_no=122;shop_rent_per_sqm=375,
sadar2,Sadar-2,56,63,नखास चौक से बक्शीपुर चौक तक,मुफ्तीपुर,0025,42000,,,,row_no=123;shop_rent_per_sqm=375,
sadar2,Sadar-2,56,64,बक्शीपुर चौक से अलीनगर चौक तक।,पुर्दिलपुर,0041,42000,,,,row_no=124;shop_rent_per_sqm=375,
sadar2,Sadar-2,56,64,बक्शीपुर चौक से अलीनगर चौक तक।,दिलेजाकपुर,0047,42000,,,,row_no=125;shop_rent_per_sqm=375,
sadar2,Sadar-2,56,65,नखास चौक से रेती चौक तक,अस्करगंज,0060,42000,,,,row_no=126;shop_rent_per_sqm=375,
sadar2,Sadar-2,56,65,नखास चौक से रेती चौक तक,मियां बाजार,0023,42000,,,,row_no=127;shop_rent_per_sqm=375,
sadar2,Sadar-2,56,66,रेती चौक से उर्दू मण्डी होते हुए घण्टा घर तक,उर्दू,0061,42000,,,,row_no=128;shop_rent_per_sqm=375,
sadar2,Sadar-2,56,66,रेती चौक से उर्दू मण्डी होते हुए घण्टा घर तक,दीवान दयाराम,0031,42000,,,,row_no=129;shop_rent_per_sqm=375,
sadar2,Sadar-2,56,66,रेती चौक से उर्दू मण्डी होते हुए घण्टा घर तक,शाहमारूफ,0058,42000,,,,row_no=130;shop_rent_per_sqm=375,
sadar2,Sadar-2,57,67,रेती चौक से शाहमारूफ मोड तक,मियां बाजार,0023,42000,,,,row_no=131;shop_rent_per_sqm=375,
sadar2,Sadar-2,57,67,रेती चौक से शाहमारूफ मोड तक,शाहमारूफ,0058,42000,,,,row_no=132;shop_rent_per_sqm=375,
sadar2,Sadar-2,57,68,शाहमारूफ मोड से बड़ी मजिस्द होते हुए घण्टाघर रोड तक,धम्माल,0059,42000,,,,row_no=133;shop_rent_per_sqm=350,"vcode 0059 also printed for जटेपुर दक्षिणी (row 100), as printed"
sadar2,Sadar-2,57,68,शाहमारूफ मोड से बड़ी मजिस्द होते हुए घण्टाघर रोड तक,शाहमारूफ,0058,42000,,,,row_no=134;shop_rent_per_sqm=350,
sadar2,Sadar-2,57,69,घोष कम्पनी चौक से शाहमारूफ मोड तक,काजीपुर खुर्द,0043,42000,,,,row_no=135;shop_rent_per_sqm=350,"vcode 0043 here vs 0045 for काजीपुर खुर्द at row 79, as printed"
sadar2,Sadar-2,57,69,घोष कम्पनी चौक से शाहमारूफ मोड तक,बनकटीचक,0044,42000,,,,row_no=136;shop_rent_per_sqm=350,
sadar2,Sadar-2,57,69,घोष कम्पनी चौक से शाहमारूफ मोड तक,जगन्नाथपुर,0045,42000,,,,row_no=137;shop_rent_per_sqm=350,
sadar2,Sadar-2,57,69,घोष कम्पनी चौक से शाहमारूफ मोड तक,मियांबाजार,0023,42000,,,,row_no=138;shop_rent_per_sqm=350,
sadar2,Sadar-2,57,69,घोष कम्पनी चौक से शाहमारूफ मोड तक,शाहमारूफ,0058,42000,,,,row_no=139;shop_rent_per_sqm=350,
sadar2,Sadar-2,57,70,रेती रोड से काली बाडी मन्दिर होते हुये अग्रवाल मार्केट होते हुए हरी प्रसाद गोपी कृष्ण सराफ के दुकान के आगे,दीवान दयाराम,0031,39000,,,,row_no=140;shop_rent_per_sqm=325,segment text appears cut off after 'के आगे' (third line hidden by cell border)
sadar2,Sadar-2,57,70,रेती रोड से काली बाडी मन्दिर होते हुये अग्रवाल मार्केट होते हुए हरी प्रसाद गोपी कृष्ण सराफ के दुकान के आगे,शेषपुर,0031,39000,,,,row_no=141;shop_rent_per_sqm=325,"same vcode 0031 as दीवान दयाराम, as printed"
sadar2,Sadar-2,57,71,घण्टाघर से हाल्सीगंज चौक तक,पहाड़पुर,0057,39000,,,,row_no=142;shop_rent_per_sqm=350,"vcode 0057 also printed for बक्शीपुर (rows 116/118), as printed"
sadar2,Sadar-2,57,72,हाल्सीगंज चौक के बाद से मदरसा चौक तक,दीवान दयाराम,0031,39000,,,,row_no=143;shop_rent_per_sqm=300,
sadar2,Sadar-2,57,72,हाल्सीगंज चौक के बाद से मदरसा चौक तक,शेषपुर,0031,39000,,,,row_no=144;shop_rent_per_sqm=300,
sadar2,Sadar-2,57,73,हाल्सीगंज चौक के बाद से बसन्तपुर चौक तक,तुर्कमानपुर,0008,39000,,,,row_no=145;shop_rent_per_sqm=275,
sadar2,Sadar-2,57,73,हाल्सीगंज चौक के बाद से बसन्तपुर चौक तक,पहाडपुर,0057,39000,,,,row_no=146;shop_rent_per_sqm=275,
sadar2,Sadar-2,57,74,बसन्तपुर चौक के बाद से हांसूपुर रामलीला मैदान चौक तक,तुर्कमानपुर,0008,22000,,,,row_no=147;shop_rent_per_sqm=225,land rate 22000 vs 39000 for हांसूपुर in same segment; verified as printed
sadar2,Sadar-2,57,74,बसन्तपुर चौक के बाद से हांसूपुर रामलीला मैदान चौक तक,हांसूपुर,0038,39000,,,,row_no=148;shop_rent_per_sqm=225,
sadar2,Sadar-2,57,75,घण्टाघर से पाण्डेय हाता होते हुए नार्मल टैक्सी स्टेण्ड तक।,तुर्कमानपुर,0008,39000,,,,row_no=149;shop_rent_per_sqm=325,
sadar2,Sadar-2,57,75,घण्टाघर से पाण्डेय हाता होते हुए नार्मल टैक्सी स्टेण्ड तक।,रायगंज दक्षिणी,0009,39000,,,,row_no=150;shop_rent_per_sqm=325,
sadar2,Sadar-2,58,76,घण्टा घर चौक से अलहदादपुर चौक तक।,अलहदादपुर,0023,32000,,,,row_serial=151; shop_rent_per_sqm=325,
sadar2,Sadar-2,58,76,घण्टा घर चौक से अलहदादपुर चौक तक।,काजीपुर खुर्द,0043,32000,,,,row_serial=152; shop_rent_per_sqm=325,
sadar2,Sadar-2,58,76,घण्टा घर चौक से अलहदादपुर चौक तक।,"रायगंज दक्षिणी,",0009,32000,,,,row_serial=153; shop_rent_per_sqm=325,
sadar2,Sadar-2,58,77,टाउनहाल नगर निगम गेट से अस्पताल होते हुए घोष कम्पनी चौक तक।,मियां बाजार,0023,36000,,,,row_serial=154; shop_rent_per_sqm=325,
sadar2,Sadar-2,58,78,टाउन हाल से ए0डी0 चौक तक।,चक जलाल,0055,40000,,,,row_serial=155; shop_rent_per_sqm=375,
sadar2,Sadar-2,58,78,टाउन हाल से ए0डी0 चौक तक।,मियां बाजार,0023,40000,,,,row_serial=156; shop_rent_per_sqm=375,
sadar2,Sadar-2,58,79,टाउनहाल से हट्टी माई मन्दिर तक,मियां बाजार,0023,36000,,,,row_serial=157; shop_rent_per_sqm=300,
sadar2,Sadar-2,58,80,हट्टी माई मन्दिर से जुबली टाकिज रोड तक,मियां बाजार,0023,25000,,,,row_serial=158; shop_rent_per_sqm=250,
sadar2,Sadar-2,58,81,मोहददीपुर चौक से रामगढ़ताल पुल तक,मोहददीपुर,0016,35000,,,,row_serial=159; shop_rent_per_sqm=350,
sadar2,Sadar-2,58,82,रामगढ़ताल पुल के बाद से गिरधरगंज तिराहा होते हुए महादेव झारखण्डी आवास विकास कालोनी मोड तक,"गिरधरगंज,",0003,30000,,,,row_serial=160; shop_rent_per_sqm=300,
sadar2,Sadar-2,58,82,रामगढ़ताल पुल के बाद से गिरधरगंज तिराहा होते हुए महादेव झारखण्डी आवास विकास कालोनी मोड तक,महादेव झारखण्डी टु0 नं0-1,0001,28000,,,,row_serial=161; shop_rent_per_sqm=275,
sadar2,Sadar-2,58,83,महादेव झारखण्डी आवास विकास मोड से इंजी0 कालेज तक,महादेव झारखण्डी टु0 नं0-1,0001,22000,,,,row_serial=162; shop_rent_per_sqm=250,
sadar2,Sadar-2,58,83,महादेव झारखण्डी आवास विकास मोड से इंजी0 कालेज तक,महादेव झारखण्डी टु0 नं0-2,0054,22000,,,,row_serial=163; shop_rent_per_sqm=250,
sadar2,Sadar-2,58,84,इंजीनियरिंग कालेज के बाद से सूबा बाजार चौक तक।,महादेव झारखण्डी टु0 नं0-2,0054,18000,,,,row_serial=164; shop_rent_per_sqm=225,
sadar2,Sadar-2,58,84,इंजीनियरिंग कालेज के बाद से सूबा बाजार चौक तक।,रानीडीहा,6062,18000,,,,row_serial=165; shop_rent_per_sqm=225,
sadar2,Sadar-2,58,84,इंजीनियरिंग कालेज के बाद से सूबा बाजार चौक तक।,खोराबार उर्फ सूबा बाजार,5262,18000,,,,row_serial=166; shop_rent_per_sqm=225,
sadar2,Sadar-2,58,85,गिरधरगंज तिराहे से कसया रोड पर एयर फोर्स तक,महादेव झारखण्डी टु0 नं0-2,0054,22000,,,,row_serial=167; shop_rent_per_sqm=250,
sadar2,Sadar-2,58,85,गिरधरगंज तिराहे से कसया रोड पर एयर फोर्स तक,"गिरधरगंज,",0003,30000,,,,row_serial=168; shop_rent_per_sqm=300,
sadar2,Sadar-2,58,85,गिरधरगंज तिराहे से कसया रोड पर एयर फोर्स तक,महादेव झारखण्डी टु0 नं0-3,0060,22000,,,,row_serial=169; shop_rent_per_sqm=250,
sadar2,Sadar-2,59,86,एयर फोर्स रोड पर नन्दानगर मोड से नीना थापा इण्टर कालेज तक,महादेव झारखण्डी टु0 नं0-3,0060,17000,,,,row_serial=170; shop_rent_per_sqm=250,
sadar2,Sadar-2,59,87,मोहददीपुर चौक से चारफाटक होते हुए बिछिया तिराहे तक।,जं0 तुलसीराम,0003,28000,,,,row_serial=171; shop_rent_per_sqm=300,V-code 0003 printed for जं0 तुलसीराम (rows 173-175 give 0006); verified on scan
sadar2,Sadar-2,59,87,मोहददीपुर चौक से चारफाटक होते हुए बिछिया तिराहे तक।,मोहददीपुर,0016,32000,,,,row_serial=172; shop_rent_per_sqm=300,
sadar2,Sadar-2,59,88,बिछिया तिराहे से सब्जी मण्डी होते हुए ताड़ी खाना चौक तक।,जं0 तुलसीराम,0006,17000,,,,row_serial=173; shop_rent_per_sqm=250,
sadar2,Sadar-2,59,89,बिछिया के आगे मैरेज हाउस मोड से हनुमान मन्दिर तक,जं0 तुलसीराम,0006,17000,,,,row_serial=174; shop_rent_per_sqm=250,
sadar2,Sadar-2,59,90,बिछिया तिराहे से रेलवे कालोनी होते हुए असुरन चौक तक।,जं0 तुलसीराम,0006,17000,,,,row_serial=175; shop_rent_per_sqm=250,
sadar2,Sadar-2,59,91,कौवाबाग पुलिस चौकी से जेल बाई पास पर पादरी बाजार पुलिस चौकी तक।,जं0 हकीम नं0-2,5469,22000,,,,row_serial=176; shop_rent_per_sqm=250,
sadar2,Sadar-2,59,92,पादरी बाजार पुलिस चौक से फातिमा हास्पिटल तक,जं0 तिनकोनिया नं0-1,5468,22000,,,,row_serial=177; shop_rent_per_sqm=200,
sadar2,Sadar-2,59,92,पादरी बाजार पुलिस चौक से फातिमा हास्पिटल तक,जं0 तिनकोनिया नं0-2,5462,22000,,,,row_serial=178; shop_rent_per_sqm=200,
sadar2,Sadar-2,59,92,पादरी बाजार पुलिस चौक से फातिमा हास्पिटल तक,हरसेवकपुर नं0 2,6307,24000,,,,row_serial=179; shop_rent_per_sqm=225,
sadar2,Sadar-2,59,93,फातिमा हास्पिटल के बाद से खजान्ची चौक तक,हरसेवकपुर नं0 2,6307,24000,,,,row_serial=180; shop_rent_per_sqm=225,
sadar2,Sadar-2,59,94,पादरी बाजार पुलिस चौकी से विधायक कटरा तक,जं0 तिनकोनिया नं0-1,5468,20000,,,,row_serial=181; shop_rent_per_sqm=200,
sadar2,Sadar-2,59,94,पादरी बाजार पुलिस चौकी से विधायक कटरा तक,जं0 तिनकोनिया नं0-2,5462,20000,,,,row_serial=182; shop_rent_per_sqm=200,
sadar2,Sadar-2,59,94,पादरी बाजार पुलिस चौकी से विधायक कटरा तक,जं0 धूसड़,5476,20000,,,,row_serial=183; shop_rent_per_sqm=200,
sadar2,Sadar-2,59,95,विधायक कटरा से भट्ठा चौराहा तक,जं0 धूसड़,5476,18000,,,,row_serial=184; shop_rent_per_sqm=150,
sadar2,Sadar-2,59,96,गोलघर काली मन्दिर से ओवर ब्रिज के बगल से धर्मशाला चौक तक,चक जलाल,0055,43000,,,,row_serial=185; shop_rent_per_sqm=350,
sadar2,Sadar-2,59,96,गोलघर काली मन्दिर से ओवर ब्रिज के बगल से धर्मशाला चौक तक,जटेपुर दक्षिणी,0059,43000,,,,row_serial=186; shop_rent_per_sqm=350,
sadar2,Sadar-2,60,97,नक्को बाबा मजार से धर्मशाला बाजार रोड तक,जटेपुर दक्षिणी,0059,39000,,,,row_serial=187; shop_rent_per_sqm=275,
sadar2,Sadar-2,60,98,धर्मशाला बाजार चौक से मनोरंजन बेकर्स होते हुए हिमायुंपुर क्रासिंग तक,जटेपुर दक्षिणी,0059,39000,,,,row_serial=188; shop_rent_per_sqm=275,
sadar2,Sadar-2,60,99,धर्मशाला बाजार चौक से तिवारी जी के हाता मोड तक,धर्मशाला बाजार,0058,40000,,,,row_serial=189; shop_rent_per_sqm=350,
sadar2,Sadar-2,60,100,तिवारी जी के हाता मोड से विजय चौक तक,जटेपुर दक्षिणी,0059,40000,,,,row_serial=190; shop_rent_per_sqm=350,
sadar2,Sadar-2,60,100,तिवारी जी के हाता मोड से विजय चौक तक,धर्मशाला बाजार,0058,40000,,,,row_serial=191; shop_rent_per_sqm=350,
sadar2,Sadar-2,60,101,तिवारी जी के हाता मोड से गंगेज चौराहा तक,"जटेपुर दक्षिणी,",0059,40000,,,,row_serial=192; shop_rent_per_sqm=350,
sadar2,Sadar-2,60,101,तिवारी जी के हाता मोड से गंगेज चौराहा तक,दिलेजाकपुर,0047,40000,,,,row_serial=193; shop_rent_per_sqm=350,
sadar2,Sadar-2,60,101,तिवारी जी के हाता मोड से गंगेज चौराहा तक,धर्मशाला बाजार,0058,40000,,,,row_serial=194; shop_rent_per_sqm=350,
sadar2,Sadar-2,60,102,तिवारी जी के हाता मोड के आगे हजारीपुर मोड से अलीनगर चौक तक।,दिलेजाकपुर,0047,40000,,,,row_serial=195; shop_rent_per_sqm=350,
sadar2,Sadar-2,60,103,धर्मशाला चौक से यातायात पुलिस चौक तक,आराजी छावनी,0054,40000,,,,row_serial=196; shop_rent_per_sqm=350,
sadar2,Sadar-2,60,104,टीपीनगर चौक से राजघाट पुल तक,चकरा अव्वल,0012,36000,,,,row_serial=197; shop_rent_per_sqm=375,
sadar2,Sadar-2,60,104,टीपीनगर चौक से राजघाट पुल तक,महेवा,0011,36000,,,,row_serial=198; shop_rent_per_sqm=375,
sadar2,Sadar-2,60,105,राजघाट पुल के बाद से नौसड़ चौक तक,नौसड़,0007,33000,,,,row_serial=199; shop_rent_per_sqm=250,
sadar2,Sadar-2,60,106,नौसड़ चौक से नौसड गांव के सीमा तक वाराणसी रोड पर,नौसड़,0007,33000,,,,row_serial=200; shop_rent_per_sqm=250,
sadar2,Sadar-2,60,107,नौसड़ चौक से नौसड गांव के सीमा तक लखनऊ मार्ग पर,नौसड़,0007,33000,,,,row_serial=201; shop_rent_per_sqm=250,
sadar2,Sadar-2,60,108,रेती चौक से गीता प्रेस होते हूए लाल डिग्गी रोड तक,दिवान दयाराम,0031,42000,,,,row_serial=202; shop_rent_per_sqm=350,
sadar2,Sadar-2,60,109,घोष कम्पनी चौक से रेती चौक तक,काजीपुर खुर्द,0043,42000,,,,row_serial=203; shop_rent_per_sqm=350,
sadar2,Sadar-2,60,109,घोष कम्पनी चौक से रेती चौक तक,मियांबाजार,0023,42000,,,,row_serial=204; shop_rent_per_sqm=350,
sadar2,Sadar-2,61,110,यल0आइ0यू0 आफिस से रेती रोड तक,मियांबाजार,0023,35000,,,,row_serial=205; shop_rent_per_sqm=250,
sadar2,Sadar-2,61,110,यल0आइ0यू0 आफिस से रेती रोड तक,काजीपुर खुर्द,0043,35000,,,,row_serial=206; shop_rent_per_sqm=250,
sadar2,Sadar-2,61,111,गुलरिहा थाने के बगल वाले रोड से बनगाई गांव होते हुए उमरपुर सीमा तक,बनगाई,5915,12000,,,,row_serial=207; shop_rent_per_sqm=150,
sadar2,Sadar-2,61,111,गुलरिहा थाने के बगल वाले रोड से बनगाई गांव होते हुए उमरपुर सीमा तक,उमरपुर,5162,12000,,,,row_serial=208; shop_rent_per_sqm=150,
sadar2,Sadar-2,61,111,गुलरिहा थाने के बगल वाले रोड से बनगाई गांव होते हुए उमरपुर सीमा तक,नरायनपुर न0.1,5803,12000,,,,row_serial=209; shop_rent_per_sqm=150,
sadar2,Sadar-2,61,112,झुगियां फर्टि0 मोड से फर्टि0 गेट तक,मुडिला उर्फ मुन्डेरा,6005,12000,,,,row_serial=210; shop_rent_per_sqm=150,
sadar2,Sadar-2,61,112,झुगियां फर्टि0 मोड से फर्टि0 गेट तक,करम्हाँ उर्फ कम्हरिया,5224,12000,,,,row_serial=211; shop_rent_per_sqm=150,
sadar2,Sadar-2,61,112,झुगियां फर्टि0 मोड से फर्टि0 गेट तक,अमवां,5108,12000,,,,row_serial=212; shop_rent_per_sqm=150,
sadar2,Sadar-2,61,112,झुगियां फर्टि0 मोड से फर्टि0 गेट तक,उमरपुर,5162,12000,,,,row_serial=213; shop_rent_per_sqm=150,
sadar2,Sadar-2,61,113,सिक्टौर मानीराम तिराहा से रेलवे कासिगं तक,सिक्टौर,6202,12000,,,,row_serial=214; shop_rent_per_sqm=150,
sadar2,Sadar-2,61,114,सिक्टौर मानीराम तिराहा महुआतर तिराहा से टिकरिया रोड पर रेलवे कासिंग तक,सिक्टौर,6202,12000,,,,row_serial=215; shop_rent_per_sqm=150,
sadar2,Sadar-2,61,114,सिक्टौर मानीराम तिराहा महुआतर तिराहा से टिकरिया रोड पर रेलवे कासिंग तक,मानीराम,6002,12000,,,,row_serial=216; shop_rent_per_sqm=150,
sadar2,Sadar-2,61,115,खजान्ची चौराहे से गुलरिहा थाने तक,हरसेवकपुर नं0 2,6307,12000,,,,row_serial=217; shop_rent_per_sqm=150,
sadar2,Sadar-2,61,115,खजान्ची चौराहे से गुलरिहा थाने तक,जं0 छत्रधारी,5451,12000,,,,row_serial=218; shop_rent_per_sqm=150,
sadar2,Sadar-2,61,115,खजान्ची चौराहे से गुलरिहा थाने तक,बनगाई,5915,12000,,,,row_serial=219; shop_rent_per_sqm=150,
sadar2,Sadar-2,61,115,खजान्ची चौराहे से गुलरिहा थाने तक,गुलरिहा,5301,12000,,,,row_serial=220; shop_rent_per_sqm=150,
sadar2,Sadar-2,61,116,गुलरिया थाने के बाद से कंचनपुर चौराहा होते हुए सराय गुलरिया सीमा तक रोड के दोनो तरफ,जं0 छत्रधारी,5451,12000,,,,row_serial=221; shop_rent_per_sqm=150,
sadar2,Sadar-2,61,116,गुलरिया थाने के बाद से कंचनपुर चौराहा होते हुए सराय गुलरिया सीमा तक रोड के दोनो तरफ,बनगाई,5915,12000,,,,row_serial=222; shop_rent_per_sqm=150,
sadar2,Sadar-2,61,116,गुलरिया थाने के बाद से कंचनपुर चौराहा होते हुए सराय गुलरिया सीमा तक रोड के दोनो तरफ,सराय गुलरिया,6210,12000,,,,row_serial=223; shop_rent_per_sqm=150,
sadar2,Sadar-2,61,116,गुलरिया थाने के बाद से कंचनपुर चौराहा होते हुए सराय गुलरिया सीमा तक रोड के दोनो तरफ,गुलरिहा,5301,12000,,,,row_serial=224; shop_rent_per_sqm=150,
sahjanwa,Sahjanwa,43,1,1- गोरखपुर - लखनऊ राष्ट्रीय राजमार्ग संख्या -28,जिगिना,0032,,25000,30000,29000,,
sahjanwa,Sahjanwa,43,1,1- गोरखपुर - लखनऊ राष्ट्रीय राजमार्ग संख्या -28,जुडियान,0033,,25000,30000,29000,,
sahjanwa,Sahjanwa,43,1,1- गोरखपुर - लखनऊ राष्ट्रीय राजमार्ग संख्या -28,तेनुहारी,0034,,25000,30000,29000,,
sahjanwa,Sahjanwa,43,1,1- गोरखपुर - लखनऊ राष्ट्रीय राजमार्ग संख्या -28,बोक्टा,0037,,25000,30000,29000,,
sahjanwa,Sahjanwa,43,1,1- गोरखपुर - लखनऊ राष्ट्रीय राजमार्ग संख्या -28,सहबाजगंज,0041,,25000,30000,29000,,
sahjanwa,Sahjanwa,43,1,1- गोरखपुर - लखनऊ राष्ट्रीय राजमार्ग संख्या -28,पिपरा,0035,,25000,30000,29000,,
sahjanwa,Sahjanwa,43,2,2- सहजनवां बखिरा मार्ग,केशोपुर,0025,,25000,30000,29000,,
sahjanwa,Sahjanwa,43,2,2- सहजनवां बखिरा मार्ग,पटखौली,0036,,25000,30000,29000,,
sahjanwa,Sahjanwa,43,2,2- सहजनवां बखिरा मार्ग,लुचुई,0038,,25000,30000,29000,,
sahjanwa,Sahjanwa,43,3,3-सहजनवां से सहिजना मार्ग,सहिजना,0042,,25000,30000,29000,,
sahjanwa,Sahjanwa,43,4,4-सहजनवां से गाहासाड मार्ग,गाहासांड,0029,,25000,30000,29000,,
sahjanwa,Sahjanwa,43,5,5-बोक्टा से जैतपुर मार्ग,बोक्टा,0037,,25000,30000,29000,,
sahjanwa,Sahjanwa,43,6,6-सहबाजगंज से भरसाड मार्ग,सहबाजगंज,0041,,25000,30000,29000,,office partly obscured by signature/stamp (reads 29?0); 29000 per column pattern; segment/village text partly obscured
sahjanwa,Sahjanwa,43,6,6-सहबाजगंज से भरसाड मार्ग,जिगिना,0032,,25000,30000,29000,,office partly obscured by signature (reads 29??0); 29000 per column pattern; village name partly under signature
chauri,Chauri Chaura,43,1,मुण्डेरा बाजार मे भोपा बघाड़ मार्ग पर स्थित मलग बाबा के स्थान से भगवानपुर ग्राम सभा के दक्षिणी सीमा तक (सड़क के दोनो तरफ),कानू टोला वार्ड नं0 05,0002,8800,,,,zone=अर्द्धनगरीय (मुण्डेरा बाजार),
chauri,Chauri Chaura,43,1,मुण्डेरा बाजार मे भोपा बघाड़ मार्ग पर स्थित मलग बाबा के स्थान से भगवानपुर ग्राम सभा के दक्षिणी सीमा तक (सड़क के दोनो तरफ),चीक टोला वार्ड नं0 4,0005,8800,,,,zone=अर्द्धनगरीय (मुण्डेरा बाजार),
chauri,Chauri Chaura,43,1,मुण्डेरा बाजार मे भोपा बघाड़ मार्ग पर स्थित मलग बाबा के स्थान से भगवानपुर ग्राम सभा के दक्षिणी सीमा तक (सड़क के दोनो तरफ),चौक टोला वार्ड नं0 7,0006,8800,,,,zone=अर्द्धनगरीय (मुण्डेरा बाजार),
chauri,Chauri Chaura,43,1,मुण्डेरा बाजार मे भोपा बघाड़ मार्ग पर स्थित मलग बाबा के स्थान से भगवानपुर ग्राम सभा के दक्षिणी सीमा तक (सड़क के दोनो तरफ),पासी टोला वार्ड नं0 01,0009,8800,,,,zone=अर्द्धनगरीय (मुण्डेरा बाजार),
chauri,Chauri Chaura,44,1,अरोरा प्ट्रोल पम्प के पश्चिमी सीमा से चौरीचौरा थाने के पूर्वी सीमा तक (सड़क के दोनो तरफ),राघोपुर,1176,9500,,,,zone=ग्रामीण,
chauri,Chauri Chaura,44,1,अरोरा प्ट्रोल पम्प के पश्चिमी सीमा से चौरीचौरा थाने के पूर्वी सीमा तक (सड़क के दोनो तरफ),भोपा बाजार,1151,9700,,,,zone=ग्रामीण,
chauri,Chauri Chaura,44,1,अरोरा प्ट्रोल पम्प के पश्चिमी सीमा से चौरीचौरा थाने के पूर्वी सीमा तक (सड़क के दोनो तरफ),चौरा,1047,9500,,,,zone=ग्रामीण,
chauri,Chauri Chaura,44,2,ब्रहमपुर पेट्रोल पम्प के उत्तरी सीमा से शैलेष मेमोरीयल स्कूल के दक्षिणी सीमा तक (सड़क के दोनो तरफ),ब्रम्हपुर,1113,7200,,,,zone=ग्रामीण,
chauri,Chauri Chaura,44,2,ब्रहमपुर पेट्रोल पम्प के उत्तरी सीमा से शैलेष मेमोरीयल स्कूल के दक्षिणी सीमा तक (सड़क के दोनो तरफ),राघोपटटी पड़री,1175,6200,,,,zone=ग्रामीण,
chauri,Chauri Chaura,44,2,ब्रहमपुर पेट्रोल पम्प के उत्तरी सीमा से शैलेष मेमोरीयल स्कूल के दक्षिणी सीमा तक (सड़क के दोनो तरफ),जंगल रसूलपुर न0 2,1056,6200,,,,zone=ग्रामीण,
chauri,Chauri Chaura,44,3,नई बाजार चौराहे पर स्थित महेन्द्र यादव जी के माकान से रज्जाक अली के आरा मशीन के ...,राघोपटटी उर्फ पड़री,1175,6200,,,,zone=ग्रामीण,"segment text cut off at cell bottom in scan (ends ""...आरा मशीन के"", rest illegible/clipped)"
chauri,Chauri Chaura,44,4,मौसम बहार मीठाई की दुकान से गंगा इण्टर कालेज के मोड़ तक(सड़क के दोनो तरफ),भोपा बाजार,1151,9700,,,,zone=ग्रामीण,
chauri,Chauri Chaura,58,1,1. मुण्डेरा बाजार मे भोपा बघाड़ मार्ग पर स्थित मलग बाबा के स्थान से भगवानपुर ग्राम सभा के दक्षिणी सीमा तक (सड़क के दोनो तरफ),कानू टोला वार्ड नं0 05,0002,,26000,30000,27000,area=अर्धनगरीय क्षेत्र,"column mapping: col4 ""दुकान हेतु निर्धारित दर/प्रतिवर्ग मीटर(कार्पेट एरिया)""->shop_single_land, col5 ""दुकान हेतु निर्धारित दर/वर्गमीटर (कार्पेट एरिया)""->shop_multi, col6 ""कार्यालय हेतु निर्धारित दर""->office (col4/col5 headers both say carpet; mapped by order of page title)"
chauri,Chauri Chaura,58,1,1. मुण्डेरा बाजार मे भोपा बघाड़ मार्ग पर स्थित मलग बाबा के स्थान से भगवानपुर ग्राम सभा के दक्षिणी सीमा तक (सड़क के दोनो तरफ),चीक टोला वार्ड नं0 4,0005,,26000,30000,27000,area=अर्धनगरीय क्षेत्र,"column mapping: col4 ""दुकान हेतु निर्धारित दर/प्रतिवर्ग मीटर(कार्पेट एरिया)""->shop_single_land, col5 ""दुकान हेतु निर्धारित दर/वर्गमीटर (कार्पेट एरिया)""->shop_multi, col6 ""कार्यालय हेतु निर्धारित दर""->office (col4/col5 headers both say carpet; mapped by order of page title); name printed ""चीक"" (likely चौक)"
chauri,Chauri Chaura,58,1,1. मुण्डेरा बाजार मे भोपा बघाड़ मार्ग पर स्थित मलग बाबा के स्थान से भगवानपुर ग्राम सभा के दक्षिणी सीमा तक (सड़क के दोनो तरफ),चौक टोला वार्ड नं0 7,0006,,26000,30000,27000,area=अर्धनगरीय क्षेत्र,"column mapping: col4 ""दुकान हेतु निर्धारित दर/प्रतिवर्ग मीटर(कार्पेट एरिया)""->shop_single_land, col5 ""दुकान हेतु निर्धारित दर/वर्गमीटर (कार्पेट एरिया)""->shop_multi, col6 ""कार्यालय हेतु निर्धारित दर""->office (col4/col5 headers both say carpet; mapped by order of page title)"
chauri,Chauri Chaura,58,1,1. मुण्डेरा बाजार मे भोपा बघाड़ मार्ग पर स्थित मलग बाबा के स्थान से भगवानपुर ग्राम सभा के दक्षिणी सीमा तक (सड़क के दोनो तरफ),पासी टोला वार्ड नं0 01,0009,,26000,30000,27000,area=अर्धनगरीय क्षेत्र,"column mapping: col4 ""दुकान हेतु निर्धारित दर/प्रतिवर्ग मीटर(कार्पेट एरिया)""->shop_single_land, col5 ""दुकान हेतु निर्धारित दर/वर्गमीटर (कार्पेट एरिया)""->shop_multi, col6 ""कार्यालय हेतु निर्धारित दर""->office (col4/col5 headers both say carpet; mapped by order of page title)"
chauri,Chauri Chaura,59,1,1. अरोरा प्रट्रोल पम्प के पश्चिमी सीमा से चौरीचौरा थाने के पूर्वी सीमा तक (सड़क के दोनो तरफ),राघोपुर,1176,,26000,30000,27000,,
chauri,Chauri Chaura,59,1,1. अरोरा प्रट्रोल पम्प के पश्चिमी सीमा से चौरीचौरा थाने के पूर्वी सीमा तक (सड़क के दोनो तरफ),भोपा बाजार,1151,,26000,30000,27000,,
chauri,Chauri Chaura,59,1,1. अरोरा प्रट्रोल पम्प के पश्चिमी सीमा से चौरीचौरा थाने के पूर्वी सीमा तक (सड़क के दोनो तरफ),चौरा,1047,,26000,30000,27000,,V-code 1047 as printed; COMM list (p62) gives चौरा=1046 and चौरी=1047
chauri,Chauri Chaura,59,2,2. ब्रहमपुर पेट्रोल पम्प के उत्तरी सीमा से शैलेष मेमोरीयल स्कूल के दक्षिणी सीमा तक (सड़क के दोनो तरफ),ब्रम्हपुर,1113,,20000,24000,22000,,
chauri,Chauri Chaura,59,2,2. ब्रहमपुर पेट्रोल पम्प के उत्तरी सीमा से शैलेष मेमोरीयल स्कूल के दक्षिणी सीमा तक (सड़क के दोनो तरफ),राघोपटटी पड़री,1175,,14000,20000,18000,,
chauri,Chauri Chaura,59,2,2. ब्रहमपुर पेट्रोल पम्प के उत्तरी सीमा से शैलेष मेमोरीयल स्कूल के दक्षिणी सीमा तक (सड़क के दोनो तरफ),जंगल रसूलपुर न0 2,1056,,14000,20000,18000,,
chauri,Chauri Chaura,59,3,3. नई बाजार चौराहे पर स्थित महेन्द्र यादव जी के माकान से रज्जाक अली के आरा मशीन के पूर्वी सीमा तक (सड़क के दोनो तरफ),राघोपटटी उर्फ पड़री,1175,,14000,20000,18000,,
chauri,Chauri Chaura,59,4,4. मौसम बहार मीठाई की दुकान से गंगा इण्टर कालेज के मोड़ तक(सड़क के दोनो तरफ),भोपा बाजार,1151,,26000,30000,27000,,
gola,Gola,84,1,पटना चौराहे से सोती चौराहा होते हुए अम्बे टाकीज तक,चिल्लूपार,0032,12000,,,,table=3(क) land;row=1,vcode 0032 printed for both चिल्लूपार and तिवारीपुर
gola,Gola,84,1,पटना चौराहे से सोती चौराहा होते हुए अम्बे टाकीज तक,चौधराना,0041,12000,,,,table=3(क) land;row=2,
gola,Gola,84,1,पटना चौराहे से सोती चौराहा होते हुए अम्बे टाकीज तक,तिवारीपुर,0032,12000,,,,table=3(क) land;row=3,vcode 0032 printed for both चिल्लूपार and तिवारीपुर
gola,Gola,84,1,पटना चौराहे से सोती चौराहा होते हुए अम्बे टाकीज तक,नौसरहा,0035,12000,,,,table=3(क) land;row=4,
gola,Gola,84,2,गोला रोड चौक से थाना होते हुए लेटा घाट,पंडितपुरा,0038,12000,,,,table=3(क) land;row=5,
gola,Gola,84,2,गोला रोड चौक से थाना होते हुए लेटा घाट,लेटाघाट,0044,12000,,,,table=3(क) land;row=6,
gola,Gola,84,3,लेटाघाट के बाद से अग्रवाल ट्रेडिंग होते हुए हनुमानगढ़ी रोड से अम्बे टाकीज तक,नई हनुमान गढी,0036,12000,,,,table=3(क) land;row=7,
gola,Gola,84,3,लेटाघाट के बाद से अग्रवाल ट्रेडिंग होते हुए हनुमानगढ़ी रोड से अम्बे टाकीज तक,पुरानी हनुमान गढ़ी,0037,12000,,,,table=3(क) land;row=8,
gola,Gola,84,3,लेटाघाट के बाद से अग्रवाल ट्रेडिंग होते हुए हनुमानगढ़ी रोड से अम्बे टाकीज तक,बेनीबाबू का कूआ,0040,12000,,,,table=3(क) land;row=9,
gola,Gola,84,4,पुरानी मछली मण्डी से छोटी मस्जिद होते हुए जसवंत सिंह के मकान से पुरानी शराब भट्ठी तक,चौधराना,0041,12000,,,,table=3(क) land;row=10,
gola,Gola,84,4,पुरानी मछली मण्डी से छोटी मस्जिद होते हुए जसवंत सिंह के मकान से पुरानी शराब भट्ठी तक,पण्डितपुरा,0038,12000,,,,table=3(क) land;row=11,
gola,Gola,84,4,पुरानी मछली मण्डी से छोटी मस्जिद होते हुए जसवंत सिंह के मकान से पुरानी शराब भट्ठी तक,महदेवा,0043,12000,,,,table=3(क) land;row=12,
gola,Gola,84,4,पुरानी मछली मण्डी से छोटी मस्जिद होते हुए जसवंत सिंह के मकान से पुरानी शराब भट्ठी तक,लालगंज,0042,12000,,,,table=3(क) land;row=13,
gola,Gola,85,5,अनिल नाऊ के मकान से कोरी कुजड़ा के मकान होते हुए पी0डब्लू0डी0 सड़क तक,कुजरौटी,0004,9400,,,,table=3(क) land;row=14,
gola,Gola,85,5,अनिल नाऊ के मकान से कोरी कुजड़ा के मकान होते हुए पी0डब्लू0डी0 सड़क तक,कुजरौटी,0005,9400,,,,table=3(क) land;row=15,
gola,Gola,85,5,अनिल नाऊ के मकान से कोरी कुजड़ा के मकान होते हुए पी0डब्लू0डी0 सड़क तक,खटिक टोला,0007,9400,,,,table=3(क) land;row=16,
gola,Gola,85,5,अनिल नाऊ के मकान से कोरी कुजड़ा के मकान होते हुए पी0डब्लू0डी0 सड़क तक,छोटी हरिजन टोली,0008,9400,,,,table=3(क) land;row=17,
gola,Gola,85,5,अनिल नाऊ के मकान से कोरी कुजड़ा के मकान होते हुए पी0डब्लू0डी0 सड़क तक,तेलियाना काली चौराहा,0014,9400,,,,table=3(क) land;row=18,
gola,Gola,85,5,अनिल नाऊ के मकान से कोरी कुजड़ा के मकान होते हुए पी0डब्लू0डी0 सड़क तक,भीखीगंज,0024,9400,,,,table=3(क) land;row=19,
gola,Gola,85,5,अनिल नाऊ के मकान से कोरी कुजड़ा के मकान होते हुए पी0डब्लू0डी0 सड़क तक,हरिजन बस्ती,0027,9400,,,,table=3(क) land;row=20,
gola,Gola,85,6,चन्द्र चौराहा से कोल्ड स्टोरेज,उत्तरी चौराहा,0002,9400,,,,table=3(क) land;row=21,
gola,Gola,85,6,चन्द्र चौराहा से कोल्ड स्टोरेज,डिहवा,0013,9400,,,,table=3(क) land;row=22,
gola,Gola,85,6,चन्द्र चौराहा से कोल्ड स्टोरेज,पश्चिमी मल्लाह टोली,0019,9400,,,,table=3(क) land;row=23,
gola,Gola,85,7,हनुमान गढ़ी से चन्द चौराहा तक,अहिराना,0001,9400,,,,table=3(क) land;row=24,
gola,Gola,85,7,हनुमान गढ़ी से चन्द चौराहा तक,उत्तरी चौराहा,0002,9400,,,,table=3(क) land;row=25,
gola,Gola,85,7,हनुमान गढ़ी से चन्द चौराहा तक,काली चौरा,0011,9400,,,,table=3(क) land;row=26,
gola,Gola,85,7,हनुमान गढ़ी से चन्द चौराहा तक,कुजरौटी,0004,9400,,,,table=3(क) land;row=27,
gola,Gola,85,7,हनुमान गढ़ी से चन्द चौराहा तक,डिहवा,0013,9400,,,,table=3(क) land;row=28,
gola,Gola,85,7,हनुमान गढ़ी से चन्द चौराहा तक,पश्चिमी मल्लाह टोली,0019,9400,,,,table=3(क) land;row=29,
gola,Gola,85,7,हनुमान गढ़ी से चन्द चौराहा तक,ब्रम्ह स्थान,0021,9400,,,,table=3(क) land;row=30,
gola,Gola,85,7,हनुमान गढ़ी से चन्द चौराहा तक,हरिजन बस्ती,0027,9400,,,,table=3(क) land;row=31,
gola,Gola,86,8,ब्योरी चौराहे व थाना से मार्केट होते हुए चन्द्र चौराहा,कुजरौटी,0004,9400,,,,table=3(क) land;row=32,
gola,Gola,86,8,ब्योरी चौराहे व थाना से मार्केट होते हुए चन्द्र चौराहा,खटिक टोला छोटी,0007,9400,,,,table=3(क) land;row=33,
gola,Gola,86,8,ब्योरी चौराहे व थाना से मार्केट होते हुए चन्द्र चौराहा,थाना से पूरब मेन रोड,0015,9400,,,,table=3(क) land;row=34,
gola,Gola,86,8,ब्योरी चौराहे व थाना से मार्केट होते हुए चन्द्र चौराहा,हरिजन बस्ती,0027,9400,,,,table=3(क) land;row=35,
gola,Gola,86,9,ब्योरी चौराहे से एल0पी0एन0 स्कूल व चिकनिया होते हुए चन्द चौराहा तक,काली चौरा,0011,9400,,,,table=3(क) land;row=36,rate print faint; read 9400
gola,Gola,86,9,ब्योरी चौराहे से एल0पी0एन0 स्कूल व चिकनिया होते हुए चन्द चौराहा तक,कुजरौटी,0004,9400,,,,table=3(क) land;row=37,
gola,Gola,86,9,ब्योरी चौराहे से एल0पी0एन0 स्कूल व चिकनिया होते हुए चन्द चौराहा तक,हरिजन बस्ती,0027,9400,,,,table=3(क) land;row=38,
gola,Gola,87,1,पटना चौराहे से सोती चौराहा होते हुए अम्बे टाकीज तक,चिल्लूपार,0032,,33000,39600,34100,table=3(ख) commercial;row=1,vcode 0032 printed for both चिल्लूपार and तिवारीपुर
gola,Gola,87,1,पटना चौराहे से सोती चौराहा होते हुए अम्बे टाकीज तक,चौधराना,0041,,33000,39600,34100,table=3(ख) commercial;row=2,
gola,Gola,87,1,पटना चौराहे से सोती चौराहा होते हुए अम्बे टाकीज तक,तिवारीपुर,0032,,33000,39600,34100,table=3(ख) commercial;row=3,vcode 0032 printed for both चिल्लूपार and तिवारीपुर
gola,Gola,87,1,पटना चौराहे से सोती चौराहा होते हुए अम्बे टाकीज तक,नौसरहा,0035,,33000,39600,34100,table=3(ख) commercial;row=4,
gola,Gola,87,2,गोला रोड चौक से थाना होते हुए लेटा घाट,पंडितपुरा,0038,,33000,39600,34100,table=3(ख) commercial;row=5,
gola,Gola,87,2,गोला रोड चौक से थाना होते हुए लेटा घाट,लेटाघाट,0044,,33000,39600,34100,table=3(ख) commercial;row=6,
gola,Gola,87,3,लेटाघाट के बाद से अग्रवाल ट्रेडिंग होते हुए हनुमानगढ़ी रोड से अम्बे टाकीज तक,नई हनुमान गढी,0036,,33000,39600,34100,table=3(ख) commercial;row=7,
gola,Gola,87,3,लेटाघाट के बाद से अग्रवाल ट्रेडिंग होते हुए हनुमानगढ़ी रोड से अम्बे टाकीज तक,पुरानी हनुमान गढ़ी,0037,,33000,39600,34100,table=3(ख) commercial;row=8,
gola,Gola,87,3,लेटाघाट के बाद से अग्रवाल ट्रेडिंग होते हुए हनुमानगढ़ी रोड से अम्बे टाकीज तक,बेनीबाबू का कूआ,0040,,33000,39600,34100,table=3(ख) commercial;row=9,
gola,Gola,87,4,पुरानी मछली मण्डी से छोटी मस्जिद होते हुए जसवंत सिंह के मकान से पुरानी शराब भट्ठी तक,चौधराना,0041,,33000,39600,34100,table=3(ख) commercial;row=10,
gola,Gola,87,4,पुरानी मछली मण्डी से छोटी मस्जिद होते हुए जसवंत सिंह के मकान से पुरानी शराब भट्ठी तक,पण्डितपुरा,0038,,33000,39600,34100,table=3(ख) commercial;row=11,
gola,Gola,87,4,पुरानी मछली मण्डी से छोटी मस्जिद होते हुए जसवंत सिंह के मकान से पुरानी शराब भट्ठी तक,महदेवा,0043,,33000,39600,34100,table=3(ख) commercial;row=12,
gola,Gola,87,4,पुरानी मछली मण्डी से छोटी मस्जिद होते हुए जसवंत सिंह के मकान से पुरानी शराब भट्ठी तक,लालगंज,0042,,33000,39600,34100,table=3(ख) commercial;row=13,
gola,Gola,88,5,अनिल नाऊ के मकान से कोरी कुजड़ा के मकान होते हुए पी0डब्लू0डी0 सड़क तक,कुजरौटी,0004,,28600,35200,29700,table=3(ख) commercial;row=14,
gola,Gola,88,5,अनिल नाऊ के मकान से कोरी कुजड़ा के मकान होते हुए पी0डब्लू0डी0 सड़क तक,कुजरौटी,0005,,28600,35200,29700,table=3(ख) commercial;row=15,
gola,Gola,88,5,अनिल नाऊ के मकान से कोरी कुजड़ा के मकान होते हुए पी0डब्लू0डी0 सड़क तक,खटिक टोला,0007,,28600,35200,29700,table=3(ख) commercial;row=16,
gola,Gola,88,5,अनिल नाऊ के मकान से कोरी कुजड़ा के मकान होते हुए पी0डब्लू0डी0 सड़क तक,छोटी हरिजन टोली,0008,,28600,35200,29700,table=3(ख) commercial;row=17,
gola,Gola,88,5,अनिल नाऊ के मकान से कोरी कुजड़ा के मकान होते हुए पी0डब्लू0डी0 सड़क तक,तेलियाना काली चौराहा,0014,,28600,35200,29700,table=3(ख) commercial;row=18,
gola,Gola,88,5,अनिल नाऊ के मकान से कोरी कुजड़ा के मकान होते हुए पी0डब्लू0डी0 सड़क तक,भीखीगंज,0024,,28600,35200,29700,table=3(ख) commercial;row=19,
gola,Gola,88,5,अनिल नाऊ के मकान से कोरी कुजड़ा के मकान होते हुए पी0डब्लू0डी0 सड़क तक,हरिजन बस्ती,0027,,28600,35200,29700,table=3(ख) commercial;row=20,
gola,Gola,88,6,चन्द्र चौराहा से कोल्ड स्टोरेज,उत्तरी चौराहा,0002,,28600,35200,29700,table=3(ख) commercial;row=21,
gola,Gola,88,6,चन्द्र चौराहा से कोल्ड स्टोरेज,डिहवा,0013,,28600,35200,29700,table=3(ख) commercial;row=22,
gola,Gola,88,6,चन्द्र चौराहा से कोल्ड स्टोरेज,पश्चिमी मल्लाह टोली,0019,,28600,35200,29700,table=3(ख) commercial;row=23,
gola,Gola,88,7,हनुमान गढ़ी से चन्द चौराहा तक,अहिराना,0001,,28600,35200,29700,table=3(ख) commercial;row=24,
gola,Gola,88,7,हनुमान गढ़ी से चन्द चौराहा तक,उत्तरी चौराहा,0002,,28600,35200,29700,table=3(ख) commercial;row=25,
gola,Gola,88,7,हनुमान गढ़ी से चन्द चौराहा तक,काली चौरा,0011,,28600,35200,29700,table=3(ख) commercial;row=26,
gola,Gola,88,7,हनुमान गढ़ी से चन्द चौराहा तक,कुजरौटी,0004,,28600,35200,29700,table=3(ख) commercial;row=27,
gola,Gola,88,7,हनुमान गढ़ी से चन्द चौराहा तक,डिहवा,0013,,28600,35200,29700,table=3(ख) commercial;row=28,
gola,Gola,88,7,हनुमान गढ़ी से चन्द चौराहा तक,पश्चिमी मल्लाह टोली,0019,,28600,35200,29700,table=3(ख) commercial;row=29,
gola,Gola,88,7,हनुमान गढ़ी से चन्द चौराहा तक,ब्रम्ह स्थान,0021,,28600,35200,29700,table=3(ख) commercial;row=30,
gola,Gola,88,7,हनुमान गढ़ी से चन्द चौराहा तक,हरिजन बस्ती,0027,,28600,35200,29700,table=3(ख) commercial;row=31,
gola,Gola,89,8,ब्योरी चौराहे व थाना से मार्केट होते हुए चन्द्र चौराहा,कुजरौटी,0004,,28600,35200,29700,table=3(ख) commercial;row=32,
gola,Gola,89,8,ब्योरी चौराहे व थाना से मार्केट होते हुए चन्द्र चौराहा,खटिक टोला छोटी,0007,,28600,35200,29700,table=3(ख) commercial;row=33,
gola,Gola,89,8,ब्योरी चौराहे व थाना से मार्केट होते हुए चन्द्र चौराहा,थाना से पूरब मेन रोड,0015,,28600,35200,29700,table=3(ख) commercial;row=34,
gola,Gola,89,8,ब्योरी चौराहे व थाना से मार्केट होते हुए चन्द्र चौराहा,हरिजन बस्ती,0027,,28600,35200,29700,table=3(ख) commercial;row=35,
gola,Gola,89,9,ब्योरी चौराहे से एल0पी0एन0 स्कूल व चिकनिया होते हुए चन्द चौराहा तक,काली चौरा,0011,,28600,35200,29700,table=3(ख) commercial;row=36,
gola,Gola,89,9,ब्योरी चौराहे से एल0पी0एन0 स्कूल व चिकनिया होते हुए चन्द चौराहा तक,कुजरौटी,0004,,28600,35200,29700,table=3(ख) commercial;row=37,
gola,Gola,89,9,ब्योरी चौराहे से एल0पी0एन0 स्कूल व चिकनिया होते हुए चन्द चौराहा तक,हरिजन बस्ती,0027,,28600,35200,29700,table=3(ख) commercial;row=38,
basgaon,Bansgaon,045,1,तहसील चौराहे से कुशमौल जाने वाली सड़क,बड़ावन आंशिक,"0006, 0007",,36400,40300,36100,,
basgaon,Bansgaon,045,2,तहसील चौराहे से भैसारानी जाने वाली सड़क,मरवटिया,"0010, 0011 व 0012",,36400,40300,36100,,
basgaon,Bansgaon,045,3,तहसील चौराहे से कौड़ीराम जाने वाली सड़क,"दोनखार, बड़ावन आंशिक","0002, 0003, 0006, 0007",,36400,40300,36100,,
basgaon,Bansgaon,045,4,तहसील चौराहे से खजनी मार्ग व इसके उत्तर सरसोंपार जाने वाली सड़क,बड़ावन,"0006, 0007",,36400,40300,36100,,
basgaon,Bansgaon,045,5,तहसील चौराहे से पश्चिम पेट्रोल पम्प से दक्षिण माल्हनपार जाने वाली सड़क,"बलुआ उर्फ गोपालपुर आंशिक, बहीडांडी","1330, 0005",,36400,40300,36100,,
basgaon,Bansgaon,045,6,भैंसारानी जाने वाली सड़क पर कटहरिया पोखरा से पश्चिम प्रा0 वा0 मरवटिया जाने वाली सड़क,मरवटिया व बहीडांडी,"0009, 0010, 0011 व 0005",,36400,40300,36100,,
basgaon,Bansgaon,045,7,भैंसारानी जाने वाली सड़क पर हनुमान मन्दिर से पूरब काली मन्दिर जाने वाली सड़क,मरवटिया व बांसगांव,"0010, 0011, 0012 0001, 0004",,36400,40300,36100,,
basgaon,Bansgaon,113,1,तहसील चौराहे से कुशमौल जाने वाली सड़क,बड़ावन लमोहिया,0006,6600,,,,,
basgaon,Bansgaon,113,1,तहसील चौराहे से कुशमौल जाने वाली सड़क,बड़ावन पश्चिमी,0007,6600,,,,,
basgaon,Bansgaon,113,2,तहसील चौराहे से भैसारानी जाने वाली सड़क,मरवटिया उत्तरी,0010,6600,,,,,
basgaon,Bansgaon,113,2,तहसील चौराहे से भैसारानी जाने वाली सड़क,मरवटिया मध्य,0011,6600,,,,,
basgaon,Bansgaon,113,2,तहसील चौराहे से भैसारानी जाने वाली सड़क,मरवटिया दक्षिणी,0012,6600,,,,,
basgaon,Bansgaon,113,3,तहसील चौराहे से कौड़ीराम जाने वाली सड़क,दोनखर पूर्वी,0002,6600,,,,,
basgaon,Bansgaon,113,3,तहसील चौराहे से कौड़ीराम जाने वाली सड़क,दोनखर पश्चिमी,0003,6600,,,,,
basgaon,Bansgaon,113,3,तहसील चौराहे से कौड़ीराम जाने वाली सड़क,बड़ावन लमोहिया,0006,6600,,,,,
basgaon,Bansgaon,113,3,तहसील चौराहे से कौड़ीराम जाने वाली सड़क,बड़ावन पश्चिमी,0007,6600,,,,,
basgaon,Bansgaon,113,4,तहसील चौराहे से खजनी मार्ग व इसके उत्तर सरसोंपार जाने वाली सड़क,बड़ावन लमोहिया,0006,6600,,,,,
basgaon,Bansgaon,113,4,तहसील चौराहे से खजनी मार्ग व इसके उत्तर सरसोंपार जाने वाली सड़क,बड़ावन पश्चिमी,0007,6600,,,,,
basgaon,Bansgaon,114,5,तहसील चौराहे से पश्चिम पेट्रोल पम्प से दक्षिण माल्हनपार जाने वाली सड़क,बलुआ उर्फ गोपालपुर आंशिक,1330,6600,,,,,
basgaon,Bansgaon,114,5,तहसील चौराहे से पश्चिम पेट्रोल पम्प से दक्षिण माल्हनपार जाने वाली सड़क,बहीडांडी बैलरी,0005,6600,,,,,
basgaon,Bansgaon,114,6,भैंसारानी जाने वाली सड़क पर कटहरिया पोखरा से पश्चिम प्रा0 वा0 मरवटिया जाने वाली सड़क,ब्यालिस पट्टी बाँसगांव,0009,6600,,,,,
basgaon,Bansgaon,114,6,भैंसारानी जाने वाली सड़क पर कटहरिया पोखरा से पश्चिम प्रा0 वा0 मरवटिया जाने वाली सड़क,मरवटिया उत्तरी,0010,6600,,,,,
basgaon,Bansgaon,114,6,भैंसारानी जाने वाली सड़क पर कटहरिया पोखरा से पश्चिम प्रा0 वा0 मरवटिया जाने वाली सड़क,मरवटिया मध्य,0011,6600,,,,,
basgaon,Bansgaon,114,6,भैंसारानी जाने वाली सड़क पर कटहरिया पोखरा से पश्चिम प्रा0 वा0 मरवटिया जाने वाली सड़क,बहीडांडी बैलरी,0005,6600,,,,,
basgaon,Bansgaon,114,7,भैंसारानी जाने वाली सड़क पर हनुमान मन्दिर से पूरब काली मन्दिर जाने वाली सड़क,मरवटिया उत्तरी,0010,6600,,,,,
basgaon,Bansgaon,114,7,भैंसारानी जाने वाली सड़क पर हनुमान मन्दिर से पूरब काली मन्दिर जाने वाली सड़क,मरवटिया मध्य,0011,6600,,,,,
basgaon,Bansgaon,114,7,भैंसारानी जाने वाली सड़क पर हनुमान मन्दिर से पूरब काली मन्दिर जाने वाली सड़क,मरवटिया दक्षिणी,0012,6600,,,,,
basgaon,Bansgaon,114,7,भैंसारानी जाने वाली सड़क पर हनुमान मन्दिर से पूरब काली मन्दिर जाने वाली सड़क,दक्षिणी टोला बांसगांव,0004,6600,,,,,
basgaon,Bansgaon,114,7,भैंसारानी जाने वाली सड़क पर हनुमान मन्दिर से पूरब काली मन्दिर जाने वाली सड़क,चौखण्डी बांसगाव,0001,6600,,,,,
khajni,Khajni,49,1,खजनी सिकरीगंज मार्ग पर स्थिति पाण्डेय वस्त्रालय की उत्तरी सीमा से लेकर राजेन्द्र वस्त्रालय की दक्षिणी सीमा तक (सड़क के दोनों तरफ),खुटभार,1129,14500,,,,,
khajni,Khajni,49,1,खजनी सिकरीगंज मार्ग पर स्थिति पाण्डेय वस्त्रालय की उत्तरी सीमा से लेकर राजेन्द्र वस्त्रालय की दक्षिणी सीमा तक (सड़क के दोनों तरफ),बरीबन्दुआरी,1419,14500,,,,,
campier,Campierganj,35,1,1--गोरखपुर सोनौली मार्ग,"वार्ड नं0 01, अम्बेडकर नगर",0001,12000,,,,commercial_rent_pm_per_sqm=200,
campier,Campierganj,35,1,1--गोरखपुर सोनौली मार्ग,"वार्ड नं0 10, अब्दुल हमीद नगर",0002,12000,,,,commercial_rent_pm_per_sqm=200,
campier,Campierganj,35,1,1--गोरखपुर सोनौली मार्ग,"वार्ड नं0 05, वीर बहादुर नगर",0006,12000,,,,commercial_rent_pm_per_sqm=200,
campier,Campierganj,35,1,1--गोरखपुर सोनौली मार्ग,"वार्ड नं0 11, सुबाष नगर",0008,12000,,,,commercial_rent_pm_per_sqm=200,
campier,Campierganj,35,2,2-- नेशनल हाईवे रोड से दुर्गा मन्दिर/नगर पंचायत रोड तक सब्जी मार्केट,"वार्ड नं0 10, अब्दुल हमीद नगर",0002,11000,,,,commercial_rent_pm_per_sqm=200,
campier,Campierganj,35,2,2-- नेशनल हाईवे रोड से दुर्गा मन्दिर/नगर पंचायत रोड तक सब्जी मार्केट,"वार्ड नं0 05, वीर बहादुर नगर",0006,11000,,,,commercial_rent_pm_per_sqm=200,
campier,Campierganj,35,3,3--नेशनल हाईवे रोड /पावर हाउस से उत्तर रतनलाल मद्धेशिया का मकान व नेशनल हाईवे रोड तक,"वार्ड नं0 01, अम्बेडकर नगर",0001,10000,,,,commercial_rent_pm_per_sqm=200,
campier,Campierganj,35,3,3--नेशनल हाईवे रोड /पावर हाउस से उत्तर रतनलाल मद्धेशिया का मकान व नेशनल हाईवे रोड तक,"वार्ड नं0 02, हनुमत नगर",0010,10000,,,,commercial_rent_pm_per_sqm=200,
campier,Campierganj,35,3,3--नेशनल हाईवे रोड /पावर हाउस से उत्तर रतनलाल मद्धेशिया का मकान व नेशनल हाईवे रोड तक,"वार्ड नं0 09, ज्ञान चक्षुनगर",0011,10400,,,,commercial_rent_pm_per_sqm=200,
campier,Campierganj,35,3,3--नेशनल हाईवे रोड /पावर हाउस से उत्तर रतनलाल मद्धेशिया का मकान व नेशनल हाईवे रोड तक,"वार्ड नं0 08, बुध्द नगर",0008,10400,,,,commercial_rent_pm_per_sqm=200,printed V-code 0008 is सुबाष नगर elsewhere; बुध्द नगर is 0005 (as printed)
campier,Campierganj,35,3,3--नेशनल हाईवे रोड /पावर हाउस से उत्तर रतनलाल मद्धेशिया का मकान व नेशनल हाईवे रोड तक,"वार्ड नं0 10, अब्दुल हमीद नगर",0002,11000,,,,commercial_rent_pm_per_sqm=200,
campier,Campierganj,35,3,3--नेशनल हाईवे रोड /पावर हाउस से उत्तर रतनलाल मद्धेशिया का मकान व नेशनल हाईवे रोड तक,"वार्ड नं0 05, वीर बहादुर नगर",0006,11000,,,,commercial_rent_pm_per_sqm=200,
campier,Campierganj,35,3,3--नेशनल हाईवे रोड /पावर हाउस से उत्तर रतनलाल मद्धेशिया का मकान व नेशनल हाईवे रोड तक,"वार्ड नं0 06, शक्ति नगर",0009,11000,,,,commercial_rent_pm_per_sqm=200,
campier,Campierganj,35,3,3--नेशनल हाईवे रोड /पावर हाउस से उत्तर रतनलाल मद्धेशिया का मकान व नेशनल हाईवे रोड तक,"वार्ड नं0 11, सुबाष नगर",0008,11000,,,,commercial_rent_pm_per_sqm=200,
campier,Campierganj,35,4,4--बीच मार्केट रोड/रमाकान्त के मकान से पटेश्वरी शाह का मकान होते हुए मखनहा मार्ग तक,"वार्ड नं0 02, हनुमत नगर",0010,10000,,,,commercial_rent_pm_per_sqm=200,
campier,Campierganj,35,4,4--बीच मार्केट रोड/रमाकान्त के मकान से पटेश्वरी शाह का मकान होते हुए मखनहा मार्ग तक,"वार्ड नं0 07, लोहिया नगर",0007,10400,,,,commercial_rent_pm_per_sqm=200,
campier,Campierganj,36,5,5-- सुबाष स्कूल/बीच मार्केट से थाना होते हुए रामजी यादव के मकान से सिद्धू सेठ के मकान व मोला वर्मा के मकान से प्राईमरी स्कूल होते हुए थाना तक,"वार्ड नं0 06, शक्ति नगर",0009,11000,,,,commercial_rent_pm_per_sqm=200,
campier,Campierganj,36,5,5-- सुबाष स्कूल/बीच मार्केट से थाना होते हुए रामजी यादव के मकान से सिद्धू सेठ के मकान व मोला वर्मा के मकान से प्राईमरी स्कूल होते हुए थाना तक,"वार्ड नं0 07, लोहिया नगर",0007,10400,,,,commercial_rent_pm_per_sqm=200,
campier,Campierganj,36,5,5-- सुबाष स्कूल/बीच मार्केट से थाना होते हुए रामजी यादव के मकान से सिद्धू सेठ के मकान व मोला वर्मा के मकान से प्राईमरी स्कूल होते हुए थाना तक,"वार्ड नं0 08, बुध्द नगर",0005,10400,,,,commercial_rent_pm_per_sqm=200,
campier,Campierganj,36,6,6-- गब्बू वर्मा/बीच मार्केट रोड से नेशनल हाईवे रोड तक,"वार्ड नं0 05, वीर बहादुर नगर",0006,11000,,,,commercial_rent_pm_per_sqm=200,
campier,Campierganj,36,6,6-- गब्बू वर्मा/बीच मार्केट रोड से नेशनल हाईवे रोड तक,"वार्ड नं0 11, सुबाष नगर",0008,11000,,,,commercial_rent_pm_per_sqm=200,
campier,Campierganj,36,7,7-- नेशनल हाईवे रोड से बापू इण्टर कालेज होते हुए बढया चौक को जाने वाली रोड पर नगर पंचायत सीमा तक,"वार्ड नं0 03, आजाद नगर",0003,10000,,,,commercial_rent_pm_per_sqm=200,
campier,Campierganj,36,7,7-- नेशनल हाईवे रोड से बापू इण्टर कालेज होते हुए बढया चौक को जाने वाली रोड पर नगर पंचायत सीमा तक,"वार्ड नं0 04, बापू नगर",0004,10000,,,,commercial_rent_pm_per_sqm=200,
campier,Campierganj,69,1,गोरखपुर सोनौली मार्ग,"वार्ड नं0 01, अम्बेडकर नगर",0001,,50000,48000,43200,,
campier,Campierganj,69,1,गोरखपुर सोनौली मार्ग,"वार्ड नं0 10, अब्दुल हमीद नगर",0002,,50000,48000,43200,,
campier,Campierganj,69,1,गोरखपुर सोनौली मार्ग,"वार्ड नं0 05, वीर बहादुर नगर",0006,,50000,48000,43200,,
campier,Campierganj,69,1,गोरखपुर सोनौली मार्ग,"वार्ड नं0 11, सुबाष नगर",0008,,50000,48000,43200,,
campier,Campierganj,69,2,नेशनल हाईवे रोड से दुर्गा मन्दिर/नगर पंचायत रोड तक सब्जी मार्केट,"वार्ड नं0 10, अब्दुल हमीद नगर",0002,,50000,48000,43200,,
campier,Campierganj,69,2,नेशनल हाईवे रोड से दुर्गा मन्दिर/नगर पंचायत रोड तक सब्जी मार्केट,"वार्ड नं0 05, वीर बहादुर नगर",0006,,50000,48000,43200,,
campier,Campierganj,69,3,नेशनल हाईवे रोड /पावर हाउस से उत्तर रतनलाल मद्धेशिया का मकान व नेशनल हाईवे रोड तक,"वार्ड नं0 01, अम्बेडकर नगर",0001,,50000,48000,43200,,segment name poorly printed; best reading
campier,Campierganj,69,3,नेशनल हाईवे रोड /पावर हाउस से उत्तर रतनलाल मद्धेशिया का मकान व नेशनल हाईवे रोड तक,"वार्ड नं0 02, हनुमत नगर",0010,,50000,48000,43200,,segment name poorly printed; best reading
campier,Campierganj,69,3,नेशनल हाईवे रोड /पावर हाउस से उत्तर रतनलाल मद्धेशिया का मकान व नेशनल हाईवे रोड तक,"वार्ड नं0 09, ज्ञान चक्षुनगर",0011,,50000,48000,43200,,segment name poorly printed; best reading
campier,Campierganj,69,3,नेशनल हाईवे रोड /पावर हाउस से उत्तर रतनलाल मद्धेशिया का मकान व नेशनल हाईवे रोड तक,"वार्ड नं0 08, बुध्द नगर",0008,,50000,48000,43200,,"V-code printed 0008 but बुद्ध नगर is 0005 elsewhere (p70 seg 5, p78 serial 133); 0008 = सुबाष नगर. Likely misprint"
campier,Campierganj,69,3,नेशनल हाईवे रोड /पावर हाउस से उत्तर रतनलाल मद्धेशिया का मकान व नेशनल हाईवे रोड तक,"वार्ड नं0 10, अब्दुल हमीद नगर",0002,,50000,48000,43200,,segment name poorly printed; best reading
campier,Campierganj,69,3,नेशनल हाईवे रोड /पावर हाउस से उत्तर रतनलाल मद्धेशिया का मकान व नेशनल हाईवे रोड तक,"वार्ड नं0 05, वीर बहादुर नगर",0006,,50000,48000,43200,,segment name poorly printed; best reading
campier,Campierganj,69,3,नेशनल हाईवे रोड /पावर हाउस से उत्तर रतनलाल मद्धेशिया का मकान व नेशनल हाईवे रोड तक,"वार्ड नं0 06, शक्ति नगर",0009,,50000,48000,43200,,segment name poorly printed; best reading
campier,Campierganj,69,3,नेशनल हाईवे रोड /पावर हाउस से उत्तर रतनलाल मद्धेशिया का मकान व नेशनल हाईवे रोड तक,"वार्ड नं0 11, सुबाष नगर",0008,,50000,48000,43200,,segment name poorly printed; best reading
campier,Campierganj,70,4,बीच मार्केट रोड/रमाकान्त के मकान से पटेश्वरी शाह का मकान होते हुए मखनहा मार्ग तक,"वार्ड नं0 02, हनुमत नगर",0010,,50000,48000,43200,,
campier,Campierganj,70,4,बीच मार्केट रोड/रमाकान्त के मकान से पटेश्वरी शाह का मकान होते हुए मखनहा मार्ग तक,वार्ड नं0 07 लोहिया नगर,0007,,50000,48000,43200,,
campier,Campierganj,70,5,सुबाष स्कूल/बीच मार्केट से थाना होते हुए रामजी यादव के मकान से सिद्धू सेठ के मकान व भोला वर्मा के मकान से प्राईमरी स्कूल होते हुए थाना तक,"वार्ड नं0 06, शक्ति नगर",0009,,50000,48000,43200,,
campier,Campierganj,70,5,सुबाष स्कूल/बीच मार्केट से थाना होते हुए रामजी यादव के मकान से सिद्धू सेठ के मकान व भोला वर्मा के मकान से प्राईमरी स्कूल होते हुए थाना तक,"वार्ड नं0 07, लोहिया नगर",0007,,50000,48000,43200,,
campier,Campierganj,70,5,सुबाष स्कूल/बीच मार्केट से थाना होते हुए रामजी यादव के मकान से सिद्धू सेठ के मकान व भोला वर्मा के मकान से प्राईमरी स्कूल होते हुए थाना तक,"वार्ड नं0 08, बुध्द नगर",0005,,50000,48000,43200,,
campier,Campierganj,70,6,गब्बू वर्मा/बीच मार्केट रोड से नेशनल हाईवे रोड तक,"वार्ड नं0 05, वीर बहादुर नगर",0006,,50000,48000,43200,,
campier,Campierganj,70,6,गब्बू वर्मा/बीच मार्केट रोड से नेशनल हाईवे रोड तक,"वार्ड नं0 11, सुबाष नगर",0008,,50000,48000,43200,,
campier,Campierganj,70,7,नेशनल हाईवे रोड से बापू इण्टर कालेज होते हुए बढया चौक को जाने वाली रोड पर नगर पंचायत सीमा तक,"वार्ड नं0 03, आजाद नगर",0003,,50000,48000,43200,,
campier,Campierganj,70,7,नेशनल हाईवे रोड से बापू इण्टर कालेज होते हुए बढया चौक को जाने वाली रोड पर नगर पंचायत सीमा तक,"वार्ड नं0.04, बापू नगर",0004,,50000,48000,43200,,
