sro,sro_name,list_effective_date,serial,vcode,village_hi,pargana_hi,category,basic_rate,basic_band,road_first_band,road_5to9m,road_9to12m,road_first_band_label,shop_single_land,shop_multi,office,comm_source,commercial_rent_per_sqm,nh_a,nh_b,nh_c,nh_d,dist_a,dist_b,dist_c,dist_d,link_a,link_b,link_c,link_d,other_a,other_b,other_c,other_d,agri_slabs,flag
sadar1,Sadar-1,03-08-2016,1,0058,अधियारी बांग,अधियॉरी बाग,नगरीय,10500,upto 3 m,11700,12800,14000,3-5 m,80000,88000,78500,base,,,,,,,,,,,,,,,,,,0.081/0.142/0.202 ha,agri: all rate cols printed as dash
sadar1,Sadar-1,03-08-2016,2,0058,अधियारी बांग आंशिक,जाफरा बाजार,नगरीय,10500,upto 3 m,11700,12800,14000,3-5 m,80000,88000,78500,base,,,,,,,,,,,,,,,,,,0.081/0.142/0.202 ha,agri: all rate cols printed as dash
sadar1,Sadar-1,03-08-2016,3,0082,अलीनगर उत्तरी,अलीनगर,नगरीय,18000,upto 3 m,19000,20000,21500,3-5 m,80000,88000,78500,base,,,,,,,,,,,,,,,,,,0.081/0.142/0.202 ha,agri: all rate cols printed as dash
sadar1,Sadar-1,03-08-2016,4,0083,अलीनगर दक्षिणी,अलीनगर,नगरीय,18000,upto 3 m,19000,20000,21500,3-5 m,80000,88000,78500,base,,,,,,,,,,,,,,,,,,0.081/0.142/0.202 ha,agri: all rate cols printed as dash
sadar1,Sadar-1,03-08-2016,5,0089,अबू बाजार,जाफरा बाजार,नगरीय,10500,upto 3 m,11700,12800,14000,3-5 m,80000,88000,78500,base,,,,,,,,,,,,,,,,,,0.081/0.142/0.202 ha,agri: all rate cols printed as dash
sadar1,Sadar-1,03-08-2016,6,0161,अम्बेडकर नगर,अम्बेडकर नगर (वार्ड नं0 02) नगर पंचायत पिपराईच,अर्धनगरीय,9000,upto 3 m,9500,10000,11000,3-5 m,61500,68000,61000,base,,400,360,300,200,370,335,280,170,360,330,275,165,300,270,215,145,0.081/0.142/0.202 ha,
sadar1,Sadar-1,03-08-2016,7,4905,अहिरौली तप्पा हवेली,भौवापार,ग्रामीण क्षेत्र,1500,upto 3 m,1700,1750,1800,3-5 m,16500,25000,22000,base,,145,115,90,65,135,105,95,62,125,98,85,58,100,90,70,46,0.081/0.142/0.202 ha,
sadar1,Sadar-1,03-08-2016,8,4823,अहिरौली पटखौली,भौवापार,ग्रामीण क्षेत्र,6500,upto 3 m,7000,7200,7500,3-5 m,32500,42000,36500,base,,280,240,182,102,278,235,175,100,265,230,160,90,210,185,140,85,0.081/0.142/0.202 ha,
sadar1,Sadar-1,03-08-2016,9,4910,औराटारी,भौवापार,ग्रामीण क्षेत्र,1500,upto 3 m,1700,1750,1800,3-5 m,16500,25000,22000,base,,145,115,90,65,135,105,95,62,125,98,85,58,100,90,70,46,0.081/0.142/0.202 ha,
sadar1,Sadar-1,03-08-2016,10,4908,आराजी वंशी जैसवाल,भौवापार,ग्रामीण क्षेत्र,1500,upto 3 m,1700,1750,1800,3-5 m,16500,25000,22000,base,,145,115,90,65,135,105,95,62,125,98,85,58,100,90,70,46,0.081/0.142/0.202 ha,
sadar1,Sadar-1,03-08-2016,11,4907,आराजी बनकट,हवेली,ग्रामीण क्षेत्र,1500,upto 3 m,1700,1750,1800,3-5 m,16500,25000,22000,base,,145,115,90,65,135,105,95,62,125,98,85,58,100,90,70,46,0.081/0.142/0.202 ha,
sadar1,Sadar-1,03-08-2016,12,4912,आराजी बरवॉं तप्पा पतरा,हवेली,ग्रामीण क्षेत्र,1500,upto 3 m,1700,1750,1800,3-5 m,16500,25000,22000,base,,145,115,90,65,135,105,95,62,125,98,85,58,100,90,70,46,0.081/0.142/0.202 ha,
sadar1,Sadar-1,03-08-2016,13,4906,आराजी चौरी,हवेली,ग्रामीण क्षेत्र,1500,upto 3 m,1700,1750,1800,3-5 m,16500,25000,22000,base,,145,115,90,65,135,105,95,62,125,98,85,58,100,90,70,46,0.081/0.142/0.202 ha,
sadar1,Sadar-1,03-08-2016,14,4802,अड्डा मोतीराम,हवेली,ग्रामीण क्षेत्र,7000,upto 3 m,7500,8000,9000,3-5 m,32500,42000,36500,base,,280,240,182,102,278,235,175,100,265,230,160,90,210,185,140,85,0.081/0.142/0.202 ha,
sadar1,Sadar-1,03-08-2016,15,4911,अगया,हवेली,ग्रामीण क्षेत्र,1800,upto 3 m,1700,1750,1800,3-5 m,16500,25000,22000,base,,145,115,90,65,135,105,95,62,125,98,85,58,100,90,70,46,0.081/0.142/0.202 ha,
sadar1,Sadar-1,03-08-2016,16,4903,अजवनिया,हवेली,ग्रामीण क्षेत्र,1500,upto 3 m,1700,1750,1800,3-5 m,16500,25000,22000,base,,145,115,90,65,135,105,95,62,125,98,85,58,100,90,70,46,0.081/0.142/0.202 ha,agri: col6 last digit under signature; read 115
sadar1,Sadar-1,03-08-2016,17,4901,अकोलही,हवेली,ग्रामीण क्षेत्र,1500,upto 3 m,1700,1750,1800,3-5 m,16500,25000,22000,base,,145,115,90,65,135,105,95,62,125,98,85,58,100,90,70,46,0.081/0.142/0.202 ha,
sadar1,Sadar-1,03-08-2016,18,4902,अमवा तप्पा पतरा,हवेली,ग्रामीण क्षेत्र,1500,upto 3 m,1700,1750,1800,3-5 m,16500,25000,22000,base,,145,115,90,65,135,105,95,62,125,98,85,58,100,90,70,46,0.081/0.142/0.202 ha,
sadar1,Sadar-1,03-08-2016,19,4811,अतरौलिया (बाजार),हवेली,ग्रामीण क्षेत्र,6500,upto 3 m,7000,7200,7500,3-5 m,32500,42000,36500,base,,280,240,182,102,278,235,175,100,265,230,160,90,210,185,140,85,0.081/0.142/0.202 ha,
sadar1,Sadar-1,03-08-2016,20,4909,आराजी चिलबिलवा तप्पा पतरा,हवेली,ग्रामीण क्षेत्र,1500,upto 3 m,1700,1750,1800,3-5 m,16500,25000,22000,base,,145,115,90,65,135,105,95,62,125,98,85,58,100,90,70,46,0.081/0.142/0.202 ha,
sadar1,Sadar-1,03-08-2016,21,0099,इलाहीबाग,इलाहीबाग,नगरीय,10500,upto 3 m,11700,12800,14000,3-5 m,80000,88000,78500,base,,,,,,,,,,,,,,,,,,0.081/0.142/0.202 ha,agri: all rate cols printed as dash
sadar1,Sadar-1,03-08-2016,22,0044,इस्माईलपुर,इस्माईलपुर,नगरीय,18000,upto 3 m,19000,20000,21500,3-5 m,80000,88000,78500,base,,,,,,,,,,,,,,,,,,0.081/0.142/0.202 ha,agri: all rate cols printed as dash
sadar1,Sadar-1,03-08-2016,23,0090,इस्लाम चक,जाफरा बाजार,नगरीय,10500,upto 3 m,11700,12800,14000,3-5 m,80000,88000,78500,base,,,,,,,,,,,,,,,,,,0.081/0.142/0.202 ha,agri: all rate cols printed as dash
sadar1,Sadar-1,03-08-2016,24,4922,इमीलिया उर्फ विजहरा,हवेली,ग्रामीण क्षेत्र,1500,upto 3 m,1700,1750,1800,3-5 m,16500,25000,22000,base,,145,115,90,65,135,105,95,62,125,98,85,58,100,90,70,46,0.081/0.142/0.202 ha,
sadar1,Sadar-1,03-08-2016,25,4923,ईस्लामपुर,हवेली,ग्रामीण क्षेत्र,1500,upto 3 m,1700,1750,1800,3-5 m,16500,25000,22000,base,,145,115,90,65,135,105,95,62,125,98,85,58,100,90,70,46,0.081/0.142/0.202 ha,
sadar1,Sadar-1,03-08-2016,26,0053,उर्वरक नगर,उर्वरक नगर,नगरीय,10500,upto 3 m,11700,12800,14000,3-5 m,64000,73500,63000,base,,0,660,560,253,0,615,520,235,0,590,500,225,0,472,425,220,0.081/0.142/0.202 ha,"agri: 0 printed in cols 5,9,13,17"
sadar1,Sadar-1,03-08-2016,27,4935,ऊचगॉव,भौवापार,ग्रामीण क्षेत्र,1500,upto 3 m,1700,1750,1800,3-5 m,16500,25000,22000,base,,145,115,90,65,135,105,80,62,125,98,85,58,100,90,70,46,0.081/0.142/0.202 ha,agri: col11=80 as printed (95 in similar rows)
sadar1,Sadar-1,03-08-2016,28,4821,उनौला अव्वल,हवेली,ग्रामीण क्षेत्र,7000,upto 3 m,7500,8000,8500,3-5 m,32500,42000,36500,base,,280,240,182,102,278,235,175,100,265,230,160,90,210,185,140,85,0.081/0.142/0.202 ha,
sadar1,Sadar-1,03-08-2016,29,5401,उनौला दोयम,हवेली,ग्रामीण क्षेत्र,7000,upto 3 m,7500,8000,8500,3-5 m,32500,42000,36500,base,,280,240,182,102,278,235,175,100,265,230,160,90,210,185,140,85,0.081/0.142/0.202 ha,
sadar1,Sadar-1,03-08-2016,30,5402,उनौला खुर्द,हवेली,ग्रामीण क्षेत्र,7000,upto 3 m,7500,8000,8500,3-5 m,32500,42000,36500,base,,280,240,182,102,278,235,175,100,265,230,160,90,210,185,140,85,0.081/0.142/0.202 ha,comm: vcode last digit smudged (read 5402; sequence 5401/5403)
sadar1,Sadar-1,03-08-2016,31,5403,उनौला बुजुर्ग,हवेली,ग्रामीण क्षेत्र,7000,upto 3 m,7500,8000,8500,3-5 m,32500,42000,36500,base,,280,240,182,102,278,235,175,100,265,230,160,90,210,185,140,85,0.081/0.142/0.202 ha,
sadar1,Sadar-1,03-08-2016,32,4931,उस्का,हवेली,ग्रामीण क्षेत्र,1500,upto 3 m,1700,1750,1800,3-5 m,16500,25000,22000,base,,145,115,90,65,135,105,95,62,125,98,85,58,100,90,70,46,0.081/0.142/0.202 ha,comm: village name illegible in scan (best reading)
sadar1,Sadar-1,03-08-2016,33,4934,उस्मानपुर,हवेली,ग्रामीण क्षेत्र,1500,upto 3 m,1700,1750,1800,3-5 m,16500,25000,22000,base,,145,115,90,65,135,105,95,62,125,98,85,58,100,90,70,46,0.081/0.142/0.202 ha,
sadar1,Sadar-1,03-08-2016,34,4932,उतरासोत,हवेली,ग्रामीण क्षेत्र,1500,upto 3 m,1700,1750,1800,3-5 m,16500,25000,22000,base,,145,115,90,65,135,105,95,62,125,98,85,58,100,90,70,46,0.081/0.142/0.202 ha,
sadar1,Sadar-1,03-08-2016,35,4190,एकडंगा,हवेली,अर्धनगरीय,8500,upto 3 m,9000,9500,10500,3-5 m,61500,68000,61000,base,,0,357,301,155,0,332,280,142,0,322,268,138,0,255,214,110,0.081/0.142/0.202 ha,"agri: 0 printed in cols 5,9,13,17"
sadar1,Sadar-1,03-08-2016,36,4814,एकला (बाजार),भौवापार,ग्रामीण क्षेत्र,7000,upto 3 m,7500,7800,8000,3-5 m,32500,42000,36500,base,,280,240,182,102,278,235,175,100,265,230,160,90,210,185,140,85,0.081/0.142/0.202 ha,agri: vcode first digit under signature (read 4814); col7 last digit under signature (read 182)
sadar1,Sadar-1,03-08-2016,37,0071,कल्याणपुर,कल्याणपुर,नगरीय,10500,upto 3 m,11700,12800,14000,3-5 m,64000,73500,63000,base,,,,,,,,,,,,,,,,,,0.081/0.142/0.202 ha,agri: all rate cols printed as dash
sadar1,Sadar-1,03-08-2016,38,0075,काजीपुर कला,कल्याणपुर,नगरीय,10500,upto 3 m,11700,12800,14000,3-5 m,64000,73500,63000,base,,,,,,,,,,,,,,,,,,0.081/0.142/0.202 ha,agri: all rate cols printed as dash
sadar1,Sadar-1,03-08-2016,39,0121,कृष्णा नगर कालोनी,कृष्णा नगर,नगरीय,11700,upto 3 m,12800,14000,15000,3-5 m,64000,73500,63000,base,,,,,,,,,,,,,,,,,,0.081/0.142/0.202 ha,agri: all rate cols printed as dash
sadar1,Sadar-1,03-08-2016,40,0122,कारागार,घोषीपुरवा,नगरीय,11700,upto 3 m,12800,14000,15000,3-5 m,80000,88000,78500,base,,,,,,,,,,,,,,,,,,0.081/0.142/0.202 ha,agri: all rate cols printed as dash
sadar1,Sadar-1,03-08-2016,41,4192,कोलिया,हवेली,अर्धनगरीय,9000,upto 3 m,9500,10000,11000,3-5 m,61500,68000,61000,base,,0,510,430,222,0,475,400,215,0,460,395,210,0,365,306,200,0.081/0.142/0.202 ha,"agri: 0 printed in cols 5,9,13,17"
sadar1,Sadar-1,03-08-2016,42,4193,कोल्हुआ,हवेली,अर्धनगरीय,9000,upto 3 m,9500,10000,11000,3-5 m,61500,68000,61000,base,,0,510,430,222,0,475,400,215,0,460,395,210,0,365,306,200,0.081/0.142/0.202 ha,"agri: 0 printed in cols 5,9,13,17"
sadar1,Sadar-1,03-08-2016,43,0162,कबीरनगर,कबीरनगर (वार्ड नं0 12) नगर पंचायत पिपराईच,अर्धनगरीय,9000,upto 3 m,9500,10000,11000,3-5 m,61500,68000,61000,base,,400,360,300,200,370,335,280,170,360,330,275,165,300,270,215,145,0.081/0.142/0.202 ha,
sadar1,Sadar-1,03-08-2016,44,4942,ककरा खोर,भौवापार,ग्रामीण क्षेत्र,1500,upto 3 m,1700,1750,1800,3-5 m,16500,25000,22000,base,,145,115,90,65,135,105,95,62,125,98,85,58,100,90,70,46,0.081/0.142/0.202 ha,
sadar1,Sadar-1,03-08-2016,45,4948,कलानी बुजुर्ग,भौवापार,ग्रामीण क्षेत्र,5500,upto 3 m,5700,5900,6000,3-5 m,23000,31500,26000,base,,195,165,118,75,182,153,112,66,177,147,106,60,150,130,94,55,0.081/0.142/0.202 ha,
sadar1,Sadar-1,03-08-2016,46,4944,कलानी खुर्द,भौवापार,ग्रामीण क्षेत्र,5500,upto 3 m,5700,5900,6000,3-5 m,23000,31500,26000,base,,195,165,118,75,182,153,112,66,177,147,106,60,150,130,94,55,0.081/0.142/0.202 ha,
sadar1,Sadar-1,03-08-2016,47,4959,कस्थैया जोत,भौवापार,ग्रामीण क्षेत्र,1500,upto 3 m,1700,1750,1800,3-5 m,16500,25000,22000,base,,145,115,90,65,135,105,95,62,125,98,85,58,100,90,70,46,0.081/0.142/0.202 ha,
sadar1,Sadar-1,03-08-2016,48,4962,कथैया डाड,भौवापार,ग्रामीण क्षेत्र,1500,upto 3 m,1700,1750,1800,3-5 m,16500,25000,22000,base,,145,115,90,65,135,105,95,62,125,98,85,58,100,90,70,46,0.081/0.142/0.202 ha,
sadar1,Sadar-1,03-08-2016,49,4949,केवट कच्छा अव्वल,भौवापार,ग्रामीण क्षेत्र,1500,upto 3 m,1700,1750,1800,3-5 m,16500,25000,22000,base,,145,115,90,65,135,105,95,62,125,98,85,58,100,90,70,46,0.081/0.142/0.202 ha,
sadar1,Sadar-1,03-08-2016,50,4950,केवट कच्छा सानी,भौवापार,ग्रामीण क्षेत्र,1500,upto 3 m,1700,1750,1800,3-5 m,16500,25000,22000,base,,145,115,90,65,135,105,95,62,125,98,85,58,100,90,70,46,0.081/0.142/0.202 ha,
sadar1,Sadar-1,03-08-2016,51,4963,कोडरा,भौवापार,ग्रामीण क्षेत्र,1500,upto 3 m,1700,1750,1800,3-5 m,16500,25000,22000,base,,145,115,90,65,135,105,95,62,125,98,85,58,100,90,70,46,0.081/0.142/0.202 ha,
sadar1,Sadar-1,03-08-2016,52,4964,कोहरिया,भौवापार,ग्रामीण क्षेत्र,1500,upto 3 m,1700,1750,1800,3-5 m,16500,25000,22000,base,,145,115,90,65,135,105,95,62,125,98,85,58,100,90,70,46,0.081/0.142/0.202 ha,
sadar1,Sadar-1,03-08-2016,53,4970,काजीपुर खुर्द,हवेली,ग्रामीण क्षेत्र,1500,upto 3 m,1700,1750,1800,3-5 m,16500,25000,22000,base,,145,115,90,65,135,105,95,62,125,98,85,58,100,90,70,46,0.081/0.142/0.202 ha,
sadar1,Sadar-1,03-08-2016,54,4951,कैथवलिया तप्पा पतरा,हवेली,ग्रामीण क्षेत्र,1500,upto 3 m,1700,1750,1800,3-5 m,16500,25000,22000,base,,145,115,90,65,135,105,95,62,125,98,85,58,100,90,70,46,0.081/0.142/0.202 ha,
sadar1,Sadar-1,03-08-2016,55,4957,करहिया तप्पा हवेली,हवेली,ग्रामीण क्षेत्र,1500,upto 3 m,1700,1750,1800,3-5 m,16500,25000,22000,base,,145,115,90,65,135,105,95,62,125,98,85,58,100,90,70,46,0.081/0.142/0.202 ha,
sadar1,Sadar-1,03-08-2016,56,4952,करमहॉं तप्पा पतरा,हवेली,ग्रामीण क्षेत्र,1500,upto 3 m,1700,1750,1800,3-5 m,16500,25000,22000,base,,145,115,90,65,135,105,95,62,125,98,85,58,100,90,70,46,0.081/0.142/0.202 ha,
sadar1,Sadar-1,03-08-2016,57,4943,कोडर तप्पा हवेली,हवेली,ग्रामीण क्षेत्र,1500,upto 3 m,1700,1750,1800,3-5 m,16500,25000,22000,base,,145,115,90,65,135,105,95,62,125,98,85,58,100,90,70,46,0.081/0.142/0.202 ha,comm: village name partly illegible (first word)
sadar1,Sadar-1,03-08-2016,58,4862,कोनी तप्पा हवेली,हवेली,ग्रामीण क्षेत्र,5500,upto 3 m,5700,5900,6000,3-5 m,23000,31500,26000,base,,195,165,118,75,182,153,112,66,177,147,106,60,150,130,94,55,0.081/0.142/0.202 ha,
sadar1,Sadar-1,03-08-2016,59,4961,कोटवा,हवेली,ग्रामीण क्षेत्र,1500,upto 3 m,1700,1750,1800,3-5 m,16500,25000,22000,base,,145,115,90,65,135,105,95,62,125,98,85,58,100,90,70,46,0.081/0.142/0.202 ha,comm: village name partly illegible
sadar1,Sadar-1,03-08-2016,60,4941,कुई तप्पा राजधानी,हवेली,ग्रामीण क्षेत्र,1500,upto 3 m,1700,1750,1800,3-5 m,16500,25000,22000,base,,145,115,90,65,135,105,95,62,125,98,85,58,100,90,70,46,0.081/0.142/0.202 ha,
sadar1,Sadar-1,03-08-2016,61,4946,कुरमौल उर्फ बड़हरा,हवेली,ग्रामीण क्षेत्र,1500,upto 3 m,1700,1750,1800,3-5 m,16500,25000,22000,base,,145,115,90,65,135,105,95,62,125,98,85,58,100,90,70,46,0.081/0.142/0.202 ha,
sadar1,Sadar-1,03-08-2016,62,4955,करमैनी,हवेली,ग्रामीण क्षेत्र,1500,upto 3 m,1700,1750,1800,3-5 m,16500,25000,22000,base,,145,115,90,65,135,105,95,62,125,98,85,58,100,90,70,46,0.081/0.142/0.202 ha,
sadar1,Sadar-1,03-08-2016,63,4966,करन्जही,हवेली,ग्रामीण क्षेत्र,1500,upto 3 m,1700,1750,1800,3-5 m,16500,25000,22000,base,,145,115,90,65,135,105,95,62,125,98,85,58,100,90,70,46,0.081/0.142/0.202 ha,
sadar1,Sadar-1,03-08-2016,64,4945,कुडवा,हवेली,ग्रामीण क्षेत्र,1500,upto 3 m,1700,1750,1800,3-5 m,16500,25000,22000,base,,145,115,90,65,135,105,95,62,125,98,85,58,100,90,70,46,0.081/0.142/0.202 ha,
sadar1,Sadar-1,03-08-2016,65,0043,खूनीपुर,शेषपुर,नगरीय,19000,upto 3 m,20000,21000,22500,3-5 m,80000,88000,78500,base,,,,,,,,,,,,,,,,,,0.081/0.142/0.202 ha,agri: all rate cols printed as dash
sadar1,Sadar-1,03-08-2016,66,0043,खूनीपुर आशिंक,इस्माईलपुर,नगरीय,19000,upto 3 m,20000,21000,22500,3-5 m,80000,88000,78500,base,,,,,,,,,,,,,,,,,,0.081/0.142/0.202 ha,agri: all rate cols printed as dash
sadar1,Sadar-1,03-08-2016,67,0049,खोखरटोला,इस्माईलपुर,नगरीय,10500,upto 3 m,11700,12800,14000,3-5 m,80000,88000,78500,base,,,,,,,,,,,,,,,,,,0.081/0.142/0.202 ha,agri: all rate cols printed as dash
sadar1,Sadar-1,03-08-2016,68,4973,खडराइच बुजुर्ग,हवेली,ग्रामीण क्षेत्र,1500,upto 3 m,1700,1750,1800,3-5 m,16500,25000,22000,base,,145,115,90,65,135,105,95,62,125,98,85,58,100,90,70,46,0.081/0.142/0.202 ha,
sadar1,Sadar-1,03-08-2016,69,4972,खडराइच खुर्द,हवेली,ग्रामीण क्षेत्र,1500,upto 3 m,1700,1750,1800,3-5 m,16500,25000,22000,base,,145,115,90,65,135,105,95,62,125,98,85,58,100,90,70,46,0.081/0.142/0.202 ha,
sadar1,Sadar-1,03-08-2016,70,4971,खझवा,हवेली,ग्रामीण क्षेत्र,1500,upto 3 m,1700,1750,1800,3-5 m,16500,25000,22000,base,,145,115,90,65,135,105,95,62,125,98,85,58,100,90,70,46,0.081/0.142/0.202 ha,
sadar1,Sadar-1,03-08-2016,71,4976,खैराबाद,हवेली,ग्रामीण क्षेत्र,1500,upto 3 m,1700,1750,1800,3-5 m,16500,25000,22000,base,,145,115,90,65,135,105,95,62,125,98,85,58,100,90,70,46,0.081/0.142/0.202 ha,
sadar1,Sadar-1,03-08-2016,72,4977,खिरिया तप्पा पतरा,हवेली,ग्रामीण क्षेत्र,1500,upto 3 m,1700,1750,1800,3-5 m,16500,25000,22000,base,,145,115,90,65,135,105,95,62,125,98,85,58,100,90,70,46,0.081/0.142/0.202 ha,
sadar1,Sadar-1,03-08-2016,73,4979,खिरवनिया,हवेली,ग्रामीण क्षेत्र,1600,upto 3 m,1700,1800,1900,3-5 m,16500,25000,22000,base,,165,130,110,75,135,125,105,68,130,110,95,64,120,100,80,50,0.081/0.142/0.202 ha,
sadar1,Sadar-1,03-08-2016,74,4975,खोड़वा,हवेली,ग्रामीण क्षेत्र,1500,upto 3 m,1700,1750,1800,3-5 m,16500,25000,22000,base,,145,115,90,65,135,105,95,62,125,98,85,58,100,90,70,46,0.081/0.142/0.202 ha,
sadar1,Sadar-1,03-08-2016,75,0123,गीतावाटिका,घोषीपुरवा,नगरीय,11700,upto 3 m,12800,14000,15000,3-5 m,80000,88000,78500,base,,,,,,,,,,,,,,,,,,0.081/0.142/0.202 ha,agri: all rate cols printed as dash
sadar1,Sadar-1,03-08-2016,76,0067,गाजीरौजा,दीवान बाजार,नगरीय,16000,upto 3 m,17000,18000,19000,3-5 m,80000,88000,78500,base,,,,,,,,,,,,,,,,,,0.081/0.142/0.202 ha,agri: all rate cols printed as dash; vcode last digit under signature (read 0067)
sadar1,Sadar-1,03-08-2016,77,4994,गोपालपुर,भौवापार,ग्रामीण क्षेत्र,1500,upto 3 m,1700,1750,1800,3-5 m,16500,25000,22000,base,,145,115,90,65,135,105,95,62,125,98,85,58,100,90,70,46,0.081/0.142/0.202 ha,
sadar1,Sadar-1,03-08-2016,78,4809,गुरौली बुजुर्ग,भौवापार,ग्रामीण क्षेत्र,7000,upto 3 m,7500,7800,8000,3-5 m,32500,42000,36500,base,,280,240,182,102,278,235,175,100,265,230,160,90,210,185,140,85,0.081/0.142/0.202 ha,
sadar1,Sadar-1,03-08-2016,79,5404,गुरौली खुर्द,भौवापार,ग्रामीण क्षेत्र,7000,upto 3 m,7500,7800,8000,3-5 m,32500,42000,36500,base,,280,240,182,102,278,235,175,100,265,230,160,90,210,185,140,85,0.081/0.142/0.202 ha,road: vcode first digit partly obscured by signature
sadar1,Sadar-1,03-08-2016,80,4997,गौरीमंगलपुर,हवेली,ग्रामीण क्षेत्र,1500,upto 3 m,1700,1750,1800,3-5 m,16500,25000,22000,base,,145,115,90,65,135,105,95,62,125,98,85,58,100,90,70,46,0.081/0.142/0.202 ha,
sadar1,Sadar-1,03-08-2016,81,4866,गहिरा तप्पा राजधानी,हवेली,ग्रामीण क्षेत्र,5500,upto 3 m,5700,5900,6000,3-5 m,23000,31500,26000,base,,280,240,182,102,278,235,175,100,265,230,160,90,210,185,140,85,0.081/0.142/0.202 ha,
sadar1,Sadar-1,03-08-2016,82,4995,गौर तप्पा राजधानी,हवेली,ग्रामीण क्षेत्र,1500,upto 3 m,1700,1750,1800,3-5 m,16500,25000,22000,base,,145,115,90,65,135,105,95,62,125,98,85,58,100,90,70,46,0.081/0.142/0.202 ha,
sadar1,Sadar-1,03-08-2016,83,4998,गम्भीरपुर,हवेली,ग्रामीण क्षेत्र,1500,upto 3 m,1700,1750,1800,3-5 m,16500,25000,22000,base,,145,115,90,65,135,105,95,62,125,98,85,58,100,90,70,46,0.081/0.142/0.202 ha,
sadar1,Sadar-1,03-08-2016,84,4992,गम्भीरपुर कम्हरिया त0 पतरा,हवेली,ग्रामीण क्षेत्र,1500,upto 3 m,1700,1750,1800,3-5 m,16500,25000,22000,base,,145,115,90,65,135,105,95,62,125,98,85,58,100,90,70,46,0.081/0.142/0.202 ha,
sadar1,Sadar-1,03-08-2016,85,4993,गोपाला तप्पा राजधानी,हवेली,ग्रामीण क्षेत्र,1500,upto 3 m,1700,1750,1800,3-5 m,16500,25000,22000,base,,145,115,90,65,135,105,95,62,125,98,85,58,100,90,70,46,0.081/0.142/0.202 ha,
sadar1,Sadar-1,03-08-2016,86,0046,घासीकटरा,मिर्जापुर,नगरीय,10500,upto 3 m,11700,12800,14000,3-5 m,80000,88000,78500,base,,,,,,,,,,,,,,,,,,0.081/0.142/0.202 ha,agri: all rate cols printed as dash
sadar1,Sadar-1,03-08-2016,87,0046,घासीकटरा,इस्माईलपुर,नगरीय,10500,upto 3 m,11700,12800,14000,3-5 m,80000,88000,78500,base,,,,,,,,,,,,,,,,,,0.081/0.142/0.202 ha,agri: all rate cols printed as dash
sadar1,Sadar-1,03-08-2016,88,0057,घोषीपुरवा आंशिक,घोषीपुरवा,नगरीय,10500,upto 3 m,11700,12800,14000,3-5 m,80000,88000,78500,base,,,,,,,,,,,,,,,,,,0.081/0.142/0.202 ha,agri: all rate cols printed as dash
sadar1,Sadar-1,03-08-2016,89,0100,घोषीपुर,इलाहीबाग,नगरीय,10500,upto 3 m,11700,12800,14000,3-5 m,80000,88000,78500,base,,,,,,,,,,,,,,,,,,0.081/0.142/0.202 ha,agri: all rate cols printed as dash
sadar1,Sadar-1,03-08-2016,90,5011,घोडादेउर,हवेली,ग्रामीण क्षेत्र,1500,upto 3 m,1700,1750,1800,3-5 m,16500,25000,22000,base,,145,115,90,65,135,105,95,62,125,98,85,58,100,90,70,46,0.081/0.142/0.202 ha,
sadar1,Sadar-1,03-08-2016,91,0001,चरगॉवा,चरगॉवा,नगरीय,11700,upto 3 m,12800,14000,15000,3-5 m,80000,88000,78500,base,,0,660,560,253,0,615,520,235,0,590,500,225,0,472,425,220,0.081/0.142/0.202 ha,"agri: 0 printed in cols 5,9,13,17"
sadar1,Sadar-1,03-08-2016,92,0031,चकसाहुसैन,चकसाहुसैन,नगरीय,11700,upto 3 m,12800,14000,15000,3-5 m,64000,73500,63000,base,,0,660,560,253,0,615,520,235,0,590,500,225,0,472,425,220,0.081/0.142/0.202 ha,"agri: 0 printed in cols 5,9,13,17"
sadar1,Sadar-1,03-08-2016,93,0031,चकसा हुसैन आंशिक,रामजानकी नगर,नगरीय,11700,upto 3 m,12800,14000,15000,3-5 m,64000,73500,63000,base,,0,660,560,253,0,615,520,235,0,590,500,225,0,472,425,220,0.081/0.142/0.202 ha,"agri: 0 printed in cols 5,9,13,17"
sadar1,Sadar-1,03-08-2016,94,0008,चैनपुर,सेमरा,नगरीय,10500,upto 3 m,11700,12800,14000,3-5 m,80000,88000,78500,base,,0,660,560,253,0,615,520,235,0,590,500,225,0,472,425,220,0.081/0.142/0.202 ha,"agri: 0 printed in cols 5,9,13,17"
sadar1,Sadar-1,03-08-2016,95,5023,चकउदैला,भौवापार,ग्रामीण क्षेत्र,1500,upto 3 m,1700,1750,1800,3-5 m,16500,25000,22000,base,,145,115,90,65,135,105,95,62,125,98,85,58,100,90,70,46,0.081/0.142/0.202 ha,
sadar1,Sadar-1,03-08-2016,96,5024,चकटेल्हना,भौवापार,ग्रामीण क्षेत्र,1500,upto 3 m,1700,1750,1800,3-5 m,16500,25000,22000,base,,145,115,90,65,135,105,95,62,125,98,85,58,100,90,70,46,0.081/0.142/0.202 ha,road: village name partly unclear (scan streak)
sadar1,Sadar-1,03-08-2016,97,5016,चेरिया,भौवापार,ग्रामीण क्षेत्र,1500,upto 3 m,1700,1750,1800,3-5 m,16500,25000,22000,base,,145,115,90,65,135,105,95,62,125,98,85,58,100,90,70,46,0.081/0.142/0.202 ha,
sadar1,Sadar-1,03-08-2016,98,5018,चकजलाल तप्पा पतरा,हवेली,ग्रामीण क्षेत्र,1500,upto 3 m,1700,1750,1800,3-5 m,16500,25000,22000,base,,145,115,90,65,135,105,95,62,125,98,85,58,100,90,70,46,0.081/0.142/0.202 ha,
sadar1,Sadar-1,03-08-2016,99,5026,चकमजीदा बीबी,हवेली,ग्रामीण क्षेत्र,1500,upto 3 m,1700,1750,1800,3-5 m,16500,25000,22000,base,,145,115,90,65,135,105,95,62,125,98,85,58,100,90,70,46,0.081/0.142/0.202 ha,
sadar1,Sadar-1,03-08-2016,100,5029,चकिया,हवेली,ग्रामीण क्षेत्र,1500,upto 3 m,1700,1750,1800,3-5 m,16500,25000,22000,base,,145,115,90,65,135,105,95,62,125,98,85,58,100,90,70,46,0.081/0.142/0.202 ha,
sadar1,Sadar-1,03-08-2016,101,5028,चनगही,हवेली,ग्रामीण क्षेत्र,1500,upto 3 m,1700,1750,1800,3-5 m,16500,25000,22000,base,,145,115,90,65,135,105,95,62,125,98,85,58,100,90,70,46,0.081/0.142/0.202 ha,
sadar1,Sadar-1,03-08-2016,102,5019,चार्फो,हवेली,ग्रामीण क्षेत्र,1500,upto 3 m,1700,1750,1800,3-5 m,16500,25000,22000,base,,145,115,90,65,135,105,95,62,125,98,85,58,100,90,70,46,0.081/0.142/0.202 ha,
sadar1,Sadar-1,03-08-2016,103,4863,चिलबिलवा,हवेली,ग्रामीण क्षेत्र,6000,upto 3 m,6500,6900,7200,3-5 m,23000,31500,26000,base,,200,175,125,80,190,170,120,75,185,155,115,70,150,130,94,55,0.081/0.142/0.202 ha,agri: other_a printed with stray mark (.150); read 150
sadar1,Sadar-1,03-08-2016,104,5021,चिउराडीह,हवेली,ग्रामीण क्षेत्र,1500,upto 3 m,1700,1750,1800,3-5 m,16500,25000,22000,base,,145,115,90,65,135,105,95,62,125,98,85,58,100,90,70,46,0.081/0.142/0.202 ha,
sadar1,Sadar-1,03-08-2016,105,5022,चिउटहा तप्पा पतरा,हवेली,ग्रामीण क्षेत्र,1500,upto 3 m,1700,1750,1800,3-5 m,16500,25000,22000,base,,145,115,90,65,135,105,95,62,125,98,85,58,100,90,70,46,0.081/0.142/0.202 ha,
sadar1,Sadar-1,03-08-2016,106,5020,चिउटीजाम तप्पा हवेली,हवेली,ग्रामीण क्षेत्र,1500,upto 3 m,1700,1750,1800,3-5 m,16500,25000,22000,base,,145,115,90,65,135,105,95,62,125,98,85,58,100,90,70,46,0.081/0.142/0.202 ha,
sadar1,Sadar-1,03-08-2016,107,5025,चकदेईया तप्पा राजधानी,हवेली,ग्रामीण क्षेत्र,1500,upto 3 m,1700,1750,1800,3-5 m,16500,25000,22000,base,,145,115,90,65,135,105,95,62,125,98,85,58,100,90,70,46,0.081/0.142/0.202 ha,
sadar1,Sadar-1,03-08-2016,108,4810,छपिया,भौवापार,ग्रामीण क्षेत्र,7000,upto 3 m,7500,7800,8000,3-5 m,32500,42000,36500,base,,280,240,182,102,278,235,175,100,265,230,160,90,210,185,140,85,0.081/0.142/0.202 ha,
sadar1,Sadar-1,03-08-2016,109,5042,छपरा तप्पा राजधानी,हवेली,ग्रामीण क्षेत्र,1500,upto 3 m,1700,1750,1800,3-5 m,16500,25000,22000,base,,145,115,90,65,135,105,95,62,125,98,85,58,100,90,70,46,0.081/0.142/0.202 ha,
sadar1,Sadar-1,03-08-2016,110,5041,छितौनी,हवेली,ग्रामीण क्षेत्र,1500,upto 3 m,1700,1750,1800,3-5 m,16500,25000,22000,base,,145,115,90,65,135,105,95,62,125,98,85,58,100,90,70,46,0.081/0.142/0.202 ha,
sadar1,Sadar-1,03-08-2016,111,5043,छितौना एहतमाली,हवेली,ग्रामीण क्षेत्र,1500,upto 3 m,1700,1750,1800,3-5 m,16500,25000,22000,base,,145,115,90,65,135,105,95,62,125,98,85,58,100,90,70,46,0.081/0.142/0.202 ha,
sadar1,Sadar-1,03-08-2016,112,5410,छितौना मुस्तकिल,हवेली,ग्रामीण क्षेत्र,1500,upto 3 m,1700,1750,1800,3-5 m,16500,25000,22000,base,,145,115,90,65,135,105,95,62,125,98,85,58,100,90,70,46,0.081/0.142/0.202 ha,
sadar1,Sadar-1,03-08-2016,113,0030,जं0 नकहा नं0 2,उर्वरक नगर,नगरीय,11700,upto 3 m,12800,14000,15000,3-5 m,64000,73500,63000,base,,0,660,560,253,0,615,520,235,0,590,500,225,0,472,425,220,0.081/0.142/0.202 ha,
sadar1,Sadar-1,03-08-2016,114,0007,जं0 महुअवा उर्फ मोहम्मदपुर,चरगॉवा,नगरीय,10500,upto 3 m,11700,12800,14000,3-5 m,80000,88000,78500,base,,0,660,560,253,0,615,520,235,0,590,500,225,0,472,425,220,0.081/0.142/0.202 ha,
sadar1,Sadar-1,03-08-2016,115,0052,जटेपुर रेलवे कालोनी,जटेपुर रेलवे कालोनी,नगरीय,11700,upto 3 m,12800,14000,15000,3-5 m,80000,88000,78500,base,,,,,,,,,,,,,,,,,,0.081/0.142/0.202 ha,
sadar1,Sadar-1,03-08-2016,116,0054,जटेपुर उत्तरी आंशिक,कृष्णा नगर,नगरीय,11700,upto 3 m,12800,14000,15000,3-5 m,64000,73500,63000,base,,,,,,,,,,,,,,,,,,0.081/0.142/0.202 ha,
sadar1,Sadar-1,03-08-2016,117,0038,जटेपुर उत्तरी,जटेपुर उत्तरी,नगरीय,11700,upto 3 m,12800,14000,15000,3-5 m,64000,73500,63000,base,,,,,,,,,,,,,,,,,,0.081/0.142/0.202 ha,agri: duplicate vcode+name with serial 118 as printed
sadar1,Sadar-1,03-08-2016,118,0038,जटेपुर उत्तरी,लोहिया नगर,नगरीय,11700,upto 3 m,12800,14000,15000,3-5 m,64000,73500,63000,base,,,,,,,,,,,,,,,,,,0.081/0.142/0.202 ha,agri: duplicate vcode+name with serial 117 as printed
sadar1,Sadar-1,03-08-2016,119,0033,जं0 सालिकराम,जं0 सालिकराम,नगरीय,11700,upto 3 m,12800,14000,15000,3-5 m,64000,73500,63000,base,,0,660,560,253,0,615,520,235,0,590,500,225,0,472,425,220,0.081/0.142/0.202 ha,
sadar1,Sadar-1,03-08-2016,120,0029,जं0 नकहा नं0 1,जं0 नकहा नं0 1,नगरीय,11700,upto 3 m,12800,14000,15000,3-5 m,64000,73500,63000,base,,0,660,560,253,0,615,520,235,0,590,500,225,0,472,425,220,0.081/0.142/0.202 ha,
sadar1,Sadar-1,03-08-2016,121,0013,जं0 बेनीमाधव नं0 1,जं0 बेनीमाधव,नगरीय,11700,upto 3 m,12800,14000,15000,3-5 m,80000,88000,78500,base,,0,660,560,253,0,615,520,235,0,590,500,225,0,472,425,220,0.081/0.142/0.202 ha,
sadar1,Sadar-1,03-08-2016,122,0014,जं0 बेनीमाधव नं0 2,जं0 बेनीमाधव,नगरीय,11700,upto 3 m,12800,14000,15000,3-5 m,80000,88000,78500,base,,0,660,560,253,0,615,520,235,0,590,500,225,0,472,425,220,0.081/0.142/0.202 ha,
sadar1,Sadar-1,03-08-2016,123,0146,जनप्रिय विहार कालोनी,जनप्रिय विहार,नगरीय,19000,upto 3 m,20000,21000,23000,3-5 m,80000,88000,78500,base,,,,,,,,,,,,,,,,,,0.081/0.142/0.202 ha,agri: vcode 0146 also printed for serial 126
sadar1,Sadar-1,03-08-2016,124,0088,जाफरा बाजार,जाफरा बाजार,नगरीय,11700,upto 3 m,12800,14000,15000,3-5 m,80000,88000,78500,base,,,,,,,,,,,,,,,,,,0.081/0.142/0.202 ha,
sadar1,Sadar-1,03-08-2016,125,0041,जाहिदाबाद,पुराना गोरखपुर,नगरीय,11700,upto 3 m,11700,12800,14000,3-5 m,80000,88000,78500,base,,,,,,,,,,,,,,,,,,0.081/0.142/0.202 ha,
sadar1,Sadar-1,03-08-2016,126,0146,जनप्रिय विहार आवासीय योजना,गोरखपुर विकास प्राधिकरण द्वारा विकसित कालोनी,नगरीय,19000,upto 3 m,20000,21500,23500,3-5 m,80000,88000,78500,base,,,,,,,,,,,,,,,,,,0.081/0.142/0.202 ha,agri: vcode 0146 also printed for serial 123
sadar1,Sadar-1,03-08-2016,127,0124,जप्ती टोला,विकास नगर,नगरीय,19000,upto 3 m,20000,21500,23500,3-5 m,64000,73500,63000,base,,,,,,,,,,,,,,,,,,0.081/0.142/0.202 ha,
sadar1,Sadar-1,03-08-2016,128,0034,जं0 मातादीन,शिवपुर सहबाजगंज,नगरीय,11700,upto 3 m,12800,14000,15000,3-5 m,64000,73500,63000,base,,0,660,560,253,0,615,520,235,0,590,500,225,0,472,425,220,0.081/0.142/0.202 ha,
sadar1,Sadar-1,03-08-2016,129,0035,जं0 हकीम नं0 1,शिवपुर सहबाजगंज,नगरीय,11700,upto 3 m,12800,14000,15000,3-5 m,64000,73500,63000,base,,0,660,560,253,0,615,520,235,0,590,500,225,0,472,425,220,0.081/0.142/0.202 ha,
sadar1,Sadar-1,03-08-2016,130,4181,जं0 सिकरी उर्फ खोराबार,हवेली,अर्धनगरीय,9200,upto 3 m,10000,10200,10500,3-5 m,64000,73500,63000,base,,0,510,430,222,0,475,400,215,0,460,395,210,0,365,306,200,0.081/0.142/0.202 ha,
sadar1,Sadar-1,03-08-2016,131,4182,जं0 बहादुर अली,हवेली,अर्धनगरीय,9200,upto 3 m,10000,10200,10500,3-5 m,64000,73500,63000,base,,0,510,430,222,0,475,400,215,0,460,395,210,0,365,306,200,0.081/0.142/0.202 ha,
sadar1,Sadar-1,03-08-2016,132,4185,जं0 रामगढ उर्फ चवरी,हवेली,अर्धनगरीय,9200,upto 3 m,10000,10200,10500,3-5 m,64000,73500,63000,base,,0,510,430,222,0,475,400,215,0,460,395,210,0,365,306,200,0.081/0.142/0.202 ha,
sadar1,Sadar-1,03-08-2016,133,5072,जोत अरण्डा,भौवापार,ग्रामीण क्षेत्र,1500,upto 3 m,1700,1750,1800,3-5 m,16500,25000,22000,base,,145,115,90,65,135,105,95,62,125,98,85,58,100,90,70,46,0.081/0.142/0.202 ha,
sadar1,Sadar-1,03-08-2016,134,5078,जोत बडहरा,भौवापार,ग्रामीण क्षेत्र,1500,upto 3 m,1700,1750,1800,3-5 m,16500,25000,22000,base,,145,115,90,65,135,105,95,62,125,98,85,58,100,90,70,46,0.081/0.142/0.202 ha,
sadar1,Sadar-1,03-08-2016,135,5077,जोत बगही,भौवापार,ग्रामीण क्षेत्र,1500,upto 3 m,1700,1750,1800,3-5 m,16500,25000,22000,base,,145,115,90,65,135,105,95,62,125,98,85,58,100,90,70,46,0.081/0.142/0.202 ha,
sadar1,Sadar-1,03-08-2016,136,5092,जोत भगडा,भौवापार,ग्रामीण क्षेत्र,1500,upto 3 m,1700,1750,1800,3-5 m,16500,25000,22000,base,,145,115,90,65,135,105,95,62,125,98,85,58,100,90,70,46,0.081/0.142/0.202 ha,
sadar1,Sadar-1,03-08-2016,137,5079,जोत बंडा,भौवापार,ग्रामीण क्षेत्र,1500,upto 3 m,1700,1750,1800,3-5 m,16500,25000,22000,base,,145,115,90,65,135,105,95,62,125,98,85,58,100,90,70,46,0.081/0.142/0.202 ha,
sadar1,Sadar-1,03-08-2016,138,5086,जोत डडवा,भौवापार,ग्रामीण क्षेत्र,1500,upto 3 m,1700,1750,1800,3-5 m,16500,25000,22000,base,,145,115,90,65,135,105,95,62,125,98,85,58,100,90,70,46,0.081/0.142/0.202 ha,
sadar1,Sadar-1,03-08-2016,139,5049,जोत डेहरा,भौवापार,ग्रामीण क्षेत्र,1500,upto 3 m,1700,1750,1800,3-5 m,16500,25000,22000,base,,145,115,90,65,135,105,95,62,125,98,85,58,100,90,70,46,0.081/0.142/0.202 ha,
sadar1,Sadar-1,03-08-2016,140,5088,जोत फरसही,भौवापार,ग्रामीण क्षेत्र,1500,upto 3 m,1700,1750,1800,3-5 m,16500,25000,22000,base,,145,115,90,65,135,105,95,62,125,98,85,58,100,90,70,46,0.081/0.142/0.202 ha,
sadar1,Sadar-1,03-08-2016,141,5071,जोत जरलही,भौवापार,ग्रामीण क्षेत्र,1500,upto 3 m,1700,1750,1800,3-5 m,16500,25000,22000,base,,145,115,90,65,135,105,95,62,125,98,85,58,100,90,70,46,0.081/0.142/0.202 ha,
sadar1,Sadar-1,03-08-2016,142,5074,जोत खैरा,भौवापार,ग्रामीण क्षेत्र,1500,upto 3 m,1700,1750,1800,3-5 m,16500,25000,22000,base,,145,115,90,65,135,105,95,62,125,98,85,58,100,90,70,46,0.081/0.142/0.202 ha,
sadar1,Sadar-1,03-08-2016,143,5089,जोत मामापार,भौवापार,ग्रामीण क्षेत्र,1500,upto 3 m,1700,1750,1800,3-5 m,16500,25000,22000,base,,145,115,90,65,135,105,95,62,125,98,85,58,100,90,70,46,0.081/0.142/0.202 ha,
sadar1,Sadar-1,03-08-2016,144,5081,जोत मुडियारी,भौवापार,ग्रामीण क्षेत्र,1500,upto 3 m,1700,1750,1800,3-5 m,16500,25000,22000,base,,145,115,90,65,135,105,95,62,125,98,85,58,100,90,70,46,0.081/0.142/0.202 ha,
sadar1,Sadar-1,03-08-2016,145,5076,जोत पटिया,भौवापार,ग्रामीण क्षेत्र,1500,upto 3 m,1700,1750,1800,3-5 m,16500,25000,22000,base,,145,115,90,65,135,105,95,62,125,98,85,58,100,90,70,46,0.081/0.142/0.202 ha,
sadar1,Sadar-1,03-08-2016,146,5083,जोत सरहरी,भौवापार,ग्रामीण क्षेत्र,1500,upto 3 m,1700,1750,1800,3-5 m,16500,25000,22000,base,,145,115,90,65,135,105,95,62,125,98,85,58,100,90,70,46,0.081/0.142/0.202 ha,
sadar1,Sadar-1,03-08-2016,147,5082,जोत सिकरी,भौवापार,ग्रामीण क्षेत्र,1500,upto 3 m,1700,1750,1800,3-5 m,16500,25000,22000,base,,145,115,90,65,135,105,95,62,125,98,85,58,100,90,70,46,0.081/0.142/0.202 ha,
sadar1,Sadar-1,03-08-2016,148,5091,जोत सिन्दवार,भौवापार,ग्रामीण क्षेत्र,1500,upto 3 m,1700,1750,1800,3-5 m,16500,25000,22000,base,,145,115,90,65,135,105,95,62,125,98,85,58,100,90,70,46,0.081/0.142/0.202 ha,
sadar1,Sadar-1,03-08-2016,149,5087,जोत ढाढेडीह,भौवापार,ग्रामीण क्षेत्र,1500,upto 3 m,1700,1750,1800,3-5 m,16500,25000,22000,base,,145,115,90,65,135,105,95,62,125,98,85,58,100,90,70,46,0.081/0.142/0.202 ha,
sadar1,Sadar-1,03-08-2016,150,5073,जोत कोडरा,भौवापार,ग्रामीण क्षेत्र,1500,upto 3 m,1700,1750,1800,3-5 m,16500,25000,22000,base,,145,115,90,65,135,105,95,62,125,98,85,58,100,90,70,46,0.081/0.142/0.202 ha,
sadar1,Sadar-1,03-08-2016,151,5080,जोत भगडा नं0 15,भौवापार,ग्रामीण क्षेत्र,1500,upto 3 m,1700,1750,1800,3-5 m,16500,25000,22000,base,,145,115,90,65,135,105,95,62,125,98,85,58,100,90,70,46,0.081/0.142/0.202 ha,
sadar1,Sadar-1,03-08-2016,152,5084,जोत सुकुलही,भौवापार,ग्रामीण क्षेत्र,1500,upto 3 m,1700,1750,1800,3-5 m,16500,25000,22000,base,,145,115,90,65,135,105,95,62,125,98,85,58,100,90,70,46,0.081/0.142/0.202 ha,
sadar1,Sadar-1,03-08-2016,153,5085,जोत सोझवार,भौवापार,ग्रामीण क्षेत्र,1500,upto 3 m,1700,1750,1800,3-5 m,16500,25000,22000,base,,145,115,90,65,135,105,95,62,125,98,85,58,100,90,70,46,0.081/0.142/0.202 ha,
sadar1,Sadar-1,03-08-2016,154,5093,जोत वेवहरिया,भौवापार,ग्रामीण क्षेत्र,1500,upto 3 m,1700,1750,1800,3-5 m,16500,25000,22000,base,,145,115,90,65,135,105,95,62,125,98,85,58,100,90,70,46,0.081/0.142/0.202 ha,
sadar1,Sadar-1,03-08-2016,155,5094,जोत भतेहडी,भौवापार,ग्रामीण क्षेत्र,1500,upto 3 m,1700,1750,1800,3-5 m,16500,25000,22000,base,,145,115,90,65,135,105,95,62,125,98,85,58,100,90,70,46,0.081/0.142/0.202 ha,
sadar1,Sadar-1,03-08-2016,156,5095,जोत भिलोरही,भौवापार,ग्रामीण क्षेत्र,1500,upto 3 m,1700,1750,1800,3-5 m,16500,25000,22000,base,,145,115,90,65,135,105,95,62,125,98,85,58,100,90,70,46,0.081/0.142/0.202 ha,
sadar1,Sadar-1,03-08-2016,157,5057,जंगल अखलास कुवर,भौवापार,ग्रामीण क्षेत्र,1500,upto 3 m,1700,1750,1800,3-5 m,16500,25000,22000,base,,145,115,90,65,135,105,95,62,125,98,85,58,100,90,70,46,0.081/0.142/0.202 ha,
sadar1,Sadar-1,03-08-2016,158,5064,जंगल बुद्विराम सिंह,भौवापार,ग्रामीण क्षेत्र,1500,upto 3 m,1700,1750,1800,3-5 m,16500,25000,22000,base,,145,115,90,65,135,105,95,62,125,98,85,58,100,90,70,46,0.081/0.142/0.202 ha,
sadar1,Sadar-1,03-08-2016,159,4860,जंगल दीर्घन सिंह,भौवापार,ग्रामीण क्षेत्र,5500,upto 3 m,5700,5900,6000,3-5 m,23000,31500,26000,base,,195,165,118,75,182,153,112,66,177,147,106,60,150,130,94,55,0.081/0.142/0.202 ha,
sadar1,Sadar-1,03-08-2016,160,5066,जंगल मोलहू कुवर,भौवापार,ग्रामीण क्षेत्र,1500,upto 3 m,1700,1750,1800,3-5 m,16500,25000,22000,base,,145,115,90,65,135,105,95,62,125,98,85,58,100,90,70,46,0.081/0.142/0.202 ha,
sadar1,Sadar-1,03-08-2016,161,4805,जंगल रानी सुहास कुवरी,भौवापार,ग्रामीण क्षेत्र,7000,upto 3 m,7500,7800,8000,3-5 m,32500,42000,36500,base,,280,240,182,102,278,235,175,100,265,230,160,90,210,185,140,85,0.081/0.142/0.202 ha,
sadar1,Sadar-1,03-08-2016,162,5067,जंगल विशेषर दयाल,भौवापार,ग्रामीण क्षेत्र,1500,upto 3 m,1700,1750,1800,3-5 m,16500,25000,22000,base,,145,115,90,65,135,105,95,62,125,98,85,58,100,90,70,46,0.081/0.142/0.202 ha,
sadar1,Sadar-1,03-08-2016,163,5068,जंगल विश्रामपुर,भौवापार,ग्रामीण क्षेत्र,1500,upto 3 m,1700,1750,1800,3-5 m,16500,25000,22000,base,,145,115,90,65,135,105,95,62,125,98,85,58,100,90,70,46,0.081/0.142/0.202 ha,road: vcode first digit partly obscured by signature
sadar1,Sadar-1,03-08-2016,164,5050,जमुनिया तप्पा पतरा,हवेली,ग्रामीण क्षेत्र,1500,upto 3 m,1700,1750,1800,3-5 m,16500,25000,22000,base,,145,115,90,65,135,105,95,62,125,98,85,58,100,90,70,46,0.081/0.142/0.202 ha,
sadar1,Sadar-1,03-08-2016,165,5052,जंगल केवटलिया,हवेली,ग्रामीण क्षेत्र,1500,upto 3 m,1700,1750,1800,3-5 m,16500,25000,22000,base,,145,115,90,65,135,105,95,62,125,98,85,58,100,90,70,46,0.081/0.142/0.202 ha,
sadar1,Sadar-1,03-08-2016,166,4815,जं0 अयोध्या प्रसाद त0हवेली,हवेली,ग्रामीण क्षेत्र,9000,upto 3 m,9500,10000,10500,3-5 m,32500,42000,36500,base,,280,240,182,102,278,235,175,100,265,230,160,90,210,185,140,85,0.081/0.142/0.202 ha,
sadar1,Sadar-1,03-08-2016,167,4864,जंगल बेलवार,हवेली,ग्रामीण क्षेत्र,6000,upto 3 m,6500,6900,7200,3-5 m,23000,31500,26000,base,,200,175,125,80,190,170,120,75,185,155,115,70,150,130,94,55,0.081/0.142/0.202 ha,
sadar1,Sadar-1,03-08-2016,168,5096,जंगल रामगढ उर्फ सरउर,हवेली,ग्रामीण क्षेत्र,1500,upto 3 m,1700,1750,1800,3-5 m,16500,25000,22000,base,,145,115,90,65,135,105,95,62,125,98,85,58,100,90,70,46,0.081/0.142/0.202 ha,
sadar1,Sadar-1,03-08-2016,169,4861,जंगल रामलखना,हवेली,ग्रामीण क्षेत्र,6000,upto 3 m,6500,6900,7200,3-5 m,23000,31500,26000,base,,200,175,125,80,190,170,120,75,185,155,115,70,150,130,94,55,0.081/0.142/0.202 ha,
sadar1,Sadar-1,03-08-2016,170,4817,जंगल सुमान अली,हवेली,ग्रामीण क्षेत्र,7000,upto 3 m,7500,8000,8500,3-5 m,32500,42000,36500,base,,280,240,182,102,278,235,175,100,265,230,160,90,210,185,140,85,0.081/0.142/0.202 ha,
sadar1,Sadar-1,03-08-2016,171,4857,जंगल नन्दलाल सिंह,हवेली,ग्रामीण क्षेत्र,3800,upto 3 m,4500,5000,5500,3-5 m,16500,25000,22000,base,,200,175,125,80,190,170,120,75,185,155,115,70,150,130,94,55,0.081/0.142/0.202 ha,basic: serial partly hidden by signature; read as 171 by continuity
sadar1,Sadar-1,03-08-2016,172,4858,जंगल महताबराय,हवेली,ग्रामीण क्षेत्र,6100,upto 3 m,6500,7000,7500,3-5 m,23000,31500,26000,base,,280,240,182,102,278,235,175,100,265,230,160,90,210,185,140,85,0.081/0.142/0.202 ha,
sadar1,Sadar-1,03-08-2016,173,5069,जंगल शिवसिंह,हवेली,ग्रामीण क्षेत्र,1500,upto 3 m,1700,1750,1800,3-5 m,16500,25000,22000,base,,145,115,90,65,135,105,95,62,125,98,85,58,100,90,70,46,0.081/0.142/0.202 ha,
sadar1,Sadar-1,03-08-2016,174,5070,जंगल लालपुर मुरली,हवेली,ग्रामीण क्षेत्र,1500,upto 3 m,1700,1750,1800,3-5 m,16500,25000,22000,base,,145,115,90,65,135,105,95,62,125,98,85,58,100,90,70,46,0.081/0.142/0.202 ha,
sadar1,Sadar-1,03-08-2016,175,0002,झुगियां,मानबेला,नगरीय,10700,upto 3 m,11700,12800,14000,3-5 m,80000,88000,78500,base,,0,660,560,253,0,615,520,235,0,590,500,225,0,472,425,220,0.081/0.142/0.202 ha,
sadar1,Sadar-1,03-08-2016,176,5102,टोटहा मुस्तकिल,भौवापार,ग्रामीण क्षेत्र,1500,upto 3 m,1700,1750,1800,3-5 m,16500,25000,22000,base,,145,115,90,65,135,105,95,62,125,98,85,58,100,90,70,46,0.081/0.142/0.202 ha,agri: vcode 2nd digit obscured by signature (5102 or 5002); read 5102
sadar1,Sadar-1,03-08-2016,177,5101,टोटहा एहतमाली,भौवापार,ग्रामीण क्षेत्र,1500,upto 3 m,1700,1750,1800,3-5 m,16500,25000,22000,base,,145,115,90,65,135,105,95,62,125,98,85,58,100,90,70,46,0.081/0.142/0.202 ha,
sadar1,Sadar-1,03-08-2016,178,4184,डोमिनगढ मुस्तकिल,हवेली,अर्धनगरीय,9000,upto 3 m,9500,10000,10500,3-5 m,61500,68000,61000,base,,0,357,301,155,0,332,280,142,0,322,268,138,0,255,214,110,0.081/0.142/0.202 ha,
sadar1,Sadar-1,03-08-2016,179,5416,डोमिनगढ एहतमाली,हवेली,अर्धनगरीय,8500,upto 3 m,9000,9500,10500,3-5 m,61500,68000,61000,base,,0,357,301,155,0,332,280,142,0,322,268,138,0,255,214,110,0.081/0.142/0.202 ha,
sadar1,Sadar-1,03-08-2016,180,5114,डेफरा,भौवापार,ग्रामीण क्षेत्र,1500,upto 3 m,1700,1750,1800,3-5 m,16500,25000,22000,base,,145,115,90,65,135,105,95,62,125,98,85,58,100,90,70,46,0.081/0.142/0.202 ha,
sadar1,Sadar-1,03-08-2016,181,5075,डेफरा जोत,भौवापार,ग्रामीण क्षेत्र,1500,upto 3 m,1700,1750,1800,3-5 m,16500,25000,22000,base,,145,115,90,65,135,105,95,62,125,98,85,58,100,90,70,46,0.081/0.142/0.202 ha,
sadar1,Sadar-1,03-08-2016,182,4812,डांगीपार,हवेली,ग्रामीण क्षेत्र,7000,upto 3 m,7500,8000,8500,3-5 m,32500,42000,36500,base,,280,240,182,102,278,235,175,100,265,230,160,90,210,185,140,85,0.081/0.142/0.202 ha,agri: serial middle digit faint (looks 162); 182 by sequence
sadar1,Sadar-1,03-08-2016,183,5117,डोमनडीह,हवेली,ग्रामीण क्षेत्र,1500,upto 3 m,1700,1750,1800,3-5 m,16500,25000,22000,base,,145,115,90,65,135,105,95,62,125,98,85,58,100,90,70,46,0.081/0.142/0.202 ha,
sadar1,Sadar-1,03-08-2016,184,5115,डोमनडाड,हवेली,ग्रामीण क्षेत्र,1500,upto 3 m,1700,1750,1800,3-5 m,16500,25000,22000,base,,145,115,90,65,135,105,95,62,125,98,85,58,100,90,70,46,0.081/0.142/0.202 ha,
sadar1,Sadar-1,03-08-2016,185,5116,डोमनी तप्पा हवेली,हवेली,ग्रामीण क्षेत्र,5500,upto 3 m,6000,6500,7000,3-5 m,23000,31500,26000,base,,280,240,182,102,278,235,175,100,265,230,160,90,210,185,140,85,0.081/0.142/0.202 ha,
sadar1,Sadar-1,03-08-2016,186,5111,डुहिया,हवेली,ग्रामीण क्षेत्र,1500,upto 3 m,1700,1750,1800,3-5 m,16500,25000,22000,base,,145,115,90,65,135,105,95,62,125,98,85,58,100,90,70,46,0.081/0.142/0.202 ha,
sadar1,Sadar-1,03-08-2016,187,5113,डुमरी,हवेली,ग्रामीण क्षेत्र,1500,upto 3 m,1700,1750,1800,3-5 m,16500,25000,22000,base,,145,115,90,65,135,105,95,62,125,98,85,58,100,90,70,46,0.081/0.142/0.202 ha,
sadar1,Sadar-1,03-08-2016,188,0059,तकियाकवलदह,अधियॉरी बाग,नगरीय,10500,upto 3 m,11700,12800,14000,3-5 m,80000,88000,78500,base,,,,,,,,,,,,,,,,,,0.081/0.142/0.202 ha,agri: duplicate vcode+name with serial 189 as printed
sadar1,Sadar-1,03-08-2016,189,0059,तकियाकवलदह,सूर्यकुण्ड धामनगर,नगरीय,10500,upto 3 m,11700,12800,14000,3-5 m,80000,88000,78500,base,,,,,,,,,,,,,,,,,,0.081/0.142/0.202 ha,agri: duplicate vcode+name with serial 188 as printed
sadar1,Sadar-1,03-08-2016,190,0070,तिवारीपुर,तिवारीपुर,नगरीय,12800,upto 3 m,14000,14500,15000,3-5 m,80000,88000,78500,base,,,,,,,,,,,,,,,,,,0.081/0.142/0.202 ha,agri: duplicate vcode+name with serial 191 as printed
sadar1,Sadar-1,03-08-2016,191,0070,तिवारीपुर,इलाहीबाग,नगरीय,12800,upto 3 m,14000,14500,15000,3-5 m,80000,88000,78500,base,,,,,,,,,,,,,,,,,,0.081/0.142/0.202 ha,basic: serial partly hidden by signature; read as 191 by continuity | agri: duplicate vcode+name with serial 190 as printed
sadar1,Sadar-1,03-08-2016,192,0174,तिवारीपुर,आवास विकास परिषद द्वारा विकसित कालोनी,नगरीय,19000,upto 3 m,20000,21500,23500,3-5 m,80000,88000,78500,base,,,,,,,,,,,,,,,,,,0.081/0.142/0.202 ha,
sadar1,Sadar-1,03-08-2016,193,2341,ताजपिपरा,नगर पंचायत पिपराईच से अनुलग्न क्षेत्र,ग्रामीण क्षेत्र,7500,upto 3 m,8000,8500,9000,3-5 m,32500,42000,36500,base,,280,240,182,102,278,235,175,100,265,230,160,90,210,185,140,85,0.081/0.142/0.202 ha,comm: vcode 2341 printed (out of pattern; verify)
sadar1,Sadar-1,03-08-2016,194,5122,तालनदोर,भौवापार,ग्रामीण क्षेत्र,1500,upto 3 m,2400,2500,2600,3-5 m,16500,25000,22000,base,,165,130,110,75,135,125,105,68,130,110,95,64,120,100,80,50,0.081/0.142/0.202 ha,
sadar1,Sadar-1,03-08-2016,195,5121,तालनवर,भौवापार,ग्रामीण क्षेत्र,5500,upto 3 m,6000,6500,7000,3-5 m,23000,31500,26000,base,,280,240,182,102,278,235,175,100,265,230,160,90,210,185,140,85,0.081/0.142/0.202 ha,
sadar1,Sadar-1,03-08-2016,196,5130,तेलियाडीह,भौवापार,ग्रामीण क्षेत्र,1500,upto 3 m,1700,1750,1800,3-5 m,16500,25000,22000,base,,145,115,90,65,135,105,95,62,125,98,85,58,100,90,70,46,0.081/0.142/0.202 ha,agri: vcode 3rd digit obscured by signature (5130 or 5120); read 5130
sadar1,Sadar-1,03-08-2016,197,5123,तकिया मेदनीपुर,हवेली,ग्रामीण क्षेत्र,1500,upto 3 m,1700,1750,1800,3-5 m,16500,25000,22000,base,,145,115,90,65,135,105,95,62,125,98,85,58,100,90,70,46,0.081/0.142/0.202 ha,
sadar1,Sadar-1,03-08-2016,198,5131,तालकन्दला,हवेली,ग्रामीण क्षेत्र,5500,upto 3 m,6000,6500,7000,3-5 m,23000,31500,26000,base,,280,240,182,102,278,235,175,100,265,230,160,90,210,185,140,85,0.081/0.142/0.202 ha,
sadar1,Sadar-1,03-08-2016,199,5132,तालडोहर तप्पा हवेली,हवेली,ग्रामीण क्षेत्र,1500,upto 3 m,1700,1750,1800,3-5 m,16500,25000,22000,base,,145,115,90,65,135,105,95,62,125,98,85,58,100,90,70,46,0.081/0.142/0.202 ha,
sadar1,Sadar-1,03-08-2016,200,5135,तालियावाद,हवेली,ग्रामीण क्षेत्र,1500,upto 3 m,1700,1750,1800,3-5 m,16500,25000,22000,base,,145,115,90,65,135,105,95,62,125,98,85,58,100,90,70,46,0.081/0.142/0.202 ha,
sadar1,Sadar-1,03-08-2016,201,5124,तरकुलही,हवेली,ग्रामीण क्षेत्र,1500,upto 3 m,1700,1750,1800,3-5 m,16500,25000,22000,base,,145,115,90,65,135,105,95,62,125,98,85,58,100,90,70,46,0.081/0.142/0.202 ha,
sadar1,Sadar-1,03-08-2016,202,5125,तरकुलही उर्फ पोखरभिण्डा,हवेली,ग्रामीण क्षेत्र,1500,upto 3 m,1700,1750,1800,3-5 m,16500,25000,22000,base,,145,115,90,65,135,105,95,62,125,98,85,58,100,90,70,46,0.081/0.142/0.202 ha,
sadar1,Sadar-1,03-08-2016,203,5136,तेन्दुआ,हवेली,ग्रामीण क्षेत्र,1500,upto 3 m,1700,1750,1800,3-5 m,16500,25000,22000,base,,145,115,90,65,135,105,95,62,125,98,85,58,100,90,70,46,0.081/0.142/0.202 ha,
sadar1,Sadar-1,03-08-2016,204,5129,तुलसीदेई,हवेली,ग्रामीण क्षेत्र,1500,upto 3 m,1700,1750,1800,3-5 m,16500,25000,22000,base,,145,115,90,65,135,105,95,62,125,98,85,58,100,90,70,46,0.081/0.142/0.202 ha,
sadar1,Sadar-1,03-08-2016,205,5126,तुलसीदेउर,हवेली,ग्रामीण क्षेत्र,1500,upto 3 m,1700,1750,1800,3-5 m,16500,25000,22000,base,,145,115,90,65,135,105,95,62,125,98,85,58,100,90,70,46,0.081/0.142/0.202 ha,road: vcode first digit partly obscured by signature
sadar1,Sadar-1,03-08-2016,206,5127,तरकुलहा,हवेली,ग्रामीण क्षेत्र,1500,upto 3 m,1700,1750,1800,3-5 m,16500,25000,22000,base,,145,115,90,65,135,105,95,62,125,98,85,58,100,90,70,46,0.081/0.142/0.202 ha,
sadar1,Sadar-1,03-08-2016,207,0073,दाउद चक,इलाहीबाग,नगरीय,10500,upto 3 m,11700,12800,14000,3-5 m,80000,88000,78500,base,,,,,,,,,,,,,,,,,,0.081/0.142/0.202 ha,
sadar1,Sadar-1,03-08-2016,208,0064,दीवान बाजार,दीवान बाजार,नगरीय,16000,upto 3 m,17000,18000,20000,3-5 m,80000,88000,78500,base,,,,,,,,,,,,,,,,,,0.081/0.142/0.202 ha,
sadar1,Sadar-1,03-08-2016,209,0026,दरियाचक,सूर्यकुण्ड धामनगर,नगरीय,10500,upto 3 m,11700,12800,14000,3-5 m,80000,88000,78500,base,,0,660,560,253,0,615,520,235,0,590,500,225,0,472,425,220,0.081/0.142/0.202 ha,
sadar1,Sadar-1,03-08-2016,210,5144,दाहाखाल,भौवापार,ग्रामीण क्षेत्र,1500,upto 3 m,1700,1750,1800,3-5 m,16500,25000,22000,base,,145,115,90,65,135,105,95,62,125,98,85,58,100,90,70,46,0.081/0.142/0.202 ha,
sadar1,Sadar-1,03-08-2016,211,5141,दुबौली,हवेली,ग्रामीण क्षेत्र,1500,upto 3 m,1700,1750,1800,3-5 m,16500,25000,22000,base,,145,115,90,65,135,105,95,62,125,98,85,58,100,90,70,46,0.081/0.142/0.202 ha,
sadar1,Sadar-1,03-08-2016,212,0069,धर्मपुर,शाहपुर,नगरीय,12800,upto 3 m,14000,14500,15000,3-5 m,80000,88000,78500,base,,,,,,,,,,,,,,,,,,0.081/0.142/0.202 ha,
sadar1,Sadar-1,03-08-2016,213,5153,धरमपुर,भौवापार,ग्रामीण क्षेत्र,1500,upto 3 m,1700,1750,1800,3-5 m,16500,25000,22000,base,,145,115,90,65,135,105,95,62,125,98,85,58,100,90,70,46,0.081/0.142/0.202 ha,
sadar1,Sadar-1,03-08-2016,214,5151,धस्की खुर्द,भौवापार,ग्रामीण क्षेत्र,1500,upto 3 m,1700,1750,1800,3-5 m,16500,25000,22000,base,,145,115,90,65,135,105,95,62,125,98,85,58,100,90,70,46,0.081/0.142/0.202 ha,
sadar1,Sadar-1,03-08-2016,215,5142,धोबही,हवेली,ग्रामीण क्षेत्र,1500,upto 3 m,1700,1750,1800,3-5 m,16500,25000,22000,base,,145,115,90,65,135,105,95,62,125,98,85,58,100,90,70,46,0.081/0.142/0.202 ha,agri: vcode partly covered by signature; read 5142
sadar1,Sadar-1,03-08-2016,216,0048,नसीराबाद,इस्माईलपुर,नगरीय,10500,upto 3 m,11700,12800,14000,3-5 m,80000,88000,78500,base,,,,,,,,,,,,,,,,,,0.081/0.142/0.202 ha,agri: vcode partly covered by signature; read 0048
sadar1,Sadar-1,03-08-2016,217,0097,नियामत चक,दिलेजाकपुर,नगरीय,22500,upto 3 m,23500,24500,25500,3-5 m,80000,88000,78500,base,,,,,,,,,,,,,,,,,,0.081/0.142/0.202 ha,
sadar1,Sadar-1,03-08-2016,218,0079,नरसिंहपुर,नरसिंहपुर,नगरीय,12800,upto 3 m,14000,14500,15000,3-5 m,80000,88000,78500,base,,0,660,560,253,0,615,520,235,0,590,500,225,0,472,425,220,0.081/0.142/0.202 ha,
sadar1,Sadar-1,03-08-2016,219,0080,निजामपुर,नरसिंहपुर,नगरीय,12800,upto 3 m,14000,14500,15000,3-5 m,80000,88000,78500,base,,,,,,,,,,,,,,,,,,0.081/0.142/0.202 ha,
sadar1,Sadar-1,03-08-2016,220,0009,नौतन,मानबेला,नगरीय,10500,upto 3 m,11700,12800,14000,3-5 m,80000,88000,78500,base,,0,660,560,253,0,615,520,235,0,590,500,225,0,472,425,220,0.081/0.142/0.202 ha,
sadar1,Sadar-1,03-08-2016,221,0039,नथमलपुर,रसूलपुर,नगरीय,11700,upto 3 m,11700,12800,14000,3-5 m,64000,73500,63000,base,,0,660,560,253,0,615,520,235,0,590,500,225,0,472,425,220,0.081/0.142/0.202 ha,
sadar1,Sadar-1,03-08-2016,222,0101,नेताजी सुबाष चन्द्र बोष नगर (विलन्दपुर खत्ता),नेता जी सुबाष चन्द्र बोष नगर,नगरीय,19000,upto 3 m,20000,21500,23500,3-5 m,80000,88000,78500,base,,,,,,,,,,,,,,,,,,0.081/0.142/0.202 ha,
sadar1,Sadar-1,03-08-2016,223,0155,नेताजी सुबाष चन्द्र बोष नगर,आवास विकास परिषद द्वारा विकसित कालोनी,नगरीय,19000,upto 3 m,20000,21500,23500,3-5 m,80000,88000,78500,base,,,,,,,,,,,,,,,,,,0.081/0.142/0.202 ha,agri: name truncated in print
sadar1,Sadar-1,03-08-2016,224,4183,नुरूद्दीन चक,हवेली,अर्धनगरीय,9000,upto 3 m,9500,10000,10500,3-5 m,64000,73500,63000,base,,0,510,430,222,0,475,400,215,0,460,395,210,0,365,306,200,0.081/0.142/0.202 ha,
sadar1,Sadar-1,03-08-2016,225,0167,नेहरूनगर,नेहरूनगर (वार्ड नं0 07) नगर पंचायत पिपराईच,अर्धनगरीय,9000,upto 3 m,9500,10000,11000,3-5 m,61500,68000,61000,base,,400,360,300,200,370,335,280,170,360,330,275,165,300,270,215,145,0.081/0.142/0.202 ha,
sadar1,Sadar-1,03-08-2016,226,5161,नैयापार बुजुर्ग,हवेली,ग्रामीण क्षेत्र,1500,upto 3 m,1700,1750,1800,3-5 m,16500,25000,22000,base,,145,115,90,65,135,105,95,62,125,98,85,58,100,90,70,46,0.081/0.142/0.202 ha,road: vcode first digit partly obscured by signature
sadar1,Sadar-1,03-08-2016,227,5163,नैयापार खुर्द,हवेली,ग्रामीण क्षेत्र,1500,upto 3 m,1700,1750,1800,3-5 m,16500,25000,22000,base,,145,115,90,65,135,105,95,62,125,98,85,58,100,90,70,46,0.081/0.142/0.202 ha,
sadar1,Sadar-1,03-08-2016,228,5156,नौवा अव्वल,हवेली,ग्रामीण क्षेत्र,1500,upto 3 m,1700,1750,1800,3-5 m,16500,25000,22000,base,,145,115,90,65,135,105,95,62,125,98,85,58,100,90,70,46,0.081/0.142/0.202 ha,
sadar1,Sadar-1,03-08-2016,229,5405,नौवा दोयम,हवेली,ग्रामीण क्षेत्र,1500,upto 3 m,1700,1750,1800,3-5 m,16500,25000,22000,base,,145,115,90,65,135,105,95,62,125,98,85,58,100,90,70,46,0.081/0.142/0.202 ha,
sadar1,Sadar-1,03-08-2016,230,5160,नवीपुर,हवेली,ग्रामीण क्षेत्र,1500,upto 3 m,1700,1750,1800,3-5 m,16500,25000,22000,base,,145,115,90,65,135,105,95,62,125,98,85,58,100,90,70,46,0.081/0.142/0.202 ha,
sadar1,Sadar-1,03-08-2016,231,5162,नेउरी,हवेली,ग्रामीण क्षेत्र,1500,upto 3 m,1700,1750,1800,3-5 m,16500,25000,22000,base,,145,115,90,65,135,105,95,62,125,98,85,58,100,90,70,46,0.081/0.142/0.202 ha,
sadar1,Sadar-1,03-08-2016,232,5157,नियामतपुर,हवेली,ग्रामीण क्षेत्र,1500,upto 3 m,1700,1750,1800,3-5 m,16500,25000,22000,base,,145,115,90,65,135,105,95,62,125,98,85,58,100,90,70,46,0.081/0.142/0.202 ha,comm: vcode smudged (read 5157)
sadar1,Sadar-1,03-08-2016,233,5159,नवापार,हवेली,ग्रामीण क्षेत्र,1500,upto 3 m,1700,1750,1800,3-5 m,16500,25000,22000,base,,145,115,90,65,135,105,95,62,125,98,85,58,100,90,70,46,0.081/0.142/0.202 ha,comm: village name first letters smudged
sadar1,Sadar-1,03-08-2016,234,0025,पट्टन,रसूलपुर,नगरीय,11700,upto 3 m,12800,14000,15000,3-5 m,75000,84000,74500,base,,0,660,560,253,0,615,520,235,0,590,500,225,0,472,425,220,0.081/0.142/0.202 ha,
sadar1,Sadar-1,03-08-2016,235,0042,पुराना गोरखपुर,पुराना गोरखपुर,नगरीय,11700,upto 3 m,12800,14000,15000,3-5 m,80000,88000,78500,base,,,,,,,,,,,,,,,,,,0.081/0.142/0.202 ha,agri: vcode partly covered by signature; read 0042
sadar1,Sadar-1,03-08-2016,236,0094,पोखरभिण्डा उर्फ करीमगनर,चरगॉवा,नगरीय,13000,upto 3 m,14000,15000,16000,3-5 m,80000,88000,78500,base,,0,660,560,253,0,615,520,235,0,590,500,225,0,472,425,220,0.081/0.142/0.202 ha,comm: name end smudged (read करीमनगर)
sadar1,Sadar-1,03-08-2016,237,4851,पेवनपुर,भौवापार,ग्रामीण क्षेत्र,6500,upto 3 m,7000,7200,7500,3-5 m,23000,31500,26000,base,,280,240,182,102,278,235,175,100,265,230,160,90,210,185,140,85,0.081/0.142/0.202 ha,
sadar1,Sadar-1,03-08-2016,238,5182,पिछौरा,भौवापार,ग्रामीण क्षेत्र,1500,upto 3 m,1700,1750,1800,3-5 m,16500,25000,22000,base,,145,115,90,65,135,105,95,62,125,98,85,58,100,90,70,46,0.081/0.142/0.202 ha,
sadar1,Sadar-1,03-08-2016,239,4804,पिपरी मुस्तकिल,भौवापार,ग्रामीण क्षेत्र,9000,upto 3 m,9200,9300,9500,3-5 m,32500,42000,36500,base,,280,240,182,102,278,235,175,100,265,230,160,90,210,185,140,85,0.081/0.142/0.202 ha,
sadar1,Sadar-1,03-08-2016,240,5406,पिपरी एहतमाली,भौवापार,ग्रामीण क्षेत्र,9000,upto 3 m,9200,9300,9500,3-5 m,32500,42000,36500,base,,280,240,182,102,278,235,175,100,265,230,160,90,210,185,140,85,0.081/0.142/0.202 ha,
sadar1,Sadar-1,03-08-2016,241,5174,परशुरामपुर,हवेली,ग्रामीण क्षेत्र,1500,upto 3 m,1700,1750,1800,3-5 m,16500,25000,22000,base,,145,115,90,65,135,105,95,62,125,98,85,58,100,90,70,46,0.081/0.142/0.202 ha,
sadar1,Sadar-1,03-08-2016,242,5176,पारकरंजही,हवेली,ग्रामीण क्षेत्र,1500,upto 3 m,1700,1750,1800,3-5 m,16500,25000,22000,base,,145,115,90,65,135,105,95,62,125,98,85,58,100,90,70,46,0.081/0.142/0.202 ha,
sadar1,Sadar-1,03-08-2016,243,5172,परसिया तप्पा पतरा,हवेली,ग्रामीण क्षेत्र,1500,upto 3 m,1700,1750,1800,3-5 m,16500,25000,22000,base,,145,115,90,65,135,105,95,62,125,98,85,58,100,90,70,46,0.081/0.142/0.202 ha,
sadar1,Sadar-1,03-08-2016,244,5171,पटपर,हवेली,ग्रामीण क्षेत्र,1500,upto 3 m,1700,1750,1800,3-5 m,16500,25000,22000,base,,145,115,90,65,135,105,95,62,125,98,85,58,100,90,70,46,0.081/0.142/0.202 ha,
sadar1,Sadar-1,03-08-2016,245,4816,पतरा खास,हवेली,ग्रामीण क्षेत्र,6500,upto 3 m,7000,7200,7500,3-5 m,32500,42000,36500,base,,280,240,182,102,278,235,175,100,265,230,160,90,210,185,140,85,0.081/0.142/0.202 ha,
sadar1,Sadar-1,03-08-2016,246,5179,पोखरभिण्डा,हवेली,ग्रामीण क्षेत्र,1500,upto 3 m,1700,1750,1800,3-5 m,16500,25000,22000,base,,145,115,90,65,135,105,95,62,125,98,85,58,100,90,70,46,0.081/0.142/0.202 ha,
sadar1,Sadar-1,03-08-2016,247,5186,पिपरा बनवारी,हवेली,ग्रामीण क्षेत्र,1500,upto 3 m,1700,1750,1800,3-5 m,16500,25000,22000,base,,145,115,90,65,135,105,95,62,125,98,85,58,100,90,70,46,0.081/0.142/0.202 ha,road: vcode first digit partly obscured by signature
sadar1,Sadar-1,03-08-2016,248,5188,पिपरा मुगलान तप्पा पतरा,हवेली,ग्रामीण क्षेत्र,2000,upto 3 m,2400,2500,2600,3-5 m,16500,25000,22000,base,,165,130,110,75,135,125,105,68,130,110,95,64,120,100,80,50,0.081/0.142/0.202 ha,
sadar1,Sadar-1,03-08-2016,249,5184,पिपरही,हवेली,ग्रामीण क्षेत्र,1500,upto 3 m,1700,1750,1800,3-5 m,16500,25000,22000,base,,145,115,90,65,135,105,95,62,125,98,85,58,100,90,70,46,0.081/0.142/0.202 ha,
sadar1,Sadar-1,03-08-2016,250,5177,पोछिया ब्रम्हस्थान,हवेली,ग्रामीण क्षेत्र,1500,upto 3 m,1700,1750,1800,3-5 m,16500,25000,22000,base,,145,115,90,65,135,105,95,62,125,98,85,58,100,90,70,46,0.081/0.142/0.202 ha,
sadar1,Sadar-1,03-08-2016,251,5180,पोखरभिण्डा उर्फ चकदह,हवेली,ग्रामीण क्षेत्र,1500,upto 3 m,1700,1750,1800,3-5 m,16500,25000,22000,base,,145,115,90,65,135,105,95,62,125,98,85,58,100,90,70,46,0.081/0.142/0.202 ha,
sadar1,Sadar-1,03-08-2016,252,5175,प्यासी तप्पा राजधानी,हवेली,ग्रामीण क्षेत्र,1500,upto 3 m,1700,1750,1800,3-5 m,16500,25000,22000,base,,145,115,90,65,135,105,95,62,125,98,85,58,100,90,70,46,0.081/0.142/0.202 ha,
sadar1,Sadar-1,03-08-2016,253,5187,पिपरा बसन्त,हवेली,ग्रामीण क्षेत्र,1500,upto 3 m,1700,1750,1800,3-5 m,16500,25000,22000,base,,145,115,90,65,135,105,95,62,125,98,85,58,100,90,70,46,0.081/0.142/0.202 ha,
sadar1,Sadar-1,03-08-2016,254,0003,फतेहपुर,मानबेला,नगरीय,10500,upto 3 m,11700,12800,14000,3-5 m,80000,88000,78500,base,,0,660,560,253,0,615,520,235,0,590,500,225,0,472,425,220,0.081/0.142/0.202 ha,
sadar1,Sadar-1,03-08-2016,255,5202,फतेहडी,भौवापार,ग्रामीण क्षेत्र,1500,upto 3 m,1700,1750,1800,3-5 m,16500,25000,22000,base,,145,115,90,65,135,105,95,62,125,98,85,58,100,90,70,46,0.081/0.142/0.202 ha,agri: vcode last digit covered by signature; read 5202 (could be 5209)
sadar1,Sadar-1,03-08-2016,256,5201,फरसही,हवेली,ग्रामीण क्षेत्र,1500,upto 3 m,1700,1750,1800,3-5 m,16500,25000,22000,base,,145,115,90,65,135,105,95,62,125,98,85,58,100,90,70,46,0.081/0.142/0.202 ha,
sadar1,Sadar-1,03-08-2016,257,0028,वहरामपुर उर्फ पिपरापुर,तिवारीपुर,नगरीय,10500,upto 3 m,11700,12800,14000,3-5 m,80000,88000,78500,base,,0,660,560,253,0,615,520,235,0,590,500,225,0,472,425,220,0.081/0.142/0.202 ha,agri: duplicate of serial 258 as printed
sadar1,Sadar-1,03-08-2016,258,0028,वहरामपुर उर्फ पिपरापुर,माधोपुर,नगरीय,10500,upto 3 m,11700,12800,14000,3-5 m,80000,88000,78500,base,,0,660,560,253,0,615,520,235,0,590,500,225,0,472,425,220,0.081/0.142/0.202 ha,road: duplicate of serial 257 as printed | agri: duplicate of serial 257 as printed
sadar1,Sadar-1,03-08-2016,259,0091,वशारतपुर पश्चिमी,जं0 नकहा नं0 1,नगरीय,14000,upto 3 m,15000,16000,17000,3-5 m,80000,88000,78500,base,,,,,,,,,,,,,,,,,,0.081/0.142/0.202 ha,
sadar1,Sadar-1,03-08-2016,260,0076,बुलाकीपुर,कल्याणपुर,नगरीय,10500,upto 3 m,11700,12800,14000,3-5 m,64000,73500,63000,base,,,,,,,,,,,,,,,,,,0.081/0.142/0.202 ha,
sadar1,Sadar-1,03-08-2016,261,0078,वौलिया कालोनी आंशिक,जटेपुर रेलवे कालोनी १,नगरीय,11700,upto 3 m,14000,14500,15000,3-5 m,80000,88000,78500,base,,,,,,,,,,,,,,,,,,0.081/0.142/0.202 ha,basic: ward cell ends with a stray-looking '१' as printed
sadar1,Sadar-1,03-08-2016,262,0066,बेनीगंज,दीवान बाजार,नगरीय,16000,upto 3 m,17000,17500,18000,3-5 m,80000,88000,78500,base,,,,,,,,,,,,,,,,,,0.081/0.142/0.202 ha,
sadar1,Sadar-1,03-08-2016,263,0156,बसन्तपुर एहतमाली,बसन्तपुर,नगरीय,20000,upto 3 m,21000,22000,23000,3-5 m,80000,88000,78500,base,,0,660,560,253,0,615,520,235,0,590,500,225,0,472,425,220,0.081/0.142/0.202 ha,
sadar1,Sadar-1,03-08-2016,264,0095,बसंतपुर खास,बसन्तपुर,नगरीय,23000,upto 3 m,24500,25000,25500,3-5 m,80000,88000,78500,base,,,,,,,,,,,,,,,,,,0.081/0.142/0.202 ha,
sadar1,Sadar-1,03-08-2016,265,0056,बसन्तपुर मुतनाजा,बसन्तपुर,नगरीय,23000,upto 3 m,24500,25000,25500,3-5 m,80000,88000,78500,base,,,,,,,,,,,,,,,,,,0.081/0.142/0.202 ha,
sadar1,Sadar-1,03-08-2016,266,0056,बसन्तपुर मुतनाजा,शेषपुर,नगरीय,23000,upto 3 m,24500,25000,25500,3-5 m,80000,88000,78500,base,,,,,,,,,,,,,,,,,,0.081/0.142/0.202 ha,road: duplicate of serial 265 as printed
sadar1,Sadar-1,03-08-2016,267,0060,बशारतपुर पूर्वी,बशारतपुर,नगरीय,14000,upto 3 m,15000,16000,17000,3-5 m,80000,88000,78500,base,,,,,,,,,,,,,,,,,,0.081/0.142/0.202 ha,
sadar1,Sadar-1,03-08-2016,268,0091,बशारतपुर पश्चिमी,राप्तीनगर,नगरीय,14000,upto 3 m,15000,16000,17000,3-5 m,80000,88000,78500,base,,,,,,,,,,,,,,,,,,0.081/0.142/0.202 ha,road: vcode first digit under signature; duplicate of serial 259 as printed
sadar1,Sadar-1,03-08-2016,269,0060,बशारतपुर पूर्वी आंशिक,शक्तिनगर,नगरीय,14000,upto 3 m,15000,16000,17000,3-5 m,80000,88000,78500,base,,,,,,,,,,,,,,,,,,0.081/0.142/0.202 ha,
sadar1,Sadar-1,03-08-2016,270,0015,बरगदवॉ (लच्छीपुर बरगदवा),राजेन्द्र नगर पश्चिमी,नगरीय,11700,upto 3 m,12800,14000,15000,3-5 m,64000,73500,63000,base,,0,660,560,253,0,615,520,235,0,590,500,225,0,472,425,220,0.081/0.142/0.202 ha,
sadar1,Sadar-1,03-08-2016,271,0078,बौलिया कालोनी आंशिक,भेडियागढ,नगरीय,11700,upto 3 m,12800,14000,15000,3-5 m,80000,88000,78500,base,,,,,,,,,,,,,,,,,,0.081/0.142/0.202 ha,
sadar1,Sadar-1,03-08-2016,272,4187,बड़गो,हवेली,अर्धनगरीय,9000,upto 3 m,9500,10000,11000,3-5 m,64000,73500,63000,base,,0,510,430,222,0,475,400,215,0,460,395,210,0,365,306,200,0.081/0.142/0.202 ha,comm: अर्धनगरीय but rates equal the 64000/73500/63000 urban tier (other अर्धनगरीय rows are 61500/68000/61000); as printed
sadar1,Sadar-1,03-08-2016,273,0157,बहरामपुर मुस्तकील,माधोपुर,नगरीय,10500,upto 3 m,11700,12800,14000,3-5 m,80000,88000,78500,base,,0,660,560,253,0,615,520,235,0,590,500,225,0,472,425,220,0.081/0.142/0.202 ha,
sadar1,Sadar-1,03-08-2016,274,4188,बहरामपुर एहतमाली,हवेली,अर्धनगरीय,8500,upto 3 m,9000,9500,10500,3-5 m,61500,68000,61000,base,,0,357,301,155,0,332,280,142,0,322,268,138,0,255,214,110,0.081/0.142/0.202 ha,
sadar1,Sadar-1,03-08-2016,275,0163,बापूनगर,बापूनगर (वार्ड नं0 05) नगर पंचायत पिपराईच,अर्धनगरीय,9000,upto 3 m,9500,10000,11000,3-5 m,61500,68000,61000,base,,400,360,300,200,370,335,280,170,360,330,275,165,300,270,215,145,0.081/0.142/0.202 ha,
sadar1,Sadar-1,03-08-2016,276,0164,बजरंग नगर,बजरंग नगर (वार्ड नं0 03) नगर पंचायत पिपराईच,अर्धनगरीय,9000,upto 3 m,9500,10000,11000,3-5 m,61500,68000,61000,base,,400,360,300,200,370,335,280,170,360,330,275,165,300,270,215,145,0.081/0.142/0.202 ha,
sadar1,Sadar-1,03-08-2016,277,0165,बुद्धनगर,बुद्धनगर (वार्ड नं0 08) नगर पंचायत पिपराईच,अर्धनगरीय,9000,upto 3 m,9500,10000,11000,3-5 m,61500,68000,61000,base,,400,360,300,200,370,335,280,170,360,330,275,165,300,270,215,145,0.081/0.142/0.202 ha,
sadar1,Sadar-1,03-08-2016,278,4803,बाघागाडा,भौवापार,ग्रामीण क्षेत्र,9000,upto 3 m,9200,9300,9500,3-5 m,32500,42000,36500,base,,280,240,182,102,278,235,175,100,265,230,160,90,210,185,140,85,0.081/0.142/0.202 ha,
sadar1,Sadar-1,03-08-2016,279,5206,बलुईगाड़ा,भौवापार,ग्रामीण क्षेत्र,1500,upto 3 m,1700,1750,1800,3-5 m,16500,25000,22000,base,,145,115,90,65,135,105,80,62,125,98,85,58,100,90,70,46,0.081/0.142/0.202 ha,
sadar1,Sadar-1,03-08-2016,280,5213,ब्रम्हाजोत,भौवापार,ग्रामीण क्षेत्र,1500,upto 3 m,1700,1750,1800,3-5 m,16500,25000,22000,base,,145,115,90,65,135,105,80,62,125,98,85,58,100,90,70,46,0.081/0.142/0.202 ha,
sadar1,Sadar-1,03-08-2016,281,5216,बिजुलिया जोत,भौवापार,ग्रामीण क्षेत्र,1500,upto 3 m,1700,1750,1800,3-5 m,16500,25000,22000,base,,145,115,90,65,135,105,80,62,125,98,85,58,100,90,70,46,0.081/0.142/0.202 ha,agri: serial printed 261 (sequence implies 281)
sadar1,Sadar-1,03-08-2016,282,4854,बेतउवा उर्फ चनऊ,भौवापार,ग्रामीण क्षेत्र,6000,upto 3 m,6200,6300,6500,3-5 m,23000,31500,26000,base,,195,165,118,75,182,153,112,66,177,147,106,60,150,130,94,55,0.081/0.142/0.202 ha,
sadar1,Sadar-1,03-08-2016,283,5227,बमनी,हवेली,ग्रामीण क्षेत्र,1500,upto 3 m,1700,1750,1800,3-5 m,16500,25000,22000,base,,145,115,90,65,135,105,80,62,125,98,85,58,100,90,70,46,0.081/0.142/0.202 ha,
sadar1,Sadar-1,03-08-2016,284,5210,बैलो,हवेली,ग्रामीण क्षेत्र,1500,upto 3 m,1700,1750,1800,3-5 m,16500,25000,22000,base,,145,115,90,65,135,105,80,62,125,98,85,58,100,90,70,46,0.081/0.142/0.202 ha,
sadar1,Sadar-1,03-08-2016,285,5224,बनकटिया बुजुर्ग,हवेली,ग्रामीण क्षेत्र,1500,upto 3 m,1700,1750,1800,3-5 m,16500,25000,22000,base,,145,115,90,65,135,105,80,62,125,98,85,58,100,90,70,46,0.081/0.142/0.202 ha,
sadar1,Sadar-1,03-08-2016,286,5223,बनकटिया खुर्द,हवेली,ग्रामीण क्षेत्र,1500,upto 3 m,1700,1750,1800,3-5 m,16500,25000,22000,base,,145,115,90,65,135,105,80,62,125,98,85,58,100,90,70,46,0.081/0.142/0.202 ha,
sadar1,Sadar-1,03-08-2016,287,5225,बनरही,हवेली,ग्रामीण क्षेत्र,1500,upto 3 m,1700,1750,1800,3-5 m,16500,25000,22000,base,,145,115,90,65,135,105,80,62,125,98,85,58,100,90,70,46,0.081/0.142/0.202 ha,
sadar1,Sadar-1,03-08-2016,288,5230,बरसाइत तप्पा राजधानी,हवेली,ग्रामीण क्षेत्र,1500,upto 3 m,1700,1750,1800,3-5 m,16500,25000,22000,base,,145,115,90,65,135,105,80,62,125,98,85,58,100,90,70,46,0.081/0.142/0.202 ha,
sadar1,Sadar-1,03-08-2016,289,5205,बरौली तप्पा पतरा,हवेली,ग्रामीण क्षेत्र,1500,upto 3 m,1700,1750,1800,3-5 m,16500,25000,22000,base,,145,115,90,65,135,105,80,62,125,98,85,58,100,90,70,46,0.081/0.142/0.202 ha,road: vcode first digit under signature
sadar1,Sadar-1,03-08-2016,290,5211,बेलघाट,हवेली,ग्रामीण क्षेत्र,1500,upto 3 m,1700,1750,1800,3-5 m,16500,25000,22000,base,,145,115,90,65,135,105,80,62,125,98,85,58,100,90,70,46,0.081/0.142/0.202 ha,
sadar1,Sadar-1,03-08-2016,291,0081,भरपुरवा,नरसिंहपुर,नगरीय,12800,upto 3 m,14000,15000,16000,3-5 m,80000,88000,78500,base,,0,660,560,253,0,615,520,235,0,590,500,225,0,472,425,220,0.081/0.142/0.202 ha,
sadar1,Sadar-1,03-08-2016,292,0050,भेडियागढ,भेडियागढ,नगरीय,12800,upto 3 m,14000,15000,16000,3-5 m,80000,88000,78500,base,,,,,,,,,,,,,,,,,,0.081/0.142/0.202 ha,agri: all rate cells printed as dash
sadar1,Sadar-1,03-08-2016,293,5241,भगडा नं0 10,भौवापार,ग्रामीण क्षेत्र,1500,upto 3 m,1700,1750,1800,3-5 m,16500,25000,22000,base,,145,115,90,65,135,105,80,62,125,98,85,58,100,90,70,46,0.081/0.142/0.202 ha,
sadar1,Sadar-1,03-08-2016,294,5243,भगड़ा रानी,भौवापार,ग्रामीण क्षेत्र,1500,upto 3 m,1700,1750,1800,3-5 m,16500,25000,22000,base,,145,115,90,65,135,105,80,62,125,98,85,58,100,90,70,46,0.081/0.142/0.202 ha,
sadar1,Sadar-1,03-08-2016,295,5242,भगड़ा पाण्डेय,भौवापार,ग्रामीण क्षेत्र,1500,upto 3 m,1700,1750,1800,3-5 m,16500,25000,22000,base,,145,115,90,65,135,105,80,62,125,98,85,58,100,90,70,46,0.081/0.142/0.202 ha,agri: vcode first digit under signature; read 5242
sadar1,Sadar-1,03-08-2016,296,5248,भाटजोत,भौवापार,ग्रामीण क्षेत्र,1500,upto 3 m,1700,1750,1800,3-5 m,16500,25000,22000,base,,145,115,90,65,135,105,80,62,125,98,85,58,100,90,70,46,0.081/0.142/0.202 ha,
sadar1,Sadar-1,03-08-2016,297,5250,भिलोरही,भौवापार,ग्रामीण क्षेत्र,1500,upto 3 m,1700,1750,1800,3-5 m,16500,25000,22000,base,,145,115,90,65,135,105,80,62,125,98,85,58,100,90,70,46,0.081/0.142/0.202 ha,
sadar1,Sadar-1,03-08-2016,298,4852,भिलौरा बुजुर्ग,भौवापार,ग्रामीण क्षेत्र,7000,upto 3 m,7200,7300,7500,3-5 m,23000,31500,26000,base,,280,240,182,102,278,235,175,100,265,230,160,90,210,185,140,85,0.081/0.142/0.202 ha,
sadar1,Sadar-1,03-08-2016,299,5407,भिलौरा खुर्द,भौवापार,ग्रामीण क्षेत्र,7000,upto 3 m,7200,7300,7500,3-5 m,23000,31500,26000,base,,280,240,182,102,278,235,175,100,265,230,160,90,210,185,140,85,0.081/0.142/0.202 ha,
sadar1,Sadar-1,03-08-2016,300,5244,भतेहरी,भौवापार,ग्रामीण क्षेत्र,1500,upto 3 m,1700,1750,1800,3-5 m,16500,25000,22000,base,,145,115,90,65,135,105,80,62,125,98,85,58,100,90,70,46,0.081/0.142/0.202 ha,
sadar1,Sadar-1,03-08-2016,301,5245,भलुही,हवेली,ग्रामीण क्षेत्र,1500,upto 3 m,1700,1750,1800,3-5 m,16500,25000,22000,base,,145,115,90,65,135,105,80,62,125,98,85,58,100,90,70,46,0.081/0.142/0.202 ha,
sadar1,Sadar-1,03-08-2016,302,4801,भटहट,हवेली,ग्रामीण क्षेत्र,7000,upto 3 m,7500,7800,8000,3-5 m,32500,42000,36500,base,,280,240,182,102,278,235,175,100,265,230,160,90,210,185,140,85,0.081/0.142/0.202 ha,
sadar1,Sadar-1,03-08-2016,303,5251,भिस्वा,हवेली,ग्रामीण क्षेत्र,1500,upto 3 m,1700,1750,1800,3-5 m,16500,25000,22000,base,,145,115,90,65,135,105,80,62,125,98,85,58,100,90,70,46,0.081/0.142/0.202 ha,
sadar1,Sadar-1,03-08-2016,304,5253,भूपचक तप्पा राजधानी,हवेली,ग्रामीण क्षेत्र,1500,upto 3 m,1700,1750,1800,3-5 m,16500,25000,22000,base,,145,115,90,65,135,105,80,62,125,98,85,58,100,90,70,46,0.081/0.142/0.202 ha,
sadar1,Sadar-1,03-08-2016,305,0012,मोहरीपुर,जं0 बेनीमाधव,नगरीय,10500,upto 3 m,11700,12800,14000,3-5 m,80000,88000,78500,base,,0,660,560,253,0,615,520,235,0,590,500,225,0,472,425,220,0.081/0.142/0.202 ha,
sadar1,Sadar-1,03-08-2016,306,0040,मिर्जापुर पचपेड़वा,पुराना गोरखपुर,नगरीय,10500,upto 3 m,11700,12800,14000,3-5 m,80000,88000,78500,base,,0,660,560,253,0,615,520,235,0,590,500,225,0,472,425,220,0.081/0.142/0.202 ha,
sadar1,Sadar-1,03-08-2016,307,0040,मिर्जापुर पचपेडवा आंशिक,रामजानकी नगर,नगरीय,10500,upto 3 m,11700,12800,14000,3-5 m,80000,88000,78500,base,,0,660,560,253,0,615,520,235,0,590,500,225,0,472,425,220,0.081/0.142/0.202 ha,
sadar1,Sadar-1,03-08-2016,308,0040,मिर्जापुर पचपेड़वा आंशिक,लच्छीपुर,नगरीय,10500,upto 3 m,11700,12800,14000,3-5 m,80000,88000,78500,base,,0,660,560,253,0,615,520,235,0,590,500,225,0,472,425,220,0.081/0.142/0.202 ha,"agri: dist_c ink-blotted, reads 520"
sadar1,Sadar-1,03-08-2016,309,0062,मोहनलालपुर,तिवारीपुर,नगरीय,10500,upto 3 m,11700,12800,14000,3-5 m,64000,73500,63000,base,,0,660,560,253,0,615,520,235,0,590,500,225,0,472,425,220,0.081/0.142/0.202 ha,
sadar1,Sadar-1,03-08-2016,310,0005,मानबेला,मानबेला,नगरीय,11700,upto 3 m,12800,14000,15000,3-5 m,80000,88000,78500,base,,0,660,560,253,0,615,520,235,0,590,500,225,0,472,425,220,0.081/0.142/0.202 ha,road: vcode first digit under signature
sadar1,Sadar-1,03-08-2016,311,0027,माधोपुर,माधोपुर,नगरीय,10500,upto 3 m,12800,14000,15000,3-5 m,80000,88000,78500,base,,0,660,560,253,0,615,520,235,0,590,500,225,0,472,425,220,0.081/0.142/0.202 ha,
sadar1,Sadar-1,03-08-2016,312,0085,मिर्जापुर,मिर्जापुर,नगरीय,18000,upto 3 m,19000,19500,20000,3-5 m,80000,88000,78500,base,,,,,,,,,,,,,,,,,,0.081/0.142/0.202 ha,agri: all rate cells printed as dash
sadar1,Sadar-1,03-08-2016,313,0086,मुण्डेरी चक,मिर्जापुर,नगरीय,10500,upto 3 m,11700,12800,14000,3-5 m,80000,88000,78500,base,,0,660,560,253,0,615,520,235,0,590,500,225,0,472,425,220,0.081/0.142/0.202 ha,
sadar1,Sadar-1,03-08-2016,314,0023,मिर्जापुर उर्फ विलन्दपुर,नेता जी सुवाष चन्द्र बोष नगर,नगरीय,18000,upto 3 m,19000,19500,20000,3-5 m,80000,88000,78500,base,,0,660,560,253,0,615,520,235,0,590,500,225,0,472,425,220,0.081/0.142/0.202 ha,
sadar1,Sadar-1,03-08-2016,315,4194,मुण्डेरी चक एहतमाली,हवेली,अर्धनगरीय,8500,upto 3 m,9000,9500,10500,3-5 m,61500,68000,61000,base,,0,510,430,222,0,475,400,215,0,460,395,210,0,365,306,200,0.081/0.142/0.202 ha,agri: vcode middle digits under signature; best reading 4104
sadar1,Sadar-1,03-08-2016,316,0166,महर्षि दयानन्द नगर,महर्षि दयानन्द नगर (वार्ड नं0 11) नगर पंचायत पिपराईच,अर्धनगरीय,9000,upto 3 m,9500,10000,11000,3-5 m,61500,68000,61000,base,,400,360,300,200,370,335,280,170,360,330,275,165,300,270,215,145,0.081/0.142/0.202 ha,
sadar1,Sadar-1,03-08-2016,317,5275,महराजी,हवेली,ग्रामीण क्षेत्र,1500,upto 3 m,1700,1750,1800,3-5 m,16500,25000,22000,base,,145,115,90,65,135,105,80,62,125,98,85,58,100,90,70,46,0.081/0.142/0.202 ha,
sadar1,Sadar-1,03-08-2016,318,5265,महीमाठ,हवेली,ग्रामीण क्षेत्र,1500,upto 3 m,1700,1750,1800,3-5 m,16500,25000,22000,base,,145,115,90,65,135,105,80,62,125,98,85,58,100,90,70,46,0.081/0.142/0.202 ha,
sadar1,Sadar-1,03-08-2016,319,4856,महमूदाबाद उर्फ मुगलपुरा,हवेली,ग्रामीण क्षेत्र,6500,upto 3 m,7000,7200,7500,3-5 m,23000,31500,26000,base,,280,240,182,102,278,235,175,100,265,230,160,90,210,185,140,85,0.081/0.142/0.202 ha,
sadar1,Sadar-1,03-08-2016,320,5276,महरी,हवेली,ग्रामीण क्षेत्र,1500,upto 3 m,1700,1750,1800,3-5 m,16500,25000,22000,base,,145,115,90,65,135,105,80,62,125,98,85,58,100,90,70,46,0.081/0.142/0.202 ha,
sadar1,Sadar-1,03-08-2016,321,5274,महुअवा उर्फ कटैया,हवेली,ग्रामीण क्षेत्र,1500,upto 3 m,1700,1750,1800,3-5 m,16500,25000,22000,base,,145,115,90,65,135,105,80,62,125,98,85,58,100,90,70,46,0.081/0.142/0.202 ha,
sadar1,Sadar-1,03-08-2016,322,4865,मंझरिया बिस्टौल त0हवेली,हवेली,ग्रामीण क्षेत्र,5500,upto 3 m,6000,6500,7000,3-5 m,23000,31500,26000,base,,200,175,125,80,190,170,120,75,185,155,115,70,150,130,94,55,0.081/0.142/0.202 ha,
sadar1,Sadar-1,03-08-2016,323,5263,मठिया,हवेली,ग्रामीण क्षेत्र,1500,upto 3 m,1700,1750,1800,3-5 m,16500,25000,22000,base,,145,115,90,65,135,105,80,62,125,98,85,58,100,90,70,46,0.081/0.142/0.202 ha,
sadar1,Sadar-1,03-08-2016,324,5279,मौलाखोर,हवेली,ग्रामीण क्षेत्र,1500,upto 3 m,1700,1750,1800,3-5 m,16500,25000,22000,base,,145,115,90,65,135,105,80,62,125,98,85,58,100,90,70,46,0.081/0.142/0.202 ha,
sadar1,Sadar-1,03-08-2016,325,5280,मीरापुर तप्पा पतरा,हवेली,ग्रामीण क्षेत्र,1500,upto 3 m,1700,1750,1800,3-5 m,16500,25000,22000,base,,145,115,90,65,135,105,80,62,125,98,85,58,100,90,70,46,0.081/0.142/0.202 ha,comm: right-hand columns (category+rates) printed one row lower than serial/name rows on this page; mapped 1:1 in order (row 325 gets first value row) - verify
sadar1,Sadar-1,03-08-2016,326,5268,मुगलहा,हवेली,ग्रामीण क्षेत्र,1500,upto 3 m,1700,1750,1800,3-5 m,16500,25000,22000,base,,145,115,90,65,135,105,80,62,125,98,85,58,100,90,70,46,0.081/0.142/0.202 ha,comm: right-hand columns (category+rates) printed one row lower than serial/name rows on this page; mapped 1:1 in order (row 325 gets first value row) - verify | agri: vcode 5268 also printed for serial 332
sadar1,Sadar-1,03-08-2016,327,5282,मुण्डेरी बुजुर्ग,हवेली,ग्रामीण क्षेत्र,1500,upto 3 m,1700,1750,1800,3-5 m,16500,25000,22000,base,,145,115,90,65,135,105,80,62,125,98,85,58,100,90,70,46,0.081/0.142/0.202 ha,comm: right-hand columns (category+rates) printed one row lower than serial/name rows on this page; mapped 1:1 in order (row 325 gets first value row) - verify
sadar1,Sadar-1,03-08-2016,328,5283,मुण्डेरी खुर्द,हवेली,ग्रामीण क्षेत्र,1500,upto 3 m,1700,1750,1800,3-5 m,16500,25000,22000,base,,145,115,90,65,135,105,80,62,125,98,85,58,100,90,70,46,0.081/0.142/0.202 ha,comm: right-hand columns (category+rates) printed one row lower than serial/name rows on this page; mapped 1:1 in order (row 325 gets first value row) - verify
sadar1,Sadar-1,03-08-2016,329,4819,मुण्डेरी गढवा,हवेली,ग्रामीण क्षेत्र,7000,upto 3 m,7500,8000,8500,3-5 m,32500,42000,36500,base,,280,240,182,102,278,235,175,100,265,230,160,90,210,185,140,85,0.081/0.142/0.202 ha,comm: right-hand columns (category+rates) printed one row lower than serial/name rows on this page; mapped 1:1 in order (row 325 gets first value row) - verify
sadar1,Sadar-1,03-08-2016,330,5269,मुडियारी खुर्द,हवेली,ग्रामीण क्षेत्र,1500,upto 3 m,1700,1750,1800,3-5 m,16500,25000,22000,base,,145,115,90,65,135,105,80,62,125,98,85,58,100,90,70,46,0.081/0.142/0.202 ha,comm: right-hand columns (category+rates) printed one row lower than serial/name rows on this page; mapped 1:1 in order (row 325 gets first value row) - verify
sadar1,Sadar-1,03-08-2016,331,5270,मुडियारी बुजुर्ग,हवेली,ग्रामीण क्षेत्र,1500,upto 3 m,1700,1750,1800,3-5 m,16500,25000,22000,base,,145,115,90,65,135,105,80,62,125,98,85,58,100,90,70,46,0.081/0.142/0.202 ha,road: vcode partly under signature | comm: right-hand columns (category+rates) printed one row lower than serial/name rows on this page; mapped 1:1 in order (row 325 gets first value row) - verify
sadar1,Sadar-1,03-08-2016,332,5268,मोगलहा,हवेली,ग्रामीण क्षेत्र,1500,upto 3 m,1700,1750,1800,3-5 m,16500,25000,22000,base,,145,115,90,65,135,105,80,62,125,98,85,58,100,90,70,46,0.081/0.142/0.202 ha,comm: right-hand columns (category+rates) printed one row lower than serial/name rows on this page; mapped 1:1 in order (row 325 gets first value row) - verify | agri: vcode 5268 also printed for serial 326
sadar1,Sadar-1,03-08-2016,333,0125,राजेन्द्र नगर,कृष्णा नगर,नगरीय,11700,upto 3 m,12800,14000,15000,3-5 m,80000,88000,78500,base,,,,,,,,,,,,,,,,,,0.081/0.142/0.202 ha,comm: right-hand columns (category+rates) printed one row lower than serial/name rows on this page; mapped 1:1 in order (row 325 gets first value row) - verify | agri: all rate cells printed as dash
sadar1,Sadar-1,03-08-2016,334,0074,रमदत्तपुर,कल्याणपुर,नगरीय,10500,upto 3 m,12800,14000,15000,3-5 m,64000,73500,63000,base,,,,,,,,,,,,,,,,,,0.081/0.142/0.202 ha,comm: right-hand columns (category+rates) printed one row lower than serial/name rows on this page; mapped 1:1 in order (row 325 gets first value row) - verify | agri: all rate cells printed as dash
sadar1,Sadar-1,03-08-2016,335,0077,रूस्तमपुर,कल्याणपुर,नगरीय,10500,upto 3 m,11700,12800,14000,3-5 m,64000,73500,63000,base,,,,,,,,,,,,,,,,,,0.081/0.142/0.202 ha,"comm: right-hand columns (category+rates) printed one row lower than serial/name rows on this page; mapped 1:1 in order (row 325 gets first value row) - verify | agri: all rate cells printed as dash; vcode partly under signature, best reading 0077"
sadar1,Sadar-1,03-08-2016,336,0016,राप्तीनगर आंशिक,बशारतपुर,नगरीय,12800,upto 3 m,14000,14500,15000,3-5 m,80000,88000,78500,base,,,,,,,,,,,,,,,,,,0.081/0.142/0.202 ha,comm: right-hand columns (category+rates) printed one row lower than serial/name rows on this page; mapped 1:1 in order (row 325 gets first value row) - verify | agri: all rate cells printed as dash
sadar1,Sadar-1,03-08-2016,337,0065,रूद्रपुर,दीवान बाजार,नगरीय,16000,upto 3 m,17000,17500,18000,3-5 m,80000,88000,78500,base,,,,,,,,,,,,,,,,,,0.081/0.142/0.202 ha,comm: right-hand columns (category+rates) printed one row lower than serial/name rows on this page; mapped 1:1 in order (row 325 gets first value row) - verify | agri: all rate cells printed as dash
sadar1,Sadar-1,03-08-2016,338,0096,रकाबगंज,बसन्तपुर,नगरीय,23000,upto 3 m,24500,25000,25500,3-5 m,80000,88000,78500,base,,,,,,,,,,,,,,,,,,0.081/0.142/0.202 ha,comm: right-hand columns (category+rates) printed one row lower than serial/name rows on this page; mapped 1:1 in order (row 325 gets first value row) - verify | agri: all rate cells printed as dash
sadar1,Sadar-1,03-08-2016,339,0047,रहमत नगर,मिर्जापुर,नगरीय,10500,upto 3 m,11700,12800,14000,3-5 m,80000,88000,78500,base,,,,,,,,,,,,,,,,,,0.081/0.142/0.202 ha,comm: right-hand columns (category+rates) printed one row lower than serial/name rows on this page; mapped 1:1 in order (row 325 gets first value row) - verify | agri: all rate cells printed as dash
sadar1,Sadar-1,03-08-2016,340,0022,रसूलपुर,रसूलपुर,नगरीय,11700,upto 3 m,12800,14000,15000,3-5 m,64000,73500,63000,base,,0,660,560,253,0,615,520,235,0,590,500,225,0,472,425,220,0.081/0.142/0.202 ha,comm: right-hand columns (category+rates) printed one row lower than serial/name rows on this page; mapped 1:1 in order (row 325 gets first value row) - verify
sadar1,Sadar-1,03-08-2016,341,0022,रसूलपुर आंशिक,सूर्यकुण्ड धामनगर,नगरीय,11700,upto 3 m,12800,14000,15000,3-5 m,64000,73500,63000,base,,0,660,560,253,0,615,520,235,0,590,500,225,0,472,425,220,0.081/0.142/0.202 ha,comm: right-hand columns (category+rates) printed one row lower than serial/name rows on this page; mapped 1:1 in order (row 325 gets first value row) - verify
sadar1,Sadar-1,03-08-2016,342,0016,राप्तीनगर,राप्तीनगर,नगरीय,12800,upto 3 m,14000,14500,15000,3-5 m,80000,88000,78500,base,,,,,,,,,,,,,,,,,,0.081/0.142/0.202 ha,comm: right-hand columns (category+rates) printed one row lower than serial/name rows on this page; mapped 1:1 in order (row 325 gets first value row) - verify | agri: all rate cells printed as dash
sadar1,Sadar-1,03-08-2016,343,0016,राप्तीनगर आंशिक,रामजानकी नगर,नगरीय,12800,upto 3 m,14000,14500,15000,3-5 m,80000,88000,78500,base,,,,,,,,,,,,,,,,,,0.081/0.142/0.202 ha,comm: right-hand columns (category+rates) printed one row lower than serial/name rows on this page; mapped 1:1 in order (row 325 gets first value row) - verify | agri: all rate cells printed as dash
sadar1,Sadar-1,03-08-2016,344,0020,रामपुर नयागॉव,राजेन्द्र नगर पश्चिमी,नगरीय,10500,upto 3 m,11700,12800,14000,3-5 m,64000,73500,63000,base,,0,660,560,253,0,615,520,235,0,590,500,225,0,472,425,220,0.081/0.142/0.202 ha,comm: right-hand columns (category+rates) printed one row lower than serial/name rows on this page; mapped 1:1 in order (row 325 gets first value row) - verify
sadar1,Sadar-1,03-08-2016,345,0126,राजेन्द्र नगर लच्छीपुर,राजेन्द्र नगर पश्चिमी,नगरीय,11700,upto 3 m,12800,14000,15000,3-5 m,64000,73500,63000,base,,0,660,560,253,0,615,520,235,0,590,500,225,0,472,425,220,0.081/0.142/0.202 ha,comm: right-hand columns (category+rates) printed one row lower than serial/name rows on this page; mapped 1:1 in order (row 325 gets first value row) - verify
sadar1,Sadar-1,03-08-2016,346,0153,राप्तीनगर प्रथम चरण,गोरखपुर विकास प्राधिकरण द्वारा विकसित कालोनी,नगरीय,19000,upto 3 m,20000,21500,23500,3-5 m,80000,88000,78500,base,,,,,,,,,,,,,,,,,,0.081/0.142/0.202 ha,comm: right-hand columns (category+rates) printed one row lower than serial/name rows on this page; mapped 1:1 in order (row 325 gets first value row) - verify | agri: all rate cells printed as dash
sadar1,Sadar-1,03-08-2016,347,0152,राप्तीनगर द्वितीय चरण,गोरखपुर विकास प्राधिकरण द्वारा विकसित कालोनी,नगरीय,19000,upto 3 m,20000,21500,23500,3-5 m,80000,88000,78500,base,,,,,,,,,,,,,,,,,,0.081/0.142/0.202 ha,agri: all rate cells printed as dash
sadar1,Sadar-1,03-08-2016,348,0151,राप्तीनगर तृतीय चरण,गोरखपुर विकास प्राधिकरण द्वारा विकसित कालोनी,नगरीय,19000,upto 3 m,20000,21500,23500,3-5 m,80000,88000,78500,base,,,,,,,,,,,,,,,,,,0.081/0.142/0.202 ha,agri: all rate cells printed as dash
sadar1,Sadar-1,03-08-2016,349,0150,राप्तीनगर चतुर्थ चरण,गोरखपुर विकास प्राधिकरण द्वारा विकसित कालोनी,नगरीय,19000,upto 3 m,20000,21500,23500,3-5 m,80000,88000,78500,base,,,,,,,,,,,,,,,,,,0.081/0.142/0.202 ha,agri: all rate cells printed as dash
sadar1,Sadar-1,03-08-2016,350,0154,राप्तीनगर विस्तार,गोरखपुर विकास प्राधिकरण द्वारा विकसित कालोनी,नगरीय,19000,upto 3 m,20000,21500,23500,3-5 m,80000,88000,78500,base,,,,,,,,,,,,,,,,,,0.081/0.142/0.202 ha,comm: serial printed 360; sequence implies 350 | agri: all rate cells printed as dash
sadar1,Sadar-1,03-08-2016,351,0127,रेलविहार आवासीय योजना,गोरखपुर विकास प्राधिकरण द्वारा विकसित कालोनी,नगरीय,19000,upto 3 m,20000,21500,23500,3-5 m,80000,88000,78500,base,,,,,,,,,,,,,,,,,,0.081/0.142/0.202 ha,agri: all rate cells printed as dash
sadar1,Sadar-1,03-08-2016,352,0173,रूस्तमपुर,आवास विकास परिषद द्वारा विकसित कालोनी,नगरीय,19000,upto 3 m,20000,21500,23500,3-5 m,80000,88000,78500,base,,,,,,,,,,,,,,,,,,0.081/0.142/0.202 ha,road: vcode partly under signature | agri: all rate cells printed as dash
sadar1,Sadar-1,03-08-2016,353,0168,रामानगर,"रामानगर (वार्ड नं0 04), नगर पंचायत पिपराईच",अर्धनगरीय,9000,upto 3 m,9500,10000,11000,3-5 m,61500,68000,61000,base,,400,360,300,200,370,335,280,170,360,330,275,165,300,270,215,145,0.081/0.142/0.202 ha,
sadar1,Sadar-1,03-08-2016,354,5296,रक्षवापार,हवेली,ग्रामीण क्षेत्र,1500,upto 3 m,1700,1750,1800,3-5 m,16500,25000,22000,base,,145,115,90,65,135,105,80,62,125,98,85,58,100,90,70,46,0.081/0.142/0.202 ha,
sadar1,Sadar-1,03-08-2016,355,4822,रायगंज,हवेली,ग्रामीण क्षेत्र,7000,upto 3 m,7500,8000,8500,3-5 m,32500,42000,36500,base,,280,240,182,102,278,235,175,100,265,230,160,90,210,185,140,85,0.081/0.142/0.202 ha,agri: vcode second digit partly under signature; read 4822
sadar1,Sadar-1,03-08-2016,356,4818,रामपुर तप्पा राजधानी,हवेली,ग्रामीण क्षेत्र,9000,upto 3 m,9200,9300,9500,3-5 m,32500,42000,36500,base,,280,240,182,102,278,235,175,100,265,230,160,90,210,185,140,85,0.081/0.142/0.202 ha,
sadar1,Sadar-1,03-08-2016,357,5293,रामपुर थवईपार तप्पा पतरा,हवेली,ग्रामीण क्षेत्र,1500,upto 3 m,1700,1750,1800,3-5 m,16500,25000,22000,base,,145,115,90,65,135,105,80,62,125,98,85,58,100,90,70,46,0.081/0.142/0.202 ha,
sadar1,Sadar-1,03-08-2016,358,5298,रामपुर चक,हवेली,ग्रामीण क्षेत्र,1500,upto 3 m,1700,1750,1800,3-5 m,16500,25000,22000,base,,145,115,90,65,135,105,80,62,125,98,85,58,100,90,70,46,0.081/0.142/0.202 ha,
sadar1,Sadar-1,03-08-2016,359,5292,रमवापुर तप्पा पतरा,हवेली,ग्रामीण क्षेत्र,1500,upto 3 m,1700,1750,1800,3-5 m,16500,25000,22000,base,,145,115,90,65,135,105,80,62,125,98,85,58,100,90,70,46,0.081/0.142/0.202 ha,
sadar1,Sadar-1,03-08-2016,360,5294,रतनपुर,हवेली,ग्रामीण क्षेत्र,1500,upto 3 m,1700,1750,1800,3-5 m,16500,25000,22000,base,,145,115,90,65,135,105,80,62,125,98,85,58,100,90,70,46,0.081/0.142/0.202 ha,
sadar1,Sadar-1,03-08-2016,361,5302,रिठना,हवेली,ग्रामीण क्षेत्र,1500,upto 3 m,1700,1750,1800,3-5 m,16500,25000,22000,base,,145,115,90,65,135,105,80,62,125,98,85,58,100,90,70,46,0.081/0.142/0.202 ha,
sadar1,Sadar-1,03-08-2016,362,5291,रिठिया,हवेली,ग्रामीण क्षेत्र,1500,upto 3 m,1700,1750,1800,3-5 m,16500,25000,22000,base,,145,115,90,65,135,105,80,62,125,98,85,58,100,90,70,46,0.081/0.142/0.202 ha,
sadar1,Sadar-1,03-08-2016,363,0019,लक्ष्मीपुर,राजेन्द्र नगर पश्चिमी,नगरीय,11700,upto 3 m,12800,14000,15000,3-5 m,16500,25000,22000,base,,0,660,560,253,0,615,520,235,0,590,500,225,0,472,425,220,0.081/0.142/0.202 ha,comm: नगरीय with rural-tier rates 16500/25000/22000; as printed
sadar1,Sadar-1,03-08-2016,364,0018,लच्छीपुर आंशिक,लच्छीपुर,नगरीय,11700,upto 3 m,12800,14000,15000,3-5 m,64000,73500,63000,base,,0,660,560,253,0,615,520,235,0,590,500,225,0,472,425,220,0.081/0.142/0.202 ha,
sadar1,Sadar-1,03-08-2016,365,0128,लोहिया नगर,लोहिया नगर,नगरीय,10500,upto 3 m,12800,14000,15000,3-5 m,64000,73500,63000,base,,,,,,,,,,,,,,,,,,0.081/0.142/0.202 ha,agri: all rate cells printed as dash
sadar1,Sadar-1,03-08-2016,366,0142,ललितापुरम,गोरखपुर विकास प्राधिकरण द्वारा विकसित कालोनी,नगरीय,19000,upto 3 m,20000,21500,23500,3-5 m,80000,88000,78500,base,,,,,,,,,,,,,,,,,,0.081/0.142/0.202 ha,agri: all rate cells printed as dash
sadar1,Sadar-1,03-08-2016,367,0144,ललितापुरम विस्तार,गोरखपुर विकास प्राधिकरण द्वारा विकसित कालोनी,नगरीय,19000,upto 3 m,20000,21500,23500,3-5 m,80000,88000,78500,base,,,,,,,,,,,,,,,,,,0.081/0.142/0.202 ha,agri: all rate cells printed as dash
sadar1,Sadar-1,03-08-2016,368,0169,लोहियानगर,लोहियानगर (वार्ड नं0 09) नगर पंचायत पिपराईच,अर्धनगरीय,9000,upto 3 m,9500,10000,11000,3-5 m,61500,68000,61000,base,,400,360,300,200,370,335,280,170,360,330,275,165,300,270,215,145,0.081/0.142/0.202 ha,
sadar1,Sadar-1,03-08-2016,369,4808,लहसडी एहतमाली,हवेली,ग्रामीण क्षेत्र,7000,upto 3 m,7500,8000,8500,3-5 m,32500,42000,36500,base,,280,240,182,102,278,235,175,100,265,230,160,90,210,185,140,85,0.081/0.142/0.202 ha,
sadar1,Sadar-1,03-08-2016,370,5408,लहसडी मुस्तकिल,हवेली,ग्रामीण क्षेत्र,7000,upto 3 m,7500,8000,8500,3-5 m,32500,42000,36500,base,,280,240,182,102,278,235,175,100,265,230,160,90,210,185,140,85,0.081/0.142/0.202 ha,
sadar1,Sadar-1,03-08-2016,371,5311,लहुरादेउर,हवेली,ग्रामीण क्षेत्र,1500,upto 3 m,1700,1750,1800,3-5 m,16500,25000,22000,base,,145,115,90,65,135,105,80,62,125,98,85,58,100,90,70,46,0.081/0.142/0.202 ha,
sadar1,Sadar-1,03-08-2016,372,5309,लखेसरा,हवेली,ग्रामीण क्षेत्र,1500,upto 3 m,1700,1750,1800,3-5 m,16500,25000,22000,base,,145,115,90,65,135,105,80,62,125,98,85,58,100,90,70,46,0.081/0.142/0.202 ha,
sadar1,Sadar-1,03-08-2016,373,5308,लालपुर टीकर,हवेली,ग्रामीण क्षेत्र,6000,upto 3 m,6500,7000,7500,3-5 m,16500,25000,22000,base,,200,175,125,80,190,170,120,75,185,155,115,70,150,130,94,55,0.081/0.142/0.202 ha,road: vcode first digit under signature
sadar1,Sadar-1,03-08-2016,374,0072,विन्द टोला,कल्याणपुर,नगरीय,10500,upto 3 m,11700,12800,14000,3-5 m,64000,73500,63000,base,,,,,,,,,,,,,,,,,,0.081/0.142/0.202 ha,agri: all rate cells printed as dash
sadar1,Sadar-1,03-08-2016,375,0129,विष्णुपुरम,भेडियागढ,नगरीय,12800,upto 3 m,14000,14500,15000,3-5 m,80000,88000,78500,base,,,,,,,,,,,,,,,,,,0.081/0.142/0.202 ha,agri: vcode 3rd digit under signature: 0129 or 0139; all rate cells printed as dash
sadar1,Sadar-1,03-08-2016,376,0149,विकास नगर (लच्छीपुर),विकास नगर,नगरीय,19000,upto 3 m,20000,21500,23500,3-5 m,80000,88000,78500,base,,,,,,,,,,,,,,,,,,0.081/0.142/0.202 ha,agri: all rate cells printed as dash
sadar1,Sadar-1,03-08-2016,377,0138,विकास नगर आवासीय योजना,गोरखपुर विकास प्राधिकरण द्वारा विकसित कालोनी,नगरीय,19000,upto 3 m,20000,21500,23500,3-5 m,80000,88000,78500,base,,,,,,,,,,,,,,,,,,0.081/0.142/0.202 ha,agri: name truncated in print; all rate cells printed as dash
sadar1,Sadar-1,03-08-2016,378,0135,विकास नगर विस्तार,गोरखपुर विकास प्राधिकरण द्वारा विकसित कालोनी,नगरीय,19000,upto 3 m,20000,21500,23500,3-5 m,80000,88000,78500,base,,,,,,,,,,,,,,,,,,0.081/0.142/0.202 ha,agri: rate cells blank (no dashes printed)
sadar1,Sadar-1,03-08-2016,379,0149,विकास नगर कालोनी,आवास विकास परिषद द्वारा विकसित कालोनी,नगरीय,19000,upto 3 m,20000,21500,23500,3-5 m,80000,88000,78500,base,,,,,,,,,,,,,,,,,,0.081/0.142/0.202 ha,road: vcode 0149 printed same as serial 376 | agri: all rate cells printed as dash
sadar1,Sadar-1,03-08-2016,380,0170,विवेकानन्दनगर,विवेकानन्दनगर (वार्ड नं0 06) नगर पंचायत पिपराईच,अर्धनगरीय,9000,upto 3 m,9500,10000,11000,3-5 m,61500,68000,61000,base,,400,360,300,200,370,335,280,170,360,330,275,165,300,270,215,145,0.081/0.142/0.202 ha,
sadar1,Sadar-1,03-08-2016,381,5322,वनचरा,हवेली,ग्रामीण क्षेत्र,1500,upto 3 m,1700,1750,1800,3-5 m,16500,25000,22000,base,,145,115,90,65,135,105,80,62,125,98,85,58,100,90,70,46,0.081/0.142/0.202 ha,
sadar1,Sadar-1,03-08-2016,382,5214,वरडीहा उर्फ रौजा,हवेली,ग्रामीण क्षेत्र,1500,upto 3 m,1700,1750,1800,3-5 m,16500,25000,22000,base,,145,115,90,65,135,105,80,62,125,98,85,58,100,90,70,46,0.081/0.142/0.202 ha,
sadar1,Sadar-1,03-08-2016,383,5321,विशुनपुर बुजुर्ग,हवेली,ग्रामीण क्षेत्र,1500,upto 3 m,1700,1750,1800,3-5 m,16500,25000,22000,base,,145,115,90,65,135,105,80,62,125,98,85,58,100,90,70,46,0.081/0.142/0.202 ha,
sadar1,Sadar-1,03-08-2016,384,5325,विशुनपुर खुर्द,हवेली,ग्रामीण क्षेत्र,1500,upto 3 m,1700,1750,1800,3-5 m,16500,25000,22000,base,,145,115,90,65,135,105,80,62,125,98,85,58,100,90,70,46,0.081/0.142/0.202 ha,
sadar1,Sadar-1,03-08-2016,385,5323,व्यौहरिया,हवेली,ग्रामीण क्षेत्र,1500,upto 3 m,1700,1750,1800,3-5 m,16500,25000,22000,base,,145,115,90,65,135,105,80,62,125,98,85,58,100,90,70,46,0.081/0.142/0.202 ha,
sadar1,Sadar-1,03-08-2016,386,0147,शाहपुर आवास विकास कालोनी,शाहपुर,नगरीय,19000,upto 3 m,20000,21500,23500,3-5 m,80000,88000,78500,base,,,,,,,,,,,,,,,,,,0.081/0.142/0.202 ha,agri: name truncated in print; all rate cells printed as dash
sadar1,Sadar-1,03-08-2016,387,0147,शाहपुर आ0 वि0 कालोनी,घोषीपुरवा,नगरीय,19000,upto 3 m,20000,21500,23500,3-5 m,80000,88000,78500,base,,,,,,,,,,,,,,,,,,0.081/0.142/0.202 ha,agri: all rate cells printed as dash
sadar1,Sadar-1,03-08-2016,388,0032,शिवपुर सहबाजगंज,जं0 सालिकराम,नगरीय,10500,upto 3 m,11700,12800,14000,3-5 m,64000,73500,63000,base,,0,660,560,253,0,615,520,235,0,590,500,225,0,472,425,220,0.081/0.142/0.202 ha,
sadar1,Sadar-1,03-08-2016,389,0130,शताब्दीपुरम,जं0 सालिकराम,नगरीय,10500,upto 3 m,11700,12800,14000,3-5 m,64000,73500,63000,base,,,,,,,,,,,,,,,,,,0.081/0.142/0.202 ha,agri: all rate cells printed as dash
sadar1,Sadar-1,03-08-2016,390,0131,शिवपुर कालोनी,रामजानकी नगर,नगरीय,12800,upto 3 m,14000,14500,15000,3-5 m,80000,88000,78500,base,,,,,,,,,,,,,,,,,,0.081/0.142/0.202 ha,agri: all rate cells printed as dash
sadar1,Sadar-1,03-08-2016,391,0055,शेषपुर,शेषपुर,नगरीय,23000,upto 3 m,24500,25000,25500,3-5 m,80000,88000,78500,base,,,,,,,,,,,,,,,,,,0.081/0.142/0.202 ha,agri: all rate cells printed as dash
sadar1,Sadar-1,03-08-2016,392,0068,शाहपुर,शाहपुर,नगरीय,12800,upto 3 m,14000,15000,16000,3-5 m,80000,88000,78500,base,,,,,,,,,,,,,,,,,,0.081/0.142/0.202 ha,agri: all rate cells printed as dash
sadar1,Sadar-1,03-08-2016,393,0032,शिवपुर सहबाजगंज,शिवपुर सहबाजगंज,नगरीय,10500,upto 3 m,11700,12800,14000,3-5 m,64000,73500,63000,base,,0,660,560,253,0,615,520,235,0,590,500,225,0,472,425,220,0.081/0.142/0.202 ha,road: duplicate of serial 388 as printed
sadar1,Sadar-1,03-08-2016,394,0132,शक्तिनगर,शक्तिनगर,नगरीय,12800,upto 3 m,14000,14500,15000,3-5 m,80000,88000,78500,base,,0,660,560,253,0,615,520,235,0,590,500,225,0,472,425,220,0.081/0.142/0.202 ha,road: vcode first digit under signature
sadar1,Sadar-1,03-08-2016,395,0139,शास्त्रीनगर आवासीय योजना,गोरखपुर विकास प्राधिकरण द्वारा विकसित कालोनी,नगरीय,19000,upto 3 m,20000,21500,23500,3-5 m,80000,88000,78500,base,,,,,,,,,,,,,,,,,,0.081/0.142/0.202 ha,agri: vcode partly under signature; best reading 0139; all rate cells printed as dash
sadar1,Sadar-1,03-08-2016,396,0140,शास्त्रीपुरम आवासीय योजना,गोरखपुर विकास प्राधिकरण द्वारा विकसित कालोनी,नगरीय,19000,upto 3 m,20000,21500,23500,3-5 m,80000,88000,78500,base,,,,,,,,,,,,,,,,,,0.081/0.142/0.202 ha,agri: all rate cells printed as dash
sadar1,Sadar-1,03-08-2016,397,0141,शास्त्रीपुरम विस्तार,गोरखपुर विकास प्राधिकरण द्वारा विकसित कालोनी,नगरीय,19000,upto 3 m,20000,21500,23500,3-5 m,80000,88000,78500,base,,,,,,,,,,,,,,,,,,0.081/0.142/0.202 ha,agri: all rate cells printed as dash
sadar1,Sadar-1,03-08-2016,398,0147,शाहपुर,आवास विकास परिषद द्वारा विकसित कालोनी,नगरीय,19000,upto 3 m,20000,21500,23500,3-5 m,80000,88000,78500,base,,,,,,,,,,,,,,,,,,0.081/0.142/0.202 ha,agri: all rate cells printed as dash
sadar1,Sadar-1,03-08-2016,399,4189,शेरगढ,भौवापार,अर्धनगरीय,8500,upto 3 m,9000,9500,10500,3-5 m,61500,68000,61000,base,,0,357,301,155,0,332,280,142,0,322,268,138,0,255,214,110,0.081/0.142/0.202 ha,
sadar1,Sadar-1,03-08-2016,400,0170,शास्त्रीनगर,शास्त्रीनगर (वार्ड नं0 10) नगर पंचायत पिपराईच,अर्धनगरीय,9000,upto 3 m,9500,10000,11000,3-5 m,61500,68000,61000,base,,400,360,300,200,370,335,280,170,360,330,275,165,300,270,215,145,0.081/0.142/0.202 ha,"basic: vcode 0170 printed, same as serial 380 (विवेकानन्दनगर)"
sadar1,Sadar-1,03-08-2016,401,5362,शिव चक,भौवापार,ग्रामीण क्षेत्र,1500,upto 3 m,1700,1750,1800,3-5 m,16500,25000,22000,base,,145,115,90,65,135,105,80,62,125,98,85,58,100,90,70,46,0.081/0.142/0.202 ha,
sadar1,Sadar-1,03-08-2016,402,5361,शिव घाट,भौवापार,ग्रामीण क्षेत्र,1500,upto 3 m,1700,1750,1800,3-5 m,16500,25000,22000,base,,145,115,90,65,135,105,80,62,125,98,85,58,100,90,70,46,0.081/0.142/0.202 ha,
sadar1,Sadar-1,03-08-2016,403,5364,शुकुल हरिजोत,भौवापार,ग्रामीण क्षेत्र,1500,upto 3 m,1700,1750,1800,3-5 m,16500,25000,22000,base,,145,115,90,65,135,105,80,62,125,98,85,58,100,90,70,46,0.081/0.142/0.202 ha,
sadar1,Sadar-1,03-08-2016,404,4807,शिवपुर तप्पा राजधानी,हवेली,ग्रामीण क्षेत्र,7000,upto 3 m,7500,7800,8000,3-5 m,32500,42000,36500,base,,280,240,182,102,278,235,175,100,265,230,160,90,210,185,140,85,0.081/0.142/0.202 ha,
sadar1,Sadar-1,03-08-2016,405,5363,शिवरिया,हवेली,ग्रामीण क्षेत्र,1500,upto 3 m,1700,1750,1800,3-5 m,16500,25000,22000,base,,145,115,90,65,135,105,80,62,125,98,85,58,100,90,70,46,0.081/0.142/0.202 ha,
sadar1,Sadar-1,03-08-2016,406,0006,सेमरा,सेमरा,नगरीय,10500,upto 3 m,11700,12800,14000,3-5 m,80000,88000,78500,base,,0,660,560,253,0,615,520,235,0,590,500,225,0,472,425,220,0.081/0.142/0.202 ha,
sadar1,Sadar-1,03-08-2016,407,0004,सलेमपुर उर्फ मुगलपुर,सेमरा,नगरीय,11700,upto 3 m,12800,14000,15000,3-5 m,80000,88000,78500,base,,0,660,560,253,0,615,520,235,0,590,500,225,0,472,425,220,0.081/0.142/0.202 ha,
sadar1,Sadar-1,03-08-2016,408,0061,सिधारीपुर,तिवारीपुर,नगरीय,10500,upto 3 m,11700,12800,14000,3-5 m,80000,88000,78500,base,,0,660,560,253,0,615,520,235,0,590,500,225,0,472,425,220,0.081/0.142/0.202 ha,
sadar1,Sadar-1,03-08-2016,409,0133,सूर्यकुण्ड कालोनी,सूर्यकुण्ड धामनगर,नगरीय,19000,upto 3 m,20000,21500,23500,3-5 m,80000,88000,78500,base,,0,0,0,0,0,0,0,0,0,0,0,0,0,0,0,0,0.081/0.142/0.202 ha,agri: all 16 cells printed as 0
sadar1,Sadar-1,03-08-2016,410,0061,सिधारीपुर आंशिक,सूर्यकुण्ड धामनगर,नगरीय,10500,upto 3 m,11700,12800,14000,3-5 m,80000,88000,78500,base,,0,660,560,253,0,615,520,235,0,590,500,225,0,472,425,220,0.081/0.142/0.202 ha,
sadar1,Sadar-1,03-08-2016,411,0134,संकटमोचन नगर,नेता जी सुबाष चन्द्र बोष नगर,नगरीय,19000,upto 3 m,20000,21500,23500,3-5 m,80000,88000,78500,base,,,,,,,,,,,,,,,,,,0.081/0.142/0.202 ha,agri: all rate cells printed as dash
sadar1,Sadar-1,03-08-2016,412,0145,सूर्यविहार आवासीय योजना,गोरखपुर विकास प्राधिकरण द्वारा विकसित कालोनी,नगरीय,19000,upto 3 m,20000,21500,23500,3-5 m,80000,88000,78500,base,,,,,,,,,,,,,,,,,,0.081/0.142/0.202 ha,agri: all rate cells printed as dash
sadar1,Sadar-1,03-08-2016,413,0148,सूरजकुण्ड,आवास विकास परिषद द्वारा विकसित कालोनी,नगरीय,19000,upto 3 m,20000,21500,23500,3-5 m,80000,88000,78500,base,,,,,,,,,,,,,,,,,,0.081/0.142/0.202 ha,agri: all rate cells printed as dash
sadar1,Sadar-1,03-08-2016,414,4186,सेन्दुली बेन्दुली,हवेली,अर्धनगरीय,9200,upto 3 m,9500,10000,11000,3-5 m,61500,68000,61000,base,,0,510,430,222,0,475,400,215,0,460,395,225,0,365,306,200,0.081/0.142/0.202 ha,agri: link_d 225 printed (> dist_d 215); identical row 315 on p142 has 210
sadar1,Sadar-1,03-08-2016,415,0172,सुबाष चन्द्र बोष नगर,सुबाष चन्द्र बोष नगर (वार्ड नं0 01) नगर पंचायत पिपराईच,अर्धनगरीय,9000,upto 3 m,9500,10000,11000,3-5 m,61500,68000,61000,base,,400,360,300,200,370,335,280,170,360,330,275,165,300,270,215,145,0.081/0.142/0.202 ha,road: vcode second digit hidden by signature stroke; read 0172 | agri: vcode last digits under signature; best reading 0172
sadar1,Sadar-1,03-08-2016,416,2340,सिधावल,हवेली,ग्रामीण क्षेत्र,7500,upto 3 m,8000,8500,9000,3-5 m,32500,42000,36500,base,,280,240,182,102,278,235,175,100,265,230,160,90,210,185,140,85,0.081/0.142/0.202 ha,
sadar1,Sadar-1,03-08-2016,417,2343,सोनराईच उर्फ बडाग्राम,हवेली,ग्रामीण क्षेत्र,7500,upto 3 m,8000,8500,9000,3-5 m,32500,42000,36500,base,,280,240,182,102,278,235,175,100,265,230,160,90,210,185,140,85,0.081/0.142/0.202 ha,
sadar1,Sadar-1,03-08-2016,418,5348,सेमरा कोल,भौवापार,ग्रामीण क्षेत्र,1500,upto 3 m,1700,1750,1800,3-5 m,16500,25000,22000,base,,145,115,90,65,135,105,80,62,125,98,85,58,100,90,70,46,0.081/0.142/0.202 ha,
sadar1,Sadar-1,03-08-2016,419,4813,सेवई (बाजार),भौवापार,ग्रामीण क्षेत्र,7000,upto 3 m,7500,7800,8000,3-5 m,32500,42000,36500,base,,280,240,182,102,278,235,175,100,265,230,160,90,210,185,140,85,0.081/0.142/0.202 ha,
sadar1,Sadar-1,03-08-2016,420,5339,सिहोंरवा अव्वल,भौवापार,ग्रामीण क्षेत्र,1500,upto 3 m,1700,1750,1800,3-5 m,16500,25000,22000,base,,145,115,90,65,135,105,80,62,125,98,85,58,100,90,70,46,0.081/0.142/0.202 ha,
sadar1,Sadar-1,03-08-2016,421,5340,सिहोंरवा सानी,भौवापार,ग्रामीण क्षेत्र,1500,upto 3 m,1700,1750,1800,3-5 m,16500,25000,22000,base,,145,115,90,65,135,105,80,62,125,98,85,58,100,90,70,46,0.081/0.142/0.202 ha,
sadar1,Sadar-1,03-08-2016,422,5345,साहूकोल मुस्तकिल,हवेली,ग्रामीण क्षेत्र,1500,upto 3 m,1700,1750,1800,3-5 m,16500,25000,22000,base,,145,115,90,65,135,105,80,62,125,98,85,58,100,90,70,46,0.081/0.142/0.202 ha,
sadar1,Sadar-1,03-08-2016,423,5332,समस्तपुर मुडिला,हवेली,ग्रामीण क्षेत्र,1500,upto 3 m,1700,1750,1800,3-5 m,16500,25000,22000,base,,145,115,90,65,135,105,80,62,125,98,85,58,100,90,70,46,0.081/0.142/0.202 ha,
sadar1,Sadar-1,03-08-2016,424,4853,समदार बुजुर्ग,हवेली,ग्रामीण क्षेत्र,6000,upto 3 m,6500,7000,7500,3-5 m,23000,31500,26000,base,,200,175,125,80,190,170,120,75,185,155,115,70,150,130,94,55,0.081/0.142/0.202 ha,
sadar1,Sadar-1,03-08-2016,425,5409,समदार खुर्द,हवेली,ग्रामीण क्षेत्र,6000,upto 3 m,6500,7000,7500,3-5 m,23000,31500,26000,base,,200,175,125,80,190,170,120,75,185,155,115,70,150,130,94,55,0.081/0.142/0.202 ha,
sadar1,Sadar-1,03-08-2016,426,5353,समोढी तप्पा राजधानी,हवेली,ग्रामीण क्षेत्र,1500,upto 3 m,1700,1750,1800,3-5 m,16500,25000,22000,base,,145,115,90,65,135,105,80,62,125,98,85,58,100,90,70,46,0.081/0.142/0.202 ha,
sadar1,Sadar-1,03-08-2016,427,5331,सनहा,हवेली,ग्रामीण क्षेत्र,1500,upto 3 m,1700,1750,1800,3-5 m,16500,25000,22000,base,,145,115,90,65,135,105,80,62,125,98,85,58,100,90,70,46,0.081/0.142/0.202 ha,
sadar1,Sadar-1,03-08-2016,428,5333,सरण्डा,हवेली,ग्रामीण क्षेत्र,1500,upto 3 m,1700,1750,1800,3-5 m,16500,25000,22000,base,,145,115,90,65,135,105,80,62,125,98,85,58,100,90,70,46,0.081/0.142/0.202 ha,
sadar1,Sadar-1,03-08-2016,429,5346,सेमरा मानिक चौक,हवेली,ग्रामीण क्षेत्र,1500,upto 3 m,1700,1750,1800,3-5 m,16500,25000,22000,base,,145,115,90,65,135,105,80,62,125,98,85,58,100,90,70,46,0.081/0.142/0.202 ha,
sadar1,Sadar-1,03-08-2016,430,5336,सिधौली,हवेली,ग्रामीण क्षेत्र,1500,upto 3 m,1700,1750,1800,3-5 m,16500,25000,22000,base,,145,115,90,65,135,105,80,62,125,98,85,58,100,90,70,46,0.081/0.142/0.202 ha,
sadar1,Sadar-1,03-08-2016,431,5337,सिरसिया तप्पा पतरा,हवेली,ग्रामीण क्षेत्र,1500,upto 3 m,1700,1750,1800,3-5 m,16500,25000,22000,base,,145,115,90,65,135,105,80,62,125,98,85,58,100,90,70,46,0.081/0.142/0.202 ha,
sadar1,Sadar-1,03-08-2016,432,5352,सोहसा,हवेली,ग्रामीण क्षेत्र,1500,upto 3 m,1700,1750,1800,3-5 m,16500,25000,22000,base,,145,115,90,65,135,105,80,62,125,98,85,58,100,90,70,46,0.081/0.142/0.202 ha,
sadar1,Sadar-1,03-08-2016,433,5349,सोनवे एहतमाली,हवेली,ग्रामीण क्षेत्र,1500,upto 3 m,1700,1750,1800,3-5 m,16500,25000,22000,base,,145,115,90,65,135,105,80,62,125,98,85,58,100,90,70,46,0.081/0.142/0.202 ha,
sadar1,Sadar-1,03-08-2016,434,5350,सोनवे गोनरहा,हवेली,ग्रामीण क्षेत्र,1500,upto 3 m,1700,1750,1800,3-5 m,16500,25000,22000,base,,145,115,90,65,135,105,80,62,125,98,85,58,100,90,70,46,0.081/0.142/0.202 ha,
sadar1,Sadar-1,03-08-2016,435,5351,सोनवे मुस्तकिल,हवेली,ग्रामीण क्षेत्र,1500,upto 3 m,1700,1750,1800,3-5 m,16500,25000,22000,base,,145,115,90,65,135,105,80,62,125,98,85,58,100,90,70,46,0.081/0.142/0.202 ha,agri: vcode last digit obscured by signature; read 5351 (sequence 5349/5350)
sadar1,Sadar-1,03-08-2016,436,5341,सुग्गाटारी,हवेली,ग्रामीण क्षेत्र,1500,upto 3 m,1700,1750,1800,3-5 m,16500,25000,22000,base,,145,115,90,65,135,105,80,62,125,98,85,58,100,90,70,46,0.081/0.142/0.202 ha,road: vcode first digit under signature
sadar1,Sadar-1,03-08-2016,437,5335,संझाई,हवेली,ग्रामीण क्षेत्र,1500,upto 3 m,1700,1750,1800,3-5 m,16500,25000,22000,base,,145,115,90,65,135,105,80,62,125,98,85,58,100,90,70,46,0.081/0.142/0.202 ha,
sadar1,Sadar-1,03-08-2016,438,0010,हमीदपुर,चरगॉवा,नगरीय,11700,upto 3 m,12800,14000,15000,3-5 m,80000,88000,78500,base,,0,660,560,253,0,615,520,235,0,590,500,225,0,472,425,220,0.081/0.142/0.202 ha,
sadar1,Sadar-1,03-08-2016,439,0093,हरसेवकपुर नं0 1,चरगॉवा,नगरीय,12800,upto 3 m,14000,14500,15000,3-5 m,80000,88000,78500,base,,0,660,560,253,0,615,520,235,0,590,500,225,0,472,425,220,0.081/0.142/0.202 ha,
sadar1,Sadar-1,03-08-2016,440,0036,हुमायूपुर उत्तरी आंशिक,जनप्रिय विहार,नगरीय,11700,upto 3 m,12800,14000,15000,3-5 m,80000,88000,78500,base,,,,,,,,,,,,,,,,,,0.081/0.142/0.202 ha,"agri: all rate cells printed as ""-"""
sadar1,Sadar-1,03-08-2016,441,0037,हुमायूपुर उत्तरी,हुमायूपुर उत्तरी,नगरीय,11700,upto 3 m,12800,14000,15000,3-5 m,80000,88000,78500,base,,,,,,,,,,,,,,,,,,0.081/0.142/0.202 ha,"agri: all rate cells printed as ""-"""
sadar1,Sadar-1,03-08-2016,442,0084,हुमायूपुर दक्षिणी,अलीनगर,नगरीय,19000,upto 3 m,20000,20500,21500,3-5 m,80000,88000,78500,base,,,,,,,,,,,,,,,,,,0.081/0.142/0.202 ha,"agri: all rate cells printed as ""-"""
sadar1,Sadar-1,03-08-2016,443,0103,हजारीपुर,दिलेजाकपुर,नगरीय,23000,upto 3 m,23000,23500,24000,3-5 m,80000,88000,78500,base,,,,,,,,,,,,,,,,,,0.081/0.142/0.202 ha,"agri: all rate cells printed as ""-"""
sadar1,Sadar-1,03-08-2016,444,0011,हनुमान चक,बसन्तपुर,नगरीय,10500,upto 3 m,11700,12800,14000,3-5 m,80000,88000,78500,base,,0,660,560,253,0,615,520,235,0,590,500,225,0,472,425,220,0.081/0.142/0.202 ha,
sadar1,Sadar-1,03-08-2016,445,2342,हरखापुर,हवेली,ग्रामीण क्षेत्र,7500,upto 3 m,8000,8500,9000,3-5 m,32500,42000,36500,base,,280,240,182,102,278,235,175,100,265,230,160,90,210,185,140,85,0.081/0.142/0.202 ha,
sadar1,Sadar-1,03-08-2016,446,5367,हरदिया,भौवापार,ग्रामीण क्षेत्र,1500,upto 3 m,1700,1750,1800,3-5 m,16500,25000,22000,base,,145,115,90,65,135,105,80,62,125,98,85,58,100,90,70,46,0.081/0.142/0.202 ha,
sadar1,Sadar-1,03-08-2016,447,4820,हरैया,भौवापार,ग्रामीण क्षेत्र,9000,upto 3 m,9500,10000,10500,3-5 m,32500,42000,36500,base,,280,240,182,102,278,235,175,100,265,230,160,90,210,185,140,85,0.081/0.142/0.202 ha,
sadar1,Sadar-1,03-08-2016,448,4855,हक्काबाद,हवेली,ग्रामीण क्षेत्र,6500,upto 3 m,7000,7200,7500,3-5 m,23000,31500,26000,base,,200,175,125,80,190,170,120,75,185,155,115,70,150,130,94,55,0.081/0.142/0.202 ha,
sadar1,Sadar-1,03-08-2016,449,5370,हथियापरास,हवेली,ग्रामीण क्षेत्र,1500,upto 3 m,1700,1750,1800,3-5 m,16500,25000,22000,base,,145,115,90,65,135,105,80,62,125,98,85,58,100,90,70,46,0.081/0.142/0.202 ha,
sadar1,Sadar-1,03-08-2016,450,5368,हरिभंजन जंगल,हवेली,ग्रामीण क्षेत्र,1500,upto 3 m,1700,1750,1800,3-5 m,16500,25000,22000,base,,145,115,90,65,135,105,80,62,125,98,85,58,100,90,70,46,0.081/0.142/0.202 ha,agri: vcode partly under signature; read 5368
sadar2,Sadar-2,01-08-2015,1,0028,अलहदादपुर,अलहदादपुर-58,नगरीय,23500,upto 3 m,24200,25300,27800,3-5 m,,,,,325,,,,,,,,,,,,,,,,,0.081/0.142/0.202 ha,
sadar2,Sadar-2,01-08-2015,2,0060,असकरगंज,मुफ्तीपुर-68,नगरीय,32000,upto 3 m,33000,34000,37400,3-5 m,,,,,325,,,,,,,,,,,,,,,,,0.081/0.142/0.202 ha,
sadar2,Sadar-2,01-08-2015,3,0054,आराजी छावनी,सिविल लाइन-42,नगरीय,32000,upto 3 m,34000,35000,38500,3-5 m,,,,,325,,,,,,,,,,,,,,,,,0.081/0.142/0.202 ha,
sadar2,Sadar-2,01-08-2015,4,0064,आर0पी0एफ0 कालोनी,रेलवे कालोनी बिछिया-26,नगरीय,9500,upto 3 m,10000,11000,12100,3-5 m,,,,,300,,,,,,,,,,,,,,,,,0.081/0.142/0.202 ha,
sadar2,Sadar-2,01-08-2015,5,0126,आम्रपाली आवासीय योजना,गो0वि0प्रा0 की कालोनी,नगरीय,18000,upto 3 m,19000,20000,22000,3-5 m,,,,,300,,,,,,,,,,,,,,,,,0.081/0.142/0.202 ha,
sadar2,Sadar-2,01-08-2015,6,0203,अमरावती निकुन्ज योजना,गो0वि0प्रा0 की कालोनी,नगरीय,18000,upto 3 m,19000,20000,22000,3-5 m,,,,,300,,,,,,,,,,,,,,,,,0.081/0.142/0.202 ha,
sadar2,Sadar-2,01-08-2015,7,5105,अमवा,हवेली,अर्द्धनगरीय,8500,upto 3 m,9000,9500,10500,3-5 m,,,,,240,,510,430,222,0,475,400,204,0,460,383,198,0,365,306,156,0.081/0.142/0.202 ha,agri: nh_a printed as dash (other अर्द्धनगरीय rows print 0)
sadar2,Sadar-2,01-08-2015,8,5101,अशरफपुर,हवेली,ग्रामीण,1400,upto 3 m,1600,1700,1800,3-5 m,,,,,110,145,115,90,65,135,105,80,52,125,98,75,48,100,80,60,38,0.081/0.142/0.202 ha,
sadar2,Sadar-2,01-08-2015,9,5102,आराजी बरवा,हवेली,ग्रामीण,1400,upto 3 m,1600,1700,1800,3-5 m,,,,,110,145,115,90,65,135,105,80,52,125,98,75,48,100,80,60,38,0.081/0.142/0.202 ha,
sadar2,Sadar-2,01-08-2015,10,5103,आराजी सखनी,हवेली,ग्रामीण,1400,upto 3 m,1600,1700,1800,3-5 m,,,,,110,145,115,90,65,135,105,80,52,125,98,75,48,100,80,60,38,0.081/0.142/0.202 ha,
sadar2,Sadar-2,01-08-2015,11,5104,आबादी सखनी,हवेली,ग्रामीण,1400,upto 3 m,1600,1700,1800,3-5 m,,,,,110,145,115,90,65,135,105,80,52,125,98,75,48,100,80,60,38,0.081/0.142/0.202 ha,
sadar2,Sadar-2,01-08-2015,12,5106,आराजी जंगल छत्रधारी,हवेली,ग्रामीण,5500,upto 3 m,6000,6500,7200,3-5 m,,,,,110,280,240,182,102,265,225,165,96,253,218,160,90,200,170,127,72,0.081/0.142/0.202 ha,
sadar2,Sadar-2,01-08-2015,13,5111,अवई पाकड़,हवेली,ग्रामीण,1400,upto 3 m,1600,1700,1800,3-5 m,,,,,90,145,115,90,65,135,105,80,52,125,98,75,48,100,80,60,38,0.081/0.142/0.202 ha,basic: duplicate vcode 5111 also printed for serial 19 (इन्जीनियरिंग कालेज)
sadar2,Sadar-2,01-08-2015,14,5112,अहिरौली तप्पा-गौरा,हवेली,ग्रामीण,1400,upto 3 m,1600,1700,1800,3-5 m,,,,,90,145,115,90,65,135,105,80,52,125,98,75,48,100,80,60,38,0.081/0.142/0.202 ha,
sadar2,Sadar-2,01-08-2015,15,5107,अहिरौली,हवेली,ग्रामीण,1400,upto 3 m,1600,1700,1800,3-5 m,,,,,90,145,115,90,65,135,105,80,52,125,98,75,48,100,80,60,38,0.081/0.142/0.202 ha,
sadar2,Sadar-2,01-08-2015,16,5113,आराजी मोहम्मदपुर,हवेली,ग्रामीण,1400,upto 3 m,1600,1700,1800,3-5 m,,,,,90,145,115,90,65,135,105,80,52,125,98,75,48,100,80,60,38,0.081/0.142/0.202 ha,
sadar2,Sadar-2,01-08-2015,17,5109,आभूराम,हवेली,ग्रामीण,1400,upto 3 m,1600,1700,1800,3-5 m,,,,,90,145,115,90,65,135,105,80,52,125,98,75,48,100,80,60,38,0.081/0.142/0.202 ha,
sadar2,Sadar-2,01-08-2015,18,5110,अजीजुल्लाह उर्फ चकिया,हवेली,ग्रामीण,1400,upto 3 m,1600,1700,1800,3-5 m,,,,,90,145,115,90,65,135,105,80,52,125,98,75,48,100,80,60,38,0.081/0.142/0.202 ha,
sadar2,Sadar-2,01-08-2015,19,5111,इन्जीनियरिंग कालेज,इन्जीनियरिंग कालेज-18,नगरीय,10000,upto 3 m,10500,11000,12100,3-5 m,,,,,300,,,,,,,,,,,,,,,,,0.081/0.142/0.202 ha,basic: duplicate vcode 5111 also printed for serial 13 (अवई पाकड़) | road: V-code 5111 printed here and also for serial 13 (अवई पाकड़); verified on scan
sadar2,Sadar-2,01-08-2015,20,5132,इस्लामपुर तप्पा-केवटली,हवेली,ग्रामीण,1400,upto 3 m,1600,1700,1800,3-5 m,,,,,90,145,115,90,65,135,105,80,52,125,98,75,48,100,80,60,38,0.081/0.142/0.202 ha,
sadar2,Sadar-2,01-08-2015,21,5131,इस्लामपुर तप्पा-खुटहन,हवेली,ग्रामीण,1400,upto 3 m,1600,1700,1800,3-5 m,,,,,90,145,115,90,65,135,105,80,52,125,98,75,48,100,80,60,38,0.081/0.142/0.202 ha,
sadar2,Sadar-2,01-08-2015,22,5133,इटहिया,हवेली,ग्रामीण,1400,upto 3 m,1600,1700,1800,3-5 m,,,,,90,145,115,90,65,135,105,80,52,125,98,75,48,100,80,60,38,0.081/0.142/0.202 ha,
sadar2,Sadar-2,01-08-2015,23,5134,इमिलिया उर्फ विजहरा,हवेली,ग्रामीण,1400,upto 3 m,1600,1700,1800,3-5 m,,,,,90,145,115,90,65,135,105,80,52,125,98,75,48,100,80,60,38,0.081/0.142/0.202 ha,
sadar2,Sadar-2,01-08-2015,24,0061,उर्दू बाजार,मियां बाजार-61,नगरीय,32000,upto 3 m,33000,34000,37400,3-5 m,,,,,325,,,,,,,,,,,,,,,,,0.081/0.142/0.202 ha,
sadar2,Sadar-2,01-08-2015,25,5161,उस्मानपुर,हवेली,ग्रामीण,1400,upto 3 m,1600,1700,1800,3-5 m,,,,,90,145,115,90,65,135,105,80,52,125,98,75,48,100,80,60,38,0.081/0.142/0.202 ha,
sadar2,Sadar-2,01-08-2015,26,5165,उस्का,हवेली,ग्रामीण,1400,upto 3 m,1600,1700,1800,3-5 m,,,,,90,145,115,90,65,135,105,80,52,125,98,75,48,100,80,60,38,0.081/0.142/0.202 ha,
sadar2,Sadar-2,01-08-2015,27,5166,उतरासोत,हवेली,ग्रामीण,1400,upto 3 m,1600,1700,1800,3-5 m,,,,,90,145,115,90,65,135,105,80,52,125,98,75,48,100,80,60,38,0.081/0.142/0.202 ha,
sadar2,Sadar-2,01-08-2015,28,5164,उपधौली,हवेली,ग्रामीण,6500,upto 3 m,6800,1700,1800,3-5 m,,,,,110,280,240,182,102,265,225,165,96,253,218,160,90,200,170,127,72,0.081/0.142/0.202 ha,road: 3-5 m band 6800 exceeds 5-9 m 1700 and 9-12 m 1800 (non-monotone); clearly printed 6800 on scan
sadar2,Sadar-2,01-08-2015,29,5162,उमरपुर,हवेली,अर्द्धनगरीय,8500,upto 3 m,9000,9500,10500,3-5 m,,,,,240,,510,430,222,0,475,400,204,0,460,383,198,0,365,306,156,0.081/0.142/0.202 ha,agri: nh_a printed as dash (other अर्द्धनगरीय rows print 0)
sadar2,Sadar-2,01-08-2015,30,5152,एकमा,हवेली,ग्रामीण,1400,upto 3 m,1600,1700,1800,3-5 m,,,,,90,145,115,90,65,135,105,80,52,125,98,75,48,100,80,60,38,0.081/0.142/0.202 ha,
sadar2,Sadar-2,01-08-2015,31,0043,काजीपुर खुर्द,काजीपुर खुर्द-54,नगरीय,15000,upto 3 m,16000,17000,18700,3-5 m,,,,,300,,,,,,,,,,,,,,,,,0.081/0.142/0.202 ha,
sadar2,Sadar-2,01-08-2015,32,0050,कालेपुर,सिविल लाइन-42,नगरीय,23000,upto 3 m,24000,25000,27500,3-5 m,,,,,325,,,,,,,,,,,,,,,,,0.081/0.142/0.202 ha,
sadar2,Sadar-2,01-08-2015,33,0302,कौशाम्बी बिहार,गो0वि0प्रा0 की कालोनी,नगरीय,18000,upto 3 m,19000,20000,22000,3-5 m,,,,,300,,,,,,,,,,,,,,,,,0.081/0.142/0.202 ha,
sadar2,Sadar-2,01-08-2015,34,5224,करमहां उर्फ कम्हरिया,हवेली,अर्द्धनगरीय,8500,upto 3 m,9000,9500,10500,3-5 m,,,,,240,0,510,430,222,0,475,400,204,0,460,383,198,0,365,306,156,0.081/0.142/0.202 ha,
sadar2,Sadar-2,01-08-2015,35,5223,कठवतिया उर्फ कठउर,हवेली,अर्द्धनगरीय,8500,upto 3 m,9000,9500,10500,3-5 m,,,,,240,0,510,430,222,0,475,400,204,0,460,383,198,0,365,306,156,0.081/0.142/0.202 ha,
sadar2,Sadar-2,01-08-2015,36,5222,कजाकपुर,हवेली,अर्द्धनगरीय,8500,upto 3 m,9000,9500,10500,3-5 m,,,,,240,0,510,430,222,0,475,400,204,0,460,383,198,0,365,306,156,0.081/0.142/0.202 ha,
sadar2,Sadar-2,01-08-2015,37,5221,कैथवलिया,हवेली,ग्रामीण,1400,upto 3 m,1600,1700,1800,3-5 m,,,,,90,145,115,90,65,135,105,80,52,125,98,75,48,100,80,60,38,0.081/0.142/0.202 ha,
sadar2,Sadar-2,01-08-2015,38,5225,केवटली खास,हवेली,ग्रामीण,1400,upto 3 m,1600,1700,1800,3-5 m,,,,,90,145,115,90,65,135,105,80,52,125,98,75,48,100,80,60,38,0.081/0.142/0.202 ha,
sadar2,Sadar-2,01-08-2015,39,5241,केवटली,हवेली,ग्रामीण,1400,upto 3 m,1600,1700,1800,3-5 m,,,,,90,145,115,90,65,135,105,80,52,125,98,75,48,100,80,60,38,0.081/0.142/0.202 ha,
sadar2,Sadar-2,01-08-2015,40,5226,कटैया डार,हवेली,ग्रामीण,1400,upto 3 m,1600,1700,1800,3-5 m,,,,,90,145,115,90,65,135,105,80,52,125,98,75,48,100,80,60,38,0.081/0.142/0.202 ha,
sadar2,Sadar-2,01-08-2015,41,5237,कोनी त0 गौरा,हवेली,ग्रामीण,1400,upto 3 m,1600,1700,1800,3-5 m,,,,,90,145,115,90,65,135,105,80,52,125,98,75,48,100,80,60,38,0.081/0.142/0.202 ha,
sadar2,Sadar-2,01-08-2015,42,5233,कोनी तप्पा–केवटली,हवेली,ग्रामीण,1400,upto 3 m,1600,1700,1800,3-5 m,,,,,90,145,115,90,65,135,105,80,52,125,98,75,48,100,80,60,38,0.081/0.142/0.202 ha,
sadar2,Sadar-2,01-08-2015,43,5242,करमैनी,हवेली,ग्रामीण,1400,upto 3 m,1600,1700,1800,3-5 m,,,,,90,145,115,90,65,135,105,80,52,125,98,75,48,100,80,60,38,0.081/0.142/0.202 ha,
sadar2,Sadar-2,01-08-2015,44,5246,करमैना,हवेली,ग्रामीण,1400,upto 3 m,1600,1700,1800,3-5 m,,,,,90,145,115,90,65,135,105,80,52,125,98,75,48,100,80,60,38,0.081/0.142/0.202 ha,
sadar2,Sadar-2,01-08-2015,45,5228,करमहा खुर्द,हवेली,ग्रामीण,5000,upto 3 m,5500,6000,6600,3-5 m,,,,,110,280,240,182,102,265,225,165,96,253,218,160,90,200,170,127,72,0.081/0.142/0.202 ha,
sadar2,Sadar-2,01-08-2015,46,5239,करमहां बुजुर्ग,हवेली,ग्रामीण,5000,upto 3 m,5500,6000,6600,3-5 m,,,,,110,280,240,182,102,265,225,165,96,253,218,160,90,200,170,127,72,0.081/0.142/0.202 ha,
sadar2,Sadar-2,01-08-2015,47,5229,काजीपुर,हवेली,ग्रामीण,1400,upto 3 m,1600,1700,1800,3-5 m,,,,,90,145,115,90,65,135,105,80,52,125,98,75,48,100,80,60,38,0.081/0.142/0.202 ha,
sadar2,Sadar-2,01-08-2015,48,5243,कुड़वा,हवेली,ग्रामीण,1400,upto 3 m,1600,1700,1800,3-5 m,,,,,90,145,115,90,65,135,105,80,52,125,98,75,48,100,80,60,38,0.081/0.142/0.202 ha,
sadar2,Sadar-2,01-08-2015,49,5235,कोहड़ा,हवेली,ग्रामीण,1400,upto 3 m,1600,1700,1800,3-5 m,,,,,90,145,115,90,65,135,105,80,52,125,98,75,48,100,80,60,38,0.081/0.142/0.202 ha,
sadar2,Sadar-2,01-08-2015,50,5230,कोठा,हवेली,ग्रामीण,1400,upto 3 m,1600,1700,1800,3-5 m,,,,,90,145,115,90,65,135,105,80,52,125,98,75,48,100,80,60,38,0.081/0.142/0.202 ha,
sadar2,Sadar-2,01-08-2015,51,5231,कोडर उर्फ डेफरा,हवेली,ग्रामीण,1400,upto 3 m,1600,1700,1800,3-5 m,,,,,90,145,115,90,65,135,105,80,52,125,98,75,48,100,80,60,38,0.081/0.142/0.202 ha,
sadar2,Sadar-2,01-08-2015,52,5238,करहिया,हवेली,ग्रामीण,1400,upto 3 m,1600,1700,1800,3-5 m,,,,,90,145,115,90,65,135,105,80,52,125,98,75,48,100,80,60,38,0.081/0.142/0.202 ha,
sadar2,Sadar-2,01-08-2015,53,5249,कलानी उर्फ बढ़नी,हवेली,ग्रामीण,1400,upto 3 m,1600,1700,1800,3-5 m,,,,,90,145,115,90,65,135,105,80,52,125,98,75,48,100,80,60,38,0.081/0.142/0.202 ha,
sadar2,Sadar-2,01-08-2015,54,5245,कुशहरा,हवेली,ग्रामीण,1400,upto 3 m,1600,1700,1800,3-5 m,,,,,90,145,115,90,65,135,105,80,52,125,98,75,48,100,80,60,38,0.081/0.142/0.202 ha,
sadar2,Sadar-2,01-08-2015,55,5234,कोल्हुआ,हवेली,ग्रामीण,1400,upto 3 m,1600,1700,1800,3-5 m,,,,,90,145,115,90,65,135,105,80,52,125,98,75,48,100,80,60,38,0.081/0.142/0.202 ha,
sadar2,Sadar-2,01-08-2015,56,5244,केवटलिया,हवेली,ग्रामीण,1400,upto 3 m,1600,1700,1800,3-5 m,,,,,90,145,115,90,65,135,105,80,52,125,98,75,48,100,80,60,38,0.081/0.142/0.202 ha,
sadar2,Sadar-2,01-08-2015,57,5240,करमौरा,हवेली,ग्रामीण,1400,upto 3 m,1600,1700,1800,3-5 m,,,,,90,145,115,90,65,135,105,80,52,125,98,75,48,100,80,60,38,0.081/0.142/0.202 ha,
sadar2,Sadar-2,01-08-2015,58,5227,करनजहां,हवेली,ग्रामीण,1400,upto 3 m,1600,1700,1800,3-5 m,,,,,90,145,115,90,65,135,105,80,52,125,98,75,48,100,80,60,38,0.081/0.142/0.202 ha,
sadar2,Sadar-2,01-08-2015,59,0047,खुर्रमपुर,हवेली,नगरीय,24500,upto 3 m,25500,26000,28500,3-5 m,,,,,275,,,,,,,,,,,,,,,,,0.081/0.142/0.202 ha,basic: vcode 0047 also printed for serial 157 | road: V-code 0047 as printed (seg table p60 uses 0047 for दिलेजाकपुर)
sadar2,Sadar-2,01-08-2015,60,5262,खोराबार उर्फ सूबा बाजार,हवेली,अर्द्धनगरीय,9000,upto 3 m,9500,10000,11000,3-5 m,,,,,240,0,510,430,222,0,475,400,204,0,460,383,198,0,365,306,156,0.081/0.142/0.202 ha,
sadar2,Sadar-2,01-08-2015,61,5261,खुटहन खास,हवेली,ग्रामीण,5000,upto 3 m,5200,5500,6000,3-5 m,,,,,90,195,165,118,75,182,153,112,66,177,147,106,60,138,115,84,46,0.081/0.142/0.202 ha,
sadar2,Sadar-2,01-08-2015,62,5268,खिरिया,हवेली,ग्रामीण,1400,upto 3 m,1600,1700,1800,3-5 m,,,,,90,145,115,90,65,135,105,80,52,125,98,75,48,100,80,60,38,0.081/0.142/0.202 ha,
sadar2,Sadar-2,01-08-2015,63,5263,खरकटवा,हवेली,ग्रामीण,1400,upto 3 m,1600,1700,1800,3-5 m,,,,,90,145,115,90,65,135,105,80,52,125,98,75,48,100,80,60,38,0.081/0.142/0.202 ha,
sadar2,Sadar-2,01-08-2015,64,5264,खडिया,हवेली,ग्रामीण,1400,upto 3 m,1600,1700,1800,3-5 m,,,,,90,145,115,90,65,135,105,80,52,125,98,75,48,100,80,60,38,0.081/0.142/0.202 ha,
sadar2,Sadar-2,01-08-2015,65,5265,खुटवा,हवेली,ग्रामीण,1400,upto 3 m,1600,1700,1800,3-5 m,,,,,90,145,115,90,65,135,105,80,52,125,98,75,48,100,80,60,38,0.081/0.142/0.202 ha,
sadar2,Sadar-2,01-08-2015,66,002,गिरधरगंज,गिरधरगंज-48,नगरीय,12000,upto 3 m,13000,14000,15400,3-5 m,,,,,300,,,,,,,,,,,,,,,,,0.081/0.142/0.202 ha,"basic: vcode printed as 3 digits (002) | road: V-code printed with 3 digits ""002"" (seg table uses 0003 for गिरधरगंज); kept as printed"
sadar2,Sadar-2,01-08-2015,67,0017,गोपलापुर,गोपलापुर-44,नगरीय,11000,upto 3 m,13000,14000,15400,3-5 m,,,,,300,,,,,,,,,,,,,,,,,0.081/0.142/0.202 ha,
sadar2,Sadar-2,01-08-2015,68,0092,गौतम बिहार आवासीय योजना,गो0वि0प्रा0 की कालोनी,नगरीय,18000,upto 3 m,19000,20000,22000,3-5 m,,,,,300,,,,,,,,,,,,,,,,,0.081/0.142/0.202 ha,
sadar2,Sadar-2,01-08-2015,69,0199,गौतम बिहार विस्तार योजना,,नगरीय,18000,upto 3 m,19000,20000,22000,3-5 m,,,,,300,,,,,,,,,,,,,,,,,0.081/0.142/0.202 ha,
sadar2,Sadar-2,01-08-2015,70,0200,गोलघर व्यवसायिक काम्प्लेक्स,,नगरीय,32000,upto 3 m,33000,34000,37400,3-5 m,,,,,325,,,,,,,,,,,,,,,,,0.081/0.142/0.202 ha,
sadar2,Sadar-2,01-08-2015,71,5301,गुलहरिया,हवेली,अर्द्धनगरीय,9000,upto 3 m,9500,10000,11000,3-5 m,,,,,240,0,510,430,222,0,475,400,204,0,460,383,198,0,365,306,156,0.081/0.142/0.202 ha,
sadar2,Sadar-2,01-08-2015,72,5294,गायघाट खुर्द,हवेली,अर्द्धनगरीय,9000,upto 3 m,9500,10000,11000,3-5 m,,,,,240,0,510,430,222,0,475,400,204,0,460,383,198,0,365,306,156,0.081/0.142/0.202 ha,
sadar2,Sadar-2,01-08-2015,73,5292,गायघाट बुजुर्ग,हवेली,अर्द्धनगरीय,9000,upto 3 m,9500,10000,11000,3-5 m,,,,,240,0,510,430,222,0,475,400,204,0,460,383,198,0,365,306,156,0.081/0.142/0.202 ha,
sadar2,Sadar-2,01-08-2015,74,5295,गोपालपुर,हवेली,ग्रामीण,1400,upto 3 m,1600,1700,1800,3-5 m,,,,,90,145,115,90,65,135,105,80,52,125,98,75,48,100,80,60,38,0.081/0.142/0.202 ha,
sadar2,Sadar-2,01-08-2015,75,5298,गोविन्दपुर,हवेली,ग्रामीण,1400,upto 3 m,1600,1700,1800,3-5 m,,,,,90,145,115,90,65,135,105,80,52,125,98,75,48,100,80,60,38,0.081/0.142/0.202 ha,
sadar2,Sadar-2,01-08-2015,76,5291,गौरा खास,हवेली,ग्रामीण,1400,upto 3 m,1600,1700,1800,3-5 m,,,,,90,145,115,90,65,135,105,80,52,125,98,75,48,100,80,60,38,0.081/0.142/0.202 ha,
sadar2,Sadar-2,01-08-2015,77,5304,गौरा,हवेली,ग्रामीण,2500,upto 3 m,2700,3000,3300,3-5 m,,,,,90,145,115,90,65,135,105,80,52,125,98,75,48,100,80,60,38,0.081/0.142/0.202 ha,
sadar2,Sadar-2,01-08-2015,78,5297,गोविन्दपुर,हवेली,ग्रामीण,1400,upto 3 m,1600,1700,1800,3-5 m,,,,,90,145,115,90,65,135,105,80,52,125,98,75,48,100,80,60,38,0.081/0.142/0.202 ha,
sadar2,Sadar-2,01-08-2015,79,5305,गोसाईपुर,हवेली,ग्रामीण,1400,upto 3 m,1600,1700,1800,3-5 m,,,,,90,145,115,90,65,135,105,80,52,125,98,75,48,100,80,60,38,0.081/0.142/0.202 ha,
sadar2,Sadar-2,01-08-2015,80,5293,गम्भीरपुर,हवेली,ग्रामीण,1400,upto 3 m,1600,1700,1800,3-5 m,,,,,90,145,115,90,65,135,105,80,52,125,98,75,48,100,80,60,38,0.081/0.142/0.202 ha,
sadar2,Sadar-2,01-08-2015,81,5300,गायघाट,हवेली,ग्रामीण,1400,upto 3 m,1600,1700,1800,3-5 m,,,,,90,145,115,90,65,135,105,80,52,125,98,75,48,100,80,60,38,0.081/0.142/0.202 ha,
sadar2,Sadar-2,01-08-2015,82,5331,घुनघुन कोठा,हवेली,ग्रामीण,1400,upto 3 m,1600,1700,1800,3-5 m,,,,,90,145,115,90,65,135,105,80,52,125,98,75,48,100,80,60,38,0.081/0.142/0.202 ha,
sadar2,Sadar-2,01-08-2015,83,0012,चकरा अव्वल,महेवा-30,नगरीय,10500,upto 3 m,11000,11500,12600,3-5 m,,,,,300,0,560,476,196,0,520,442,182,0,500,425,175,0,400,340,140,0.081/0.142/0.202 ha,agri: नगरीय row with non-standard rates (560/476/196 set) - verified
sadar2,Sadar-2,01-08-2015,84,0055,चकजलाल,सिविल लाइन प्रथम-42,नगरीय,32000,upto 3 m,34000,35000,38500,3-5 m,,,,,325,,,,,,,,,,,,,,,,,0.081/0.142/0.202 ha,
sadar2,Sadar-2,01-08-2015,85,0037,चिलमापुर,रूस्तमपुर-40,नगरीय,10500,upto 3 m,11000,11500,12600,3-5 m,,,,,300,0,560,476,196,0,520,442,182,0,500,425,175,0,400,340,140,0.081/0.142/0.202 ha,agri: नगरीय row with non-standard rates (560/476/196 set) - verified
sadar2,Sadar-2,01-08-2015,86,0082,चारूचन्द्रपुरी,दाउदपुर-23,नगरीय,18000,upto 3 m,19000,20000,22000,3-5 m,,,,,325,,,,,,,,,,,,,,,,,0.081/0.142/0.202 ha,
sadar2,Sadar-2,01-08-2015,87,5365,चकरा दोयम,हवेली,अर्द्धनगरीय,8000,upto 3 m,8500,9000,11000,3-5 m,,,,,240,0,510,430,222,0,475,400,204,0,460,383,198,0,365,306,156,0.081/0.142/0.202 ha,
sadar2,Sadar-2,01-08-2015,88,5366,चकरा सोयम,हवेली,अर्द्धनगरीय,8000,upto 3 m,8500,9000,11000,3-5 m,,,,,240,0,510,430,222,0,475,400,204,0,460,383,198,0,365,306,156,0.081/0.142/0.202 ha,
sadar2,Sadar-2,01-08-2015,89,5361,चकरा,हवेली,ग्रामीण,1400,upto 3 m,1600,1700,1800,3-5 m,,,,,90,145,115,90,65,135,105,80,52,125,98,75,48,100,80,60,38,0.081/0.142/0.202 ha,
sadar2,Sadar-2,01-08-2015,90,5363,चिउटी जाम,हवेली,ग्रामीण,1400,upto 3 m,1600,1700,1800,3-5 m,,,,,90,145,115,90,65,135,105,80,52,125,98,75,48,100,80,60,38,0.081/0.142/0.202 ha,
sadar2,Sadar-2,01-08-2015,91,5368,चकखान मोहम्मद,हवेली,ग्रामीण,1400,upto 3 m,1600,1700,1800,3-5 m,,,,,70,145,115,90,65,135,105,80,52,125,98,75,48,100,80,60,38,0.081/0.142/0.202 ha,road: rent 70 (lowest in table) verified on zoom
sadar2,Sadar-2,01-08-2015,92,5364,चिउटहा,हवेली,ग्रामीण,5500,upto 3 m,5500,6000,6600,3-5 m,,,,,110,195,165,118,75,182,153,112,66,177,147,106,60,138,115,84,46,0.081/0.142/0.202 ha,
sadar2,Sadar-2,01-08-2015,93,0059,जटेपुर दक्षिणी,धर्मशाला बाजार-27,नगरीय,22500,upto 3 m,24000,25000,27500,3-5 m,,,,,325,,,,,,,,,,,,,,,,,0.081/0.142/0.202 ha,basic: vcode 0059 also printed for serial 165
sadar2,Sadar-2,01-08-2015,94,0058,जटेपुर धर्मशाला बाजार,,नगरीय,22500,upto 3 m,24000,25000,27500,3-5 m,,,,,325,,,,,,,,,,,,,,,,,0.081/0.142/0.202 ha,
sadar2,Sadar-2,01-08-2015,95,0045,जगन्नाथपुर,काजीपुर खुर्द-54,नगरीय,15000,upto 3 m,15500,16000,17600,3-5 m,,,,,325,,,,,,,,,,,,,,,,,0.081/0.142/0.202 ha,
sadar2,Sadar-2,01-08-2015,96,0003,जंगल तुलसी राम पश्चिमी,जं0 तुलसी राम पश्चिमी-03,नगरीय,11000,upto 3 m,11500,12000,13200,3-5 m,,,,,300,0,660,560,235,0,615,520,218,0,590,500,210,0,472,400,170,0.081/0.142/0.202 ha,basic: vcode 0003 also printed for serial 263
sadar2,Sadar-2,01-08-2015,97,0006,जंगल तुलसी राम पूर्वी,जं0 तुलसी राम पूर्वी-22,नगरीय,11000,upto 3 m,11500,12000,13200,3-5 m,,,,,300,0,660,560,235,0,615,520,218,0,590,500,210,0,472,400,170,0.081/0.142/0.202 ha,
sadar2,Sadar-2,01-08-2015,98,0206,जी0डी0ए0 कार्पोरेट पार्क योजना,गो0वि0प्रा0 की कालोनी,नगरीय,18000,upto 3 m,19000,20000,22000,3-5 m,,,,,300,,,,,,,,,,,,,,,,,0.081/0.142/0.202 ha,agri: all cells dash; other_d cell blank
sadar2,Sadar-2,01-08-2015,99,5469,जं0 हकीम नं0-2,हवेली,अर्द्धनगरीय,8500,upto 3 m,9000,9500,10500,3-5 m,,,,,240,0,510,430,222,0,475,400,204,0,460,383,198,0,365,306,156,0.081/0.142/0.202 ha,
sadar2,Sadar-2,01-08-2015,100,5476,जं0 धूसड़,हवेली,अर्द्धनगरीय,8500,upto 3 m,9000,9500,10500,3-5 m,,,,,240,0,510,430,222,0,475,400,204,0,460,383,198,0,365,306,156,0.081/0.142/0.202 ha,
sadar2,Sadar-2,01-08-2015,101,5452,जं0 छत्रधारी,हवेली,अर्द्धनगरीय,8500,upto 3 m,9000,9500,10500,3-5 m,,,,,240,0,510,430,222,0,475,400,204,0,460,383,198,0,365,306,156,0.081/0.142/0.202 ha,
sadar2,Sadar-2,01-08-2015,102,5468,जं0 तिनकोनिया नं0-1,हवेली,अर्द्धनगरीय,8500,upto 3 m,9000,9500,10500,3-5 m,,,,,240,0,510,430,222,0,475,400,204,0,460,383,198,0,365,306,156,0.081/0.142/0.202 ha,
sadar2,Sadar-2,01-08-2015,103,5462,जं0 तिनकोनिया नं0-2,हवेली,अर्द्धनगरीय,8500,upto 3 m,9000,9500,10500,3-5 m,,,,,240,0,510,430,222,0,475,400,204,0,460,383,198,0,365,306,156,0.081/0.142/0.202 ha,
sadar2,Sadar-2,01-08-2015,104,5483,जं0 तिनकोनिया नं0-3,हवेली,अर्द्धनगरीय,8500,upto 3 m,9000,9500,10500,3-5 m,,,,,240,0,510,430,222,0,475,400,204,0,460,383,198,0,365,306,156,0.081/0.142/0.202 ha,
sadar2,Sadar-2,01-08-2015,105,5456,जगपुर,हवेली,ग्रामीण,1400,upto 3 m,1600,1700,1800,3-5 m,,,,,90,145,115,90,65,135,105,80,52,125,98,75,48,100,80,60,38,0.081/0.142/0.202 ha,
sadar2,Sadar-2,01-08-2015,106,5471,जादोपुर,हवेली,ग्रामीण,1400,upto 3 m,1600,1700,1800,3-5 m,,,,,90,145,115,90,65,135,105,80,52,125,98,75,48,100,80,60,38,0.081/0.142/0.202 ha,basic: vcode 5471 also printed for serial 134 | road: V-code 5471 also printed for serial 134 झरना टोला
sadar2,Sadar-2,01-08-2015,107,5484,जं0 सखनी,हवेली,ग्रामीण,1400,upto 3 m,1600,1700,1800,3-5 m,,,,,90,145,115,90,65,135,105,80,52,125,98,75,48,100,80,60,38,0.081/0.142/0.202 ha,
sadar2,Sadar-2,01-08-2015,108,5451,जं0 हरपुर,हवेली,ग्रामीण,1400,upto 3 m,1600,1700,1800,3-5 m,,,,,90,145,115,90,65,135,105,80,52,125,98,75,48,100,80,60,38,0.081/0.142/0.202 ha,road: V-code 5451 also printed for serial 101 जं0 छत्रधारी
sadar2,Sadar-2,01-08-2015,109,5458,जमुनिया,हवेली,ग्रामीण,1400,upto 3 m,1600,1700,1800,3-5 m,,,,,90,145,115,90,65,135,105,80,52,125,98,75,48,100,80,60,38,0.081/0.142/0.202 ha,
sadar2,Sadar-2,01-08-2015,110,5459,जं0 अयोध्या प्रसाद,हवेली,ग्रामीण,5000,upto 3 m,5500,6000,6600,3-5 m,,,,,90,195,165,118,75,182,153,112,66,177,147,106,60,138,115,84,46,0.081/0.142/0.202 ha,
sadar2,Sadar-2,01-08-2015,111,5463,जं0 अहमद अली शाह उर्फ तुरा,हवेली,ग्रामीण,5500,upto 3 m,6000,6500,7200,3-5 m,,,,,110,280,240,182,102,265,225,165,96,253,218,160,90,200,170,127,72,0.081/0.142/0.202 ha,
sadar2,Sadar-2,01-08-2015,112,5464,जं0 एकला नं0-1,हवेली,ग्रामीण,5000,upto 3 m,5500,6000,6600,3-5 m,,,,,110,195,165,118,75,182,153,112,66,177,147,106,60,138,115,84,46,0.081/0.142/0.202 ha,
sadar2,Sadar-2,01-08-2015,113,5478,जं0 एकला नं0-2,हवेली,ग्रामीण,5000,upto 3 m,5500,6000,6600,3-5 m,,,,,110,195,165,118,75,182,153,112,66,177,147,106,60,138,115,84,46,0.081/0.142/0.202 ha,
sadar2,Sadar-2,01-08-2015,114,5465,जं0 माघी,हवेली,ग्रामीण,1400,upto 3 m,1600,1700,1800,3-5 m,,,,,90,145,115,90,65,135,105,80,52,125,98,75,48,100,80,60,38,0.081/0.142/0.202 ha,
sadar2,Sadar-2,01-08-2015,115,5454,जं0 भेलमपुर उर्फ करमौरा,हवेली,ग्रामीण,1400,upto 3 m,1600,1700,1800,3-5 m,,,,,90,145,115,90,65,135,105,80,52,125,98,75,48,100,80,60,38,0.081/0.142/0.202 ha,
sadar2,Sadar-2,01-08-2015,116,5489,जं0 भेलमपुर उर्फ रघुनाथपुर,हवेली,ग्रामीण,1400,upto 3 m,1600,1700,1800,3-5 m,,,,,90,145,115,90,65,135,105,80,52,125,98,75,48,100,80,60,38,0.081/0.142/0.202 ha,
sadar2,Sadar-2,01-08-2015,117,5473,जं0 भेलमपुर उर्फ सरकार,हवेली,ग्रामीण,1400,upto 3 m,1600,1700,1800,3-5 m,,,,,90,145,115,90,65,135,105,80,52,125,98,75,48,100,80,60,38,0.081/0.142/0.202 ha,
sadar2,Sadar-2,01-08-2015,118,5486,जं0 भेलमपुर उर्फ भगवानपुर,हवेली,ग्रामीण,1400,upto 3 m,1600,1700,1800,3-5 m,,,,,90,145,115,90,65,135,105,80,52,125,98,75,48,100,80,60,38,0.081/0.142/0.202 ha,
sadar2,Sadar-2,01-08-2015,119,5466,जं0 मोहब्बत बरवा,हवेली,ग्रामीण,1400,upto 3 m,1600,1700,1800,3-5 m,,,,,90,145,115,90,65,135,105,80,52,125,98,75,48,100,80,60,38,0.081/0.142/0.202 ha,
sadar2,Sadar-2,01-08-2015,120,5470,जं0 पकड़ी,हवेली,ग्रामीण,1400,upto 3 m,1600,1700,1800,3-5 m,,,,,90,145,115,90,65,135,105,80,52,125,98,75,48,100,80,60,38,0.081/0.142/0.202 ha,
sadar2,Sadar-2,01-08-2015,121,5480,जं0 डुमरी नं0-1,हवेली,ग्रामीण,5500,upto 3 m,,,,3-5 m,,,,,,,,,,,,,,,,,,,,,,0.081/0.142/0.202 ha,no row in road/agri table
sadar2,Sadar-2,01-08-2015,122,5482,जं0 डुमरी नं0-2,हवेली,ग्रामीण,5500,upto 3 m,6000,6500,7200,3-5 m,,,,,110,280,240,182,102,265,225,165,96,253,218,160,90,200,170,127,72,0.081/0.142/0.202 ha,
sadar2,Sadar-2,01-08-2015,123,5481,जं0 जैनुल आबदीन उर्फ जैनपुर,हवेली,ग्रामीण,1400,upto 3 m,1320,1700,1800,3-5 m,,,,,90,145,115,90,65,135,105,80,52,125,98,75,48,100,80,60,38,0.081/0.142/0.202 ha,road: 3-5 m band printed 1320 (others in class 1600); verified on zoom
sadar2,Sadar-2,01-08-2015,124,5485,जं0 औराही,हवेली,ग्रामीण,5000,upto 3 m,5500,6000,6600,3-5 m,,,,,110,195,165,118,75,182,153,112,66,177,147,106,60,138,115,84,46,0.081/0.142/0.202 ha,
sadar2,Sadar-2,01-08-2015,125,5490,जं0 जैनुल आबदीन उर्फ सेमरा,हवेली,ग्रामीण,1400,upto 3 m,1600,1700,1800,3-5 m,,,,,90,145,115,90,65,135,105,80,52,125,98,75,48,100,80,60,38,0.081/0.142/0.202 ha,
sadar2,Sadar-2,01-08-2015,126,5488,जं0 रमगढ़वा,हवेली,ग्रामीण,1400,upto 3 m,1600,1700,1800,3-5 m,,,,,90,145,115,90,65,135,105,80,52,125,98,75,48,100,80,60,38,0.081/0.142/0.202 ha,
sadar2,Sadar-2,01-08-2015,127,5457,जमुआड़,हवेली,ग्रामीण,1400,upto 3 m,1600,1700,1800,3-5 m,,,,,90,145,115,90,65,135,105,80,52,125,98,75,48,100,80,60,38,0.081/0.142/0.202 ha,
sadar2,Sadar-2,01-08-2015,128,5493,जं0 गौमरा,हवेली,ग्रामीण,1400,upto 3 m,1600,1700,1800,3-5 m,,,,,90,145,115,90,65,135,105,80,52,125,98,75,48,100,80,60,38,0.081/0.142/0.202 ha,
sadar2,Sadar-2,01-08-2015,129,5467,जं0 रामगढ़ उर्फ रजही,हवेली,ग्रामीण,6000,upto 3 m,6500,7000,1800,3-5 m,,,,,110,280,240,182,102,265,225,165,96,253,218,160,90,200,170,127,72,0.081/0.142/0.202 ha,road: 9-12 m band 1800 lower than 5-9 m 7000 (non-monotone); verified on zoom
sadar2,Sadar-2,01-08-2015,130,5472,जौरहर,हवेली,ग्रामीण,1400,upto 3 m,1600,1700,1800,3-5 m,,,,,90,145,115,90,65,135,105,80,52,125,98,75,48,100,80,60,38,0.081/0.142/0.202 ha,
sadar2,Sadar-2,01-08-2015,131,5474,जिन्दापुर,हवेली,ग्रामीण,1400,upto 3 m,1600,1700,1800,3-5 m,,,,,90,145,115,90,65,135,105,80,52,125,98,75,48,100,80,60,38,0.081/0.142/0.202 ha,
sadar2,Sadar-2,01-08-2015,132,5475,जं0 कौड़िया,हवेली,ग्रामीण,5500,upto 3 m,6000,6500,7200,3-5 m,,,,,110,280,240,182,102,265,225,165,96,253,218,160,90,200,170,127,72,0.081/0.142/0.202 ha,
sadar2,Sadar-2,01-08-2015,133,5455,जगतबेला,हवेली,ग्रामीण,1400,upto 3 m,1600,1700,1800,3-5 m,,,,,90,145,115,90,65,135,105,80,52,125,98,75,48,100,80,60,38,0.081/0.142/0.202 ha,
sadar2,Sadar-2,01-08-2015,134,5471,झरना टोला,झरना टोला-20,नगरीय,10000,upto 3 m,11000,12000,13200,3-5 m,,,,,300,,,,,,,,,,,,,,,,,0.081/0.142/0.202 ha,"basic: vcode 5471 printed, same as serial 106 (जादोपुर); urban rows otherwise use 00xx codes | road: V-code 5471 also printed for serial 106 जादोपुर"
sadar2,Sadar-2,01-08-2015,135,5501,झरवा,हवेली,अर्द्धनगरीय,8500,upto 3 m,9000,9500,10500,3-5 m,,,,,240,0,510,430,222,0,475,400,204,0,460,383,198,0,365,306,156,0.081/0.142/0.202 ha,
sadar2,Sadar-2,01-08-2015,136,0083,ट्रांसपोर्टनगर,गो0वि0प्रा0 की कालोनी,नगरीय,18000,upto 3 m,19000,20000,22000,3-5 m,,,,,300,,,,,,,,,,,,,,,,,0.081/0.142/0.202 ha,basic: vcode 0083 also printed for serial 168
sadar2,Sadar-2,01-08-2015,137,5542,टिकरिया तप्पा-गौरा,हवेली,ग्रामीण,1400,upto 3 m,1600,1700,1800,3-5 m,,,,,90,145,115,90,65,135,105,80,52,125,98,75,48,100,80,60,38,0.081/0.142/0.202 ha,
sadar2,Sadar-2,01-08-2015,138,5441,टिकरिया तप्पा-मराछी चन्दौर,हवेली,ग्रामीण,1400,upto 3 m,1600,1700,1800,3-5 m,,,,,90,145,115,90,65,135,105,80,52,125,98,75,48,100,80,60,38,0.081/0.142/0.202 ha,
sadar2,Sadar-2,01-08-2015,139,5571,ठाकुरपुर नं0-1,हवेली,ग्रामीण,1400,upto 3 m,1600,1700,1800,3-5 m,,,,,90,145,115,90,65,135,105,80,52,125,98,75,48,100,80,60,38,0.081/0.142/0.202 ha,
sadar2,Sadar-2,01-08-2015,140,5572,ठाकुरपुर नं0-2,हवेली,ग्रामीण,1400,upto 3 m,1600,1700,1800,3-5 m,,,,,90,145,115,90,65,135,105,80,52,125,98,75,48,100,80,60,38,0.081/0.142/0.202 ha,
sadar2,Sadar-2,01-08-2015,141,5606,डीहाघाट,हवेली,ग्रामीण,1400,upto 3 m,1600,1700,1800,3-5 m,,,,,90,145,115,90,65,135,105,80,52,125,98,75,48,100,80,60,38,0.081/0.142/0.202 ha,
sadar2,Sadar-2,01-08-2015,142,5607,डोहरिया,हवेली,ग्रामीण,5500,upto 3 m,6000,6500,7200,3-5 m,,,,,110,280,240,182,102,265,225,165,96,253,218,160,90,200,170,127,72,0.081/0.142/0.202 ha,
sadar2,Sadar-2,01-08-2015,143,0020,ताल रामगढ़,गोपलापुर-44,नगरीय,10500,upto 3 m,11500,12000,13200,3-5 m,,,,,300,0,660,560,235,0,615,520,218,0,590,500,210,0,472,400,170,0.081/0.142/0.202 ha,
sadar2,Sadar-2,01-08-2015,144,014,तुर्कमानपुर,तुर्कमानपुर-50,नगरीय,24000,upto 3 m,25000,26000,28500,3-5 m,,,,,325,,,,,,,,,,,,,,,,,0.081/0.142/0.202 ha,"basic: vcode printed as 3 digits (014) | road: V-code printed with 3 digits ""014""; kept as printed"
sadar2,Sadar-2,01-08-2015,145,5674,तरकुलहां,हवेली,ग्रामीण,1400,upto 3 m,1600,1700,1800,3-5 m,,,,,90,145,115,90,65,135,105,80,52,125,98,75,48,100,80,60,38,0.081/0.142/0.202 ha,
sadar2,Sadar-2,01-08-2015,146,5665,तारंग चक,हवेली,ग्रामीण,1400,upto 3 m,1600,1700,1800,3-5 m,,,,,90,145,115,90,65,135,105,80,52,125,98,75,48,100,80,60,38,0.081/0.142/0.202 ha,
sadar2,Sadar-2,01-08-2015,147,5669,ताल जमुआड़,हवेली,ग्रामीण,1400,upto 3 m,1600,1700,1800,3-5 m,,,,,90,145,115,90,65,135,105,80,52,125,98,75,48,100,80,60,38,0.081/0.142/0.202 ha,road: 3-5 m figure partly broken in scan (reads 16?0); 1600 by stroke shape and row pattern
sadar2,Sadar-2,01-08-2015,148,5666,ताल,हवेली,ग्रामीण,1400,upto 3 m,1600,1700,1800,3-5 m,,,,,90,145,115,90,65,135,105,80,52,125,98,75,48,100,80,60,38,0.081/0.142/0.202 ha,
sadar2,Sadar-2,01-08-2015,149,5664,ताजडीह,हवेली,ग्रामीण,1400,upto 3 m,1600,1700,1800,3-5 m,,,,,90,145,115,90,65,135,105,80,52,125,98,75,48,100,80,60,38,0.081/0.142/0.202 ha,
sadar2,Sadar-2,01-08-2015,150,5668,ताल कोइला,हवेली,ग्रामीण,1400,upto 3 m,1600,1700,1800,3-5 m,,,,,90,145,115,90,65,135,105,80,52,125,98,75,48,100,80,60,38,0.081/0.142/0.202 ha,
sadar2,Sadar-2,01-08-2015,151,5671,ताल तिलौरा,हवेली,ग्रामीण,1400,upto 3 m,1600,1700,1800,3-5 m,,,,,90,145,115,90,65,135,105,80,52,125,98,75,48,100,80,60,38,0.081/0.142/0.202 ha,
sadar2,Sadar-2,01-08-2015,152,5662,तुर्कवलिया,हवेली,ग्रामीण,1400,upto 3 m,1600,1700,1800,3-5 m,,,,,90,145,115,90,65,135,105,80,52,125,98,75,48,100,80,60,38,0.081/0.142/0.202 ha,
sadar2,Sadar-2,01-08-2015,153,5663,तेन्दुआ,हवेली,ग्रामीण,1400,upto 3 m,1600,1700,1800,3-5 m,,,,,90,145,115,90,65,135,105,80,52,125,98,75,48,100,80,60,38,0.081/0.142/0.202 ha,
sadar2,Sadar-2,01-08-2015,154,5672,ताल लिखिया,हवेली,ग्रामीण,1400,upto 3 m,1600,1700,1800,3-5 m,,,,,90,145,115,90,65,135,105,80,52,125,98,75,48,100,80,60,38,0.081/0.142/0.202 ha,
sadar2,Sadar-2,01-08-2015,155,5673,ताल जहदा,हवेली,ग्रामीण,1400,upto 3 m,1600,1700,1800,3-5 m,,,,,90,145,115,90,65,135,105,80,52,125,98,75,48,100,80,60,38,0.081/0.142/0.202 ha,
sadar2,Sadar-2,01-08-2015,156,0013,दाउदपुर,दाउदपुर-23,नगरीय,22000,upto 3 m,24000,25000,27500,3-5 m,,,,,325,,,,,,,,,,,,,,,,,0.081/0.142/0.202 ha,
sadar2,Sadar-2,01-08-2015,157,0047,दिलेजाकपुर,दिलेजाकपुर-56,नगरीय,23000,upto 3 m,24000,25000,27500,3-5 m,,,,,325,,,,,,,,,,,,,,,,,0.081/0.142/0.202 ha,"basic: vcode 0047 printed, same as serial 59 (खुर्रमपुर)"
sadar2,Sadar-2,01-08-2015,158,0031,दीवान दयाराम,शेषपुर-70,नगरीय,26000,upto 3 m,27000,28000,30800,3-5 m,,,,,325,,,,,,,,,,,,,,,,,0.081/0.142/0.202 ha,road: vcode 0031 also on serial 340
sadar2,Sadar-2,01-08-2015,159,5732,दौलतपुर,हवेली,अर्द्धनगरीय,8500,upto 3 m,9000,9500,10500,3-5 m,,,,,240,0,510,430,222,0,475,400,204,0,460,383,198,0,365,306,156,0.081/0.142/0.202 ha,
sadar2,Sadar-2,01-08-2015,160,5735,दहला,हवेली,ग्रामीण,1400,upto 3 m,1600,1700,1800,3-5 m,,,,,90,145,115,90,65,135,105,80,52,125,98,75,48,100,80,60,38,0.081/0.142/0.202 ha,
sadar2,Sadar-2,01-08-2015,161,5736,देवकली,हवेली,ग्रामीण,1400,upto 3 m,1600,1700,1800,3-5 m,,,,,90,145,115,90,65,135,105,80,52,125,98,75,48,100,80,60,38,0.081/0.142/0.202 ha,
sadar2,Sadar-2,01-08-2015,162,5733,दाहा खाल,हवेली,ग्रामीण,1400,upto 3 m,1600,1700,1800,3-5 m,,,,,90,145,115,90,65,135,105,80,52,125,98,75,48,100,80,60,38,0.081/0.142/0.202 ha,
sadar2,Sadar-2,01-08-2015,163,5734,दाउदचक,हवेली,ग्रामीण,1400,upto 3 m,1600,1700,1800,3-5 m,,,,,90,145,115,90,65,135,105,80,52,125,98,75,48,100,80,60,38,0.081/0.142/0.202 ha,
sadar2,Sadar-2,01-08-2015,164,5731,देवीपुर,हवेली,ग्रामीण,1400,upto 3 m,1600,1700,1800,3-5 m,,,,,90,145,115,90,65,135,105,80,52,125,98,75,48,100,80,60,38,0.081/0.142/0.202 ha,
sadar2,Sadar-2,01-08-2015,165,0059,धम्माल,मुफ्तीपुर-68,नगरीय,32000,upto 3 m,34000,35000,38500,3-5 m,,,,,325,,,,,,,,,,,,,,,,,0.081/0.142/0.202 ha,"basic: vcode 0059 printed, same as serial 93 (जटेपुर दक्षिणी)"
sadar2,Sadar-2,01-08-2015,166,5771,धमउर,मराछी चन्दौर/हवेली,ग्रामीण,1400,upto 3 m,1600,1700,1800,3-5 m,,,,,90,145,115,90,65,135,105,80,52,125,98,75,48,100,80,60,38,0.081/0.142/0.202 ha,
sadar2,Sadar-2,01-08-2015,167,005,नौसढ़,नौसढ़-06,नगरीय,10500,upto 3 m,11000,11500,12600,3-5 m,,,,,300,0,660,560,235,0,615,520,218,0,590,500,210,0,472,400,170,0.081/0.142/0.202 ha,basic: vcode printed as 3 digits (005) | road: vcode printed as 3 digits 005
sadar2,Sadar-2,01-08-2015,168,0083,न्यू ट्रांसपोर्टनगर,गो0वि0प्रा0 की कालोनी,नगरीय,18000,upto 3 m,19000,20000,22000,3-5 m,,,,,300,,,,,,,,,,,,,,,,,0.081/0.142/0.202 ha,"basic: vcode 0083 printed, same as serial 136 (ट्रांसपोर्टनगर) | road: vcode 0083 also on serial 136"
sadar2,Sadar-2,01-08-2015,169,5801,नथुआ,हवेली,ग्रामीण,1400,upto 3 m,1600,1700,1800,3-5 m,,,,,90,145,115,90,65,135,105,80,52,125,98,75,48,100,80,60,38,0.081/0.142/0.202 ha,
sadar2,Sadar-2,01-08-2015,170,5802,नरायनपुर दोयम,हवेली,ग्रामीण,5500,upto 3 m,6000,6500,7200,3-5 m,,,,,110,280,240,182,102,265,225,165,96,253,218,160,90,200,170,127,72,0.081/0.142/0.202 ha,
sadar2,Sadar-2,01-08-2015,171,5803,नरायनपुर नं0 1,हवेली,ग्रामीण,5500,upto 3 m,6000,6500,7200,3-5 m,,,,,110,280,240,182,102,265,225,165,96,253,218,160,90,200,170,127,72,0.081/0.142/0.202 ha,
sadar2,Sadar-2,01-08-2015,172,5805,नाकिन जंगल,हवेली,ग्रामीण,1400,upto 3 m,1600,1700,1800,3-5 m,,,,,90,145,115,90,65,135,105,80,52,125,98,75,48,100,80,60,38,0.081/0.142/0.202 ha,
sadar2,Sadar-2,01-08-2015,173,5806,नाहरपुर,हवेली,ग्रामीण,5500,upto 3 m,6000,6500,7200,3-5 m,,,,,110,280,240,182,102,265,225,165,96,253,218,160,90,200,170,127,72,0.081/0.142/0.202 ha,
sadar2,Sadar-2,01-08-2015,174,5807,नाहरपुर अतरौलिया,हवेली,ग्रामीण,1400,upto 3 m,1600,1700,1800,3-5 m,,,,,90,145,115,90,65,135,105,80,52,125,98,75,48,100,80,60,38,0.081/0.142/0.202 ha,
sadar2,Sadar-2,01-08-2015,175,5804,नवापार,हवेली,ग्रामीण,1400,upto 3 m,1600,1700,1800,3-5 m,,,,,90,145,115,90,65,135,105,80,52,125,98,75,48,100,80,60,38,0.081/0.142/0.202 ha,
sadar2,Sadar-2,01-08-2015,176,5809,नयागांव,हवेली,ग्रामीण,1400,upto 3 m,1600,1700,1800,3-5 m,,,,,90,145,115,90,65,135,105,80,52,125,98,75,48,100,80,60,38,0.081/0.142/0.202 ha,
sadar2,Sadar-2,01-08-2015,177,0041,पुर्दिलपुर,पुर्दिलपुर-32,नगरीय,28500,upto 3 m,29500,30000,33000,3-5 m,,,,,325,,,,,,,,,,,,,,,,,0.081/0.142/0.202 ha,
sadar2,Sadar-2,01-08-2015,178,0057,पहाड़पुर,तुर्कमानपुर-50,नगरीय,32000,upto 3 m,33000,34500,38000,3-5 m,,,,,325,,,,,,,,,,,,,,,,,0.081/0.142/0.202 ha,basic: vcode 0057 also printed for serial 200 | road: vcode 0057 also on serial 200
sadar2,Sadar-2,01-08-2015,179,0015,पड़हा,सिविल लाइन द्वितीय-34,नगरीय,21500,upto 3 m,22500,23500,26000,3-5 m,,,,,300,,,,,,,,,,,,,,,,,0.081/0.142/0.202 ha,
sadar2,Sadar-2,01-08-2015,180,5843,पथरा,हवेली,अर्द्धनगरीय,8500,upto 3 m,9000,9500,10500,3-5 m,,,,,240,0,510,430,222,0,475,400,204,0,460,383,198,0,365,306,156,0.081/0.142/0.202 ha,
sadar2,Sadar-2,01-08-2015,181,5842,पिपरा,हवेली,अर्द्धनगरीय,8500,upto 3 m,9000,9500,10500,3-5 m,,,,,240,0,510,430,222,0,475,400,204,0,460,383,198,0,365,306,156,0.081/0.142/0.202 ha,
sadar2,Sadar-2,01-08-2015,182,5849,पिपरा बसन्त,हवेली,ग्रामीण,1400,upto 3 m,1600,1700,1800,3-5 m,,,,,90,145,115,90,65,135,105,80,52,125,98,75,48,100,80,60,38,0.081/0.142/0.202 ha,
sadar2,Sadar-2,01-08-2015,183,5844,परसिया तप्पा-खुटहन,हवेली,ग्रामीण,5500,upto 3 m,5800,6000,6600,3-5 m,,,,,110,280,240,182,102,265,225,165,96,253,218,160,90,200,170,127,72,0.081/0.142/0.202 ha,
sadar2,Sadar-2,01-08-2015,184,5851,पिपरा चुरामन,हवेली,ग्रामीण,1400,upto 3 m,1600,1700,1800,3-5 m,,,,,90,145,115,90,65,135,105,80,52,125,98,75,48,100,80,60,38,0.081/0.142/0.202 ha,
sadar2,Sadar-2,01-08-2015,185,5845,परसौना,हवेली,ग्रामीण,1400,upto 3 m,1600,1700,1800,3-5 m,,,,,90,145,115,90,65,135,105,80,52,125,98,75,48,100,80,60,38,0.081/0.142/0.202 ha,
sadar2,Sadar-2,01-08-2015,186,5852,पिपरी,हवेली,ग्रामीण,1400,upto 3 m,1600,1700,1800,3-5 m,,,,,90,145,115,90,65,135,105,80,52,125,98,75,48,100,80,60,38,0.081/0.142/0.202 ha,
sadar2,Sadar-2,01-08-2015,187,5858,परसिया,हवेली,ग्रामीण,1400,upto 3 m,1600,1700,1800,3-5 m,,,,,90,145,115,90,65,135,105,80,52,125,98,75,48,100,80,60,38,0.081/0.142/0.202 ha,
sadar2,Sadar-2,01-08-2015,188,5841,पचवारा खास,हवेली,ग्रामीण,1400,upto 3 m,1600,1700,1800,3-5 m,,,,,90,145,115,90,65,135,105,80,52,125,98,75,48,100,80,60,38,0.081/0.142/0.202 ha,
sadar2,Sadar-2,01-08-2015,189,5846,प्रतापपुर,हवेली,ग्रामीण,1400,upto 3 m,1600,1700,1800,3-5 m,,,,,90,145,115,90,65,135,105,80,52,125,98,75,48,100,80,60,38,0.081/0.142/0.202 ha,
sadar2,Sadar-2,01-08-2015,190,5847,प्रेमपुर,हवेली,ग्रामीण,1400,upto 3 m,1600,1700,1800,3-5 m,,,,,90,145,115,90,65,135,105,80,52,125,98,75,48,100,80,60,38,0.081/0.142/0.202 ha,
sadar2,Sadar-2,01-08-2015,191,5848,पिपरा बनवारी,हवेली,ग्रामीण,1400,upto 3 m,1600,1700,1800,3-5 m,,,,,90,145,115,90,65,135,105,80,52,125,98,75,48,100,80,60,38,0.081/0.142/0.202 ha,
sadar2,Sadar-2,01-08-2015,192,5856,पटटन उर्फ पलिया,हवेली,ग्रामीण,1400,upto 3 m,1600,1700,1800,3-5 m,,,,,90,145,115,90,65,135,105,80,52,125,98,75,48,100,80,60,38,0.081/0.142/0.202 ha,
sadar2,Sadar-2,01-08-2015,193,5857,पोतहरा,हवेली,ग्रामीण,1400,upto 3 m,1600,1700,1800,3-5 m,,,,,90,145,115,90,65,135,105,80,52,125,98,75,48,100,80,60,38,0.081/0.142/0.202 ha,
sadar2,Sadar-2,01-08-2015,194,5854,परमेश्वरपुर,हवेली,ग्रामीण,5000,upto 3 m,5500,6000,6600,3-5 m,,,,,90,195,165,118,75,182,153,112,66,177,147,106,60,138,115,84,46,0.081/0.142/0.202 ha,
sadar2,Sadar-2,01-08-2015,195,5881,फुलवरिया तप्पा-खुटहन,हवेली,ग्रामीण,5000,upto 3 m,5500,6000,6600,3-5 m,,,,,110,195,165,118,75,182,153,112,66,177,147,106,60,138,115,84,46,0.081/0.142/0.202 ha,
sadar2,Sadar-2,01-08-2015,196,5883,फुलवरिया तप्पा-पचवारा,हवेली,ग्रामीण,1400,upto 3 m,1600,1700,1800,3-5 m,,,,,70,145,115,90,65,135,105,80,52,125,98,75,48,100,80,60,38,0.081/0.142/0.202 ha,road: rent 70 printed (other 1600-rate villages have 90)
sadar2,Sadar-2,01-08-2015,197,0014,बिलन्दपुर,दाउदपुर-23,नगरीय,22000,upto 3 m,23000,24000,26500,3-5 m,,,,,325,,,,,,,,,,,,,,,,,0.081/0.142/0.202 ha,
sadar2,Sadar-2,01-08-2015,198,0044,बेतियाहाता,बेतियाहाता-33,नगरीय,26000,upto 3 m,28000,29000,32000,3-5 m,,,,,325,,,,,,,,,,,,,,,,,0.081/0.142/0.202 ha,basic: vcode 0044 also printed for serial 201 | road: vcode 0044 also on serial 201
sadar2,Sadar-2,01-08-2015,199,0094,बेतियाहाता आवास विकास कालोनी,,नगरीय,24000,upto 3 m,25000,26000,28600,3-5 m,,,,,325,,,,,,,,,,,,,,,,,0.081/0.142/0.202 ha,
sadar2,Sadar-2,01-08-2015,200,0057,बक्शीपुर,पुर्दिलपुर-32,नगरीय,23000,upto 3 m,24000,25000,27500,3-5 m,,,,,325,,,,,,,,,,,,,,,,,0.081/0.142/0.202 ha,basic: vcode 0057 also printed for serial 178 | road: vcode 0057 also on serial 178
sadar2,Sadar-2,01-08-2015,201,0044,बनकटीचक,काजीपुर खुर्द-54,नगरीय,22000,upto 3 m,23000,24000,26500,3-5 m,,,,,325,,,,,,,,,,,,,,,,,0.081/0.142/0.202 ha,basic: vcode 0044 also printed for serial 198 | road: vcode 0044 also on serial 198
sadar2,Sadar-2,01-08-2015,202,0305,बुद्धबिहार आवासीय योजना पार्ट-ए,गो0वि0प्रा0 की कालोनी,नगरीय,18000,upto 3 m,19000,20000,22000,3-5 m,,,,,300,,,,,,,,,,,,,,,,,0.081/0.142/0.202 ha,
sadar2,Sadar-2,01-08-2015,203,0303,बुद्धबिहार आवासीय योजना पार्ट-बी,,नगरीय,18000,upto 3 m,19000,20000,22000,3-5 m,,,,,300,,,,,,,,,,,,,,,,,0.081/0.142/0.202 ha,
sadar2,Sadar-2,01-08-2015,204,0304,बुद्धबिहार आवासीय योजना पार्ट-सी,गो0वि0प्रा0 की कालोनी,नगरीय,18000,upto 3 m,19000,20000,22000,3-5 m,,,,,300,,,,,,,,,,,,,,,,,0.081/0.142/0.202 ha,
sadar2,Sadar-2,01-08-2015,205,0299,बुद्धबिहार व्यवसायिक कालोनियां,,नगरीय,18000,upto 3 m,19000,20000,22000,3-5 m,,,,,300,,,,,,,,,,,,,,,,,0.081/0.142/0.202 ha,
sadar2,Sadar-2,01-08-2015,206,0306,बहुउद्देशीय व्यवसायिक काम्पलेक्स,,नगरीय,30000,upto 3 m,19000,20000,22000,3-5 m,,,,,300,,,,,,,,,,,,,,,,,0.081/0.142/0.202 ha,
sadar2,Sadar-2,01-08-2015,207,0301,विवेक पुरम आवासीय योजना,,नगरीय,18000,upto 3 m,19000,20000,22000,3-5 m,,,,,300,,,,,,,,,,,,,,,,,0.081/0.142/0.202 ha,
sadar2,Sadar-2,01-08-2015,208,0406,बुद्ध बिहार आवासीय योजना (यशोधरा खण्ड),,नगरीय,18000,upto 3 m,19000,20000,22000,3-5 m,,,,,300,,,,,,,,,,,,,,,,,0.081/0.142/0.202 ha,road: name cut off at cell edge in print | agri: name truncated in print
sadar2,Sadar-2,01-08-2015,209,0408,विवेक पुरम आवासीय विस्तार योजना,,नगरीय,18000,upto 3 m,19000,20000,22000,3-5 m,,,,,300,,,,,,,,,,,,,,,,,0.081/0.142/0.202 ha,
sadar2,Sadar-2,01-08-2015,210,0201,वैशाली आवासीय योजना,गो0वि0प्रा0 की कालोनी,नगरीय,18000,upto 3 m,19000,20000,22000,3-5 m,,,,,300,,,,,,,,,,,,,,,,,0.081/0.142/0.202 ha,
sadar2,Sadar-2,01-08-2015,211,0207,बुद्धा मिनी मार्ट,गो0वि0प्रा0 की कालोनी,नगरीय,18000,upto 3 m,19000,20000,22000,3-5 m,,,,,300,,,,,,,,,,,,,,,,,0.081/0.142/0.202 ha,
sadar2,Sadar-2,01-08-2015,212,0204,वसुन्धरा इन्क्लेव योजना,गो0वि0प्रा0 की कालोनी,नगरीय,18000,upto 3 m,19000,20000,22000,3-5 m,,,,,300,,,,,,,,,,,,,,,,,0.081/0.142/0.202 ha,
sadar2,Sadar-2,01-08-2015,213,0208,वसुन्धरा इन्क्लेव योजना फेज-2,गो0वि0प्रा0 की कालोनी,नगरीय,18000,upto 3 m,19000,20000,22000,3-5 m,,,,,300,,,,,,,,,,,,,,,,,0.081/0.142/0.202 ha,
sadar2,Sadar-2,01-08-2015,214,5926,बागरानी,हवेली,अर्द्धनगरीय,8500,upto 3 m,9000,9500,10500,3-5 m,,,,,240,0,510,430,222,0,475,400,204,0,460,383,198,0,365,306,156,0.081/0.142/0.202 ha,
sadar2,Sadar-2,01-08-2015,215,5921,बसन्तपुर,हवेली,ग्रामीण,1400,upto 3 m,1600,1700,1800,3-5 m,,,,,90,145,115,90,65,135,105,80,52,125,98,75,48,100,80,60,38,0.081/0.142/0.202 ha,
sadar2,Sadar-2,01-08-2015,216,5920,बसडीला रौसड़,हवेली,ग्रामीण,1400,upto 3 m,1600,1700,1800,3-5 m,,,,,90,145,115,90,65,135,105,80,52,125,98,75,48,100,80,60,38,0.081/0.142/0.202 ha,
sadar2,Sadar-2,01-08-2015,217,5924,बेला त0 केवटली,हवेली,ग्रामीण,5000,upto 3 m,5300,5500,6000,3-5 m,,,,,90,195,165,118,75,182,153,112,66,177,147,106,60,138,115,84,46,0.081/0.142/0.202 ha,
sadar2,Sadar-2,01-08-2015,218,5934,बरसैनी,हवेली,ग्रामीण,1400,upto 3 m,1600,1700,1800,3-5 m,,,,,90,145,115,90,65,135,105,80,52,125,98,75,48,100,80,60,38,0.081/0.142/0.202 ha,
sadar2,Sadar-2,01-08-2015,219,5935,बांसडीह,हवेली,ग्रामीण,1400,upto 3 m,1600,1700,1800,3-5 m,,,,,90,145,115,90,65,135,105,80,52,125,98,75,48,100,80,60,38,0.081/0.142/0.202 ha,
sadar2,Sadar-2,01-08-2015,220,5937,बरईपुर,हवेली,ग्रामीण,1400,upto 3 m,1600,1700,1800,3-5 m,,,,,90,145,115,90,65,135,105,80,52,125,98,75,48,100,80,60,38,0.081/0.142/0.202 ha,
sadar2,Sadar-2,01-08-2015,221,5911,बजहा,हवेली,ग्रामीण,1400,upto 3 m,1600,1700,1800,3-5 m,,,,,90,145,115,90,65,135,105,80,52,125,98,75,48,100,80,60,38,0.081/0.142/0.202 ha,
sadar2,Sadar-2,01-08-2015,222,5912,बनकटी उर्फ इटहिया,हवेली,ग्रामीण,1400,upto 3 m,1600,1700,1800,3-5 m,,,,,90,145,115,90,65,135,105,80,52,125,98,75,48,100,80,60,38,0.081/0.142/0.202 ha,
sadar2,Sadar-2,01-08-2015,223,5913,बरौली,हवेली,ग्रामीण,1400,upto 3 m,1600,1700,1800,3-5 m,,,,,90,145,115,90,65,135,105,80,52,125,98,75,48,100,80,60,38,0.081/0.142/0.202 ha,
sadar2,Sadar-2,01-08-2015,224,5929,बिसमिल्लहवां,हवेली,ग्रामीण,1400,upto 3 m,1600,1700,1800,3-5 m,,,,,90,145,115,90,65,135,105,80,52,125,98,75,48,100,80,60,38,0.081/0.142/0.202 ha,
sadar2,Sadar-2,01-08-2015,225,5915,बनगाई,हवेली,ग्रामीण,7000,upto 3 m,7500,8000,8800,3-5 m,,,,,110,280,240,182,102,265,225,165,96,253,218,160,90,200,170,127,72,0.081/0.142/0.202 ha,
sadar2,Sadar-2,01-08-2015,226,5936,बेलवरायपुर,हवेली,ग्रामीण,1400,upto 3 m,1600,1700,1800,3-5 m,,,,,90,145,115,90,65,135,105,80,52,125,98,75,48,100,80,60,38,0.081/0.142/0.202 ha,
sadar2,Sadar-2,01-08-2015,227,5950,बखरैती,हवेली,ग्रामीण,5000,upto 3 m,5300,5500,6000,3-5 m,,,,,90,195,165,118,75,182,153,112,66,177,147,106,60,138,115,84,46,0.081/0.142/0.202 ha,
sadar2,Sadar-2,01-08-2015,228,5919,बूढाडीह,हवेली,ग्रामीण,5000,upto 3 m,5300,5500,6000,3-5 m,,,,,110,195,165,118,75,182,153,112,66,177,147,106,60,138,115,84,46,0.081/0.142/0.202 ha,
sadar2,Sadar-2,01-08-2015,229,5907,बेला त0 गौरा,हवेली,ग्रामीण,1400,upto 3 m,1600,1700,1800,3-5 m,,,,,90,145,115,90,65,135,105,80,52,125,98,75,48,100,80,60,38,0.081/0.142/0.202 ha,
sadar2,Sadar-2,01-08-2015,230,5909,बरियारपुर,हवेली,ग्रामीण,1400,upto 3 m,1600,1700,1800,3-5 m,,,,,90,145,115,90,65,135,105,80,52,125,98,75,48,100,80,60,38,0.081/0.142/0.202 ha,
sadar2,Sadar-2,01-08-2015,231,5916,बरईपार,हवेली,ग्रामीण,1400,upto 3 m,1600,1700,1800,3-5 m,,,,,90,145,115,90,65,135,105,80,52,125,98,75,48,100,80,60,38,0.081/0.142/0.202 ha,
sadar2,Sadar-2,01-08-2015,232,5923,बेलपार उर्फ गुरूनगर,हवेली,ग्रामीण,1400,upto 3 m,1600,1700,1800,3-5 m,,,,,90,145,115,90,65,135,105,80,52,125,98,75,48,100,80,60,38,0.081/0.142/0.202 ha,
sadar2,Sadar-2,01-08-2015,233,5928,बौरडीह,हवेली,ग्रामीण,1400,upto 3 m,1600,1700,1800,3-5 m,,,,,90,145,115,90,65,135,105,80,52,125,98,75,48,100,80,60,38,0.081/0.142/0.202 ha,
sadar2,Sadar-2,01-08-2015,234,5938,बिजौली चक,हवेली,ग्रामीण,1400,upto 3 m,1600,1700,1800,3-5 m,,,,,90,145,115,90,65,135,105,80,52,125,98,75,48,100,80,60,38,0.081/0.142/0.202 ha,
sadar2,Sadar-2,01-08-2015,235,5918,बुढ़ियाबारी,हवेली,ग्रामीण,1400,upto 3 m,1600,1700,1800,3-5 m,,,,,90,145,115,90,65,135,105,80,52,125,98,75,48,100,80,60,38,0.081/0.142/0.202 ha,
sadar2,Sadar-2,01-08-2015,236,5906,बडहरा नं0 1,हवेली,ग्रामीण,1400,upto 3 m,1600,1700,1800,3-5 m,,,,,90,145,115,90,65,135,105,80,52,125,98,75,48,100,80,60,38,0.081/0.142/0.202 ha,
sadar2,Sadar-2,01-08-2015,237,5948,बडहरा नं0 2,हवेली,ग्रामीण,1400,upto 3 m,1600,1700,1800,3-5 m,,,,,90,145,115,90,65,135,105,80,52,125,98,75,48,100,80,60,38,0.081/0.142/0.202 ha,
sadar2,Sadar-2,01-08-2015,238,5949,बघाडी,हवेली,ग्रामीण,1400,upto 3 m,1600,1700,1800,3-5 m,,,,,90,145,115,90,65,135,105,80,52,125,98,75,48,100,80,60,38,0.081/0.142/0.202 ha,
sadar2,Sadar-2,01-08-2015,239,5910,बनटिकुला,हवेली,ग्रामीण,1400,upto 3 m,1600,1700,1800,3-5 m,,,,,90,145,115,90,65,135,105,80,52,125,98,75,48,100,80,60,38,0.081/0.142/0.202 ha,
sadar2,Sadar-2,01-08-2015,240,5917,बलुआ,हवेली,ग्रामीण,1400,upto 3 m,1600,1700,1800,3-5 m,,,,,90,145,115,90,65,135,105,80,52,125,98,75,48,100,80,60,38,0.081/0.142/0.202 ha,
sadar2,Sadar-2,01-08-2015,241,5922,बेलघाट,हवेली,ग्रामीण,1400,upto 3 m,1600,1700,1800,3-5 m,,,,,90,145,115,90,65,135,105,80,52,125,98,75,48,100,80,60,38,0.081/0.142/0.202 ha,
sadar2,Sadar-2,01-08-2015,242,5914,बढनी,हवेली,ग्रामीण,1400,upto 3 m,1600,1700,1800,3-5 m,,,,,90,145,115,90,65,135,105,80,52,125,98,75,48,100,80,60,38,0.081/0.142/0.202 ha,
sadar2,Sadar-2,01-08-2015,243,5925,बैजनाथपुर,हवेली,ग्रामीण,1400,upto 3 m,1600,1700,1800,3-5 m,,,,,90,145,115,90,65,135,105,80,52,125,98,75,48,100,80,60,38,0.081/0.142/0.202 ha,
sadar2,Sadar-2,01-08-2015,244,5927,बालापार,हवेली,ग्रामीण,5500,upto 3 m,5800,6000,6600,3-5 m,,,,,110,280,240,182,102,265,225,165,96,253,218,160,90,200,170,127,72,0.081/0.142/0.202 ha,
sadar2,Sadar-2,01-08-2015,245,5932,बन्जरहा,हवेली,ग्रामीण,1400,upto 3 m,1600,1700,1800,3-5 m,,,,,90,145,115,90,65,135,105,80,52,125,98,75,48,100,80,60,38,0.081/0.142/0.202 ha,
sadar2,Sadar-2,01-08-2015,246,5933,बिस्टौली,हवेली,ग्रामीण,1400,upto 3 m,1600,1700,1800,3-5 m,,,,,90,145,115,90,65,135,105,80,52,125,98,75,48,100,80,60,38,0.081/0.142/0.202 ha,
sadar2,Sadar-2,01-08-2015,247,5930,विशुनपुर,हवेली,ग्रामीण,1400,upto 3 m,1600,1700,1800,3-5 m,,,,,90,145,115,90,65,135,105,80,52,125,98,75,48,100,80,60,38,0.081/0.142/0.202 ha,
sadar2,Sadar-2,01-08-2015,248,5931,विशुनपुर खुर्द,हवेली,ग्रामीण,1400,upto 3 m,1600,1700,1800,3-5 m,,,,,90,145,115,90,65,135,105,80,52,125,98,75,48,100,80,60,38,0.081/0.142/0.202 ha,
sadar2,Sadar-2,01-08-2015,249,0315,भरवलिया खुर्द,रूस्तमपुर-40,नगरीय,10500,upto 3 m,11000,11500,12600,3-5 m,,,,,300,0,660,560,235,0,615,520,218,0,590,500,210,0,472,400,170,0.081/0.142/0.202 ha,
sadar2,Sadar-2,01-08-2015,250,0316,भरवलिया बुजुर्ग,,नगरीय,10500,upto 3 m,11000,11500,12600,3-5 m,,,,,300,0,660,560,235,0,615,520,218,0,590,500,210,0,472,400,170,0.081/0.142/0.202 ha,
sadar2,Sadar-2,01-08-2015,251,5951,भरपुरवा,हवेली,ग्रामीण,2500,upto 3 m,2200,2300,2500,3-5 m,,,,,90,145,115,90,65,135,105,80,52,125,98,75,48,100,80,60,38,0.081/0.142/0.202 ha,
sadar2,Sadar-2,01-08-2015,252,5952,भैरवा,हवेली,ग्रामीण,1400,upto 3 m,1600,1700,1800,3-5 m,,,,,90,145,115,90,65,135,105,80,52,125,98,75,48,100,80,60,38,0.081/0.142/0.202 ha,
sadar2,Sadar-2,01-08-2015,253,5958,भण्डारो,हवेली,ग्रामीण,1400,upto 3 m,1600,1700,1800,3-5 m,,,,,90,145,115,90,65,135,105,80,52,125,98,75,48,100,80,60,38,0.081/0.142/0.202 ha,
sadar2,Sadar-2,01-08-2015,254,5960,भव,हवेली,ग्रामीण,1400,upto 3 m,1600,1700,1800,3-5 m,,,,,90,145,115,90,65,135,105,80,52,125,98,75,48,100,80,60,38,0.081/0.142/0.202 ha,
sadar2,Sadar-2,01-08-2015,255,5954,भिटनी,हवेली,ग्रामीण,1400,upto 3 m,1600,1700,1800,3-5 m,,,,,90,145,115,90,65,135,105,80,52,125,98,75,48,100,80,60,38,0.081/0.142/0.202 ha,
sadar2,Sadar-2,01-08-2015,256,5953,भैरहा,हवेली,ग्रामीण,1400,upto 3 m,1600,1700,1800,3-5 m,,,,,90,145,115,90,65,135,105,80,52,125,98,75,48,100,80,60,38,0.081/0.142/0.202 ha,
sadar2,Sadar-2,01-08-2015,257,5959,भौरामल,हवेली,ग्रामीण,1400,upto 3 m,1600,1700,1800,3-5 m,,,,,90,145,115,90,65,135,105,80,52,125,98,75,48,100,80,60,38,0.081/0.142/0.202 ha,
sadar2,Sadar-2,01-08-2015,258,5956,भगवानपुर,हवेली,ग्रामीण,1400,upto 3 m,1600,1700,1800,3-5 m,,,,,90,145,115,90,65,135,105,80,52,125,98,75,48,100,80,60,38,0.081/0.142/0.202 ha,
sadar2,Sadar-2,01-08-2015,259,5955,भिलोरही,हवेली,ग्रामीण,1400,upto 3 m,1600,1700,1800,3-5 m,,,,,90,145,115,90,65,135,105,80,52,125,98,75,48,100,80,60,38,0.081/0.142/0.202 ha,
sadar2,Sadar-2,01-08-2015,260,0023,मियाँ बाजार - बैंक रोड से पूरब गोलघर की तरफ,मियाँ बाजार-61,नगरीय,30000,upto 3 m,32000,34000,37400,3-5 m,,,,,90,,,,,,,,,,,,,,,,,0.081/0.142/0.202 ha,basic: serial 260 split into 2 printed sub-rows (parent row मियाँ बाजार has no rate) | road: rent 90 printed on main row (sub-rows show 325); serial 260 has 3 printed rows
sadar2,Sadar-2,01-08-2015,260,0023,मियाँ बाजार - बैंक रोड से पश्चिम कोतवाली की तरफ,मियाँ बाजार-61,नगरीय,26500,upto 3 m,32000,34000,37400,3-5 m,,,,,325,,,,,,,,,,,,,,,,,0.081/0.142/0.202 ha,basic: serial 260 split into 2 printed sub-rows (parent row मियाँ बाजार has no rate) | road: sub-row of serial 260 (no own serial/vcode printed) | no row in agri table
sadar2,Sadar-2,01-08-2015,261,0024,मेवातीपुर उर्फ चैनपुर,अलहदादपुर-58,नगरीय,22000,upto 3 m,23000,24000,26500,3-5 m,,,,,325,,,,,,,,,,,,,,,,,0.081/0.142/0.202 ha,
sadar2,Sadar-2,01-08-2015,262,0001,महादेव झारखण्डी टु0 नं0-1,महा0झा0 टु0 नं0-1-01,नगरीय,10500,upto 3 m,11000,12000,13200,3-5 m,,,,,300,0,660,560,235,0,615,520,218,0,590,500,210,0,472,400,170,0.081/0.142/0.202 ha,
sadar2,Sadar-2,01-08-2015,263,0003,महादेव झारखण्डी आवास विकास कालोनी,,नगरीय,15000,upto 3 m,16000,17000,18700,3-5 m,,,,,300,,,,,,,,,,,,,,,,,0.081/0.142/0.202 ha,basic: vcode 0003 also printed for serial 96 | road: name cut off at cell edge in print
sadar2,Sadar-2,01-08-2015,264,0095,महादेव झारखण्डी टु0 नं0-2,महा0झा0 टु0 नं0-2-08,नगरीय,10500,upto 3 m,11000,12000,13200,3-5 m,,,,,300,0,660,560,235,0,615,520,218,0,590,500,210,0,472,400,170,0.081/0.142/0.202 ha,
sadar2,Sadar-2,01-08-2015,265,0060,महादेव झारखण्डी टु0 नं0-3,महा0झा0 टु0 नं0-2-08,नगरीय,10500,upto 3 m,11000,12000,13200,3-5 m,,,,,300,0,660,560,235,0,615,520,218,0,590,500,210,0,472,400,170,0.081/0.142/0.202 ha,basic: ward printed as टु0 नं0-2-08 (same as serial 264) for टु0 नं0-3 | road: serial printed as 235 (sequence implies 265)
sadar2,Sadar-2,01-08-2015,266,0048,मिर्जापुर उर्फ बेतियाहाता,बेतियाहाता-33,नगरीय,24000,upto 3 m,26000,27000,29700,3-5 m,,,,,325,,,,,,,,,,,,,,,,,0.081/0.142/0.202 ha,
sadar2,Sadar-2,01-08-2015,267,029,मुफ्तीपुर,मुफ्तीपुर-68,नगरीय,23000,upto 3 m,24000,25000,27500,3-5 m,,,,,325,,,,,,,,,,,,,,,,,0.081/0.142/0.202 ha,basic: vcode printed as 3 digits (029) | road: vcode printed as 3 digits 029
sadar2,Sadar-2,01-08-2015,268,0010,महुईसुधरपुर,महुईसुधरपुर-69,नगरीय,10500,upto 3 m,11000,11500,12600,3-5 m,,,,,300,0,660,560,235,0,615,520,218,0,590,500,210,0,472,400,170,0.081/0.142/0.202 ha,road: vcode printed as 3 digits 015
sadar2,Sadar-2,01-08-2015,269,0035,मिर्जापुर,महुईसुधरपुर-69,नगरीय,10500,upto 3 m,11000,11500,12600,3-5 m,,,,,300,0,660,560,235,0,615,520,218,0,590,500,210,0,472,400,170,0.081/0.142/0.202 ha,
sadar2,Sadar-2,01-08-2015,270,0011,महेवा,महेवा-30,नगरीय,10500,upto 3 m,11000,11500,12600,3-5 m,,,,,300,0,660,560,235,0,615,520,218,0,590,500,210,0,472,400,170,0.081/0.142/0.202 ha,
sadar2,Sadar-2,01-08-2015,271,0181,महेवा एहतमाली,महेवा-30,नगरीय,10500,upto 3 m,11000,11500,12600,3-5 m,,,,,300,0,660,560,235,0,615,520,218,0,590,500,210,0,472,400,170,0.081/0.142/0.202 ha,
sadar2,Sadar-2,01-08-2015,272,0180,महेवा मुस्तकिल,महेवा-30,नगरीय,10500,upto 3 m,11000,11500,12600,3-5 m,,,,,300,0,660,560,235,0,615,520,218,0,590,500,210,0,472,400,170,0.081/0.142/0.202 ha,
sadar2,Sadar-2,01-08-2015,273,042,मोहददीपुर,मोहददीपुर-52,नगरीय,22500,upto 3 m,24000,25000,27500,3-5 m,,,,,300,,,,,,,,,,,,,,,,,0.081/0.142/0.202 ha,basic: vcode printed as 3 digits (042) | road: vcode printed as 3 digits 042 | agri: all rate cells printed as dash
sadar2,Sadar-2,01-08-2015,274,0125,मोहम्मदचक,रूस्तमपुर-40,अर्द्धनगरीय,10500,upto 3 m,11000,11500,12600,3-5 m,,,,,240,0,660,560,235,0,615,520,218,0,590,500,210,0,472,400,170,0.081/0.142/0.202 ha,
sadar2,Sadar-2,01-08-2015,275,5994,मनहट,हवेली,अर्द्धनगरीय,8500,upto 3 m,9000,9500,10500,3-5 m,,,,,240,0,510,430,222,0,475,400,204,0,460,383,198,0,365,306,156,0.081/0.142/0.202 ha,
sadar2,Sadar-2,01-08-2015,276,5984,मिर्जापुर,हवेली,अर्द्धनगरीय,8500,upto 3 m,9000,9500,10500,3-5 m,,,,,240,0,510,430,222,0,475,400,204,0,460,383,198,0,365,306,156,0.081/0.142/0.202 ha,
sadar2,Sadar-2,01-08-2015,277,6005,मुडिला उर्फ मुण्डेरा,हवेली,अर्द्धनगरीय,8500,upto 3 m,9000,9500,10500,3-5 m,,,,,240,0,510,430,222,0,475,400,204,0,460,383,198,0,365,306,156,0.081/0.142/0.202 ha,
sadar2,Sadar-2,01-08-2015,278,5989,महुअवा खुर्द,हवेली,ग्रामीण,2500,upto 3 m,2600,2700,2900,3-5 m,,,,,90,145,115,90,65,135,105,80,52,125,98,75,48,100,80,60,38,0.081/0.142/0.202 ha,
sadar2,Sadar-2,01-08-2015,279,5990,माधोपुर,हवेली,ग्रामीण,1400,upto 3 m,1600,1700,1800,3-5 m,,,,,90,145,115,90,65,135,105,80,52,125,98,75,48,100,80,60,38,0.081/0.142/0.202 ha,
sadar2,Sadar-2,01-08-2015,280,5995,मटिहनिया जनूबी,हवेली,ग्रामीण,2500,upto 3 m,2600,2700,2900,3-5 m,,,,,90,145,115,90,65,135,105,80,52,125,98,75,48,100,80,60,38,0.081/0.142/0.202 ha,
sadar2,Sadar-2,01-08-2015,281,5996,मटिहनिया सुमाली,हवेली,ग्रामीण,2500,upto 3 m,2600,2700,2900,3-5 m,,,,,90,145,115,90,65,135,105,80,52,125,98,75,48,100,80,60,38,0.081/0.142/0.202 ha,
sadar2,Sadar-2,01-08-2015,282,6003,मोहनपुर,हवेली,ग्रामीण,1400,upto 3 m,1600,1700,1800,3-5 m,,,,,90,145,115,90,65,135,105,80,52,125,98,75,48,100,80,60,38,0.081/0.142/0.202 ha,road: same name as serial 293 (vcode 5004)
sadar2,Sadar-2,01-08-2015,283,5983,मिर्जापुर,हवेली,ग्रामीण,1400,upto 3 m,1600,1700,1800,3-5 m,,,,,90,145,115,90,65,135,105,80,52,125,98,75,48,100,80,60,38,0.081/0.142/0.202 ha,
sadar2,Sadar-2,01-08-2015,284,5997,मुगलान सिरसिया,हवेली,ग्रामीण,1400,upto 3 m,1600,1700,1800,3-5 m,,,,,90,145,115,90,65,135,105,80,52,125,98,75,48,100,80,60,38,0.081/0.142/0.202 ha,
sadar2,Sadar-2,01-08-2015,285,6008,मोहब्बत बरवा,हवेली,ग्रामीण,1400,upto 3 m,1600,1700,1800,3-5 m,,,,,90,145,115,90,65,135,105,80,52,125,98,75,48,100,80,60,38,0.081/0.142/0.202 ha,
sadar2,Sadar-2,01-08-2015,286,6009,मोहीउद्दीनपुर,हवेली,ग्रामीण,1400,upto 3 m,1600,1700,1800,3-5 m,,,,,90,145,115,90,65,135,105,80,52,125,98,75,48,100,80,60,38,0.081/0.142/0.202 ha,
sadar2,Sadar-2,01-08-2015,287,5985,मीरपुर,हवेली,ग्रामीण,1400,upto 3 m,1600,1700,1800,3-5 m,,,,,90,145,115,90,65,135,105,80,52,125,98,75,48,100,80,60,38,0.081/0.142/0.202 ha,
sadar2,Sadar-2,01-08-2015,288,5986,मंझरिया,हवेली,ग्रामीण,1400,upto 3 m,1600,1700,1800,3-5 m,,,,,90,145,115,90,65,135,105,80,52,125,98,75,48,100,80,60,38,0.081/0.142/0.202 ha,
sadar2,Sadar-2,01-08-2015,289,6000,मदरहां,हवेली,ग्रामीण,1400,upto 3 m,1600,1700,1800,3-5 m,,,,,90,145,115,90,65,135,105,80,52,125,98,75,48,100,80,60,38,0.081/0.142/0.202 ha,
sadar2,Sadar-2,01-08-2015,290,5993,मडकरिया,हवेली,ग्रामीण,1400,upto 3 m,1600,1700,1800,3-5 m,,,,,90,145,115,90,65,135,105,80,52,125,98,75,48,100,80,60,38,0.081/0.142/0.202 ha,
sadar2,Sadar-2,01-08-2015,291,5999,मैनाभागर,हवेली,ग्रामीण,1400,upto 3 m,1600,1700,1800,3-5 m,,,,,90,145,115,90,65,135,105,80,52,125,98,75,48,100,80,60,38,0.081/0.142/0.202 ha,
sadar2,Sadar-2,01-08-2015,292,6001,मंझरिया बिस्टौल,हवेली,ग्रामीण,1400,upto 3 m,1600,1700,1800,3-5 m,,,,,90,145,115,90,65,135,105,80,52,125,98,75,48,100,80,60,38,0.081/0.142/0.202 ha,
sadar2,Sadar-2,01-08-2015,293,5004,मोहनपुर,हवेली,ग्रामीण,1400,upto 3 m,1600,1700,1800,3-5 m,,,,,90,145,115,90,65,135,105,80,52,125,98,75,48,100,80,60,38,0.081/0.142/0.202 ha,basic: vcode 5004 printed clearly; out of sequence with neighbouring 59xx-60xx codes (possible print error for 6004) | road: vcode 5004 printed (out of 59xx-60xx sequence; serial 282 is मोहनपुर 6004)
sadar2,Sadar-2,01-08-2015,294,6007,मोहम्मदुपर माफी,हवेली,ग्रामीण,1400,upto 3 m,1600,1700,1800,3-5 m,,,,,90,145,115,90,65,135,105,80,52,125,98,75,48,100,80,60,38,0.081/0.142/0.202 ha,
sadar2,Sadar-2,01-08-2015,295,6010,मझगांवा,हवेली,ग्रामीण,1400,upto 3 m,1600,1700,1800,3-5 m,,,,,90,145,115,90,65,135,105,80,52,125,98,75,48,100,80,60,38,0.081/0.142/0.202 ha,
sadar2,Sadar-2,01-08-2015,296,5982,मुहम्मदपुर,हवेली,ग्रामीण,1400,upto 3 m,1600,1700,1800,3-5 m,,,,,90,145,115,90,65,135,105,80,52,125,98,75,48,100,80,60,38,0.081/0.142/0.202 ha,
sadar2,Sadar-2,01-08-2015,297,6006,मटियारी,हवेली,ग्रामीण,1400,upto 3 m,1600,1700,1800,3-5 m,,,,,90,145,115,90,65,135,105,80,52,125,98,75,48,100,80,60,38,0.081/0.142/0.202 ha,
sadar2,Sadar-2,01-08-2015,298,6012,मडहा गोकुली,हवेली,ग्रामीण,1400,upto 3 m,1600,1700,1800,3-5 m,,,,,90,145,115,90,65,135,105,80,52,125,98,75,48,100,80,60,38,0.081/0.142/0.202 ha,
sadar2,Sadar-2,01-08-2015,299,5998,मेहदिया,हवेली,ग्रामीण,1400,upto 3 m,1600,1700,1800,3-5 m,,,,,90,145,115,90,65,135,105,80,52,125,98,75,48,100,80,60,38,0.081/0.142/0.202 ha,
sadar2,Sadar-2,01-08-2015,300,5987,महराजगंज,हवेली,ग्रामीण,5500,upto 3 m,6000,6500,7200,3-5 m,,,,,110,280,240,182,102,265,225,165,96,253,218,160,90,200,170,127,72,0.081/0.142/0.202 ha,
sadar2,Sadar-2,01-08-2015,301,5988,मंगलपुर,हवेली,ग्रामीण,5500,upto 3 m,6000,6500,7200,3-5 m,,,,,110,280,240,182,102,265,225,165,96,253,218,160,90,200,170,127,72,0.081/0.142/0.202 ha,
sadar2,Sadar-2,01-08-2015,302,6002,मानीराम,हवेली,ग्रामीण,6000,upto 3 m,6500,7000,7700,3-5 m,,,,,110,280,240,182,102,265,225,165,96,253,218,160,90,200,170,127,72,0.081/0.142/0.202 ha,
sadar2,Sadar-2,01-08-2015,303,0202,यशोधरा कुन्ज आवासीय योजना,गो0वि0प्रा0 की कालोनी,नगरीय,18000,upto 3 m,19000,20000,22000,3-5 m,,,,,300,,,,,,,,,,,,,,,,,0.081/0.142/0.202 ha,agri: all rate cells printed as dash
sadar2,Sadar-2,01-08-2015,304,0018,रसूलपुर,दाउदपुर-23,नगरीय,15000,upto 3 m,16000,17000,18500,3-5 m,,,,,300,0,660,560,235,0,615,520,218,0,590,500,210,0,472,400,170,0.081/0.142/0.202 ha,
sadar2,Sadar-2,01-08-2015,305,0002,रामपुर रामगढ़,महा0झा0 टु0 नं0-1-01,नगरीय,10500,upto 3 m,11000,12000,13200,3-5 m,,,,,300,0,660,560,235,0,615,520,218,0,590,500,210,0,472,400,170,0.081/0.142/0.202 ha,
sadar2,Sadar-2,01-08-2015,306,0030,रेती,मुफ्तीपुर-68,नगरीय,25000,upto 3 m,26000,27000,29700,3-5 m,,,,,325,,,,,,,,,,,,,,,,,0.081/0.142/0.202 ha,agri: all rate cells printed as dash
sadar2,Sadar-2,01-08-2015,307,0017,रूस्तमपुर हाईवे के उत्तर,बेतियाहाता-33,नगरीय,23500,upto 3 m,25000,26000,28600,3-5 m,,,,,325,,,,,,,,,,,,,,,,,0.081/0.142/0.202 ha,agri: all rate cells printed as dash
sadar2,Sadar-2,01-08-2015,308,0038,रूस्तमपुर हाईवे के दक्षिण,रूस्तमपुर-40,नगरीय,11000,upto 3 m,13000,14000,15400,3-5 m,,,,,300,,,,,,,,,,,,,,,,,0.081/0.142/0.202 ha,road: vcode 0038 also on serials 376-377 | agri: vcode 0038 also used for 376/377; all rate cells printed as dash
sadar2,Sadar-2,01-08-2015,309,0009,रायगंज दक्षिणी,रायगंज-39,नगरीय,22500,upto 3 m,24000,26000,28600,3-5 m,,,,,325,,,,,,,,,,,,,,,,,0.081/0.142/0.202 ha,agri: all rate cells printed as dash
sadar2,Sadar-2,01-08-2015,310,0043,रायगंज उत्तरी,,नगरीय,22500,upto 3 m,24000,26000,28600,3-5 m,,,,,325,,,,,,,,,,,,,,,,,0.081/0.142/0.202 ha,basic: pargana/ward cell blank as printed | agri: all rate cells printed as dash
sadar2,Sadar-2,01-08-2015,311,0085,रेलवे डेयरी कालोनी,रेलवे कालोनी बिछिया-26,नगरीय,10500,upto 3 m,11500,12000,13200,3-5 m,,,,,300,,,,,,,,,,,,,,,,,0.081/0.142/0.202 ha,road: vcode cell merged with serial 312 | agri: all rate cells printed as dash
sadar2,Sadar-2,01-08-2015,312,0085,रेलवे बिछिया कालोनी,,नगरीय,10500,upto 3 m,11500,12000,13200,3-5 m,,,,,300,,,,,,,,,,,,,,,,,0.081/0.142/0.202 ha,basic: vcode cell merged with serial 311 (0085 printed once); pargana/ward blank | road: vcode cell merged with serial 311 | agri: vcode cell blank (merged with 311 row printing 0085?); all rate cells printed as dash
sadar2,Sadar-2,01-08-2015,313,0093,रेलवे स्टेशन सौन्दर्यकरण योजना,गो0वि0प्रा0 की कालोनी,नगरीय,30000,upto 3 m,32000,34000,37400,3-5 m,,,,,325,,,,,,,,,,,,,,,,,0.081/0.142/0.202 ha,agri: all rate cells printed as dash
sadar2,Sadar-2,01-08-2015,314,6066,रामपुर,हवेली,अर्द्धनगरीय,8500,upto 3 m,9000,9500,10500,3-5 m,,,,,240,0,510,430,222,0,475,400,204,0,460,383,198,0,365,306,156,0.081/0.142/0.202 ha,
sadar2,Sadar-2,01-08-2015,315,6062,रानीडीहा,हवेली,अर्द्धनगरीय,8500,upto 3 m,9000,9500,10500,3-5 m,,,,,240,0,510,430,222,0,475,400,204,0,460,383,198,0,365,306,156,0.081/0.142/0.202 ha,
sadar2,Sadar-2,01-08-2015,316,6082,रसूलपुर,हवेली,ग्रामीण,1400,upto 3 m,1600,1700,1800,3-5 m,,,,,90,145,115,90,65,135,105,80,52,125,98,75,48,100,80,60,38,0.081/0.142/0.202 ha,
sadar2,Sadar-2,01-08-2015,317,6065,राउतपार,हवेली,ग्रामीण,1400,upto 3 m,1600,1700,1800,3-5 m,,,,,90,145,115,90,65,135,105,80,52,125,98,75,48,100,80,60,38,0.081/0.142/0.202 ha,
sadar2,Sadar-2,01-08-2015,318,6068,रामपुर खुर्द तप्पा-केवटली,हवेली,ग्रामीण,1400,upto 3 m,1600,1700,1800,3-5 m,,,,,90,145,115,90,65,135,105,80,52,125,98,75,48,100,80,60,38,0.081/0.142/0.202 ha,
sadar2,Sadar-2,01-08-2015,319,6080,रामपुर मलौली,हवेली,ग्रामीण,5000,upto 3 m,5200,5500,6000,3-5 m,,,,,110,195,165,118,75,182,153,112,66,177,147,106,60,138,115,84,46,0.081/0.142/0.202 ha,
sadar2,Sadar-2,01-08-2015,320,6074,रामूडीहा,हवेली,ग्रामीण,1400,upto 3 m,1600,1700,1800,3-5 m,,,,,90,145,115,90,65,135,105,80,52,125,98,75,48,100,80,60,38,0.081/0.142/0.202 ha,
sadar2,Sadar-2,01-08-2015,321,6064,रसूलपुर झुंगिया,हवेली,ग्रामीण,1400,upto 3 m,1600,1700,1800,3-5 m,,,,,90,145,115,90,65,135,105,80,52,125,98,75,48,100,80,60,38,0.081/0.142/0.202 ha,
sadar2,Sadar-2,01-08-2015,322,6083,रामपुर बुजुर्ग,हवेली,ग्रामीण,5000,upto 3 m,5500,6000,6600,3-5 m,,,,,110,195,165,118,75,182,153,112,66,177,147,106,60,138,115,84,46,0.081/0.142/0.202 ha,
sadar2,Sadar-2,01-08-2015,323,6081,रामपुर खुर्द,हवेली,ग्रामीण,5000,upto 3 m,5500,6000,6600,3-5 m,,,,,110,195,165,118,75,182,153,112,66,177,147,106,60,138,115,84,46,0.081/0.142/0.202 ha,
sadar2,Sadar-2,01-08-2015,324,6079,रसूलपुर तप्पा खुटहन,हवेली,ग्रामीण,5500,upto 3 m,6000,6500,7200,3-5 m,,,,,110,280,240,182,102,265,225,165,96,253,218,160,90,200,170,127,72,0.081/0.142/0.202 ha,road: vcode 6079 also on serial 332
sadar2,Sadar-2,01-08-2015,325,6072,रामपुर,हवेली,ग्रामीण,1400,upto 3 m,1600,1700,1800,3-5 m,,,,,90,145,115,90,65,135,105,80,52,125,98,75,48,100,80,60,38,0.081/0.142/0.202 ha,
sadar2,Sadar-2,01-08-2015,326,6075,राजपुर दूबी,हवेली,ग्रामीण,1400,upto 3 m,1600,1700,1800,3-5 m,,,,,90,145,115,90,65,135,105,80,52,125,98,75,48,100,80,60,38,0.081/0.142/0.202 ha,
sadar2,Sadar-2,01-08-2015,327,6076,रोहुआ,हवेली,ग्रामीण,1400,upto 3 m,1600,1700,1800,3-5 m,,,,,90,145,115,90,65,135,105,80,52,125,98,75,48,100,80,60,38,0.081/0.142/0.202 ha,
sadar2,Sadar-2,01-08-2015,328,6061,रमवापुर,हवेली,ग्रामीण,1400,upto 3 m,1600,1700,1800,3-5 m,,,,,90,145,115,90,65,135,105,80,52,125,98,75,48,100,80,60,38,0.081/0.142/0.202 ha,
sadar2,Sadar-2,01-08-2015,329,6070,रामपुर गोपालपुर,हवेली,ग्रामीण,1400,upto 3 m,1600,1700,1800,3-5 m,,,,,90,145,115,90,65,135,105,80,52,125,98,75,48,100,80,60,38,0.081/0.142/0.202 ha,
sadar2,Sadar-2,01-08-2015,330,6077,रघुनाथपुर,हवेली,ग्रामीण,1400,upto 3 m,1600,1700,1800,3-5 m,,,,,90,145,115,90,65,135,105,80,52,125,98,75,48,100,80,60,38,0.081/0.142/0.202 ha,
sadar2,Sadar-2,01-08-2015,331,6078,रहमतनगर,हवेली,ग्रामीण,5000,upto 3 m,6000,6500,7200,3-5 m,,,,,110,195,165,118,75,182,153,112,66,177,147,106,60,138,115,84,46,0.081/0.142/0.202 ha,
sadar2,Sadar-2,01-08-2015,332,6079,रिठना,हवेली,ग्रामीण,1400,upto 3 m,1600,1700,1800,3-5 m,,,,,90,145,115,90,65,135,105,80,52,125,98,75,48,100,80,60,38,0.081/0.142/0.202 ha,"basic: vcode 6079 also printed for serial 324 (रसूलपुर तप्पा खुटहन); as printed | road: vcode 6079 also on serial 324 | agri: vcode 6079 as printed, same as serial 324"
sadar2,Sadar-2,01-08-2015,333,0090,लेक ब्यू आवासीय योजना,गो0वि0प्रा0 की कालोनी,नगरीय,18000,upto 3 m,19000,20000,22000,3-5 m,,,,,300,,,,,,,,,,,,,,,,,0.081/0.142/0.202 ha,agri: all rate cells printed as dash
sadar2,Sadar-2,01-08-2015,334,0091,लेक ब्यू विस्तार योजना,गो0वि0प्रा0 की कालोनी,नगरीय,18000,upto 3 m,19000,20000,22000,3-5 m,,,,,300,,,,,,,,,,,,,,,,,0.081/0.142/0.202 ha,agri: all rate cells printed as dash
sadar2,Sadar-2,01-08-2015,335,0205,लोहिया इन्क्लेव योजना,गो0वि0प्रा0 की कालोनी,नगरीय,18000,upto 3 m,19000,20000,22000,3-5 m,,,,,300,,,,,,,,,,,,,,,,,0.081/0.142/0.202 ha,agri: all rate cells printed as dash
sadar2,Sadar-2,01-08-2015,336,6101,लुहसी,हवेली,ग्रामीण,2500,upto 3 m,2700,2900,3100,3-5 m,,,,,90,145,115,90,65,135,105,80,52,125,98,75,48,100,80,60,38,0.081/0.142/0.202 ha,
sadar2,Sadar-2,01-08-2015,337,6102,लंगड़ी गुलरिया,हवेली,ग्रामीण,5500,upto 3 m,6000,6500,7200,3-5 m,,,,,110,280,240,182,102,265,225,165,96,253,218,160,90,200,170,127,72,0.081/0.142/0.202 ha,
sadar2,Sadar-2,01-08-2015,338,6103,लक्ष्मीपुर,हवेली,ग्रामीण,1400,upto 3 m,1600,1700,1800,3-5 m,,,,,90,145,115,90,65,135,105,80,52,125,98,75,48,100,80,60,38,0.081/0.142/0.202 ha,
sadar2,Sadar-2,01-08-2015,339,0058,शाहमारूफ,मुफ्तीपुर-68,नगरीय,30500,upto 3 m,34000,36000,39500,3-5 m,,,,,325,,,,,,,,,,,,,,,,,0.081/0.142/0.202 ha,agri: all rate cells printed as dash
sadar2,Sadar-2,01-08-2015,340,0031,शेषपुर,शेषपुर-70,नगरीय,22500,upto 3 m,22550,23575,26000,3-5 m,,,,,325,,,,,,,,,,,,,,,,,0.081/0.142/0.202 ha,road: unusual non-round rates 22550/23575 as printed; vcode 0031 also on serial 158 | agri: all rate cells printed as dash
sadar2,Sadar-2,01-08-2015,341,0071,सैनिक सहकारी आवास समिति,महा0झा0टु0नं0-2-08,नगरीय,10500,upto 3 m,11000,12000,13200,3-5 m,,,,,300,,,,,,,,,,,,,,,,,0.081/0.142/0.202 ha,agri: all rate cells printed as dash
sadar2,Sadar-2,01-08-2015,342,0087,सिद्धार्थ इन्क्लेव फेज-2 आवासीय योजन,गो0वि0प्रा0 की कालोनी,नगरीय,18000,upto 3 m,19000,20000,22000,3-5 m,,,,,300,,,,,,,,,,,,,,,,,0.081/0.142/0.202 ha,basic: name truncated at cell edge as printed (योजना) | road: name cut off at cell edge in print | agri: all rate cells printed as dash
sadar2,Sadar-2,01-08-2015,343,0088,सिद्धार्थपुरम आवासीय योजना,,नगरीय,18000,upto 3 m,19000,20000,22000,3-5 m,,,,,300,,,,,,,,,,,,,,,,,0.081/0.142/0.202 ha,basic: pargana/ward blank as printed | agri: all rate cells printed as dash
sadar2,Sadar-2,01-08-2015,344,0089,सिद्धार्थपुरम आवासीय विस्तार योजना,,नगरीय,18000,upto 3 m,19000,20000,22000,3-5 m,,,,,300,,,,,,,,,,,,,,,,,0.081/0.142/0.202 ha,basic: pargana/ward blank as printed | agri: all rate cells printed as dash
sadar2,Sadar-2,01-08-2015,345,0086,सिद्धार्थपुरम इन्क्लेव विस्तार,,नगरीय,18000,upto 3 m,19000,20000,22000,3-5 m,,,,,300,,,,,,,,,,,,,,,,,0.081/0.142/0.202 ha,basic: pargana/ward blank as printed | agri: all rate cells printed as dash
sadar2,Sadar-2,01-08-2015,346,6203,सिकटौर तप्पा-हवेली,हवेली,अर्द्धनगरीय,8500,upto 3 m,9000,9500,10500,3-5 m,,,,,240,0,510,430,222,0,475,400,204,0,460,383,198,0,365,306,156,0.081/0.142/0.202 ha,
sadar2,Sadar-2,01-08-2015,347,6202,सिकटौर तप्पा-मराछी चन्दौर,हवेली,अर्द्धनगरीय,8500,upto 3 m,9000,9500,10500,3-5 m,,,,,240,0,510,430,222,0,475,400,204,0,460,383,198,0,365,306,156,0.081/0.142/0.202 ha,
sadar2,Sadar-2,01-08-2015,348,6204,सेमरा देवी प्रसाद,हवेली,अर्द्धनगरीय,8000,upto 3 m,9000,9500,10500,3-5 m,,,,,240,0,510,430,222,0,475,400,204,0,460,383,198,0,365,306,156,0.081/0.142/0.202 ha,
sadar2,Sadar-2,01-08-2015,349,6227,सेमरा देवी प्रसाद उर्फ कठउर,हवेली,अर्द्धनगरीय,8000,upto 3 m,9000,9500,10500,3-5 m,,,,,240,0,510,430,222,0,475,400,204,0,460,383,198,0,365,306,156,0.081/0.142/0.202 ha,
sadar2,Sadar-2,01-08-2015,350,6215,सेमरा अयोध्या प्रसाद,हवेली,ग्रामीण,6000,upto 3 m,6500,7000,7700,3-5 m,,,,,110,280,240,182,102,265,225,165,96,253,218,160,90,200,170,127,72,0.081/0.142/0.202 ha,
sadar2,Sadar-2,01-08-2015,351,6209,सिहोरिया,हवेली,ग्रामीण,1400,upto 3 m,1600,1700,1800,3-5 m,,,,,90,145,115,90,65,135,105,80,52,125,98,75,48,100,80,60,38,0.081/0.142/0.202 ha,
sadar2,Sadar-2,01-08-2015,352,6208,सिरसिया गदाई उर्फ बरगदही,हवेली,ग्रामीण,5500,upto 3 m,6000,6500,7200,3-5 m,,,,,110,280,240,182,102,265,225,165,96,253,218,160,90,200,170,127,72,0.081/0.142/0.202 ha,
sadar2,Sadar-2,01-08-2015,353,6210,सराय गुलरिया,हवेली,ग्रामीण,7000,upto 3 m,7500,8000,8800,3-5 m,,,,,110,280,240,182,102,265,225,165,96,253,218,160,90,200,170,127,72,0.081/0.142/0.202 ha,
sadar2,Sadar-2,01-08-2015,354,6211,सलेमपुर,हवेली,ग्रामीण,1400,upto 3 m,1600,1700,1800,3-5 m,,,,,90,145,115,90,65,135,105,80,52,125,98,75,48,100,80,60,38,0.081/0.142/0.202 ha,
sadar2,Sadar-2,01-08-2015,355,6212,सुग्गाटारी उर्फ मुस्तकिल,हवेली,ग्रामीण,1400,upto 3 m,1600,1700,1800,3-5 m,,,,,90,145,115,90,65,135,105,80,52,125,98,75,48,100,80,60,38,0.081/0.142/0.202 ha,
sadar2,Sadar-2,01-08-2015,356,6217,सालेपुर औरंगाबाद,हवेली,ग्रामीण,1400,upto 3 m,1600,1700,1800,3-5 m,,,,,90,145,115,90,65,135,105,80,52,125,98,75,48,100,80,60,38,0.081/0.142/0.202 ha,
sadar2,Sadar-2,01-08-2015,357,6218,सिहोरवा,हवेली,ग्रामीण,5000,upto 3 m,5300,5500,6000,3-5 m,,,,,110,195,165,118,75,182,153,112,66,177,147,106,60,138,115,84,46,0.081/0.142/0.202 ha,
sadar2,Sadar-2,01-08-2015,358,6228,सोनराइच,हवेली,ग्रामीण,1400,upto 3 m,1600,1700,1800,3-5 m,,,,,90,145,115,90,65,135,105,80,52,125,98,75,48,100,80,60,38,0.081/0.142/0.202 ha,
sadar2,Sadar-2,01-08-2015,359,6226,सुगन्धगढ़,हवेली,ग्रामीण,1400,upto 3 m,1600,1700,1800,3-5 m,,,,,90,145,115,90,65,135,105,80,52,125,98,75,48,100,80,60,38,0.081/0.142/0.202 ha,
sadar2,Sadar-2,01-08-2015,360,6230,सोनबरसा त0म0च0,हवेली,ग्रामीण,5000,upto 3 m,5300,5500,6000,3-5 m,,,,,110,145,115,90,65,135,105,80,52,125,98,75,48,100,80,60,38,0.081/0.142/0.202 ha,
sadar2,Sadar-2,01-08-2015,361,6213,सेमरा,हवेली,ग्रामीण,1400,upto 3 m,1600,1700,1800,3-5 m,,,,,90,145,115,90,65,135,105,80,52,125,98,75,48,100,80,60,38,0.081/0.142/0.202 ha,
sadar2,Sadar-2,01-08-2015,362,6223,सुरसर देउरी,हवेली,ग्रामीण,1400,upto 3 m,1600,1700,1800,3-5 m,,,,,90,145,115,90,65,135,105,80,52,125,98,75,48,100,80,60,38,0.081/0.142/0.202 ha,
sadar2,Sadar-2,01-08-2015,363,6219,सिहोरवा,हवेली,ग्रामीण,1400,upto 3 m,1600,1700,1800,3-5 m,,,,,90,145,115,90,65,135,105,80,52,125,98,75,48,100,80,60,38,0.081/0.142/0.202 ha,
sadar2,Sadar-2,01-08-2015,364,6222,संझाई,हवेली,ग्रामीण,1400,upto 3 m,1600,1700,1800,3-5 m,,,,,90,145,115,90,65,135,105,80,52,125,98,75,48,100,80,60,38,0.081/0.142/0.202 ha,
sadar2,Sadar-2,01-08-2015,365,6229,सेमरडाडी,हवेली,ग्रामीण,1400,upto 3 m,1600,1700,1800,3-5 m,,,,,90,145,115,90,65,135,105,80,52,125,98,75,48,100,80,60,38,0.081/0.142/0.202 ha,
sadar2,Sadar-2,01-08-2015,366,6216,सांखी उर्फ मेहदिया,हवेली,ग्रामीण,1400,upto 3 m,1600,1700,1800,3-5 m,,,,,90,145,115,90,65,135,105,80,52,125,98,75,48,100,80,60,38,0.081/0.142/0.202 ha,
sadar2,Sadar-2,01-08-2015,367,6225,सिगहां,हवेली,ग्रामीण,1400,upto 3 m,1600,1700,1800,3-5 m,,,,,90,145,115,90,65,135,105,80,52,125,98,75,48,100,80,60,38,0.081/0.142/0.202 ha,
sadar2,Sadar-2,01-08-2015,368,6206,सोनबरसा,हवेली,ग्रामीण,1400,upto 3 m,1600,1700,1800,3-5 m,,,,,90,195,165,118,75,182,153,112,66,177,147,106,60,138,115,84,46,0.081/0.142/0.202 ha,
sadar2,Sadar-2,01-08-2015,369,6221,सियारामपुर,हवेली,ग्रामीण,1400,upto 3 m,1600,1700,1800,3-5 m,,,,,90,145,115,90,65,135,105,80,52,125,98,75,48,100,80,60,38,0.081/0.142/0.202 ha,
sadar2,Sadar-2,01-08-2015,370,6201,श्यामदेउरवा उर्फ लाल करौना,हवेली,ग्रामीण,1400,upto 3 m,1600,1700,1800,3-5 m,,,,,90,145,115,90,65,135,105,80,52,125,98,75,48,100,80,60,38,0.081/0.142/0.202 ha,
sadar2,Sadar-2,01-08-2015,371,6220,शेरपुर चमराह,हवेली,ग्रामीण,1400,upto 3 m,1600,1700,1800,3-5 m,,,,,90,145,115,90,65,135,105,80,52,125,98,75,48,100,80,60,38,0.081/0.142/0.202 ha,
sadar2,Sadar-2,01-08-2015,372,6207,शिवरिया,हवेली,ग्रामीण,1400,upto 3 m,1600,1700,1800,3-5 m,,,,,90,145,115,90,65,135,105,80,52,125,98,75,48,100,80,60,38,0.081/0.142/0.202 ha,
sadar2,Sadar-2,01-08-2015,373,6224,शिवहरिया,हवेली,ग्रामीण,1400,upto 3 m,1600,1700,1800,3-5 m,,,,,90,145,115,90,65,135,105,80,52,125,98,75,48,100,80,60,38,0.081/0.142/0.202 ha,
sadar2,Sadar-2,01-08-2015,374,6214,सेमरा मानिक चौक,हवेली,ग्रामीण,1400,upto 3 m,1600,1700,1800,3-5 m,,,,,90,145,115,90,65,135,105,80,52,125,98,75,48,100,80,60,38,0.081/0.142/0.202 ha,
sadar2,Sadar-2,01-08-2015,375,0074,सहारा स्टेट,,नगरीय,15000,upto 3 m,17000,18000,20000,3-5 m,,,,,300,,,,,,,,,,,,,,,,,0.081/0.142/0.202 ha,basic: pargana/ward blank as printed | agri: all rate cells printed as dash
sadar2,Sadar-2,01-08-2015,376,0038,हँसूपुर मुस्तकिल,हँसूपुर-45,नगरीय,12000,upto 3 m,14000,16000,17600,3-5 m,,,,,300,0,660,560,235,0,615,520,218,0,590,500,210,0,472,400,170,0.081/0.142/0.202 ha,basic: vcode 0038 also printed for serial 308 (रूस्तमपुर हाईवे के दक्षिण); as printed | road: vcode 0038 also on serials 308/377 | agri: vcode 0038 shared with 308/377
sadar2,Sadar-2,01-08-2015,377,039,हँसूपुर एहतमाली,हँसूपुर-45,नगरीय,12000,upto 3 m,,,,3-5 m,,,,,,,,,,,,,,,,,,,,,,0.081/0.142/0.202 ha,basic: vcode printed with 3 digits (039) | no row in road/agri table
sadar2,Sadar-2,01-08-2015,378,6307,हरसेवकपुर नं0-2,हवेली,अर्द्धनगरीय,8500,upto 3 m,9000,9500,10500,3-5 m,,,,,240,0,510,430,222,0,475,400,204,0,460,383,198,0,365,306,156,0.081/0.142/0.202 ha,
sadar2,Sadar-2,01-08-2015,379,6308,हरिहरपुर,हवेली,ग्रामीण,1400,upto 3 m,1600,1700,1800,3-5 m,,,,,90,145,115,90,65,135,105,80,52,125,98,75,48,100,80,60,38,0.081/0.142/0.202 ha,
sadar2,Sadar-2,01-08-2015,380,6304,हाफिजनगर,हवेली,ग्रामीण,1400,upto 3 m,1600,1700,1800,3-5 m,,,,,90,145,115,90,65,135,105,80,52,125,98,75,48,100,80,60,38,0.081/0.142/0.202 ha,
sadar2,Sadar-2,01-08-2015,381,6301,हेमछापर,हवेली,ग्रामीण,1400,upto 3 m,1600,1700,1800,3-5 m,,,,,90,145,115,90,65,135,105,80,52,125,98,75,48,100,80,60,38,0.081/0.142/0.202 ha,
sadar2,Sadar-2,01-08-2015,382,6303,हरपुर,हवेली,ग्रामीण,1400,upto 3 m,1600,1700,1800,3-5 m,,,,,90,145,115,90,65,135,105,80,52,125,98,75,48,100,80,60,38,0.081/0.142/0.202 ha,
sadar2,Sadar-2,01-08-2015,383,6305,हेमधापुर,हवेली,ग्रामीण,1400,upto 3 m,1600,1700,1800,3-5 m,,,,,90,145,115,90,65,135,105,80,52,125,98,75,48,100,80,60,38,0.081/0.142/0.202 ha,
sadar2,Sadar-2,01-08-2015,123,5482,जं0 डुमरी नं0-2,,ग्रामीण,,upto 3 m,6000,6500,7200,3-5 m,,,,,110,,,,,,,,,,,,,,,,,0.081/0.142/0.202 ha,only found in the road table (V-code or name printed differently elsewhere)
sadar2,Sadar-2,01-08-2015,260,0023,मियाँ बाजार / बैंक रोड से पश्चिम कोतवाली की तरफ,,नगरीय,,upto 3 m,28000,30000,33000,3-5 m,,,,,325,,,,,,,,,,,,,,,,,0.081/0.142/0.202 ha,road: sub-row of serial 260 (no own serial/vcode printed); last letter cut off in print | only found in the road table (V-code or name printed differently elsewhere)
sadar2,Sadar-2,01-08-2015,377,0038,हाँसूपुर एहतमाली,,नगरीय,,upto 3 m,14000,16000,17600,3-5 m,,,,,300,,,,,,,,,,,,,,,,,0.081/0.142/0.202 ha,road: vcode 0038 also on serials 308/376 | only found in the road table (V-code or name printed differently elsewhere)
sadar2,Sadar-2,01-08-2015,123,5482,जं0 डुमरी नं0-2,,श्रेणी अ,,upto 3 m,,,,3-5 m,,,,,,280,240,182,102,265,225,165,96,253,218,160,90,200,170,127,72,0.081/0.142/0.202 ha,only found in the agri table (V-code or name printed differently elsewhere)
sadar2,Sadar-2,01-08-2015,,,बैंक रोड से पूरब गोलघर की तर,,नगरीय,,upto 3 m,,,,3-5 m,,,,,,,,,,,,,,,,,,,,,,0.081/0.142/0.202 ha,agri: sub-row of serial 260 (no serial/vcode printed); name truncated in print | only found in the agri table (V-code or name printed differently elsewhere)
sadar2,Sadar-2,01-08-2015,,,बैंक रोड से पश्चिम कोतवाली की,,नगरीय,,upto 3 m,,,,3-5 m,,,,,,,,,,,,,,,,,,,,,,0.081/0.142/0.202 ha,agri: sub-row of serial 260 (no serial/vcode printed); name truncated in print | only found in the agri table (V-code or name printed differently elsewhere)
sadar2,Sadar-2,01-08-2015,377,0038,हॅंसूपुर एहतमाली नदी के तरफ,,नगरीय,,upto 3 m,,,,3-5 m,,,,,,0,660,560,235,0,615,520,218,0,590,500,210,0,472,400,170,0.081/0.142/0.202 ha,agri: vcode 0038 shared with 308/376 | only found in the agri table (V-code or name printed differently elsewhere)
sahjanwa,Sahjanwa,03-08-2016,1,1001,अकुआपार,हसनपुर मगहर,ग्रामीण क्षेत्र,2200,upto 2 m,2500,2600,3400,2-5 m,13200,33000,31900,base,,0,0,0,0,270,137,123,68,260,96,86,47,220,77,69,31,0.040/0.100/0.200 ha,
sahjanwa,Sahjanwa,03-08-2016,2,1002,अमौली,हसनपुर मगहर,ग्रामीण क्षेत्र,1500,upto 2 m,2400,2500,3000,2-5 m,13200,33000,31900,base,,0,0,0,0,260,110,82,55,250,77,57,38,150,55,46,31,0.040/0.100/0.200 ha,"agri: link_d 78 > link_c 57 as printed (systematic) | agri link_d printed 78, corrected to 38 per AIG Registration order 09.01.2017 printed in the list"
sahjanwa,Sahjanwa,03-08-2016,3,1002,अमसार,हसनपुर मगहर,ग्रामीण क्षेत्र,1500,upto 2 m,2400,2500,3000,2-5 m,13200,33000,31900,base,,0,0,0,0,260,110,82,55,250,77,57,38,150,55,46,31,0.040/0.100/0.200 ha,"basic: vcode printed 1002 (duplicate of serial 2; index p12 gives 1003) | agri: link_d 78 > link_c 57 as printed (systematic) | agri link_d printed 78, corrected to 38 per AIG Registration order 09.01.2017 printed in the list"
sahjanwa,Sahjanwa,03-08-2016,4,1004,अडिलापार,हसनपुर मगहर,ग्रामीण क्षेत्र,1500,upto 2 m,2400,2500,3000,2-5 m,13200,33000,31900,base,,0,0,0,0,260,110,82,55,250,77,57,38,150,55,46,31,0.040/0.100/0.200 ha,"agri: link_d 78 > link_c 57 as printed (systematic) | agri link_d printed 78, corrected to 38 per AIG Registration order 09.01.2017 printed in the list"
sahjanwa,Sahjanwa,03-08-2016,5,1005,अचियापार,हसनपुर मगहर,ग्रामीण क्षेत्र,1500,upto 2 m,2400,2500,3000,2-5 m,13200,33000,31900,base,,0,0,0,0,260,110,82,55,260,77,57,38,150,55,46,31,0.040/0.100/0.200 ha,"agri: link_d 78 > link_c 57 as printed (systematic); link_a 260 (neighbours 250) as printed | agri link_d printed 78, corrected to 38 per AIG Registration order 09.01.2017 printed in the list"
sahjanwa,Sahjanwa,03-08-2016,6,1006,ओड़वलिया,हसनपुर मगहर,ग्रामीण क्षेत्र,2400,upto 2 m,2700,2800,3400,2-5 m,13200,33000,31900,base,,0,0,0,0,270,137,123,68,260,96,86,47,240,77,69,38,0.040/0.100/0.200 ha,
sahjanwa,Sahjanwa,03-08-2016,7,1007,ओदार,हसनपुर मगहर,ग्रामीण क्षेत्र,1500,upto 2 m,2400,2500,3000,2-5 m,13200,33000,31900,base,,0,0,0,0,260,110,82,55,250,77,57,38,150,55,46,31,0.040/0.100/0.200 ha,"agri: link_d 78 > link_c 57 as printed (systematic) | agri link_d printed 78, corrected to 38 per AIG Registration order 09.01.2017 printed in the list"
sahjanwa,Sahjanwa,03-08-2016,8,1008,अन्नतपुर,हसनपुर मगहर,ग्रामीण क्षेत्र,2400,upto 2 m,3300,3400,4200,2-5 m,13200,33000,31900,base,,0,0,0,0,350,137,123,68,340,96,86,47,240,77,69,38,0.040/0.100/0.200 ha,
sahjanwa,Sahjanwa,03-08-2016,9,1009,अमटौरा,भौवापार,ग्रामीण क्षेत्र,2200,upto 2 m,2800,3000,3400,2-5 m,13200,33000,31900,base,,0,0,0,0,320,137,123,68,310,96,86,47,220,77,69,38,0.040/0.100/0.200 ha,
sahjanwa,Sahjanwa,03-08-2016,10,1010,अलगटपुर,हसनपुर मगहर,ग्रामीण क्षेत्र,1500,upto 2 m,2400,2500,3000,2-5 m,13200,33000,31900,base,,0,0,0,0,260,110,82,55,250,77,57,38,150,55,46,31,0.040/0.100/0.200 ha,"agri: link_d 78 > link_c 57 as printed (systematic) | agri link_d printed 78, corrected to 38 per AIG Registration order 09.01.2017 printed in the list"
sahjanwa,Sahjanwa,03-08-2016,11,1011,इमिलडीहा,हसनपुर मगहर,ग्रामीण क्षेत्र,1500,upto 2 m,2400,2500,3000,2-5 m,13200,33000,31900,base,,0,0,0,0,260,110,82,55,250,77,57,38,150,55,46,31,0.040/0.100/0.200 ha,"agri: link_d 78 > link_c 57 as printed (systematic) | agri link_d printed 78, corrected to 38 per AIG Registration order 09.01.2017 printed in the list"
sahjanwa,Sahjanwa,03-08-2016,12,1012,इटार,हसनपुर मगहर,ग्रामीण क्षेत्र,1500,upto 2 m,2400,2500,3000,2-5 m,13200,33000,31900,base,,0,0,0,0,260,110,82,55,250,77,57,38,150,55,46,31,0.040/0.100/0.200 ha,"agri: link_d 78 > link_c 57 as printed (systematic) | agri link_d printed 78, corrected to 38 per AIG Registration order 09.01.2017 printed in the list"
sahjanwa,Sahjanwa,03-08-2016,13,1013,इटौवा,हसनपुर मगहर,ग्रामीण क्षेत्र,1500,upto 2 m,2400,2500,3000,2-5 m,13200,33000,31900,base,,0,0,0,0,260,110,82,55,250,77,57,38,150,55,46,31,0.040/0.100/0.200 ha,"agri: link_d 78 > link_c 57 as printed (systematic) | agri link_d printed 78, corrected to 38 per AIG Registration order 09.01.2017 printed in the list"
sahjanwa,Sahjanwa,03-08-2016,14,1014,इटवा,हसनपुर मगहर,ग्रामीण क्षेत्र,1500,upto 2 m,2400,2500,3000,2-5 m,13200,33000,31900,base,,0,0,0,0,260,110,82,55,250,77,57,38,150,55,46,31,0.040/0.100/0.200 ha,"agri: link_d 78 > link_c 57 as printed (systematic) | agri link_d printed 78, corrected to 38 per AIG Registration order 09.01.2017 printed in the list"
sahjanwa,Sahjanwa,03-08-2016,15,1015,उसका,हसनपुर मगहर,ग्रामीण क्षेत्र,1500,upto 2 m,2400,2500,3000,2-5 m,13200,33000,31900,base,,0,0,0,0,260,110,82,55,250,77,57,38,150,55,46,31,0.040/0.100/0.200 ha,"agri: link_d 78 > link_c 57 as printed (systematic) | agri link_d printed 78, corrected to 38 per AIG Registration order 09.01.2017 printed in the list"
sahjanwa,Sahjanwa,03-08-2016,16,1016,उसरी,हसनपुर मगहर,ग्रामीण क्षेत्र,2200,upto 2 m,2400,2500,3400,2-5 m,13200,33000,31900,base,,0,0,0,0,260,137,123,68,250,96,86,47,220,77,69,38,0.040/0.100/0.200 ha,
sahjanwa,Sahjanwa,03-08-2016,17,1017,उज्जीखोर,हसनपुर मगहर,ग्रामीण क्षेत्र,1500,upto 2 m,2400,2500,3000,2-5 m,13200,33000,31900,base,,0,0,0,0,260,110,82,55,250,77,57,38,150,55,46,31,0.040/0.100/0.200 ha,"agri: link_d 78 > link_c 57 as printed (systematic) | agri link_d printed 78, corrected to 38 per AIG Registration order 09.01.2017 printed in the list"
sahjanwa,Sahjanwa,03-08-2016,18,1018,एकडंगा,भौवापार,ग्रामीण क्षेत्र,4100,upto 2 m,7400,7500,9200,2-5 m,19800,19800,18700,base,,960,474,300,123,760,316,242,82,750,221,154,57,410,177,110,46,0.040/0.100/0.200 ha,agri: nh_c 300 (vs 426 elsewhere) as printed
sahjanwa,Sahjanwa,03-08-2016,19,1019,ककुआपार,हसनपुर मगहर,ग्रामीण क्षेत्र,1500,upto 2 m,2400,2500,3000,2-5 m,13200,33000,31900,base,,0,0,0,0,260,110,82,55,250,77,57,38,150,55,46,31,0.040/0.100/0.200 ha,"agri: link_d 78 > link_c 57 as printed (systematic) | agri link_d printed 78, corrected to 38 per AIG Registration order 09.01.2017 printed in the list"
sahjanwa,Sahjanwa,03-08-2016,20,1020,ककना,भौवापार,ग्रामीण क्षेत्र,3400,upto 2 m,3300,3400,4200,2-5 m,13200,33000,31900,base,,0,0,0,0,350,206,165,82,340,144,115,57,340,115,92,46,0.040/0.100/0.200 ha,
sahjanwa,Sahjanwa,03-08-2016,21,1021,कविसा,हसनपुर मगहर,ग्रामीण क्षेत्र,1500,upto 2 m,2400,2500,3000,2-5 m,13200,33000,31900,base,,0,0,0,0,260,110,82,55,250,77,57,38,150,55,46,31,0.040/0.100/0.200 ha,"agri: link_d 78 > link_c 57 as printed (systematic) | agri link_d printed 78, corrected to 38 per AIG Registration order 09.01.2017 printed in the list"
sahjanwa,Sahjanwa,03-08-2016,22,1022,करमुआ,हसनपुर मगहर,ग्रामीण क्षेत्र,1500,upto 2 m,2400,2500,3000,2-5 m,13200,33000,31900,base,,0,0,0,0,260,110,82,55,250,77,57,38,150,55,46,31,0.040/0.100/0.200 ha,"agri: link_d 78 > link_c 57 as printed (systematic) | agri link_d printed 78, corrected to 38 per AIG Registration order 09.01.2017 printed in the list"
sahjanwa,Sahjanwa,03-08-2016,23,1023,कररिया,हसनपुर मगहर,ग्रामीण क्षेत्र,1500,upto 2 m,2400,2500,3000,2-5 m,13200,33000,31900,base,,0,0,0,0,260,110,82,55,250,77,57,38,150,55,46,31,0.040/0.100/0.200 ha,"agri: link_d 78 > link_c 57 as printed (systematic) | agri link_d printed 78, corrected to 38 per AIG Registration order 09.01.2017 printed in the list"
sahjanwa,Sahjanwa,03-08-2016,24,1024,कोठा,हसनपुर मगहर,ग्रामीण क्षेत्र,1500,upto 2 m,2400,2500,3000,2-5 m,13200,33000,31900,base,,0,0,0,0,260,110,82,55,250,77,57,38,150,55,46,31,0.040/0.100/0.200 ha,"agri: link_d 78 > link_c 57 as printed (systematic) | agri link_d printed 78, corrected to 38 per AIG Registration order 09.01.2017 printed in the list"
sahjanwa,Sahjanwa,03-08-2016,25,1025,कोठामाफी,हसनपुर मगहर,ग्रामीण क्षेत्र,1500,upto 2 m,2400,2500,3000,2-5 m,13200,33000,31900,base,,0,0,0,0,260,110,82,55,250,77,57,38,150,55,46,31,0.040/0.100/0.200 ha,"agri: link_d 78 > link_c 57 as printed (systematic) | agri link_d printed 78, corrected to 38 per AIG Registration order 09.01.2017 printed in the list"
sahjanwa,Sahjanwa,03-08-2016,26,1026,कोमा,हसनपुर मगहर,ग्रामीण क्षेत्र,1500,upto 2 m,2400,2500,3000,2-5 m,13200,33000,31900,base,,0,0,0,0,260,110,82,55,250,77,57,38,150,55,46,31,0.040/0.100/0.200 ha,"agri: link_d 78 > link_c 57 as printed (systematic) | agri link_d printed 78, corrected to 38 per AIG Registration order 09.01.2017 printed in the list"
sahjanwa,Sahjanwa,03-08-2016,27,1027,कोटिया,हसनपुर मगहर,ग्रामीण क्षेत्र,1500,upto 2 m,2400,2500,3000,2-5 m,13200,33000,31900,base,,0,0,0,0,260,110,82,55,250,77,57,38,150,55,46,31,0.040/0.100/0.200 ha,"agri: link_d 78 > link_c 57 as printed (systematic) | agri link_d printed 78, corrected to 38 per AIG Registration order 09.01.2017 printed in the list"
sahjanwa,Sahjanwa,03-08-2016,28,1028,केशवाखोर,हसनपुर मगहर,ग्रामीण क्षेत्र,2200,upto 2 m,2500,2600,3400,2-5 m,13200,33000,31900,base,,0,0,0,0,270,137,123,68,260,96,86,47,220,77,69,38,0.040/0.100/0.200 ha,
sahjanwa,Sahjanwa,03-08-2016,29,1029,कोलियां,भौवापार,ग्रामीण क्षेत्र,4100,upto 2 m,7400,7500,9200,2-5 m,19800,19800,18700,base,,960,474,426,123,780,316,247,82,770,221,172,57,410,177,138,46,0.040/0.100/0.200 ha,
sahjanwa,Sahjanwa,03-08-2016,30,1030,कोहारभार,हसनपुर मगहर,ग्रामीण क्षेत्र,1500,upto 2 m,2400,2500,3000,2-5 m,13200,33000,31900,base,,0,0,0,0,260,110,82,55,250,77,57,38,150,55,46,31,0.040/0.100/0.200 ha,"agri: link_d 78 > link_c 57 as printed (systematic) | agri link_d printed 78, corrected to 38 per AIG Registration order 09.01.2017 printed in the list"
sahjanwa,Sahjanwa,03-08-2016,31,1031,कोड़री,हसनपुर मगहर,ग्रामीण क्षेत्र,2200,upto 2 m,2500,2600,3400,2-5 m,13200,33000,31900,base,,0,0,0,0,260,220,125,82,250,154,96,57,220,123,77,46,0.040/0.100/0.200 ha,
sahjanwa,Sahjanwa,03-08-2016,32,1032,कोड़रा,हसनपुर मगहर,ग्रामीण क्षेत्र,1500,upto 2 m,2400,2500,3000,2-5 m,13200,33000,31900,base,,0,0,0,0,260,110,82,55,250,77,57,38,150,55,46,31,0.040/0.100/0.200 ha,"agri: link_d 78 > link_c 57 as printed (systematic) | agri link_d printed 78, corrected to 38 per AIG Registration order 09.01.2017 printed in the list"
sahjanwa,Sahjanwa,03-08-2016,33,1033,कोडरी खुर्द,हसनपुर मगहर,ग्रामीण क्षेत्र,1500,upto 2 m,2400,2500,3000,2-5 m,13200,33000,31900,base,,0,0,0,0,260,110,82,55,250,77,57,38,150,55,46,31,0.040/0.100/0.200 ha,"agri: link_d 78 > link_c 57 as printed (systematic) | agri link_d printed 78, corrected to 38 per AIG Registration order 09.01.2017 printed in the list"
sahjanwa,Sahjanwa,03-08-2016,34,1034,कोडरीकला,हसनपुर मगहर,ग्रामीण क्षेत्र,1500,upto 2 m,2400,2500,3000,2-5 m,13200,33000,31900,base,,0,0,0,0,260,110,82,55,250,77,57,38,150,55,46,31,0.040/0.100/0.200 ha,"agri: link_d 78 > link_c 57 as printed (systematic) | agri link_d printed 78, corrected to 38 per AIG Registration order 09.01.2017 printed in the list"
sahjanwa,Sahjanwa,03-08-2016,35,1035,कोदरी,हसनपुर मगहर,ग्रामीण क्षेत्र,2200,upto 2 m,2800,3000,3400,2-5 m,13200,33000,31900,base,,0,0,0,0,320,137,123,68,310,96,86,47,220,77,69,31,0.040/0.100/0.200 ha,agri: other_d 31 with other_c 69 as printed
sahjanwa,Sahjanwa,03-08-2016,36,1036,कोनी,हसनपुर मगहर,ग्रामीण क्षेत्र,2200,upto 2 m,2800,3000,3100,2-5 m,13200,33000,31900,base,,0,0,0,0,300,137,123,68,280,96,86,47,220,77,69,38,0.040/0.100/0.200 ha,
sahjanwa,Sahjanwa,03-08-2016,37,1037,कोल्हुई रेट,भौवापार,ग्रामीण क्षेत्र,1500,upto 2 m,2400,2500,3000,2-5 m,13200,33000,31900,base,,0,0,0,0,260,110,82,55,250,77,57,38,150,55,46,31,0.040/0.100/0.200 ha,"agri: link_d 78 > link_c 57 as printed (systematic) | agri link_d printed 78, corrected to 38 per AIG Registration order 09.01.2017 printed in the list"
sahjanwa,Sahjanwa,03-08-2016,38,1038,कोल्हुई,हसनपुर मगहर,ग्रामीण क्षेत्र,1500,upto 2 m,2400,2500,3000,2-5 m,13200,33000,31900,base,,0,0,0,0,260,110,82,55,250,77,57,38,150,55,46,31,0.040/0.100/0.200 ha,"agri: link_d 78 > link_c 57 as printed (systematic) | agri link_d printed 78, corrected to 38 per AIG Registration order 09.01.2017 printed in the list"
sahjanwa,Sahjanwa,03-08-2016,39,1039,कॉट,हसनपुर मगहर,ग्रामीण क्षेत्र,1500,upto 2 m,2400,2500,3000,2-5 m,13200,33000,31900,base,,0,0,0,0,260,110,82,55,250,77,57,38,150,55,46,31,0.040/0.100/0.200 ha,"agri: link_d 78 > link_c 57 as printed (systematic) | agri link_d printed 78, corrected to 38 per AIG Registration order 09.01.2017 printed in the list"
sahjanwa,Sahjanwa,03-08-2016,40,1040,कालेसर मु0,हसनपुर मगहर,ग्रामीण क्षेत्र,4100,upto 2 m,7400,7500,9200,2-5 m,27500,28000,25300,base,,960,474,426,123,780,316,247,82,770,221,172,57,410,177,138,46,0.040/0.100/0.200 ha,road: serial 19 hand-overwritten on scan; V-code 1040 out of sequence as printed
sahjanwa,Sahjanwa,03-08-2016,41,1041,कसरौल,हसनपुर मगहर,ग्रामीण क्षेत्र,2400,upto 2 m,2800,3000,9200,2-5 m,13200,33000,31900,base,,960,474,426,123,320,316,247,82,310,221,172,57,240,177,138,46,0.040/0.100/0.200 ha,"road: r9to12=9200 clearly printed but out of pattern (siblings 2800/3000 -> 3400/3100); verify | agri: dist_a 320 / link_a 310 / other_a 240 lower than usual for this nh/dist_b set, as printed"
sahjanwa,Sahjanwa,03-08-2016,42,1042,कुसमौल,हसनपुर मगहर,ग्रामीण क्षेत्र,3400,upto 2 m,,,,2-5 m,,,,,,,,,,,,,,,,,,,,,,0.040/0.100/0.200 ha,no row in road/comm/agri table
sahjanwa,Sahjanwa,03-08-2016,43,1043,कुरसा,हसनपुर मगहर,ग्रामीण क्षेत्र,1500,upto 2 m,,,,2-5 m,,,,,,,,,,,,,,,,,,,,,,0.040/0.100/0.200 ha,no row in road/comm/agri table
sahjanwa,Sahjanwa,03-08-2016,44,1044,कुसम्ही,हसनपुर मगहर,ग्रामीण क्षेत्र,2200,upto 2 m,2800,3000,3100,2-5 m,13200,33000,31900,base,,0,0,0,0,320,110,82,55,310,77,57,38,220,55,46,31,0.040/0.100/0.200 ha,"agri: link_d 78 > link_c 57 as printed (systematic) | agri link_d printed 78, corrected to 38 per AIG Registration order 09.01.2017 printed in the list"
sahjanwa,Sahjanwa,03-08-2016,45,1045,कुसम्हा खुर्द,हसनपुर मगहर,ग्रामीण क्षेत्र,1500,upto 2 m,2400,2500,3000,2-5 m,13200,33000,31900,base,,0,0,0,0,260,110,82,55,250,77,57,38,150,55,46,31,0.040/0.100/0.200 ha,"agri: link_d 78 > link_c 57 as printed (systematic) | agri link_d printed 78, corrected to 38 per AIG Registration order 09.01.2017 printed in the list"
sahjanwa,Sahjanwa,03-08-2016,46,1046,कुसम्हाकला,हसनपुर मगहर,ग्रामीण क्षेत्र,1500,upto 2 m,2400,2500,3000,2-5 m,13200,33000,31900,base,,0,0,0,0,260,110,82,55,250,77,57,38,340,55,46,31,0.040/0.100/0.200 ha,"agri: link_d 78 > link_c 57 as printed (systematic); other_a 340 > link_a 250 as printed | agri link_d printed 78, corrected to 38 per AIG Registration order 09.01.2017 printed in the list"
sahjanwa,Sahjanwa,03-08-2016,47,1047,कुरमौल,हसनपुर मगहर,ग्रामीण क्षेत्र,4100,upto 2 m,2400,2500,3000,2-5 m,13200,33000,31900,base,,0,0,0,0,260,110,82,55,250,77,57,38,150,55,46,31,0.040/0.100/0.200 ha,"agri: link_d 78 > link_c 57 as printed (systematic) | agri link_d printed 78, corrected to 38 per AIG Registration order 09.01.2017 printed in the list"
sahjanwa,Sahjanwa,03-08-2016,48,1048,कुचडेहरी,हसनपुर मगहर,ग्रामीण क्षेत्र,1500,upto 2 m,2400,2500,3000,2-5 m,13200,33000,31900,base,,0,0,0,0,260,110,82,55,250,77,57,38,150,55,46,31,0.040/0.100/0.200 ha,"agri: link_d 78 > link_c 57 as printed (systematic) | agri link_d printed 78, corrected to 38 per AIG Registration order 09.01.2017 printed in the list"
sahjanwa,Sahjanwa,03-08-2016,49,1049,कुआवल कला,हसनपुर मगहर,ग्रामीण क्षेत्र,2200,upto 2 m,2500,2600,3400,2-5 m,13200,33000,31900,base,,0,0,0,0,270,137,123,68,260,96,86,47,220,77,69,38,0.040/0.100/0.200 ha,
sahjanwa,Sahjanwa,03-08-2016,50,1050,कुआवलखुर्द,हसनपुर मगहर,ग्रामीण क्षेत्र,2200,upto 2 m,2500,2600,3400,2-5 m,13200,33000,31900,base,,0,0,0,0,270,137,123,68,260,96,86,47,220,77,69,38,0.040/0.100/0.200 ha,
sahjanwa,Sahjanwa,03-08-2016,51,1051,केशोकुरहा,हसनपुर मगहर,ग्रामीण क्षेत्र,1700,upto 2 m,2400,2500,3000,2-5 m,13200,33000,31900,base,,0,0,0,0,260,110,82,55,250,77,57,38,150,55,46,31,0.040/0.100/0.200 ha,"agri: link_d 78 > link_c 57 as printed (systematic) | agri link_d printed 78, corrected to 38 per AIG Registration order 09.01.2017 printed in the list"
sahjanwa,Sahjanwa,03-08-2016,52,0025,केशोपुर,वार्ड न0-7,अर्धनगरीय,5400,upto 2 m,8100,8200,12100,2-5 m,27500,28000,25300,base,,0,0,0,0,850,343,282,82,840,240,211,57,540,192,138,46,0.040/0.100/0.200 ha,
sahjanwa,Sahjanwa,03-08-2016,53,0026,केशोपुर,वार्ड न0-8,अर्धनगरीय,5400,upto 2 m,8100,8200,12100,2-5 m,27500,28000,25300,base,,0,0,0,0,850,343,282,82,840,240,211,57,540,192,138,46,0.040/0.100/0.200 ha,
sahjanwa,Sahjanwa,03-08-2016,54,0027,केशोपुर,वार्ड न0-9,अर्धनगरीय,5400,upto 2 m,8100,8200,12100,2-5 m,27500,28000,25300,base,,0,0,0,0,850,343,282,82,840,240,211,57,540,192,138,46,0.040/0.100/0.200 ha,
sahjanwa,Sahjanwa,03-08-2016,55,0028,केशोपुर,वार्ड न0-5,अर्धनगरीय,5400,upto 2 m,8100,8200,12100,2-5 m,27500,28000,25300,base,,0,0,0,0,850,343,282,82,840,240,211,57,540,192,138,46,0.040/0.100/0.200 ha,
sahjanwa,Sahjanwa,03-08-2016,56,1052,केवटहल,हसनपुर मगहर,ग्रामीण क्षेत्र,1500,upto 2 m,2400,2500,3000,2-5 m,13200,33000,31900,base,,0,0,0,0,260,110,82,55,250,77,57,38,150,55,46,31,0.040/0.100/0.200 ha,"agri: link_d 78 > link_c 57 as printed (systematic) | agri link_d printed 78, corrected to 38 per AIG Registration order 09.01.2017 printed in the list"
sahjanwa,Sahjanwa,03-08-2016,57,1053,कैली,हसनपुर मगहर,ग्रामीण क्षेत्र,1500,upto 2 m,2400,2500,3000,2-5 m,13200,33000,31900,base,,0,0,0,0,260,110,82,55,250,77,57,38,150,55,46,31,0.040/0.100/0.200 ha,"agri: link_d 78 > link_c 57 as printed (systematic) | agri link_d printed 78, corrected to 38 per AIG Registration order 09.01.2017 printed in the list"
sahjanwa,Sahjanwa,03-08-2016,58,1054,कन्दराई,भौवापार,ग्रामीण क्षेत्र,2200,upto 2 m,2800,3000,3400,2-5 m,13200,33000,31900,base,,0,0,0,0,320,137,123,68,310,96,86,47,220,77,69,38,0.040/0.100/0.200 ha,
sahjanwa,Sahjanwa,03-08-2016,59,1055,कटया,हसनपुर मगहर,ग्रामीण क्षेत्र,1500,upto 2 m,2400,2500,3000,2-5 m,13200,33000,31900,base,,0,0,0,0,260,110,82,55,250,77,57,38,150,55,46,31,0.040/0.100/0.200 ha,"agri: link_d 78 > link_c 57 as printed (systematic) | agri link_d printed 78, corrected to 38 per AIG Registration order 09.01.2017 printed in the list"
sahjanwa,Sahjanwa,03-08-2016,60,1056,कटका,हसनपुर मगहर,ग्रामीण क्षेत्र,1500,upto 2 m,2400,2500,3000,2-5 m,13200,33000,31900,base,,0,0,0,0,260,110,82,55,250,77,57,38,150,55,46,31,0.040/0.100/0.200 ha,"agri: link_d 78 > link_c 57 as printed (systematic) | agri link_d printed 78, corrected to 38 per AIG Registration order 09.01.2017 printed in the list"
sahjanwa,Sahjanwa,03-08-2016,61,1057,कटाईटिकर,हसनपुर मगहर,ग्रामीण क्षेत्र,2200,upto 2 m,2500,2600,3400,2-5 m,13200,33000,31900,base,,0,0,0,0,270,137,123,68,260,96,86,47,220,77,69,38,0.040/0.100/0.200 ha,
sahjanwa,Sahjanwa,03-08-2016,62,1058,कटसहरा,हसनपुर मगहर,ग्रामीण क्षेत्र,2400,upto 2 m,3300,3400,4200,2-5 m,13200,33000,31900,base,,0,0,0,0,350,137,123,68,340,96,86,47,240,77,69,38,0.040/0.100/0.200 ha,
sahjanwa,Sahjanwa,03-08-2016,63,1059,कूवावार,हसनपुर मगहर,ग्रामीण क्षेत्र,1500,upto 2 m,2400,2500,3000,2-5 m,13200,33000,31900,base,,0,0,0,0,260,110,82,55,250,77,57,38,150,55,46,31,0.040/0.100/0.200 ha,"agri: link_d 78 > link_c 57 as printed (systematic) | agri link_d printed 78, corrected to 38 per AIG Registration order 09.01.2017 printed in the list"
sahjanwa,Sahjanwa,03-08-2016,64,1060,खीरीडॉड,हसनपुर मगहर,ग्रामीण क्षेत्र,1500,upto 2 m,2400,2500,3000,2-5 m,13200,33000,31900,base,,0,0,0,0,260,110,82,55,250,77,57,38,150,55,46,31,0.040/0.100/0.200 ha,"agri: link_d 78 > link_c 57 as printed (systematic) | agri link_d printed 78, corrected to 38 per AIG Registration order 09.01.2017 printed in the list"
sahjanwa,Sahjanwa,03-08-2016,65,1061,खरैला,भौवापार,ग्रामीण क्षेत्र,2200,upto 2 m,2800,3000,3400,2-5 m,13200,33000,31900,base,,0,0,0,0,320,137,123,68,310,96,86,47,220,77,69,38,0.040/0.100/0.200 ha,
sahjanwa,Sahjanwa,03-08-2016,66,1062,खाड़पोतहरा,हसनपुर मगहर,ग्रामीण क्षेत्र,1500,upto 2 m,2400,2500,3000,2-5 m,13200,33000,31900,base,,0,0,0,0,260,110,82,55,250,77,57,38,150,55,46,31,0.040/0.100/0.200 ha,"agri: link_d 78 > link_c 57 as printed (systematic) | agri link_d printed 78, corrected to 38 per AIG Registration order 09.01.2017 printed in the list"
sahjanwa,Sahjanwa,03-08-2016,67,1063,खोरठा,भौवापार,ग्रामीण क्षेत्र,2200,upto 2 m,2400,2500,3400,2-5 m,13200,33000,31900,base,,0,0,0,0,260,137,123,68,250,96,86,47,220,77,69,38,0.040/0.100/0.200 ha,
sahjanwa,Sahjanwa,03-08-2016,68,1064,खॉनीपुर,भौवापार,ग्रामीण क्षेत्र,3400,upto 2 m,4100,4200,4300,2-5 m,13200,33000,31900,base,,0,0,0,0,420,206,165,82,410,144,115,57,340,115,108,46,0.040/0.100/0.200 ha,road: first digit of r2to5 partly covered by a hand tick mark; read 4100
sahjanwa,Sahjanwa,03-08-2016,69,1065,खेरिया उर्फ भीटी,हसनपुर मगहर,ग्रामीण क्षेत्र,1500,upto 2 m,2400,2500,3000,2-5 m,13200,33000,31900,base,,0,0,0,0,260,110,82,55,250,77,57,38,150,55,46,31,0.040/0.100/0.200 ha,"agri: link_d 78 > link_c 57 as printed (systematic) | agri link_d printed 78, corrected to 38 per AIG Registration order 09.01.2017 printed in the list"
sahjanwa,Sahjanwa,03-08-2016,70,1066,खजुरही उर्फ जोगिया,हसनपुर मगहर,ग्रामीण क्षेत्र,2200,upto 2 m,2400,2600,3400,2-5 m,13200,33000,31900,base,,0,0,0,0,270,137,123,82,260,96,86,57,220,123,108,46,0.040/0.100/0.200 ha,
sahjanwa,Sahjanwa,03-08-2016,71,0001,गीडा-सेक्टर संख्या-5,भौवापार,नगरीय क्षेत्र,10000,upto 2 m,9900,11000,12100,2-5 m,27500,28000,25300,base,,,,,,,,,,,,,,,,,,0.040/0.100/0.200 ha,no row in agri table
sahjanwa,Sahjanwa,03-08-2016,72,0002,गीडा-सेक्टर संख्या-13,भौवापार,नगरीय क्षेत्र,10000,upto 2 m,9900,11000,12100,2-5 m,27500,28000,25300,base,,,,,,,,,,,,,,,,,,0.040/0.100/0.200 ha,no row in agri table
sahjanwa,Sahjanwa,03-08-2016,73,0003,गीडा-सेक्टर संख्या-15,हसनपुर,नगरीय क्षेत्र,10000,upto 2 m,9900,11000,12100,2-5 m,27500,28000,25300,base,,,,,,,,,,,,,,,,,,0.040/0.100/0.200 ha,no row in agri table
sahjanwa,Sahjanwa,03-08-2016,74,0004,गीडा-सेक्टर संख्या-17,हसनपुर,नगरीय क्षेत्र,10000,upto 2 m,9900,11000,12100,2-5 m,27500,28000,25300,base,,,,,,,,,,,,,,,,,,0.040/0.100/0.200 ha,no row in agri table
sahjanwa,Sahjanwa,03-08-2016,75,0005,गीडा-सेक्टर संख्या-22,हसनपुर,नगरीय क्षेत्र,10000,upto 2 m,9900,11000,12100,2-5 m,27500,28000,25300,base,,,,,,,,,,,,,,,,,,0.040/0.100/0.200 ha,no row in agri table
sahjanwa,Sahjanwa,03-08-2016,76,0006,गीडा-सेक्टर संख्या-23,हसनपुर,नगरीय क्षेत्र,10000,upto 2 m,11000,11000,12100,2-5 m,27500,28000,25300,base,,,,,,,,,,,,,,,,,,0.040/0.100/0.200 ha,road: r2to5=11000 clearly printed but other GIDA sectors (rows 85-89) have 9900; verify | no row in agri table
sahjanwa,Sahjanwa,03-08-2016,77,1067,गोविन्दपुर,हसनपुर मगहर,ग्रामीण क्षेत्र,1500,upto 2 m,2400,2500,3000,2-5 m,13200,33000,31900,base,,0,0,0,0,260,110,82,55,250,77,57,38,150,55,46,31,0.040/0.100/0.200 ha,"agri: link_d 78 > link_c 57 as printed (systematic) | agri link_d printed 78, corrected to 38 per AIG Registration order 09.01.2017 printed in the list"
sahjanwa,Sahjanwa,03-08-2016,78,1068,गोविन्दपुर उ0 ह0,हसनपुर मगहर,ग्रामीण क्षेत्र,2200,upto 2 m,2400,2500,3000,2-5 m,13200,33000,31900,base,,0,0,0,0,260,110,82,55,250,77,57,38,220,55,46,31,0.040/0.100/0.200 ha,"agri: link_d 78 > link_c 57 as printed (systematic) | agri link_d printed 78, corrected to 38 per AIG Registration order 09.01.2017 printed in the list"
sahjanwa,Sahjanwa,03-08-2016,79,1069,गोपालपुर,हसनपुर मगहर,ग्रामीण क्षेत्र,2200,upto 2 m,2800,3000,3400,2-5 m,13200,33000,31900,base,,0,0,0,0,320,137,123,68,310,96,86,47,220,77,69,38,0.040/0.100/0.200 ha,
sahjanwa,Sahjanwa,03-08-2016,80,1070,गोहटा,हसनपुर मगहर,ग्रामीण क्षेत्र,2200,upto 2 m,2400,2500,3400,2-5 m,13200,33000,31900,base,,0,0,0,0,260,137,123,68,250,96,86,47,220,77,69,38,0.040/0.100/0.200 ha,
sahjanwa,Sahjanwa,03-08-2016,81,0029,गाहासांड,वार्ड न0-3,अर्धनगरीय,4100,upto 2 m,6600,6700,9200,2-5 m,27500,28000,25300,base,,0,0,0,0,670,316,247,82,660,221,172,57,410,177,169,46,0.040/0.100/0.200 ha,
sahjanwa,Sahjanwa,03-08-2016,82,0030,गाहासांड,वार्ड न0-4,अर्धनगरीय,4100,upto 2 m,6600,6700,9200,2-5 m,27500,28000,25300,base,,0,0,0,0,670,316,247,82,660,221,172,57,410,177,169,46,0.040/0.100/0.200 ha,
sahjanwa,Sahjanwa,03-08-2016,83,0031,गाहासांड,वार्ड न0-5,अर्धनगरीय,4100,upto 2 m,6600,6700,9200,2-5 m,27500,28000,25300,base,,0,0,0,0,670,316,247,82,660,221,172,57,410,177,169,46,0.040/0.100/0.200 ha,comm: shop_single_land partly obscured by signature (reads 27?00; 27500 per pattern)
sahjanwa,Sahjanwa,03-08-2016,84,1071,गोरैडीह,हसनपुर मगहर,ग्रामीण क्षेत्र,1500,upto 2 m,2400,2500,3000,2-5 m,13200,33000,31900,base,,0,0,0,0,260,110,82,55,250,77,57,38,150,55,46,31,0.040/0.100/0.200 ha,"agri: link_d 78 > link_c 57 as printed (systematic) | agri link_d printed 78, corrected to 38 per AIG Registration order 09.01.2017 printed in the list"
sahjanwa,Sahjanwa,03-08-2016,85,1072,गुलालचक,हसनपुर मगहर,ग्रामीण क्षेत्र,1500,upto 2 m,2400,2500,3000,2-5 m,13200,33000,31900,base,,0,0,0,0,260,110,82,55,250,77,57,38,150,55,46,31,0.040/0.100/0.200 ha,"agri: link_d 78 > link_c 57 as printed (systematic) | agri link_d printed 78, corrected to 38 per AIG Registration order 09.01.2017 printed in the list"
sahjanwa,Sahjanwa,03-08-2016,86,1073,गुलउर,हसनपुर मगहर,ग्रामीण क्षेत्र,1500,upto 2 m,2400,2500,3000,2-5 m,13200,33000,31900,base,,0,0,0,0,260,110,82,55,250,77,57,38,150,55,46,31,0.040/0.100/0.200 ha,"agri: link_d 78 > link_c 57 as printed (systematic) | agri link_d printed 78, corrected to 38 per AIG Registration order 09.01.2017 printed in the list"
sahjanwa,Sahjanwa,03-08-2016,87,1074,गनौरी,हसनपुर मगहर,ग्रामीण क्षेत्र,1500,upto 2 m,2400,2500,3000,2-5 m,13200,33000,31900,base,,0,0,0,0,260,110,82,55,250,77,57,38,150,55,46,31,0.040/0.100/0.200 ha,"agri: link_d 78 > link_c 57 as printed (systematic) | agri link_d printed 78, corrected to 38 per AIG Registration order 09.01.2017 printed in the list"
sahjanwa,Sahjanwa,03-08-2016,88,1075,गनौरा,हसनपुर मगहर,ग्रामीण क्षेत्र,1500,upto 2 m,2400,2500,3000,2-5 m,13200,33000,31900,base,,0,0,0,0,260,110,82,55,250,77,57,38,150,55,46,31,0.040/0.100/0.200 ha,"agri: link_d 78 > link_c 57 as printed (systematic) | agri link_d printed 78, corrected to 38 per AIG Registration order 09.01.2017 printed in the list"
sahjanwa,Sahjanwa,03-08-2016,89,1076,गायघाट,हसनपुर मगहर,ग्रामीण क्षेत्र,1500,upto 2 m,2400,2500,3000,2-5 m,13200,33000,31900,base,,0,0,0,0,260,110,82,55,250,77,57,38,150,55,46,31,0.040/0.100/0.200 ha,"agri: link_d 78 > link_c 57 as printed (systematic) | agri link_d printed 78, corrected to 38 per AIG Registration order 09.01.2017 printed in the list"
sahjanwa,Sahjanwa,03-08-2016,90,1077,गहिरा,हसनपुर मगहर,ग्रामीण क्षेत्र,1500,upto 2 m,2400,2500,3000,2-5 m,13200,33000,31900,base,,0,0,0,0,260,110,82,55,250,77,57,38,150,55,46,31,0.040/0.100/0.200 ha,"agri: link_d 78 > link_c 57 as printed (systematic) | agri link_d printed 78, corrected to 38 per AIG Registration order 09.01.2017 printed in the list"
sahjanwa,Sahjanwa,03-08-2016,91,1078,गाडर,हसनपुर मगहर,ग्रामीण क्षेत्र,1500,upto 2 m,2400,2500,3000,2-5 m,13200,33000,31900,base,,0,0,0,0,260,110,82,55,250,77,57,38,150,55,46,31,0.040/0.100/0.200 ha,"comm: serial jumps 90->109 as printed (91-108 not on page) | agri: link_d 78 > link_c 57 as printed (systematic) | agri link_d printed 78, corrected to 38 per AIG Registration order 09.01.2017 printed in the list"
sahjanwa,Sahjanwa,03-08-2016,92,1079,घघसरा,हसनपुर मगहर,ग्रामीण क्षेत्र,4100,upto 2 m,7400,7500,9200,2-5 m,19800,19800,18700,base,,0,0,0,0,780,316,247,82,770,221,172,57,410,177,138,46,0.040/0.100/0.200 ha,
sahjanwa,Sahjanwa,03-08-2016,93,1080,चकबैदपुरवां,हसनपुर मगहर,ग्रामीण क्षेत्र,1500,upto 2 m,2400,2500,3000,2-5 m,13200,33000,31900,base,,0,0,0,0,260,110,82,55,250,77,57,38,150,55,46,31,0.040/0.100/0.200 ha,"agri: link_d 78 > link_c 57 as printed (systematic) | agri link_d printed 78, corrected to 38 per AIG Registration order 09.01.2017 printed in the list"
sahjanwa,Sahjanwa,03-08-2016,94,1081,चकभोप,भौवापार,ग्रामीण क्षेत्र,2400,upto 2 m,3300,3400,4200,2-5 m,13200,33000,31900,base,,0,0,0,0,350,165,123,82,340,115,86,57,240,92,69,46,0.040/0.100/0.200 ha,
sahjanwa,Sahjanwa,03-08-2016,95,1082,चकदाउद,हसनपुर मगहर,ग्रामीण क्षेत्र,2400,upto 2 m,2800,3000,3400,2-5 m,13200,33000,31900,base,,0,0,0,0,320,110,82,55,310,77,57,38,240,55,46,31,0.040/0.100/0.200 ha,"agri: link_d 78 > link_c 57 as printed (systematic) | agri link_d printed 78, corrected to 38 per AIG Registration order 09.01.2017 printed in the list"
sahjanwa,Sahjanwa,03-08-2016,96,1083,चिगौना,हसनपुर मगहर,ग्रामीण क्षेत्र,2200,upto 2 m,2500,2600,3400,2-5 m,13200,33000,31900,base,,0,0,0,0,270,137,123,68,260,96,86,47,220,77,69,38,0.040/0.100/0.200 ha,
sahjanwa,Sahjanwa,03-08-2016,97,1084,चकचोहरा,हसनपुर मगहर,ग्रामीण क्षेत्र,2200,upto 2 m,2400,2500,3400,2-5 m,13200,33000,31900,base,,0,0,0,0,260,137,123,68,250,96,86,47,220,77,69,38,0.040/0.100/0.200 ha,
sahjanwa,Sahjanwa,03-08-2016,98,1085,चकफत्ता,हसनपुर मगहर,ग्रामीण क्षेत्र,1500,upto 2 m,2400,2500,3000,2-5 m,13200,33000,31900,base,,0,0,0,0,260,110,82,55,250,77,57,38,150,55,46,31,0.040/0.100/0.200 ha,"agri: link_d 78 > link_c 57 as printed (systematic) | agri link_d printed 78, corrected to 38 per AIG Registration order 09.01.2017 printed in the list"
sahjanwa,Sahjanwa,03-08-2016,99,1086,चनियरा,हसनपुर मगहर,ग्रामीण क्षेत्र,1500,upto 2 m,2400,2500,3000,2-5 m,13200,33000,31900,base,,0,0,0,0,260,110,82,55,250,77,57,38,150,55,46,31,0.040/0.100/0.200 ha,"agri: link_d 78 > link_c 57 as printed (systematic) | agri link_d printed 78, corrected to 38 per AIG Registration order 09.01.2017 printed in the list"
sahjanwa,Sahjanwa,03-08-2016,100,1087,चपरहट,हसनपुर मगहर,ग्रामीण क्षेत्र,1500,upto 2 m,2400,2500,3000,2-5 m,13200,33000,31900,base,,0,0,0,0,260,110,82,55,250,77,57,38,150,55,46,31,0.040/0.100/0.200 ha,"agri: link_d 78 > link_c 57 as printed (systematic) | agri link_d printed 78, corrected to 38 per AIG Registration order 09.01.2017 printed in the list"
sahjanwa,Sahjanwa,03-08-2016,101,1088,चांदपार,हसनपुर मगहर,ग्रामीण क्षेत्र,2200,upto 2 m,2500,2600,3400,2-5 m,13200,33000,31900,base,,0,0,0,0,270,137,123,68,260,96,86,47,220,77,69,38,0.040/0.100/0.200 ha,
sahjanwa,Sahjanwa,03-08-2016,102,1089,चांदवारी,हसनपुर मगहर,ग्रामीण क्षेत्र,2400,upto 2 m,3300,3400,4200,2-5 m,13200,33000,31900,base,,0,0,0,0,350,165,123,68,340,115,86,47,240,92,69,38,0.040/0.100/0.200 ha,
sahjanwa,Sahjanwa,03-08-2016,103,1090,चौरी,हसनपुर मगहर,ग्रामीण क्षेत्र,1700,upto 2 m,2400,2500,3000,2-5 m,13200,33000,31900,base,,0,0,0,0,260,110,82,55,250,77,57,38,170,55,46,31,0.040/0.100/0.200 ha,"agri: link_d 78 > link_c 57 as printed (systematic) | agri link_d printed 78, corrected to 38 per AIG Registration order 09.01.2017 printed in the list"
sahjanwa,Sahjanwa,03-08-2016,104,1091,चड़राव,हसनपुर मगहर,ग्रामीण क्षेत्र,2200,upto 2 m,2400,2500,3400,2-5 m,13200,33000,31900,base,,0,0,0,0,260,137,123,68,250,96,86,47,220,77,69,38,0.040/0.100/0.200 ha,
sahjanwa,Sahjanwa,03-08-2016,105,1092,चुरिहरा,हसनपुर मगहर,ग्रामीण क्षेत्र,1500,upto 2 m,2400,2500,3000,2-5 m,13200,33000,31900,base,,0,0,0,0,260,110,82,55,250,77,57,38,150,55,46,31,0.040/0.100/0.200 ha,"agri: link_d 78 > link_c 57 as printed (systematic) | agri link_d printed 78, corrected to 38 per AIG Registration order 09.01.2017 printed in the list"
sahjanwa,Sahjanwa,03-08-2016,106,1093,चेचुआपार,हसनपुर मगहर,ग्रामीण क्षेत्र,1500,upto 2 m,2400,2500,3000,2-5 m,13200,33000,31900,base,,0,0,0,0,260,110,82,55,250,77,57,38,150,55,46,31,0.040/0.100/0.200 ha,"agri: link_d 78 > link_c 57 as printed (systematic) | agri link_d printed 78, corrected to 38 per AIG Registration order 09.01.2017 printed in the list"
sahjanwa,Sahjanwa,03-08-2016,107,1094,चन्दहा,हसनपुर मगहर,ग्रामीण क्षेत्र,1500,upto 2 m,2400,2500,3000,2-5 m,13200,33000,31900,base,,0,0,0,0,260,110,82,55,250,77,57,38,150,55,46,31,0.040/0.100/0.200 ha,"agri: link_d 78 > link_c 57 as printed (systematic) | agri link_d printed 78, corrected to 38 per AIG Registration order 09.01.2017 printed in the list"
sahjanwa,Sahjanwa,03-08-2016,108,1095,छजनियां,हसनपुर मगहर,ग्रामीण क्षेत्र,1500,upto 2 m,2400,2500,3000,2-5 m,13200,33000,31900,base,,0,0,0,0,260,110,82,55,250,77,57,38,150,55,46,31,0.040/0.100/0.200 ha,"agri: link_d 78 > link_c 57 as printed (systematic) | agri link_d printed 78, corrected to 38 per AIG Registration order 09.01.2017 printed in the list"
sahjanwa,Sahjanwa,03-08-2016,109,1096,जंगल अव्वल,हसनपुर मगहर,ग्रामीण क्षेत्र,2200,upto 2 m,2500,2600,3400,2-5 m,13200,33000,31900,base,,0,0,0,0,270,137,123,68,260,96,86,47,220,77,69,38,0.040/0.100/0.200 ha,
sahjanwa,Sahjanwa,03-08-2016,110,1097,जंगलदीगर,हसनपुर मगहर,ग्रामीण क्षेत्र,1500,upto 2 m,2400,2500,3000,2-5 m,13200,33000,31900,base,,0,0,0,0,260,110,82,55,250,77,57,38,150,55,46,31,0.040/0.100/0.200 ha,"agri: link_d 78 > link_c 57 as printed (systematic) | agri link_d printed 78, corrected to 38 per AIG Registration order 09.01.2017 printed in the list"
sahjanwa,Sahjanwa,03-08-2016,111,1098,जबरैला विषखोहर,हसनपुर मगहर,ग्रामीण क्षेत्र,1700,upto 2 m,2400,2500,3000,2-5 m,13200,33000,31900,base,,0,0,0,0,260,110,82,55,250,77,57,38,170,55,46,31,0.040/0.100/0.200 ha,"agri: link_d 78 > link_c 57 as printed (systematic) | agri link_d printed 78, corrected to 38 per AIG Registration order 09.01.2017 printed in the list"
sahjanwa,Sahjanwa,03-08-2016,112,1099,जरलही,भौवापार,ग्रामीण क्षेत्र,2200,upto 2 m,2400,2500,3400,2-5 m,13200,33000,31900,base,,0,0,0,0,260,137,123,68,250,96,86,47,220,77,69,38,0.040/0.100/0.200 ha,
sahjanwa,Sahjanwa,03-08-2016,113,1100,जोन्हिया,हसनपुर मगहर,ग्रामीण क्षेत्र,1500,upto 2 m,2400,2500,3000,2-5 m,13200,33000,31900,base,,0,0,0,0,260,110,82,55,250,77,57,38,150,55,46,31,0.040/0.100/0.200 ha,"agri: link_d 78 > link_c 57 as printed (systematic) | agri link_d printed 78, corrected to 38 per AIG Registration order 09.01.2017 printed in the list"
sahjanwa,Sahjanwa,03-08-2016,114,1101,जोगियाकोल,हसनपुर मगहर,ग्रामीण क्षेत्र,2200,upto 2 m,2500,2600,3400,2-5 m,13200,33000,31900,base,,0,0,0,0,270,137,123,68,260,96,86,47,220,77,69,38,0.040/0.100/0.200 ha,
sahjanwa,Sahjanwa,03-08-2016,115,1102,जाल्हेपार,हसनपुर मगहर,ग्रामीण क्षेत्र,1500,upto 2 m,2400,2500,3000,2-5 m,13200,33000,31900,base,,0,0,0,0,260,110,82,55,250,77,57,38,150,55,46,31,0.040/0.100/0.200 ha,"agri: link_d 78 > link_c 57 as printed (systematic) | agri link_d printed 78, corrected to 38 per AIG Registration order 09.01.2017 printed in the list"
sahjanwa,Sahjanwa,03-08-2016,116,1103,जसुलीपार,हसनपुर मगहर,ग्रामीण क्षेत्र,2400,upto 2 m,2700,2800,3400,2-5 m,13200,33000,31900,base,,0,0,0,0,270,137,123,68,260,96,86,47,240,77,69,38,0.040/0.100/0.200 ha,
sahjanwa,Sahjanwa,03-08-2016,117,0033,जुडियान,वार्ड न0-12,अर्धनगरीय,4100,upto 2 m,7400,7500,13000,2-5 m,19800,19800,18700,base,,960,474,426,123,780,316,247,82,770,221,172,57,410,177,138,46,0.040/0.100/0.200 ha,
sahjanwa,Sahjanwa,03-08-2016,118,1104,जैतपुर,भौवापार,ग्रामीण क्षेत्र,4100,upto 2 m,7400,7500,9200,2-5 m,19800,19800,18700,base,,0,0,0,0,780,316,247,82,770,221,172,57,410,177,138,46,0.040/0.100/0.200 ha,
sahjanwa,Sahjanwa,03-08-2016,119,1105,जूड़ाकोड़री,हसनपुर मगहर,ग्रामीण क्षेत्र,1500,upto 2 m,2400,2500,3000,2-5 m,13200,33000,31900,base,,0,0,0,0,250,110,82,55,240,77,57,38,150,55,46,31,0.040/0.100/0.200 ha,"agri: link_d 78 > link_c 57 as printed (systematic) | agri link_d printed 78, corrected to 38 per AIG Registration order 09.01.2017 printed in the list"
sahjanwa,Sahjanwa,03-08-2016,120,1106,जगदीशपुर तप्पा भड़साड़,हसनपुर मगहर,ग्रामीण क्षेत्र,2200,upto 2 m,2500,2600,3400,2-5 m,13200,33000,31900,base,,0,0,0,0,270,137,123,68,260,96,86,47,220,77,69,38,0.040/0.100/0.200 ha,
sahjanwa,Sahjanwa,03-08-2016,121,1107,जगदीशपुर उर्फ गाही,हसनपुर मगहर,ग्रामीण क्षेत्र,2400,upto 2 m,2800,3000,3400,2-5 m,13200,33000,31900,base,,0,0,0,0,300,137,123,68,280,96,86,47,220,77,69,38,0.040/0.100/0.200 ha,
sahjanwa,Sahjanwa,03-08-2016,122,0032,जिगिना तप्पा भरसाड,वार्ड न0-1,अर्धनगरीय,4100,upto 2 m,7400,7500,9200,2-5 m,19800,19800,18700,base,,0,0,0,0,780,316,247,82,770,221,172,57,410,177,138,46,0.040/0.100/0.200 ha,
sahjanwa,Sahjanwa,03-08-2016,123,1109,जिगिना,हसनपुर मगहर,ग्रामीण क्षेत्र,3800,upto 2 m,2400,2500,3000,2-5 m,13200,33000,31900,base,,0,0,0,0,260,110,82,55,250,77,57,38,410,55,46,31,0.040/0.100/0.200 ha,"agri: link_d 78 > link_c 57 as printed (systematic); other_a 410 > link_a 250 as printed | agri link_d printed 78, corrected to 38 per AIG Registration order 09.01.2017 printed in the list"
sahjanwa,Sahjanwa,03-08-2016,124,1110,झुडिया,हसनपुर मगहर,ग्रामीण क्षेत्र,4100,upto 2 m,2400,2500,3000,2-5 m,13200,33000,31900,base,,0,0,0,0,250,110,82,55,240,77,57,38,410,55,46,31,0.040/0.100/0.200 ha,"agri: link_d 78 > link_c 57 as printed (systematic); other_a 410 > link_a 240 as printed | agri link_d printed 78, corrected to 38 per AIG Registration order 09.01.2017 printed in the list"
sahjanwa,Sahjanwa,03-08-2016,125,1111,झुगियां,हसनपुर मगहर,ग्रामीण क्षेत्र,4100,upto 2 m,7400,7500,9200,2-5 m,19800,19800,18700,base,,960,474,337,123,780,316,227,82,770,221,172,57,410,177,138,46,0.040/0.100/0.200 ha,agri: nh_c 337 / dist_c 227 as printed
sahjanwa,Sahjanwa,03-08-2016,126,1112,टिकरिया,हसनपुर मगहर,ग्रामीण क्षेत्र,2200,upto 2 m,2400,2500,3000,2-5 m,13200,33000,31900,base,,0,0,0,0,260,110,82,55,250,77,57,38,220,55,46,31,0.040/0.100/0.200 ha,"agri: link_d 78 > link_c 57 as printed (systematic) | agri link_d printed 78, corrected to 38 per AIG Registration order 09.01.2017 printed in the list"
sahjanwa,Sahjanwa,03-08-2016,127,1113,टिकरियाखोर,हसनपुर मगहर,ग्रामीण क्षेत्र,1500,upto 2 m,2400,2500,3400,2-5 m,13200,33000,31900,base,,0,0,0,0,260,137,123,68,250,96,86,47,150,77,69,38,0.040/0.100/0.200 ha,agri: other_a 150 as printed
sahjanwa,Sahjanwa,03-08-2016,128,1114,टिकरी,हसनपुर मगहर,ग्रामीण क्षेत्र,1500,upto 2 m,2400,2500,3000,2-5 m,13200,33000,31900,base,,0,0,0,0,260,110,82,55,250,77,57,38,150,55,46,31,0.040/0.100/0.200 ha,"agri: link_d 78 > link_c 57 as printed (systematic) | agri link_d printed 78, corrected to 38 per AIG Registration order 09.01.2017 printed in the list"
sahjanwa,Sahjanwa,03-08-2016,129,1115,टड़वा खुर्द,हसनपुर मगहर,ग्रामीण क्षेत्र,1500,upto 2 m,2400,2500,3000,2-5 m,13200,33000,31900,base,,0,0,0,0,260,110,82,55,250,77,57,38,150,55,46,31,0.040/0.100/0.200 ha,"agri: link_d 78 > link_c 57 as printed (systematic) | agri link_d printed 78, corrected to 38 per AIG Registration order 09.01.2017 printed in the list"
sahjanwa,Sahjanwa,03-08-2016,130,1116,टड़वाकला,हसनपुर मगहर,ग्रामीण क्षेत्र,1500,upto 2 m,2400,2500,3000,2-5 m,13200,33000,31900,base,,0,0,0,0,260,110,82,55,250,77,57,38,150,55,46,31,0.040/0.100/0.200 ha,"agri: link_d 78 > link_c 57 as printed (systematic) | agri link_d printed 78, corrected to 38 per AIG Registration order 09.01.2017 printed in the list"
sahjanwa,Sahjanwa,03-08-2016,131,1117,टडवॉमाफी,हसनपुर मगहर,ग्रामीण क्षेत्र,1500,upto 2 m,2400,2500,3000,2-5 m,13200,33000,31900,base,,0,0,0,0,260,110,82,55,250,77,57,38,150,55,46,31,0.040/0.100/0.200 ha,"agri: link_d 78 > link_c 57 as printed (systematic) | agri link_d printed 78, corrected to 38 per AIG Registration order 09.01.2017 printed in the list"
sahjanwa,Sahjanwa,03-08-2016,132,1118,टेकुआपाती,हसनपुर मगहर,ग्रामीण क्षेत्र,2200,upto 2 m,2500,2600,3400,2-5 m,13200,33000,31900,base,,0,0,0,0,270,137,123,68,260,96,86,47,220,77,69,38,0.040/0.100/0.200 ha,
sahjanwa,Sahjanwa,03-08-2016,133,1119,ठर्रापार,हसनपुर मगहर,ग्रामीण क्षेत्र,2400,upto 2 m,2500,2600,3400,2-5 m,13200,33000,31900,base,,0,0,0,0,270,137,123,68,260,96,86,47,240,77,69,38,0.040/0.100/0.200 ha,
sahjanwa,Sahjanwa,03-08-2016,134,1120,ठाठेयारी,हसनपुर मगहर,ग्रामीण क्षेत्र,1500,upto 2 m,2400,2500,3000,2-5 m,13200,33000,31900,base,,0,0,0,0,260,110,82,55,250,77,57,38,150,55,46,31,0.040/0.100/0.200 ha,"agri: link_d 78 > link_c 57 as printed (systematic) | agri link_d printed 78, corrected to 38 per AIG Registration order 09.01.2017 printed in the list"
sahjanwa,Sahjanwa,03-08-2016,135,1121,डोमहरमाफी,हसनपुर मगहर,ग्रामीण क्षेत्र,2400,upto 2 m,2800,3000,3400,2-5 m,13200,33000,31900,base,,0,0,0,0,300,137,123,68,280,96,86,47,150,77,69,38,0.040/0.100/0.200 ha,agri: other_a 150 as printed
sahjanwa,Sahjanwa,03-08-2016,136,1122,डोमनडॉड,हसनपुर मगहर,ग्रामीण क्षेत्र,1500,upto 2 m,2400,2500,3000,2-5 m,13200,33000,31900,base,,0,0,0,0,320,110,82,55,310,77,57,38,150,55,46,31,0.040/0.100/0.200 ha,"agri: link_d 78 > link_c 57 as printed (systematic) | agri link_d printed 78, corrected to 38 per AIG Registration order 09.01.2017 printed in the list"
sahjanwa,Sahjanwa,03-08-2016,137,1123,डोहरिया खुर्द,हसनपुर मगहर,ग्रामीण क्षेत्र,3400,upto 2 m,4800,4900,5400,2-5 m,13200,33000,31900,base,,0,0,0,0,490,110,82,55,480,77,57,38,340,55,46,31,0.040/0.100/0.200 ha,"agri: link_d 78 > link_c 57 as printed (systematic) | agri link_d printed 78, corrected to 38 per AIG Registration order 09.01.2017 printed in the list"
sahjanwa,Sahjanwa,03-08-2016,138,1124,डोहरिया कला,हसनपुर मगहर,ग्रामीण क्षेत्र,3400,upto 2 m,4800,4900,5400,2-5 m,13200,33000,31900,base,,0,0,0,0,490,220,182,82,480,154,134,57,340,177,138,46,0.040/0.100/0.200 ha,
sahjanwa,Sahjanwa,03-08-2016,139,1125,डुमरी,हसनपुर मगहर,ग्रामीण क्षेत्र,1500,upto 2 m,2400,2500,3000,2-5 m,13200,33000,31900,base,,0,0,0,0,260,220,182,82,250,154,134,57,150,177,138,46,0.040/0.100/0.200 ha,agri: other slabs not non-increasing as printed; other_a 150 < other_b 177 as printed
sahjanwa,Sahjanwa,03-08-2016,140,1126,ढ़ेलहा,हसनपुर मगहर,ग्रामीण क्षेत्र,1500,upto 2 m,2400,2500,3000,2-5 m,13200,33000,31900,base,,0,0,0,0,260,110,82,55,250,77,57,38,150,55,46,31,0.040/0.100/0.200 ha,"agri: link_d 78 > link_c 57 as printed (systematic) | agri link_d printed 78, corrected to 38 per AIG Registration order 09.01.2017 printed in the list"
sahjanwa,Sahjanwa,03-08-2016,141,1127,तारडीह,हसनपुर मगहर,ग्रामीण क्षेत्र,1500,upto 2 m,2400,2500,3000,2-5 m,13200,33000,31900,base,,0,0,0,0,260,110,82,55,250,77,57,38,150,55,46,31,0.040/0.100/0.200 ha,"agri: link_d 78 > link_c 57 as printed (systematic) | agri link_d printed 78, corrected to 38 per AIG Registration order 09.01.2017 printed in the list"
sahjanwa,Sahjanwa,03-08-2016,142,1128,तालनगरी,हसनपुर मगहर,ग्रामीण क्षेत्र,1500,upto 2 m,2400,2500,3000,2-5 m,13200,33000,31900,base,,0,0,0,0,260,110,82,55,250,77,57,38,150,55,46,31,0.040/0.100/0.200 ha,"agri: link_d 78 > link_c 57 as printed (systematic) | agri link_d printed 78, corrected to 38 per AIG Registration order 09.01.2017 printed in the list"
sahjanwa,Sahjanwa,03-08-2016,143,1129,तेलियाडीह,हसनपुर मगहर,ग्रामीण क्षेत्र,1500,upto 2 m,2400,2500,3000,2-5 m,13200,33000,31900,base,,0,0,0,0,260,110,82,55,250,77,57,38,150,55,46,31,0.040/0.100/0.200 ha,"agri: link_d 78 > link_c 57 as printed (systematic) | agri link_d printed 78, corrected to 38 per AIG Registration order 09.01.2017 printed in the list"
sahjanwa,Sahjanwa,03-08-2016,144,1130,तेतरिया,हसनपुर मगहर,ग्रामीण क्षेत्र,2200,upto 2 m,2400,2500,3400,2-5 m,13200,33000,31900,base,,0,0,0,0,260,137,123,68,250,96,86,47,220,77,69,31,0.040/0.100/0.200 ha,agri: other_d 31 as printed
sahjanwa,Sahjanwa,03-08-2016,145,0034,तेनुहारी तप्पा गाहांसाड,वार्ड न0-11,अर्धनगरीय,5400,upto 2 m,7400,7500,9200,2-5 m,27500,28000,25300,base,,0,0,0,0,780,316,247,82,770,221,172,57,540,177,138,31,0.040/0.100/0.200 ha,agri: other_d 31 (other_c 138) as printed
sahjanwa,Sahjanwa,03-08-2016,146,1131,तेनुहारी तप्पा उ0ह0,हसनपुर मगहर,ग्रामीण क्षेत्र,1500,upto 2 m,2400,2500,3000,2-5 m,13200,33000,31900,base,,0,0,0,0,260,110,82,55,250,77,57,38,150,55,46,31,0.040/0.100/0.200 ha,"agri: link_d 78 > link_c 57 as printed (systematic) | agri link_d printed 78, corrected to 38 per AIG Registration order 09.01.2017 printed in the list"
sahjanwa,Sahjanwa,03-08-2016,147,1132,तेनुंआ,हसनपुर मगहर,ग्रामीण क्षेत्र,3400,upto 2 m,3300,3400,4200,2-5 m,13200,33000,31900,base,,0,0,0,0,350,206,165,82,340,144,115,57,340,115,92,46,0.040/0.100/0.200 ha,
sahjanwa,Sahjanwa,03-08-2016,148,1133,तेनुअन,हसनपुर मगहर,ग्रामीण क्षेत्र,1500,upto 2 m,2400,2500,3000,2-5 m,13200,33000,31900,base,,0,0,0,0,260,110,82,55,250,77,57,38,150,55,46,31,0.040/0.100/0.200 ha,"agri: link_d 78 > link_c 57 as printed (systematic) | agri link_d printed 78, corrected to 38 per AIG Registration order 09.01.2017 printed in the list"
sahjanwa,Sahjanwa,03-08-2016,149,1134,तिवरान,हसनपुर मगहर,ग्रामीण क्षेत्र,1500,upto 2 m,2400,2500,3000,2-5 m,13200,33000,31900,base,,0,0,0,0,260,110,82,55,250,77,57,38,150,55,46,31,0.040/0.100/0.200 ha,"agri: link_d 78 > link_c 57 as printed (systematic) | agri link_d printed 78, corrected to 38 per AIG Registration order 09.01.2017 printed in the list"
sahjanwa,Sahjanwa,03-08-2016,150,1135,तितनपार,हसनपुर मगहर,ग्रामीण क्षेत्र,1500,upto 2 m,2400,2500,3000,2-5 m,13200,33000,31900,base,,0,0,0,0,260,110,82,55,250,77,57,38,150,55,46,31,0.040/0.100/0.200 ha,"agri: link_d 78 > link_c 57 as printed (systematic) | agri link_d printed 78, corrected to 38 per AIG Registration order 09.01.2017 printed in the list"
sahjanwa,Sahjanwa,03-08-2016,151,1136,तिनहरा,हसनपुर मगहर,ग्रामीण क्षेत्र,1500,upto 2 m,2400,2500,3000,2-5 m,13200,33000,31900,base,,0,0,0,0,260,110,82,55,250,77,57,38,150,55,46,31,0.040/0.100/0.200 ha,"agri: link_d 78 > link_c 57 as printed (systematic) | agri link_d printed 78, corrected to 38 per AIG Registration order 09.01.2017 printed in the list"
sahjanwa,Sahjanwa,03-08-2016,152,1137,तिलौरा,हसनपुर मगहर,ग्रामीण क्षेत्र,2200,upto 2 m,2500,2600,3400,2-5 m,13200,33000,31900,base,,0,0,0,0,270,137,123,68,260,96,86,47,220,77,69,46,0.040/0.100/0.200 ha,agri: other_d 46 as printed
sahjanwa,Sahjanwa,03-08-2016,153,1138,थरूआपार,हसनपुर मगहर,ग्रामीण क्षेत्र,2200,upto 2 m,2500,2600,3400,2-5 m,13200,33000,31900,base,,0,0,0,0,270,137,123,68,260,96,86,47,220,77,69,38,0.040/0.100/0.200 ha,
sahjanwa,Sahjanwa,03-08-2016,154,1139,थवईपार,हसनपुर मगहर,ग्रामीण क्षेत्र,1500,upto 2 m,2400,2500,3000,2-5 m,13200,33000,31900,base,,0,0,0,0,260,110,82,55,250,77,57,38,150,55,46,31,0.040/0.100/0.200 ha,"agri: link_d 78 > link_c 57 as printed (systematic) | agri link_d printed 78, corrected to 38 per AIG Registration order 09.01.2017 printed in the list"
sahjanwa,Sahjanwa,03-08-2016,155,1140,दखिनवां,हसनपुर मगहर,ग्रामीण क्षेत्र,1500,upto 2 m,2400,2500,3000,2-5 m,13200,33000,31900,base,,0,0,0,0,260,110,82,55,250,77,57,38,150,55,46,31,0.040/0.100/0.200 ha,"agri: link_d 78 > link_c 57 as printed (systematic) | agri link_d printed 78, corrected to 38 per AIG Registration order 09.01.2017 printed in the list"
sahjanwa,Sahjanwa,03-08-2016,156,1141,दरिवा,हसनपुर मगहर,ग्रामीण क्षेत्र,2200,upto 2 m,2500,2600,3400,2-5 m,13200,33000,31900,base,,0,0,0,0,260,137,123,68,250,96,86,47,220,77,69,38,0.040/0.100/0.200 ha,
sahjanwa,Sahjanwa,03-08-2016,157,1142,दरघाट,हसनपुर मगहर,ग्रामीण क्षेत्र,1500,upto 2 m,2400,2500,3000,2-5 m,13200,33000,31900,base,,0,0,0,0,260,110,82,55,250,77,57,38,150,55,46,31,0.040/0.100/0.200 ha,"agri: link_d 78 > link_c 57 as printed (systematic) | agri link_d printed 78, corrected to 38 per AIG Registration order 09.01.2017 printed in the list"
sahjanwa,Sahjanwa,03-08-2016,158,1143,दफतरी,हसनपुर मगहर,ग्रामीण क्षेत्र,1500,upto 2 m,2400,2500,3000,2-5 m,13200,33000,31900,base,,0,0,0,0,260,110,82,55,250,77,57,38,150,55,46,31,0.040/0.100/0.200 ha,"agri: link_d 78 > link_c 57 as printed (systematic) | agri link_d printed 78, corrected to 38 per AIG Registration order 09.01.2017 printed in the list"
sahjanwa,Sahjanwa,03-08-2016,159,1144,दुल्टही,हसनपुर मगहर,ग्रामीण क्षेत्र,1500,upto 2 m,2400,2500,3000,2-5 m,13200,33000,31900,base,,0,0,0,0,260,110,82,55,250,77,57,38,150,55,46,31,0.040/0.100/0.200 ha,"agri: link_d 78 > link_c 57 as printed (systematic) | agri link_d printed 78, corrected to 38 per AIG Registration order 09.01.2017 printed in the list"
sahjanwa,Sahjanwa,03-08-2016,160,1145,देईपार,भौवापार,ग्रामीण क्षेत्र,2400,upto 2 m,3300,3400,4200,2-5 m,13200,33000,31900,base,,0,0,0,0,350,165,123,68,340,115,86,47,240,92,69,38,0.040/0.100/0.200 ha,
sahjanwa,Sahjanwa,03-08-2016,161,1146,देवरिया,हसनपुर मगहर,ग्रामीण क्षेत्र,2200,upto 2 m,2500,2600,3400,2-5 m,13200,33000,31900,base,,0,0,0,0,270,137,123,68,260,96,86,47,220,77,69,38,0.040/0.100/0.200 ha,
sahjanwa,Sahjanwa,03-08-2016,162,1147,देवापार डुगडुइया,हसनपुर मगहर,ग्रामीण क्षेत्र,2200,upto 2 m,2500,2600,3400,2-5 m,13200,33000,31900,base,,0,0,0,0,270,137,123,68,260,96,86,47,220,77,69,38,0.040/0.100/0.200 ha,
sahjanwa,Sahjanwa,03-08-2016,163,1148,धोवही,हसनपुर मगहर,ग्रामीण क्षेत्र,1500,upto 2 m,2400,2500,3000,2-5 m,13200,33000,31900,base,,0,0,0,0,260,110,82,55,250,77,57,38,150,55,46,31,0.040/0.100/0.200 ha,"agri: link_d 78 > link_c 57 as printed (systematic) | agri link_d printed 78, corrected to 38 per AIG Registration order 09.01.2017 printed in the list"
sahjanwa,Sahjanwa,03-08-2016,164,1149,धुरियापार,हसनपुर मगहर,ग्रामीण क्षेत्र,1500,upto 2 m,2400,2500,3000,2-5 m,13200,33000,31900,base,,0,0,0,0,260,110,82,55,250,77,57,38,150,55,46,31,0.040/0.100/0.200 ha,"agri: link_d 78 > link_c 57 as printed (systematic) | agri link_d printed 78, corrected to 38 per AIG Registration order 09.01.2017 printed in the list"
sahjanwa,Sahjanwa,03-08-2016,165,1150,नीवी,हसनपुर मगहर,ग्रामीण क्षेत्र,1500,upto 2 m,2400,2500,3000,2-5 m,13200,33000,31900,base,,0,0,0,0,260,110,82,55,250,77,57,38,150,55,46,31,0.040/0.100/0.200 ha,"agri: link_d 78 > link_c 57 as printed (systematic) | agri link_d printed 78, corrected to 38 per AIG Registration order 09.01.2017 printed in the list"
sahjanwa,Sahjanwa,03-08-2016,166,1151,नरायनपार,हसनपुर मगहर,ग्रामीण क्षेत्र,1500,upto 2 m,2400,2500,3000,2-5 m,13200,33000,31900,base,,0,0,0,0,260,110,82,55,250,77,57,38,150,55,46,31,0.040/0.100/0.200 ha,"agri: link_d 78 > link_c 57 as printed (systematic) | agri link_d printed 78, corrected to 38 per AIG Registration order 09.01.2017 printed in the list"
sahjanwa,Sahjanwa,03-08-2016,167,1152,नरौली,हसनपुर मगहर,ग्रामीण क्षेत्र,1500,upto 2 m,2400,2500,3000,2-5 m,13200,33000,31900,base,,0,0,0,0,260,110,82,55,250,77,57,38,150,55,46,31,0.040/0.100/0.200 ha,"agri: link_d 78 > link_c 57 as printed (systematic) | agri link_d printed 78, corrected to 38 per AIG Registration order 09.01.2017 printed in the list"
sahjanwa,Sahjanwa,03-08-2016,168,1153,नारंगपट्टी,हसनपुर मगहर,ग्रामीण क्षेत्र,1500,upto 2 m,2400,2500,3000,2-5 m,13200,33000,31900,base,,0,0,0,0,260,110,82,55,250,77,57,38,150,55,46,31,0.040/0.100/0.200 ha,"agri: link_d 78 > link_c 57 as printed (systematic) | agri link_d printed 78, corrected to 38 per AIG Registration order 09.01.2017 printed in the list"
sahjanwa,Sahjanwa,03-08-2016,169,1154,नरकटहा,भौवापार,ग्रामीण क्षेत्र,1500,upto 2 m,2400,2500,3000,2-5 m,13200,33000,31900,base,,0,0,0,0,260,110,82,55,250,77,57,38,150,55,46,31,0.040/0.100/0.200 ha,"agri: link_d 78 > link_c 57 as printed (systematic) | agri link_d printed 78, corrected to 38 per AIG Registration order 09.01.2017 printed in the list"
sahjanwa,Sahjanwa,03-08-2016,170,1155,नचनी,हसनपुर मगहर,ग्रामीण क्षेत्र,1500,upto 2 m,2400,2500,3000,2-5 m,13200,33000,31900,base,,0,0,0,0,260,110,82,55,250,77,57,38,150,55,46,31,0.040/0.100/0.200 ha,"agri: link_d 78 > link_c 57 as printed (systematic); village name glyph unclear (नचनी / नचत्री?) | agri link_d printed 78, corrected to 38 per AIG Registration order 09.01.2017 printed in the list"
sahjanwa,Sahjanwa,03-08-2016,171,1156,नेउसा,हसनपुर मगहर,ग्रामीण क्षेत्र,2200,upto 2 m,2500,2600,3400,2-5 m,13200,33000,31900,base,,0,0,0,0,270,137,123,68,260,96,86,47,220,77,69,38,0.040/0.100/0.200 ha,
sahjanwa,Sahjanwa,03-08-2016,172,1157,नेवास तप्पा औरंगाबाद,हसनपुर मगहर,ग्रामीण क्षेत्र,2200,upto 2 m,2800,3000,3400,2-5 m,13200,33000,31900,base,,0,0,0,0,320,137,123,68,310,96,86,47,220,77,69,38,0.040/0.100/0.200 ha,
sahjanwa,Sahjanwa,03-08-2016,173,1158,नेवास तप्पा रेट,हसनपुर मगहर,ग्रामीण क्षेत्र,4100,upto 2 m,7400,7500,9200,2-5 m,19800,19800,18700,base,,0,0,0,0,780,316,247,82,770,221,172,57,410,177,138,46,0.040/0.100/0.200 ha,
sahjanwa,Sahjanwa,03-08-2016,174,1159,नन्दापार,भौवापार,ग्रामीण क्षेत्र,2400,upto 2 m,3300,3400,4200,2-5 m,13200,33000,31900,base,,0,0,0,0,350,165,125,82,340,106,96,57,240,92,77,46,0.040/0.100/0.200 ha,
sahjanwa,Sahjanwa,03-08-2016,175,1160,नगवां,भौवापार,ग्रामीण क्षेत्र,3400,upto 2 m,3300,3400,4200,2-5 m,13200,33000,31900,base,,0,0,0,0,350,206,165,82,340,144,115,57,340,115,108,46,0.040/0.100/0.200 ha,
sahjanwa,Sahjanwa,03-08-2016,176,1161,निवरहर,हसनपुर मगहर,ग्रामीण क्षेत्र,2200,upto 2 m,2500,2600,3400,2-5 m,13200,33000,31900,base,,0,0,0,0,270,137,123,68,260,96,86,47,220,77,69,38,0.040/0.100/0.200 ha,
sahjanwa,Sahjanwa,03-08-2016,177,1162,पिपरही,हसनपुर मगहर,ग्रामीण क्षेत्र,1500,upto 2 m,2400,2500,3000,2-5 m,13200,33000,31900,base,,0,0,0,0,260,110,82,55,250,77,57,38,150,55,46,31,0.040/0.100/0.200 ha,"agri: link_d 78 > link_c 57 as printed (systematic) | agri link_d printed 78, corrected to 38 per AIG Registration order 09.01.2017 printed in the list"
sahjanwa,Sahjanwa,03-08-2016,178,1163,पिपरी,हसनपुर मगहर,ग्रामीण क्षेत्र,1500,upto 2 m,2400,2500,3000,2-5 m,13200,33000,31900,base,,0,0,0,0,260,110,82,55,250,77,57,38,150,55,46,31,0.040/0.100/0.200 ha,"agri: link_d 78 > link_c 57 as printed (systematic) | agri link_d printed 78, corrected to 38 per AIG Registration order 09.01.2017 printed in the list"
sahjanwa,Sahjanwa,03-08-2016,179,1164,पिपरा तप्पा सुरस,हसनपुर मगहर,ग्रामीण क्षेत्र,1500,upto 2 m,2400,2500,3100,2-5 m,13200,33000,31900,base,,0,0,0,0,260,110,82,55,250,77,57,38,150,55,46,31,0.040/0.100/0.200 ha,"agri: link_d 78 > link_c 57 as printed (systematic) | agri link_d printed 78, corrected to 38 per AIG Registration order 09.01.2017 printed in the list"
sahjanwa,Sahjanwa,03-08-2016,180,0035,पिपरा,वार्ड न0-10,अर्धनगरीय,5400,upto 2 m,9100,9200,13000,2-5 m,13200,33000,31900,base,,1600,515,453,123,960,343,282,82,950,240,211,57,540,192,169,46,0.040/0.100/0.200 ha,comm: अर्धनगरीय but rural-level rates printed (13200/33000/31900); verified on scan
sahjanwa,Sahjanwa,03-08-2016,181,1166,पिपरौली खुर्द,भौवापार,ग्रामीण क्षेत्र,4100,upto 2 m,7400,7500,9200,2-5 m,19800,19800,18700,base,,0,0,0,0,780,316,247,82,770,221,172,57,410,177,138,46,0.040/0.100/0.200 ha,
sahjanwa,Sahjanwa,03-08-2016,182,1167,पिपरौली बुजुर्ग,हसनपुर मगहर,ग्रामीण क्षेत्र,4100,upto 2 m,7400,7500,9200,2-5 m,19800,19800,18700,base,,0,0,0,0,780,316,247,82,770,221,172,57,410,177,138,46,0.040/0.100/0.200 ha,
sahjanwa,Sahjanwa,03-08-2016,183,1168,पकड़ी,हसनपुर मगहर,ग्रामीण क्षेत्र,2400,upto 2 m,2800,3000,3400,2-5 m,13200,33000,31900,base,,0,0,0,0,320,137,123,68,310,96,86,47,240,77,69,38,0.040/0.100/0.200 ha,
sahjanwa,Sahjanwa,03-08-2016,184,1169,पट्टी धरमदास,हसनपुर मगहर,ग्रामीण क्षेत्र,1500,upto 2 m,2400,2500,3000,2-5 m,13200,33000,31900,base,,0,0,0,0,260,110,82,55,250,77,57,38,150,55,46,31,0.040/0.100/0.200 ha,"agri: link_d 78 > link_c 57 as printed (systematic) | agri link_d printed 78, corrected to 38 per AIG Registration order 09.01.2017 printed in the list"
sahjanwa,Sahjanwa,03-08-2016,185,1170,पनिका,हसनपुर मगहर,ग्रामीण क्षेत्र,1500,upto 2 m,2400,2500,3000,2-5 m,13200,33000,31900,base,,0,0,0,0,260,110,82,55,250,77,57,38,150,55,46,31,0.040/0.100/0.200 ha,"agri: link_d 78 > link_c 57 as printed (systematic) | agri link_d printed 78, corrected to 38 per AIG Registration order 09.01.2017 printed in the list"
sahjanwa,Sahjanwa,03-08-2016,186,1171,परमेश्वरपुर,हसनपुर मगहर,ग्रामीण क्षेत्र,2200,upto 2 m,2500,2600,3400,2-5 m,13200,33000,31900,base,,0,0,0,0,270,137,123,68,260,96,86,47,220,77,69,38,0.040/0.100/0.200 ha,
sahjanwa,Sahjanwa,03-08-2016,187,1172,परसाडाड,भौवापार,ग्रामीण क्षेत्र,2200,upto 2 m,2400,2500,3400,2-5 m,13200,33000,31900,base,,0,0,0,0,260,137,123,68,250,96,86,47,220,77,69,38,0.040/0.100/0.200 ha,
sahjanwa,Sahjanwa,03-08-2016,188,1173,पाली,हसनपुर मगहर,ग्रामीण क्षेत्र,2200,upto 2 m,2400,2500,3400,2-5 m,13200,33000,31900,base,,0,0,0,0,260,137,123,68,250,96,86,47,220,77,69,38,0.040/0.100/0.200 ha,
sahjanwa,Sahjanwa,03-08-2016,189,1174,पुण्डा,हसनपुर मगहर,ग्रामीण क्षेत्र,1500,upto 2 m,2400,2500,3000,2-5 m,13200,33000,31900,base,,0,0,0,0,260,110,82,55,250,77,57,38,150,55,46,31,0.040/0.100/0.200 ha,"agri: link_d printed 78; order dated 09.01.2017 (PDF p95) says 78 in col 16 is a typo for 38 | agri link_d printed 78, corrected to 38 per AIG Registration order 09.01.2017 printed in the list"
sahjanwa,Sahjanwa,03-08-2016,190,1175,पतेड़,हसनपुर मगहर,ग्रामीण क्षेत्र,1500,upto 2 m,2400,2500,3000,2-5 m,13200,33000,31900,base,,0,0,0,0,260,110,82,55,250,77,57,38,150,55,46,31,0.040/0.100/0.200 ha,"agri: link_d printed 78; order dated 09.01.2017 (PDF p95) says 78 in col 16 is a typo for 38 | agri link_d printed 78, corrected to 38 per AIG Registration order 09.01.2017 printed in the list"
sahjanwa,Sahjanwa,03-08-2016,191,0036,पटखौली,वार्ड न0-13,अर्धनगरीय,4100,upto 2 m,7400,7500,9200,2-5 m,19800,19800,18700,base,,0,0,0,0,780,316,247,82,770,221,172,57,410,177,169,46,0.040/0.100/0.200 ha,
sahjanwa,Sahjanwa,03-08-2016,192,1176,पल्हुआपार,हसनपुर मगहर,ग्रामीण क्षेत्र,1500,upto 2 m,2400,2500,3000,2-5 m,13200,33000,31900,base,,0,0,0,0,260,110,82,55,250,77,57,38,150,55,46,31,0.040/0.100/0.200 ha,"agri: link_d printed 78; order dated 09.01.2017 (PDF p95) says 78 in col 16 is a typo for 38 | agri link_d printed 78, corrected to 38 per AIG Registration order 09.01.2017 printed in the list"
sahjanwa,Sahjanwa,03-08-2016,193,1177,प्रानपुर,हसनपुर मगहर,ग्रामीण क्षेत्र,1500,upto 2 m,2400,2500,3000,2-5 m,13200,33000,31900,base,,0,0,0,0,260,110,82,55,250,77,57,38,150,55,46,31,0.040/0.100/0.200 ha,"agri: link_d printed 78; order dated 09.01.2017 (PDF p95) says 78 in col 16 is a typo for 38 | agri link_d printed 78, corrected to 38 per AIG Registration order 09.01.2017 printed in the list"
sahjanwa,Sahjanwa,03-08-2016,194,1178,फरसाडॉड,हसनपुर मगहर,ग्रामीण क्षेत्र,1500,upto 2 m,2400,2500,3000,2-5 m,13200,33000,31900,base,,0,0,0,0,260,110,82,55,250,77,57,38,150,55,46,31,0.040/0.100/0.200 ha,"agri: link_d printed 78; order dated 09.01.2017 (PDF p95) says 78 in col 16 is a typo for 38 | agri link_d printed 78, corrected to 38 per AIG Registration order 09.01.2017 printed in the list"
sahjanwa,Sahjanwa,03-08-2016,195,1179,बघौडा,हसनपुर मगहर,ग्रामीण क्षेत्र,1500,upto 2 m,2400,2500,3000,2-5 m,13200,33000,31900,base,,0,0,0,0,260,110,82,55,250,77,57,38,150,55,46,31,0.040/0.100/0.200 ha,"agri: link_d printed 78; order dated 09.01.2017 (PDF p95) says 78 in col 16 is a typo for 38 | agri link_d printed 78, corrected to 38 per AIG Registration order 09.01.2017 printed in the list"
sahjanwa,Sahjanwa,03-08-2016,196,1180,बढ़नी,हसनपुर मगहर,ग्रामीण क्षेत्र,1500,upto 2 m,2400,2500,3000,2-5 m,13200,33000,31900,base,,0,0,0,0,260,110,82,55,250,77,57,38,150,55,46,31,0.040/0.100/0.200 ha,"agri: link_d printed 78; order dated 09.01.2017 (PDF p95) says 78 in col 16 is a typo for 38 | agri link_d printed 78, corrected to 38 per AIG Registration order 09.01.2017 printed in the list"
sahjanwa,Sahjanwa,03-08-2016,197,1181,बंगलाखोर,हसनपुर मगहर,ग्रामीण क्षेत्र,1500,upto 2 m,2400,2500,3000,2-5 m,13200,33000,31900,base,,0,0,0,0,260,110,82,55,250,77,57,38,150,55,46,31,0.040/0.100/0.200 ha,"agri: link_d printed 78; order dated 09.01.2017 (PDF p95) says 78 in col 16 is a typo for 38 | agri link_d printed 78, corrected to 38 per AIG Registration order 09.01.2017 printed in the list"
sahjanwa,Sahjanwa,03-08-2016,198,1182,बसिया,हसनपुर मगहर,ग्रामीण क्षेत्र,1500,upto 2 m,2400,2500,3000,2-5 m,13200,33000,31900,base,,0,0,0,0,260,110,82,55,250,77,57,38,150,55,46,31,0.040/0.100/0.200 ha,"agri: link_d printed 78; order dated 09.01.2017 (PDF p95) says 78 in col 16 is a typo for 38 | agri link_d printed 78, corrected to 38 per AIG Registration order 09.01.2017 printed in the list"
sahjanwa,Sahjanwa,03-08-2016,199,1183,बहादुरपुर,हसनपुर मगहर,ग्रामीण क्षेत्र,1500,upto 2 m,2400,2500,3000,2-5 m,13200,33000,31900,base,,0,0,0,0,260,110,82,55,250,77,57,38,150,55,46,31,0.040/0.100/0.200 ha,"agri: link_d printed 78; order dated 09.01.2017 (PDF p95) says 78 in col 16 is a typo for 38 | agri link_d printed 78, corrected to 38 per AIG Registration order 09.01.2017 printed in the list"
sahjanwa,Sahjanwa,03-08-2016,200,1184,बरईपार,हसनपुर मगहर,ग्रामीण क्षेत्र,2400,upto 2 m,3300,3400,4200,2-5 m,13200,33000,31900,base,,0,0,0,0,350,137,123,68,340,115,96,47,240,92,77,38,0.040/0.100/0.200 ha,
sahjanwa,Sahjanwa,03-08-2016,201,1185,बरईपार तेतरिया,हसनपुर मगहर,ग्रामीण क्षेत्र,1500,upto 2 m,2400,2500,3000,2-5 m,13200,33000,31900,base,,0,0,0,0,260,110,82,55,250,77,57,38,150,55,46,31,0.040/0.100/0.200 ha,"agri: link_d printed 78; order dated 09.01.2017 (PDF p95) says 78 in col 16 is a typo for 38 | agri link_d printed 78, corrected to 38 per AIG Registration order 09.01.2017 printed in the list"
sahjanwa,Sahjanwa,03-08-2016,202,1186,बरसिहा,हसनपुर मगहर,ग्रामीण क्षेत्र,1500,upto 2 m,2400,2500,3000,2-5 m,13200,33000,31900,base,,0,0,0,0,260,110,82,55,250,77,57,38,150,55,46,31,0.040/0.100/0.200 ha,"agri: link_d printed 78; order dated 09.01.2017 (PDF p95) says 78 in col 16 is a typo for 38 | agri link_d printed 78, corrected to 38 per AIG Registration order 09.01.2017 printed in the list"
sahjanwa,Sahjanwa,03-08-2016,203,1187,बरहुंआ,भौवापार,ग्रामीण क्षेत्र,4100,upto 2 m,7400,7500,9200,2-5 m,19800,19800,18700,base,,960,474,426,123,780,316,247,82,770,221,172,57,410,177,138,46,0.040/0.100/0.200 ha,
sahjanwa,Sahjanwa,03-08-2016,204,1188,बरौली,हसनपुर मगहर,ग्रामीण क्षेत्र,3800,upto 2 m,2500,2600,3400,2-5 m,13200,33000,31900,base,,0,0,0,0,270,137,123,68,260,96,86,47,380,77,69,38,0.040/0.100/0.200 ha,agri: other_a 380 exceeds dist_a/link_a (verified as printed)
sahjanwa,Sahjanwa,03-08-2016,205,1189,बरवार बुजुर्ग,भौवापार,ग्रामीण क्षेत्र,4100,upto 2 m,7400,7500,9200,2-5 m,19800,19800,18700,base,,960,474,426,123,780,316,247,82,770,221,172,57,410,177,138,46,0.040/0.100/0.200 ha,
sahjanwa,Sahjanwa,03-08-2016,206,1190,बरवलमाफी,भौवापार,ग्रामीण क्षेत्र,1500,upto 2 m,2400,2500,3400,2-5 m,13200,33000,31900,base,,0,0,0,0,260,137,123,68,250,96,86,47,150,77,69,38,0.040/0.100/0.200 ha,
sahjanwa,Sahjanwa,03-08-2016,207,1191,बिकौरा,हसनपुर मगहर,ग्रामीण क्षेत्र,2200,upto 2 m,2800,3000,3400,2-5 m,13200,33000,31900,base,,0,0,0,0,320,137,123,68,310,96,86,47,220,77,69,38,0.040/0.100/0.200 ha,
sahjanwa,Sahjanwa,03-08-2016,208,1192,बरडाड़,हसनपुर मगहर,ग्रामीण क्षेत्र,2300,upto 2 m,3300,3400,4200,2-5 m,13200,33000,31900,base,,0,0,0,0,350,137,123,68,340,96,86,47,150,77,69,38,0.040/0.100/0.200 ha,agri: nh_d partly obscured by signature (reads 0)
sahjanwa,Sahjanwa,03-08-2016,209,1193,बाघनगर गोल्हिया,हसनपुर मगहर,ग्रामीण क्षेत्र,2300,upto 2 m,2400,2500,3000,2-5 m,13200,33000,31900,base,,0,0,0,0,260,110,82,55,250,77,57,38,230,55,46,31,0.040/0.100/0.200 ha,"agri: link_d printed 78; order dated 09.01.2017 (PDF p95) says 78 in col 16 is a typo for 38 | agri link_d printed 78, corrected to 38 per AIG Registration order 09.01.2017 printed in the list"
sahjanwa,Sahjanwa,03-08-2016,210,1194,बांसपार,भौवापार,ग्रामीण क्षेत्र,3400,upto 2 m,3300,3400,4200,2-5 m,13200,33000,31900,base,,0,0,0,0,340,137,123,82,330,96,86,57,340,77,69,46,0.040/0.100/0.200 ha,road: name poorly printed (बांसपार?) | agri: other_a 340 exceeds link_a 330 (as printed)
sahjanwa,Sahjanwa,03-08-2016,211,1195,बांहिलपार,हसनपुर मगहर,ग्रामीण क्षेत्र,2200,upto 2 m,2800,3000,3400,2-5 m,13200,33000,31900,base,,0,0,0,0,320,137,123,68,310,96,86,47,220,77,69,38,0.040/0.100/0.200 ha,road: name poorly printed (बाछिलपार?)
sahjanwa,Sahjanwa,03-08-2016,212,0037,बोक्टा,वार्ड न0-6,अर्धनगरीय,5400,upto 2 m,9100,9200,15400,2-5 m,27500,28000,25300,base,,1600,515,453,123,960,343,282,82,950,240,211,57,540,192,138,46,0.040/0.100/0.200 ha,road: name partly obscured by hand tick marks (बौक्टा?)
sahjanwa,Sahjanwa,03-08-2016,213,1196,बोगां,हसनपुर मगहर,ग्रामीण क्षेत्र,1500,upto 2 m,2400,2500,3000,2-5 m,13200,33000,31900,base,,0,0,0,0,260,110,82,55,250,77,57,38,150,55,46,31,0.040/0.100/0.200 ha,"agri: link_d printed 78; order dated 09.01.2017 (PDF p95) says 78 in col 16 is a typo for 38 | agri link_d printed 78, corrected to 38 per AIG Registration order 09.01.2017 printed in the list"
sahjanwa,Sahjanwa,03-08-2016,214,1197,बसन्तपुर,हसनपुर मगहर,ग्रामीण क्षेत्र,1700,upto 2 m,2400,2500,3000,2-5 m,13200,33000,31900,base,,0,0,0,0,260,110,82,55,250,77,57,38,150,55,46,31,0.040/0.100/0.200 ha,"agri: link_d printed 78; order dated 09.01.2017 (PDF p95) says 78 in col 16 is a typo for 38 | agri link_d printed 78, corrected to 38 per AIG Registration order 09.01.2017 printed in the list"
sahjanwa,Sahjanwa,03-08-2016,215,1198,बड़हाडूडा,हसनपुर मगहर,ग्रामीण क्षेत्र,1500,upto 2 m,2400,2500,3000,2-5 m,13200,33000,31900,base,,0,0,0,0,260,110,82,55,250,77,57,38,150,55,46,31,0.040/0.100/0.200 ha,"agri: link_d printed 78; order dated 09.01.2017 (PDF p95) says 78 in col 16 is a typo for 38 | agri link_d printed 78, corrected to 38 per AIG Registration order 09.01.2017 printed in the list"
sahjanwa,Sahjanwa,03-08-2016,216,1199,बड़गहन,भौवापार,ग्रामीण क्षेत्र,4100,upto 2 m,7400,7500,9200,2-5 m,19800,19800,18700,base,,960,474,331,123,780,316,247,82,770,221,172,57,410,177,138,46,0.040/0.100/0.200 ha,
sahjanwa,Sahjanwa,03-08-2016,217,1200,बड़गो,हसनपुर मगहर,ग्रामीण क्षेत्र,1500,upto 2 m,2400,2500,3000,2-5 m,13200,33000,31900,base,,0,0,0,0,260,110,82,55,250,77,57,38,150,55,46,31,0.040/0.100/0.200 ha,"agri: link_d printed 78; order dated 09.01.2017 (PDF p95) says 78 in col 16 is a typo for 38 | agri link_d printed 78, corrected to 38 per AIG Registration order 09.01.2017 printed in the list"
sahjanwa,Sahjanwa,03-08-2016,218,1201,बवड़रा,हसनपुर मगहर,ग्रामीण क्षेत्र,1500,upto 2 m,2400,2500,3000,2-5 m,13200,33000,31900,base,,0,0,0,0,260,110,82,55,250,77,57,38,150,55,46,31,0.040/0.100/0.200 ha,"agri: link_d printed 78; order dated 09.01.2017 (PDF p95) says 78 in col 16 is a typo for 38 | agri link_d printed 78, corrected to 38 per AIG Registration order 09.01.2017 printed in the list"
sahjanwa,Sahjanwa,03-08-2016,219,1202,बसुधा,भौवापार,ग्रामीण क्षेत्र,2400,upto 2 m,3300,3400,4200,2-5 m,13200,33000,31900,base,,0,0,0,0,340,165,123,82,330,115,86,57,240,92,69,46,0.040/0.100/0.200 ha,
sahjanwa,Sahjanwa,03-08-2016,220,1203,बुधना,हसनपुर मगहर,ग्रामीण क्षेत्र,2400,upto 2 m,2400,2500,3000,2-5 m,13200,33000,31900,base,,0,0,0,0,260,110,82,55,250,77,57,38,240,55,46,31,0.040/0.100/0.200 ha,"agri: link_d printed 78; order dated 09.01.2017 (PDF p95) says 78 in col 16 is a typo for 38 | agri link_d printed 78, corrected to 38 per AIG Registration order 09.01.2017 printed in the list"
sahjanwa,Sahjanwa,03-08-2016,221,1204,बुदहट,हसनपुर मगहर,ग्रामीण क्षेत्र,2400,upto 2 m,3300,3400,4200,2-5 m,13200,33000,31900,base,,0,0,0,0,340,137,123,68,330,96,86,47,240,77,69,38,0.040/0.100/0.200 ha,
sahjanwa,Sahjanwa,03-08-2016,222,1205,बेलहर,हसनपुर मगहर,ग्रामीण क्षेत्र,2200,upto 2 m,2400,2500,3000,2-5 m,13200,33000,31900,base,,0,0,0,0,260,110,82,55,250,77,57,38,220,55,46,31,0.040/0.100/0.200 ha,"agri: link_d printed 78; order dated 09.01.2017 (PDF p95) says 78 in col 16 is a typo for 38 | agri link_d printed 78, corrected to 38 per AIG Registration order 09.01.2017 printed in the list"
sahjanwa,Sahjanwa,03-08-2016,223,1206,बेलौरा,हसनपुर मगहर,ग्रामीण क्षेत्र,1500,upto 2 m,2400,2500,3400,2-5 m,13200,33000,31900,base,,0,0,0,0,260,137,123,68,250,96,86,47,150,77,69,38,0.040/0.100/0.200 ha,
sahjanwa,Sahjanwa,03-08-2016,224,1207,बेलवाडाड़ी,हसनपुर मगहर,ग्रामीण क्षेत्र,1500,upto 2 m,2400,2500,3000,2-5 m,13200,33000,31900,base,,0,0,0,0,260,110,82,55,250,77,57,38,150,55,46,31,0.040/0.100/0.200 ha,"agri: link_d printed 78; order dated 09.01.2017 (PDF p95) says 78 in col 16 is a typo for 38 | agri link_d printed 78, corrected to 38 per AIG Registration order 09.01.2017 printed in the list"
sahjanwa,Sahjanwa,03-08-2016,225,1208,बन्धुआ उर्फ बौरडीह,भौवापार,ग्रामीण क्षेत्र,1500,upto 2 m,2400,2500,3000,2-5 m,13200,33000,31900,base,,0,0,0,0,260,110,82,55,250,77,57,38,150,55,46,31,0.040/0.100/0.200 ha,"agri: link_d printed 78; order dated 09.01.2017 (PDF p95) says 78 in col 16 is a typo for 38 | agri link_d printed 78, corrected to 38 per AIG Registration order 09.01.2017 printed in the list"
sahjanwa,Sahjanwa,03-08-2016,226,1209,बनकटिया,हसनपुर मगहर,ग्रामीण क्षेत्र,1500,upto 2 m,2400,2500,3000,2-5 m,13200,33000,31900,base,,0,0,0,0,260,110,82,55,250,77,57,38,150,55,46,31,0.040/0.100/0.200 ha,"agri: link_d printed 78; order dated 09.01.2017 (PDF p95) says 78 in col 16 is a typo for 38 | agri link_d printed 78, corrected to 38 per AIG Registration order 09.01.2017 printed in the list"
sahjanwa,Sahjanwa,03-08-2016,227,1210,बनकटा,हसनपुर मगहर,ग्रामीण क्षेत्र,1500,upto 2 m,2400,2500,3000,2-5 m,13200,33000,31900,base,,0,0,0,0,260,110,82,55,250,77,57,38,150,55,46,31,0.040/0.100/0.200 ha,"road: V-code printed as 12010 (5 digits; likely 1210) | comm: V-code printed as 12010 (sequence suggests 1210) | agri: link_d printed 78; order dated 09.01.2017 (PDF p95) says 78 in col 16 is a typo for 38 | agri link_d printed 78, corrected to 38 per AIG Registration order 09.01.2017 printed in the list"
sahjanwa,Sahjanwa,03-08-2016,228,1211,बन्हैता,हसनपुर मगहर,ग्रामीण क्षेत्र,1500,upto 2 m,2400,2500,3000,2-5 m,13200,33000,31900,base,,0,0,0,0,260,110,82,55,250,77,57,38,150,55,46,31,0.040/0.100/0.200 ha,"agri: link_d printed 78; order dated 09.01.2017 (PDF p95) says 78 in col 16 is a typo for 38 | agri link_d printed 78, corrected to 38 per AIG Registration order 09.01.2017 printed in the list"
sahjanwa,Sahjanwa,03-08-2016,229,1213,बनोहिया,हसनपुर मगहर,ग्रामीण क्षेत्र,1500,upto 2 m,2400,2500,3000,2-5 m,13200,33000,31900,base,,0,0,0,0,260,110,82,55,250,77,57,38,150,55,46,31,0.040/0.100/0.200 ha,"agri: link_d printed 78; order dated 09.01.2017 (PDF p95) says 78 in col 16 is a typo for 38 | agri link_d printed 78, corrected to 38 per AIG Registration order 09.01.2017 printed in the list"
sahjanwa,Sahjanwa,03-08-2016,230,1214,बनौली,हसनपुर मगहर,ग्रामीण क्षेत्र,1500,upto 2 m,2400,2500,3000,2-5 m,13200,33000,31900,base,,0,0,0,0,260,110,82,55,250,77,57,38,150,55,46,31,0.040/0.100/0.200 ha,"agri: link_d printed 78; order dated 09.01.2017 (PDF p95) says 78 in col 16 is a typo for 38 | agri link_d printed 78, corrected to 38 per AIG Registration order 09.01.2017 printed in the list"
sahjanwa,Sahjanwa,03-08-2016,231,1215,बनगांवा,हसनपुर मगहर,ग्रामीण क्षेत्र,1700,upto 2 m,2500,2600,3400,2-5 m,13200,33000,31900,base,,0,0,0,0,260,137,123,68,260,96,86,47,170,77,69,38,0.040/0.100/0.200 ha,
sahjanwa,Sahjanwa,03-08-2016,232,1216,बरवार खुर्द,हसनपुर मगहर,ग्रामीण क्षेत्र,4100,upto 2 m,7700,7800,9600,2-5 m,13200,33000,31900,base,,960,474,426,123,780,316,247,82,770,221,172,57,410,177,138,46,0.040/0.100/0.200 ha,
sahjanwa,Sahjanwa,03-08-2016,233,1217,बनगांवा तप्पा भरसाड़,हसनपुर मगहर,ग्रामीण क्षेत्र,2400,upto 2 m,2500,2600,3400,2-5 m,13200,33000,31900,base,,0,0,0,0,310,250,240,82,260,221,172,57,240,177,138,46,0.040/0.100/0.200 ha,"agri: unusual pattern: dist_b 250/dist_c 240 high, link_a 260 < dist_a (as printed)"
sahjanwa,Sahjanwa,03-08-2016,234,1218,बलुआ मंझरिया,हसनपुर मगहर,ग्रामीण क्षेत्र,1500,upto 2 m,2400,2500,3000,2-5 m,13200,33000,31900,base,,0,0,0,0,260,110,82,55,250,77,57,38,150,55,46,31,0.040/0.100/0.200 ha,"agri: link_d printed 78; order dated 09.01.2017 (PDF p95) says 78 in col 16 is a typo for 38 | agri link_d printed 78, corrected to 38 per AIG Registration order 09.01.2017 printed in the list"
sahjanwa,Sahjanwa,03-08-2016,235,1219,बिड़ार,हसनपुर मगहर,ग्रामीण क्षेत्र,1500,upto 2 m,2400,2500,3000,2-5 m,13200,33000,31900,base,,0,0,0,0,260,110,82,55,250,77,57,38,150,55,46,31,0.040/0.100/0.200 ha,"agri: link_d printed 78; order dated 09.01.2017 (PDF p95) says 78 in col 16 is a typo for 38 | agri link_d printed 78, corrected to 38 per AIG Registration order 09.01.2017 printed in the list"
sahjanwa,Sahjanwa,03-08-2016,236,1220,भटवल,हसनपुर मगहर,ग्रामीण क्षेत्र,1500,upto 2 m,2400,2500,3000,2-5 m,13200,33000,31900,base,,0,0,0,0,260,110,82,55,250,77,57,38,150,55,46,31,0.040/0.100/0.200 ha,"agri: link_d printed 78; order dated 09.01.2017 (PDF p95) says 78 in col 16 is a typo for 38 | agri link_d printed 78, corrected to 38 per AIG Registration order 09.01.2017 printed in the list"
sahjanwa,Sahjanwa,03-08-2016,237,1221,भीमापार,हसनपुर मगहर,ग्रामीण क्षेत्र,1500,upto 2 m,2400,2500,3000,2-5 m,13200,33000,31900,base,,0,0,0,0,260,110,82,55,250,77,57,38,150,55,46,31,0.040/0.100/0.200 ha,"agri: link_d printed 78; order dated 09.01.2017 (PDF p95) says 78 in col 16 is a typo for 38 | agri link_d printed 78, corrected to 38 per AIG Registration order 09.01.2017 printed in the list"
sahjanwa,Sahjanwa,03-08-2016,238,1222,भीटी,भौवापार,ग्रामीण क्षेत्र,3800,upto 2 m,2400,2500,3000,2-5 m,13200,33000,31900,base,,0,0,0,0,260,110,82,55,250,77,57,38,380,55,46,31,0.040/0.100/0.200 ha,"agri: other_a 380 exceeds dist_a/link_a (verified at 350dpi); link_d printed 78; order dated 09.01.2017 (PDF p95) says 78 in col 16 is a typo for 38 | agri link_d printed 78, corrected to 38 per AIG Registration order 09.01.2017 printed in the list"
sahjanwa,Sahjanwa,03-08-2016,239,1223,भीटीरावत,हसनपुर मगहर,ग्रामीण क्षेत्र,4100,upto 2 m,7400,7500,9200,2-5 m,19800,19800,18700,base,,960,474,337,123,780,316,247,82,770,221,172,57,410,177,138,46,0.040/0.100/0.200 ha,
sahjanwa,Sahjanwa,03-08-2016,240,1224,भपसा,हसनपुर मगहर,ग्रामीण क्षेत्र,2400,upto 2 m,2800,3000,3400,2-5 m,13200,33000,31900,base,,0,0,0,0,320,137,123,68,310,96,86,47,240,77,69,38,0.040/0.100/0.200 ha,
sahjanwa,Sahjanwa,03-08-2016,241,1225,भरपही,हसनपुर मगहर,ग्रामीण क्षेत्र,1700,upto 2 m,2500,2600,3400,2-5 m,13200,33000,31900,base,,0,0,0,0,270,137,123,68,260,96,86,47,170,77,69,38,0.040/0.100/0.200 ha,
sahjanwa,Sahjanwa,03-08-2016,242,1226,भरोहिया,हसनपुर मगहर,ग्रामीण क्षेत्र,1500,upto 2 m,2400,2500,3000,2-5 m,13200,33000,31900,base,,0,0,0,0,260,110,82,55,250,77,57,38,150,55,46,31,0.040/0.100/0.200 ha,"agri: link_d printed 78; order dated 09.01.2017 (PDF p95) says 78 in col 16 is a typo for 38 | agri link_d printed 78, corrected to 38 per AIG Registration order 09.01.2017 printed in the list"
sahjanwa,Sahjanwa,03-08-2016,243,1227,भर्राकाछ,हसनपुर मगहर,ग्रामीण क्षेत्र,1500,upto 2 m,2400,2500,3000,2-5 m,13200,33000,31900,base,,0,0,0,0,260,110,82,55,250,77,57,38,150,55,46,31,0.040/0.100/0.200 ha,"agri: link_d printed 78; order dated 09.01.2017 (PDF p95) says 78 in col 16 is a typo for 38 | agri link_d printed 78, corrected to 38 per AIG Registration order 09.01.2017 printed in the list"
sahjanwa,Sahjanwa,03-08-2016,244,1228,भरसाड़,हसनपुर मगहर,ग्रामीण क्षेत्र,2400,upto 2 m,2800,3000,3400,2-5 m,13200,33000,31900,base,,0,0,0,0,270,137,123,68,260,96,86,47,240,77,69,38,0.040/0.100/0.200 ha,
sahjanwa,Sahjanwa,03-08-2016,245,1229,भरवल,हसनपुर मगहर,ग्रामीण क्षेत्र,2200,upto 2 m,2400,2500,3400,2-5 m,13200,33000,31900,base,,0,0,0,0,260,110,82,55,250,77,57,38,220,55,46,31,0.040/0.100/0.200 ha,"agri: link_d printed 78; order dated 09.01.2017 (PDF p95) says 78 in col 16 is a typo for 38 | agri link_d printed 78, corrected to 38 per AIG Registration order 09.01.2017 printed in the list"
sahjanwa,Sahjanwa,03-08-2016,246,1230,भरवल तप्पा- रेट,भौवापार,ग्रामीण क्षेत्र,2200,upto 2 m,2400,2500,3400,2-5 m,13200,33000,31900,base,,0,0,0,0,260,110,82,55,250,77,57,38,220,55,46,31,0.040/0.100/0.200 ha,"agri: link_d printed 78; order dated 09.01.2017 (PDF p95) says 78 in col 16 is a typo for 38 | agri link_d printed 78, corrected to 38 per AIG Registration order 09.01.2017 printed in the list"
sahjanwa,Sahjanwa,03-08-2016,247,1231,भक्सा,हसनपुर मगहर,ग्रामीण क्षेत्र,2200,upto 2 m,2400,2500,3400,2-5 m,13200,33000,31900,base,,0,0,0,0,260,110,82,55,250,77,57,38,220,55,46,31,0.040/0.100/0.200 ha,"agri: link_d printed 78; order dated 09.01.2017 (PDF p95) says 78 in col 16 is a typo for 38 | agri link_d printed 78, corrected to 38 per AIG Registration order 09.01.2017 printed in the list"
sahjanwa,Sahjanwa,03-08-2016,248,1232,भुआ शहीद,हसनपुर मगहर,ग्रामीण क्षेत्र,1500,upto 2 m,2400,2500,3000,2-5 m,13200,33000,31900,base,,0,0,0,0,260,110,82,55,250,77,57,38,150,55,46,31,0.040/0.100/0.200 ha,"agri: link_d printed 78; order dated 09.01.2017 (PDF p95) says 78 in col 16 is a typo for 38 | agri link_d printed 78, corrected to 38 per AIG Registration order 09.01.2017 printed in the list"
sahjanwa,Sahjanwa,03-08-2016,249,1233,भैंसला,हसनपुर मगहर,ग्रामीण क्षेत्र,1500,upto 2 m,2400,2500,3000,2-5 m,13200,33000,31900,base,,0,0,0,0,260,110,82,55,250,77,57,38,150,55,46,31,0.040/0.100/0.200 ha,"agri: link_d printed 78; order dated 09.01.2017 (PDF p95) says 78 in col 16 is a typo for 38 | agri link_d printed 78, corrected to 38 per AIG Registration order 09.01.2017 printed in the list"
sahjanwa,Sahjanwa,03-08-2016,250,1234,भदेसरी,हसनपुर मगहर,ग्रामीण क्षेत्र,1500,upto 2 m,2400,2500,3000,2-5 m,13200,33000,31900,base,,0,0,0,0,260,110,82,55,250,77,57,38,150,55,46,31,0.040/0.100/0.200 ha,"agri: link_d printed 78; order dated 09.01.2017 (PDF p95) says 78 in col 16 is a typo for 38 | agri link_d printed 78, corrected to 38 per AIG Registration order 09.01.2017 printed in the list"
sahjanwa,Sahjanwa,03-08-2016,251,1235,भेलउर उर्फ डढ़ौली,हसनपुर मगहर,ग्रामीण क्षेत्र,1500,upto 2 m,2400,2500,3000,2-5 m,13200,33000,31900,base,,0,0,0,0,260,110,82,55,250,77,57,38,150,55,46,31,0.040/0.100/0.200 ha,"agri: link_d printed 78; order dated 09.01.2017 (PDF p95) says 78 in col 16 is a typo for 38 | agri link_d printed 78, corrected to 38 per AIG Registration order 09.01.2017 printed in the list"
sahjanwa,Sahjanwa,03-08-2016,252,1236,भगौरा,हसनपुर मगहर,ग्रामीण क्षेत्र,4100,upto 2 m,7400,7500,9200,2-5 m,19800,19800,18700,base,,0,0,0,0,780,316,247,82,770,221,172,57,410,177,138,46,0.040/0.100/0.200 ha,
sahjanwa,Sahjanwa,03-08-2016,253,1237,भगवानपुर,हसनपुर मगहर,ग्रामीण क्षेत्र,1500,upto 2 m,2400,2500,3000,2-5 m,13200,33000,31900,base,,0,0,0,0,260,110,82,55,250,77,57,38,150,55,46,31,0.040/0.100/0.200 ha,"agri: link_d printed 78; order dated 09.01.2017 (PDF p95) says 78 in col 16 is a typo for 38 | agri link_d printed 78, corrected to 38 per AIG Registration order 09.01.2017 printed in the list"
sahjanwa,Sahjanwa,03-08-2016,254,1238,भगवानपुर तप्पा रेट,भौवापार,ग्रामीण क्षेत्र,2400,upto 2 m,2800,3000,3400,2-5 m,13200,33000,31900,base,,0,0,0,0,300,137,123,68,280,96,86,47,240,77,69,38,0.040/0.100/0.200 ha,
sahjanwa,Sahjanwa,03-08-2016,255,1239,भिखरा,हसनपुर मगहर,ग्रामीण क्षेत्र,1500,upto 2 m,2400,2500,3000,2-5 m,13200,33000,31900,base,,0,0,0,0,260,110,82,55,250,77,57,38,150,55,46,31,0.040/0.100/0.200 ha,"agri: link_d printed 78; order dated 09.01.2017 (PDF p95) says 78 in col 16 is a typo for 38 | agri link_d printed 78, corrected to 38 per AIG Registration order 09.01.2017 printed in the list"
sahjanwa,Sahjanwa,03-08-2016,256,1240,भिटहा,हसनपुर मगहर,ग्रामीण क्षेत्र,1500,upto 2 m,2400,2500,3000,2-5 m,13200,33000,31900,base,,0,0,0,0,260,110,82,55,250,77,57,38,150,55,46,31,0.040/0.100/0.200 ha,"agri: link_d printed 78; order dated 09.01.2017 (PDF p95) says 78 in col 16 is a typo for 38 | agri link_d printed 78, corrected to 38 per AIG Registration order 09.01.2017 printed in the list"
sahjanwa,Sahjanwa,03-08-2016,257,1241,भिटनी,हसनपुर मगहर,ग्रामीण क्षेत्र,2200,upto 2 m,2400,2500,3400,2-5 m,13200,33000,31900,base,,0,0,0,0,260,137,123,68,250,96,86,47,220,77,69,38,0.040/0.100/0.200 ha,comm: shop_single_land partly under signature (reads 13200)
sahjanwa,Sahjanwa,03-08-2016,258,1242,मधुवनडाड़ी,हसनपुर मगहर,ग्रामीण क्षेत्र,1500,upto 2 m,2400,2500,3000,2-5 m,13200,33000,31900,base,,0,0,0,0,260,110,82,55,250,77,57,38,150,55,46,31,0.040/0.100/0.200 ha,"agri: link_d printed 78; order dated 09.01.2017 (PDF p95) says 78 in col 16 is a typo for 38 | agri link_d printed 78, corrected to 38 per AIG Registration order 09.01.2017 printed in the list"
sahjanwa,Sahjanwa,03-08-2016,259,1243,मदुई,हसनपुर मगहर,ग्रामीण क्षेत्र,1500,upto 2 m,2400,2500,3000,2-5 m,13200,33000,31900,base,,0,0,0,0,260,110,82,55,250,77,57,38,150,55,46,31,0.040/0.100/0.200 ha,"agri: link_d printed 78; order dated 09.01.2017 (PDF p95) says 78 in col 16 is a typo for 38 | agri link_d printed 78, corrected to 38 per AIG Registration order 09.01.2017 printed in the list"
sahjanwa,Sahjanwa,03-08-2016,260,1244,मझौरा,हसनपुर मगहर,ग्रामीण क्षेत्र,1500,upto 2 m,2400,2500,3000,2-5 m,13200,33000,31900,base,,0,0,0,0,260,110,82,55,250,77,57,38,150,55,46,31,0.040/0.100/0.200 ha,"agri: link_d printed 78; order dated 09.01.2017 (PDF p95) says 78 in col 16 is a typo for 38 | agri link_d printed 78, corrected to 38 per AIG Registration order 09.01.2017 printed in the list"
sahjanwa,Sahjanwa,03-08-2016,261,1245,मझवा,हसनपुर मगहर,ग्रामीण क्षेत्र,1500,upto 2 m,2400,2500,3000,2-5 m,13200,33000,31900,base,,0,0,0,0,260,110,82,55,250,77,57,38,150,55,46,31,0.040/0.100/0.200 ha,"agri: link_d printed 78; order dated 09.01.2017 (PDF p95) says 78 in col 16 is a typo for 38 | agri link_d printed 78, corrected to 38 per AIG Registration order 09.01.2017 printed in the list"
sahjanwa,Sahjanwa,03-08-2016,262,1246,मंझरिया त0-पचौरी,हसनपुर मगहर,ग्रामीण क्षेत्र,1500,upto 2 m,2400,2500,3000,2-5 m,13200,33000,31900,base,,0,0,0,0,260,110,82,55,250,77,57,38,150,55,46,31,0.040/0.100/0.200 ha,"agri: link_d printed 78; order dated 09.01.2017 (PDF p95) says 78 in col 16 is a typo for 38 | agri link_d printed 78, corrected to 38 per AIG Registration order 09.01.2017 printed in the list"
sahjanwa,Sahjanwa,03-08-2016,263,1247,मेहरूकुण्डल,हसनपुर मगहर,ग्रामीण क्षेत्र,1500,upto 2 m,2400,2500,3000,2-5 m,13200,33000,31900,base,,0,0,0,0,260,110,82,55,250,77,57,38,150,55,46,31,0.040/0.100/0.200 ha,"agri: link_d printed 78; order dated 09.01.2017 (PDF p95) says 78 in col 16 is a typo for 38 | agri link_d printed 78, corrected to 38 per AIG Registration order 09.01.2017 printed in the list"
sahjanwa,Sahjanwa,03-08-2016,264,1248,मंझरिया त0 उ0ह0,हसनपुर मगहर,ग्रामीण क्षेत्र,4100,upto 2 m,7400,7500,9200,2-5 m,13200,33000,31900,base,,0,0,0,0,780,316,247,68,770,221,172,47,410,177,138,46,0.040/0.100/0.200 ha,road: first digit of r2to5 overlapped by signature; read 7400
sahjanwa,Sahjanwa,03-08-2016,265,1249,मंझरिया खुर्द,हसनपुर मगहर,ग्रामीण क्षेत्र,1500,upto 2 m,2400,2500,3000,2-5 m,13200,33000,31900,base,,0,0,0,0,260,110,82,55,250,77,57,38,150,55,46,31,0.040/0.100/0.200 ha,"agri: link_d printed 78; order dated 09.01.2017 (PDF p95) says 78 in col 16 is a typo for 38 | agri link_d printed 78, corrected to 38 per AIG Registration order 09.01.2017 printed in the list"
sahjanwa,Sahjanwa,03-08-2016,266,1250,मंझरिया महाजी,हसनपुर मगहर,ग्रामीण क्षेत्र,1500,upto 2 m,2400,2500,3000,2-5 m,13200,33000,31900,base,,0,0,0,0,260,110,82,55,250,77,57,38,150,55,46,31,0.040/0.100/0.200 ha,"agri: link_d printed 78; order dated 09.01.2017 (PDF p95) says 78 in col 16 is a typo for 38 | agri link_d printed 78, corrected to 38 per AIG Registration order 09.01.2017 printed in the list"
sahjanwa,Sahjanwa,03-08-2016,267,1251,मंझरिया माफी,हसनपुर मगहर,ग्रामीण क्षेत्र,2200,upto 2 m,2800,3000,3400,2-5 m,13200,33000,31900,base,,0,0,0,0,320,137,123,68,310,96,86,47,220,77,69,38,0.040/0.100/0.200 ha,
sahjanwa,Sahjanwa,03-08-2016,268,1252,मंझरिया तौफिर,हसनपुर मगहर,ग्रामीण क्षेत्र,1500,upto 2 m,2400,2500,3000,2-5 m,13200,33000,31900,base,,0,0,0,0,260,110,82,55,250,77,57,38,150,55,46,31,0.040/0.100/0.200 ha,"agri: link_d printed 78; order dated 09.01.2017 (PDF p95) says 78 in col 16 is a typo for 38 | agri link_d printed 78, corrected to 38 per AIG Registration order 09.01.2017 printed in the list"
sahjanwa,Sahjanwa,03-08-2016,269,1253,मंझरियां,भौवापार,ग्रामीण क्षेत्र,1500,upto 2 m,2400,2500,3000,2-5 m,13200,33000,31900,base,,0,0,0,0,260,110,82,55,250,77,57,38,150,55,46,31,0.040/0.100/0.200 ha,"agri: link_d printed 78; order dated 09.01.2017 (PDF p95) says 78 in col 16 is a typo for 38 | agri link_d printed 78, corrected to 38 per AIG Registration order 09.01.2017 printed in the list"
sahjanwa,Sahjanwa,03-08-2016,270,1254,मइला,हसनपुर मगहर,ग्रामीण क्षेत्र,1500,upto 2 m,2400,2500,3000,2-5 m,13200,33000,31900,base,,0,0,0,0,260,110,82,55,250,77,57,38,150,55,46,31,0.040/0.100/0.200 ha,"agri: link_d printed 78; order dated 09.01.2017 (PDF p95) says 78 in col 16 is a typo for 38 | agri link_d printed 78, corrected to 38 per AIG Registration order 09.01.2017 printed in the list"
sahjanwa,Sahjanwa,03-08-2016,271,1255,मकरहट,हसनपुर मगहर,ग्रामीण क्षेत्र,2200,upto 2 m,2400,2500,3400,2-5 m,13200,33000,31900,base,,0,0,0,0,260,137,123,68,250,96,86,47,220,77,69,38,0.040/0.100/0.200 ha,
sahjanwa,Sahjanwa,03-08-2016,272,1256,ममउर,हसनपुर मगहर,ग्रामीण क्षेत्र,1500,upto 2 m,2400,2500,3000,2-5 m,13200,33000,31900,base,,0,0,0,0,260,110,82,55,250,77,57,38,150,55,46,31,0.040/0.100/0.200 ha,"agri: link_d printed 78; order dated 09.01.2017 (PDF p95) says 78 in col 16 is a typo for 38 | agri link_d printed 78, corrected to 38 per AIG Registration order 09.01.2017 printed in the list"
sahjanwa,Sahjanwa,03-08-2016,273,1257,मटियरा,हसनपुर मगहर,ग्रामीण क्षेत्र,2200,upto 2 m,2400,2500,3400,2-5 m,13200,33000,31900,base,,0,0,0,0,260,137,123,68,250,96,86,47,220,77,69,38,0.040/0.100/0.200 ha,
sahjanwa,Sahjanwa,03-08-2016,274,1258,मटियारी,हसनपुर मगहर,ग्रामीण क्षेत्र,2200,upto 2 m,2400,2500,3400,2-5 m,13200,33000,31900,base,,0,0,0,0,260,137,123,68,250,96,86,47,220,77,69,38,0.040/0.100/0.200 ha,
sahjanwa,Sahjanwa,03-08-2016,275,1259,महरावारी,हसनपुर मगहर,ग्रामीण क्षेत्र,2200,upto 2 m,2500,2600,3400,2-5 m,13200,33000,31900,base,,0,0,0,0,270,137,123,68,260,96,86,47,220,77,69,38,0.040/0.100/0.200 ha,
sahjanwa,Sahjanwa,03-08-2016,276,1260,महुआपार,हसनपुर मगहर,ग्रामीण क्षेत्र,1500,upto 2 m,2400,2500,3000,2-5 m,13200,33000,31900,base,,0,0,0,0,260,110,82,55,250,77,57,38,150,55,46,31,0.040/0.100/0.200 ha,"agri: link_d printed 78; order dated 09.01.2017 (PDF p95) says 78 in col 16 is a typo for 38 | agri link_d printed 78, corrected to 38 per AIG Registration order 09.01.2017 printed in the list"
sahjanwa,Sahjanwa,03-08-2016,277,1261,महुआडाड,भौवापार,ग्रामीण क्षेत्र,2200,upto 2 m,2400,2500,3400,2-5 m,13200,33000,31900,base,,0,0,0,0,260,137,123,68,250,96,86,47,220,77,69,38,0.040/0.100/0.200 ha,
sahjanwa,Sahjanwa,03-08-2016,278,1262,माधोपुर,हसनपुर मगहर,ग्रामीण क्षेत्र,1500,upto 2 m,2400,2500,3000,2-5 m,13200,33000,31900,base,,0,0,0,0,260,110,82,55,250,77,57,38,150,55,46,31,0.040/0.100/0.200 ha,"agri: link_d printed 78; order dated 09.01.2017 (PDF p95) says 78 in col 16 is a typo for 38 | agri link_d printed 78, corrected to 38 per AIG Registration order 09.01.2017 printed in the list"
sahjanwa,Sahjanwa,03-08-2016,279,1263,माही,भौवापार,ग्रामीण क्षेत्र,3400,upto 2 m,3300,3400,4200,2-5 m,13200,33000,31900,base,,0,0,0,0,350,206,165,82,340,144,115,57,340,115,92,46,0.040/0.100/0.200 ha,
sahjanwa,Sahjanwa,03-08-2016,280,1264,मोहिद्दीनपुर,हसनपुर मगहर,ग्रामीण क्षेत्र,2200,upto 2 m,2400,2500,3400,2-5 m,13200,33000,31900,base,,0,0,0,0,260,137,123,68,250,96,86,47,220,77,69,38,0.040/0.100/0.200 ha,
sahjanwa,Sahjanwa,03-08-2016,281,1265,मोहनाग,हसनपुर मगहर,ग्रामीण क्षेत्र,1500,upto 2 m,2400,2500,3000,2-5 m,13200,33000,31900,base,,0,0,0,0,260,110,82,55,250,77,57,38,150,55,46,31,0.040/0.100/0.200 ha,"agri: link_d printed 78; order dated 09.01.2017 (PDF p95) says 78 in col 16 is a typo for 38 | agri link_d printed 78, corrected to 38 per AIG Registration order 09.01.2017 printed in the list"
sahjanwa,Sahjanwa,03-08-2016,282,1266,मॉट,हसनपुर मगहर,ग्रामीण क्षेत्र,1500,upto 2 m,2400,2500,3000,2-5 m,13200,33000,31900,base,,0,0,0,0,260,110,82,55,250,77,57,38,150,55,46,31,0.040/0.100/0.200 ha,"agri: link_d printed 78; order dated 09.01.2017 (PDF p95) says 78 in col 16 is a typo for 38 | agri link_d printed 78, corrected to 38 per AIG Registration order 09.01.2017 printed in the list"
sahjanwa,Sahjanwa,03-08-2016,283,1267,मदरहा,हसनपुर मगहर,ग्रामीण क्षेत्र,1500,upto 2 m,2400,2500,3000,2-5 m,13200,33000,31900,base,,0,0,0,0,260,110,82,55,250,77,57,38,150,55,46,31,0.040/0.100/0.200 ha,"agri: link_d printed 78; order dated 09.01.2017 (PDF p95) says 78 in col 16 is a typo for 38 | agri link_d printed 78, corrected to 38 per AIG Registration order 09.01.2017 printed in the list"
sahjanwa,Sahjanwa,03-08-2016,284,1268,मुण्डाकोड़रा,हसनपुर मगहर,ग्रामीण क्षेत्र,1700,upto 2 m,2400,2500,3000,2-5 m,13200,33000,31900,base,,0,0,0,0,260,110,82,55,250,77,57,38,170,55,46,31,0.040/0.100/0.200 ha,"agri: link_d printed 78; order dated 09.01.2017 (PDF p95) says 78 in col 16 is a typo for 38 | agri link_d printed 78, corrected to 38 per AIG Registration order 09.01.2017 printed in the list"
sahjanwa,Sahjanwa,03-08-2016,285,1269,मुडिला,हसनपुर मगहर,ग्रामीण क्षेत्र,1500,upto 2 m,2400,2500,3000,2-5 m,13200,33000,31900,base,,0,0,0,0,260,110,82,55,250,77,57,38,150,55,46,31,0.040/0.100/0.200 ha,"comm: shop_single_land partly under signature (reads 13200) | agri: link_d printed 78; order dated 09.01.2017 (PDF p95) says 78 in col 16 is a typo for 38 | agri link_d printed 78, corrected to 38 per AIG Registration order 09.01.2017 printed in the list"
sahjanwa,Sahjanwa,03-08-2016,286,1270,मुहम्मदपुर,हसनपुर मगहर,ग्रामीण क्षेत्र,1500,upto 2 m,2400,2500,3000,2-5 m,13200,33000,31900,base,,0,0,0,0,260,110,82,55,250,77,57,38,150,55,46,31,0.040/0.100/0.200 ha,"agri: link_d printed 78; order dated 09.01.2017 (PDF p95) says 78 in col 16 is a typo for 38 | agri link_d printed 78, corrected to 38 per AIG Registration order 09.01.2017 printed in the list"
sahjanwa,Sahjanwa,03-08-2016,287,1271,मुस्तफाबाद,हसनपुर मगहर,ग्रामीण क्षेत्र,1500,upto 2 m,2400,2500,3000,2-5 m,13200,33000,31900,base,,0,0,0,0,260,110,82,55,250,77,57,38,150,55,46,31,0.040/0.100/0.200 ha,"agri: link_d printed 78; order dated 09.01.2017 (PDF p95) says 78 in col 16 is a typo for 38 | agri link_d printed 78, corrected to 38 per AIG Registration order 09.01.2017 printed in the list"
sahjanwa,Sahjanwa,03-08-2016,288,1272,मुडकंटिया,हसनपुर मगहर,ग्रामीण क्षेत्र,3400,upto 2 m,4100,4200,5400,2-5 m,13200,33000,31900,base,,0,0,0,0,420,220,182,82,410,154,134,57,340,123,108,46,0.040/0.100/0.200 ha,
sahjanwa,Sahjanwa,03-08-2016,289,1273,मुजौली,हसनपुर मगहर,ग्रामीण क्षेत्र,2200,upto 2 m,2400,2500,3400,2-5 m,13200,33000,31900,base,,0,0,0,0,260,137,123,68,250,96,86,47,220,77,69,38,0.040/0.100/0.200 ha,
sahjanwa,Sahjanwa,03-08-2016,290,1274,मुजैला,हसनपुर मगहर,ग्रामीण क्षेत्र,1500,upto 2 m,2400,2500,3000,2-5 m,13200,33000,31900,base,,0,0,0,0,260,206,165,82,250,144,115,57,150,115,92,46,0.040/0.100/0.200 ha,
sahjanwa,Sahjanwa,03-08-2016,291,1275,मेहदिया,हसनपुर मगहर,ग्रामीण क्षेत्र,1500,upto 2 m,2500,2600,3100,2-5 m,13200,33000,31900,base,,0,0,0,0,260,110,82,55,250,77,57,38,150,55,46,31,0.040/0.100/0.200 ha,"agri: link_d printed 78; order dated 09.01.2017 (PDF p95) says 78 in col 16 is a typo for 38 | agri link_d printed 78, corrected to 38 per AIG Registration order 09.01.2017 printed in the list"
sahjanwa,Sahjanwa,03-08-2016,292,1276,मैनापार,हसनपुर मगहर,ग्रामीण क्षेत्र,2200,upto 2 m,3100,3200,3500,2-5 m,13200,33000,31900,base,,0,0,0,0,320,137,123,68,310,96,86,47,220,77,69,38,0.040/0.100/0.200 ha,
sahjanwa,Sahjanwa,03-08-2016,293,1277,माडर,हसनपुर मगहर,ग्रामीण क्षेत्र,2200,upto 2 m,2800,3000,3400,2-5 m,13200,33000,31900,base,,0,0,0,0,300,137,123,68,280,96,86,47,220,77,69,38,0.040/0.100/0.200 ha,
sahjanwa,Sahjanwa,03-08-2016,294,1278,मक्टापार,हसनपुर मगहर,ग्रामीण क्षेत्र,1500,upto 2 m,2400,2500,3000,2-5 m,13200,33000,31900,base,,0,0,0,0,260,110,82,55,250,77,57,38,150,55,46,31,0.040/0.100/0.200 ha,"agri: name reading uncertain (मक्टापार/मव्टापार); link_d printed 78; order dated 09.01.2017 (PDF p95) says 78 in col 16 is a typo for 38 | agri link_d printed 78, corrected to 38 per AIG Registration order 09.01.2017 printed in the list"
sahjanwa,Sahjanwa,03-08-2016,295,1279,मल्हीपुर,हसनपुर मगहर,ग्रामीण क्षेत्र,2400,upto 2 m,3300,3400,4200,2-5 m,13200,33000,31900,base,,0,0,0,0,340,165,125,82,330,115,96,57,240,92,77,46,0.040/0.100/0.200 ha,agri: dist_c reads 125 (similar rows print 123; checked at 350dpi)
sahjanwa,Sahjanwa,03-08-2016,296,1280,मिश्रौलिया,हसनपुर मगहर,ग्रामीण क्षेत्र,1500,upto 2 m,2500,2600,3100,2-5 m,13200,33000,31900,base,,0,0,0,0,260,110,82,55,250,77,57,38,150,55,46,31,0.040/0.100/0.200 ha,"agri: link_d printed 78; order dated 09.01.2017 (PDF p95) says 78 in col 16 is a typo for 38 | agri link_d printed 78, corrected to 38 per AIG Registration order 09.01.2017 printed in the list"
sahjanwa,Sahjanwa,03-08-2016,297,1281,मिनवां,हसनपुर मगहर,ग्रामीण क्षेत्र,4100,upto 2 m,4800,4900,5400,2-5 m,13200,33000,31900,base,,0,0,0,0,490,225,182,82,480,173,134,57,410,123,108,46,0.040/0.100/0.200 ha,
sahjanwa,Sahjanwa,03-08-2016,298,1282,रघुनाथपुर,हसनपुर मगहर,ग्रामीण क्षेत्र,2200,upto 2 m,2600,2700,3500,2-5 m,13200,33000,31900,base,,0,0,0,0,270,137,123,68,260,96,86,47,220,77,69,38,0.040/0.100/0.200 ha,
sahjanwa,Sahjanwa,03-08-2016,299,1283,रहीमाबाद,हसनपुर मगहर,ग्रामीण क्षेत्र,4100,upto 2 m,7700,7800,9600,2-5 m,19800,19800,18700,base,,960,474,337,123,780,316,247,82,770,221,172,57,410,177,138,46,0.040/0.100/0.200 ha,
sahjanwa,Sahjanwa,03-08-2016,300,1284,रामपुर गरथौली,हसनपुर मगहर,ग्रामीण क्षेत्र,2200,upto 2 m,2600,2700,3500,2-5 m,13200,33000,31900,base,,0,0,0,0,270,137,123,68,260,96,86,47,220,77,69,38,0.040/0.100/0.200 ha,
sahjanwa,Sahjanwa,03-08-2016,301,1285,रामपुर,हसनपुर मगहर,ग्रामीण क्षेत्र,1500,upto 2 m,2500,2600,3100,2-5 m,13200,33000,31900,base,,0,0,0,0,260,110,82,55,250,77,57,38,150,55,46,31,0.040/0.100/0.200 ha,"agri: link_d printed 78; order dated 09.01.2017 (PDF p95) says 78 in col 16 is a typo for 38 | agri link_d printed 78, corrected to 38 per AIG Registration order 09.01.2017 printed in the list"
sahjanwa,Sahjanwa,03-08-2016,302,1286,रामपुर त0-भदेसरी,हसनपुर मगहर,ग्रामीण क्षेत्र,1500,upto 2 m,2500,2600,3100,2-5 m,13200,33000,31900,base,,0,0,0,0,260,110,82,55,250,77,57,38,150,55,46,31,0.040/0.100/0.200 ha,"agri: link_d printed 78; order dated 09.01.2017 (PDF p95) says 78 in col 16 is a typo for 38 | agri link_d printed 78, corrected to 38 per AIG Registration order 09.01.2017 printed in the list"
sahjanwa,Sahjanwa,03-08-2016,303,1287,रामपुर मलौली,हसनपुर मगहर,ग्रामीण क्षेत्र,2400,upto 2 m,2800,3000,3400,2-5 m,13200,33000,31900,base,,0,0,0,0,300,137,123,68,280,96,86,47,220,77,69,38,0.040/0.100/0.200 ha,
sahjanwa,Sahjanwa,03-08-2016,304,1288,रामडीहतोरनी,हसनपुर मगहर,ग्रामीण क्षेत्र,1500,upto 2 m,2500,2600,3100,2-5 m,13200,33000,31900,base,,0,0,0,0,260,110,82,55,250,77,57,38,150,55,46,31,0.040/0.100/0.200 ha,"agri: link_d printed 78; order dated 09.01.2017 (PDF p95) says 78 in col 16 is a typo for 38 | agri link_d printed 78, corrected to 38 per AIG Registration order 09.01.2017 printed in the list"
sahjanwa,Sahjanwa,03-08-2016,305,1289,रामनगर तप्पा सूरस,हसनपुर मगहर,ग्रामीण क्षेत्र,2200,upto 2 m,2500,2600,3100,2-5 m,13200,33000,31900,base,,0,0,0,0,260,137,123,68,250,96,86,47,220,77,69,38,0.040/0.100/0.200 ha,
sahjanwa,Sahjanwa,03-08-2016,306,1290,राउतपार,हसनपुर मगहर,ग्रामीण क्षेत्र,2200,upto 2 m,2800,3000,3400,2-5 m,13200,33000,31900,base,,0,0,0,0,300,137,123,68,280,96,86,47,220,77,69,38,0.040/0.100/0.200 ha,
sahjanwa,Sahjanwa,03-08-2016,307,1291,राउतपार उर्फ सरैया,हसनपुर मगहर,ग्रामीण क्षेत्र,2400,upto 2 m,3400,3500,4300,2-5 m,13200,33000,31900,base,,0,0,0,0,350,137,123,68,340,96,86,47,240,92,69,38,0.040/0.100/0.200 ha,
sahjanwa,Sahjanwa,03-08-2016,308,1292,रानीपुर विशुनपुर,हसनपुर मगहर,ग्रामीण क्षेत्र,2200,upto 2 m,2600,2700,3500,2-5 m,13200,33000,31900,base,,0,0,0,0,270,137,123,68,260,96,86,47,220,77,69,38,0.040/0.100/0.200 ha,
sahjanwa,Sahjanwa,03-08-2016,309,1293,रानीपुर त0- भरसाड,हसनपुर मगहर,ग्रामीण क्षेत्र,2200,upto 2 m,2600,2700,3500,2-5 m,13200,33000,31900,base,,0,0,0,0,270,137,123,68,260,96,86,47,220,77,69,38,0.040/0.100/0.200 ha,
sahjanwa,Sahjanwa,03-08-2016,310,1294,रानूखोर,हसनपुर मगहर,ग्रामीण क्षेत्र,1500,upto 2 m,2500,2600,3100,2-5 m,13200,33000,31900,base,,0,0,0,0,260,110,82,55,250,77,57,38,150,55,46,31,0.040/0.100/0.200 ha,"agri: link_d printed 78; order dated 09.01.2017 (PDF p95) says 78 in col 16 is a typo for 38 | agri link_d printed 78, corrected to 38 per AIG Registration order 09.01.2017 printed in the list"
sahjanwa,Sahjanwa,03-08-2016,311,1295,रेहसजोत,हसनपुर मगहर,ग्रामीण क्षेत्र,1500,upto 2 m,2500,2600,3100,2-5 m,13200,33000,31900,base,,0,0,0,0,260,110,82,55,250,77,57,38,150,55,46,31,0.040/0.100/0.200 ha,"agri: link_d printed 78; order dated 09.01.2017 (PDF p95) says 78 in col 16 is a typo for 38 | agri link_d printed 78, corrected to 38 per AIG Registration order 09.01.2017 printed in the list"
sahjanwa,Sahjanwa,03-08-2016,312,1296,रेवडा,हसनपुर मगहर,ग्रामीण क्षेत्र,1500,upto 2 m,2500,2600,3100,2-5 m,13200,33000,31900,base,,0,0,0,0,260,110,82,55,250,77,57,38,150,55,46,31,0.040/0.100/0.200 ha,"agri: link_d printed 78; order dated 09.01.2017 (PDF p95) says 78 in col 16 is a typo for 38 | agri link_d printed 78, corrected to 38 per AIG Registration order 09.01.2017 printed in the list"
sahjanwa,Sahjanwa,03-08-2016,313,1297,रेट खास,हसनपुर मगहर,ग्रामीण क्षेत्र,1500,upto 2 m,2500,2600,3100,2-5 m,13200,33000,31900,base,,0,0,0,0,260,110,82,55,250,77,57,38,150,55,46,31,0.040/0.100/0.200 ha,"agri: link_d printed 78; order dated 09.01.2017 (PDF p95) says 78 in col 16 is a typo for 38 | agri link_d printed 78, corrected to 38 per AIG Registration order 09.01.2017 printed in the list"
sahjanwa,Sahjanwa,03-08-2016,314,1298,रन्दौली उर्फ मठिया,हसनपुर मगहर,ग्रामीण क्षेत्र,1500,upto 2 m,2500,2600,3100,2-5 m,13200,33000,31900,base,,0,0,0,0,260,110,82,55,250,77,57,38,150,55,46,31,0.040/0.100/0.200 ha,"agri: link_d printed 78; order dated 09.01.2017 (PDF p95) says 78 in col 16 is a typo for 38 | agri link_d printed 78, corrected to 38 per AIG Registration order 09.01.2017 printed in the list"
sahjanwa,Sahjanwa,03-08-2016,315,1299,रिदुआखोर,हसनपुर मगहर,ग्रामीण क्षेत्र,1500,upto 2 m,2600,2700,3500,2-5 m,13200,33000,31900,base,,0,0,0,0,270,137,123,68,260,96,86,47,150,77,69,38,0.040/0.100/0.200 ha,
sahjanwa,Sahjanwa,03-08-2016,316,1300,लखनापार,हसनपुर मगहर,ग्रामीण क्षेत्र,1500,upto 2 m,2500,2600,3100,2-5 m,13200,33000,31900,base,,0,0,0,0,260,110,82,55,250,77,57,38,150,55,46,31,0.040/0.100/0.200 ha,"agri: link_d printed 78; order dated 09.01.2017 (PDF p95) says 78 in col 16 is a typo for 38 | agri link_d printed 78, corrected to 38 per AIG Registration order 09.01.2017 printed in the list"
sahjanwa,Sahjanwa,03-08-2016,317,1301,लहुरदेवा,हसनपुर मगहर,ग्रामीण क्षेत्र,1500,upto 2 m,2500,2600,3100,2-5 m,13200,33000,31900,base,,0,0,0,0,260,110,82,55,250,77,57,38,150,55,46,31,0.040/0.100/0.200 ha,"agri: link_d printed 78; order dated 09.01.2017 (PDF p95) says 78 in col 16 is a typo for 38 | agri link_d printed 78, corrected to 38 per AIG Registration order 09.01.2017 printed in the list"
sahjanwa,Sahjanwa,03-08-2016,318,1302,लोनिया,हसनपुर मगहर,ग्रामीण क्षेत्र,1500,upto 2 m,2500,2600,3100,2-5 m,13200,33000,31900,base,,0,0,0,0,260,110,82,55,250,77,57,38,150,55,46,31,0.040/0.100/0.200 ha,"agri: link_d printed 78; order dated 09.01.2017 (PDF p95) says 78 in col 16 is a typo for 38 | agri link_d printed 78, corrected to 38 per AIG Registration order 09.01.2017 printed in the list"
sahjanwa,Sahjanwa,03-08-2016,319,1303,लोहसड़ा,हसनपुर मगहर,ग्रामीण क्षेत्र,1500,upto 2 m,2500,2600,3100,2-5 m,13200,33000,31900,base,,0,0,0,0,260,110,82,55,250,77,57,38,150,55,46,31,0.040/0.100/0.200 ha,"agri: link_d printed 78; order dated 09.01.2017 (PDF p95) says 78 in col 16 is a typo for 38 | agri link_d printed 78, corrected to 38 per AIG Registration order 09.01.2017 printed in the list"
sahjanwa,Sahjanwa,03-08-2016,320,0038,लुचुई,वार्ड न0-14,अर्धनगरीय,5400,upto 2 m,9500,9600,12500,2-5 m,27500,28000,25300,base,,0,0,0,0,960,343,282,82,950,240,211,57,540,192,169,46,0.040/0.100/0.200 ha,
sahjanwa,Sahjanwa,03-08-2016,321,0039,लुचुई,वार्ड न0-15,अर्धनगरीय,5400,upto 2 m,9500,9600,12500,2-5 m,27500,28000,25300,base,,0,0,0,0,960,343,282,82,950,240,211,57,540,192,169,46,0.040/0.100/0.200 ha,
sahjanwa,Sahjanwa,03-08-2016,322,0040,लुचुई,वार्ड न0-16,अर्धनगरीय,5400,upto 2 m,9500,9600,12500,2-5 m,27500,28000,25300,base,,0,0,0,0,960,343,282,82,950,240,211,57,540,192,169,46,0.040/0.100/0.200 ha,
sahjanwa,Sahjanwa,03-08-2016,323,1304,विशुनपुर त0-उ0ह0,हसनपुर मगहर,ग्रामीण क्षेत्र,1500,upto 2 m,2500,2600,3400,2-5 m,13200,33000,31900,base,,0,0,0,0,270,110,82,55,260,77,57,38,150,55,46,31,0.040/0.100/0.200 ha,"agri: link_d printed 78; order dated 09.01.2017 (PDF p95) says 78 in col 16 is a typo for 38 | agri link_d printed 78, corrected to 38 per AIG Registration order 09.01.2017 printed in the list"
sahjanwa,Sahjanwa,03-08-2016,324,1305,विशुनपुर त0-सतगांवा,हसनपुर मगहर,ग्रामीण क्षेत्र,1500,upto 2 m,,,,2-5 m,,,,,,,,,,,,,,,,,,,,,,0.040/0.100/0.200 ha,no row in road/comm/agri table
sahjanwa,Sahjanwa,03-08-2016,325,1306,विशुनपुर त0-भदेसरी,हसनपुर मगहर,ग्रामीण क्षेत्र,1500,upto 2 m,2500,2600,3400,2-5 m,13200,33000,31900,base,,0,0,0,0,270,137,123,68,260,96,86,47,150,77,69,38,0.040/0.100/0.200 ha,
sahjanwa,Sahjanwa,03-08-2016,326,1307,विशुनपुर त0-सूरस,हसनपुर मगहर,ग्रामीण क्षेत्र,1500,upto 2 m,2500,2600,3400,2-5 m,13200,33000,31900,base,,0,0,0,0,270,110,82,55,260,77,57,38,150,55,46,31,0.040/0.100/0.200 ha,"agri: link_d printed 78; order dated 09.01.2017 (PDF p95) says 78 in col 16 is a typo for 38 | agri link_d printed 78, corrected to 38 per AIG Registration order 09.01.2017 printed in the list"
sahjanwa,Sahjanwa,03-08-2016,327,1308,विसरी,हसनपुर मगहर,ग्रामीण क्षेत्र,1500,upto 2 m,2500,2600,3100,2-5 m,13200,33000,31900,base,,0,0,0,0,260,110,82,55,250,77,57,38,150,55,46,31,0.040/0.100/0.200 ha,"agri: link_d printed 78; order dated 09.01.2017 (PDF p95) says 78 in col 16 is a typo for 38 | agri link_d printed 78, corrected to 38 per AIG Registration order 09.01.2017 printed in the list"
sahjanwa,Sahjanwa,03-08-2016,328,1309,विजौवा,हसनपुर मगहर,ग्रामीण क्षेत्र,1500,upto 2 m,2400,2500,3000,2-5 m,13200,33000,31900,base,,0,0,0,0,260,110,82,55,250,77,57,38,150,55,46,31,0.040/0.100/0.200 ha,"road: V-code printed 1309 (out of sequence; possibly 1209/1210) | comm: V-code 1309 out of local sequence (as printed) | agri: link_d printed 78; order dated 09.01.2017 (PDF p95) says 78 in col 16 is a typo for 38 | agri link_d printed 78, corrected to 38 per AIG Registration order 09.01.2017 printed in the list"
sahjanwa,Sahjanwa,03-08-2016,329,1310,वरउर,हसनपुर मगहर,ग्रामीण क्षेत्र,1500,upto 2 m,2500,2600,3100,2-5 m,13200,33000,31900,base,,0,0,0,0,260,110,82,55,250,77,57,76,150,55,46,31,0.040/0.100/0.200 ha,agri: link_d printed 76 (other rows 78; checked at 350dpi)
sahjanwa,Sahjanwa,03-08-2016,330,1311,वरनाटिकर,हसनपुर मगहर,ग्रामीण क्षेत्र,1500,upto 2 m,2500,2600,3100,2-5 m,13200,33000,31900,base,,0,0,0,0,260,110,82,55,250,77,57,38,150,55,46,31,0.040/0.100/0.200 ha,"agri: link_d printed 78; order dated 09.01.2017 (PDF p95) says 78 in col 16 is a typo for 38 | agri link_d printed 78, corrected to 38 per AIG Registration order 09.01.2017 printed in the list"
sahjanwa,Sahjanwa,03-08-2016,331,1312,वैदौली,हसनपुर मगहर,ग्रामीण क्षेत्र,1500,upto 2 m,2500,2600,3100,2-5 m,13200,33000,31900,base,,0,0,0,0,260,110,82,55,250,77,57,38,150,55,46,31,0.040/0.100/0.200 ha,"comm: V-code printed as 13012 (sequence suggests 1312) | agri: link_d printed 78; order dated 09.01.2017 (PDF p95) says 78 in col 16 is a typo for 38 | agri link_d printed 78, corrected to 38 per AIG Registration order 09.01.2017 printed in the list"
sahjanwa,Sahjanwa,03-08-2016,332,1313,वैजलपुर,हसनपुर मगहर,ग्रामीण क्षेत्र,1500,upto 2 m,2500,2600,3100,2-5 m,13200,33000,31900,base,,0,0,0,0,260,110,82,55,250,77,57,38,150,55,46,31,0.040/0.100/0.200 ha,"agri: link_d printed 78; order dated 09.01.2017 (PDF p95) says 78 in col 16 is a typo for 38 | agri link_d printed 78, corrected to 38 per AIG Registration order 09.01.2017 printed in the list"
sahjanwa,Sahjanwa,03-08-2016,333,1314,वनौडा,हसनपुर मगहर,ग्रामीण क्षेत्र,1500,upto 2 m,2500,2600,3100,2-5 m,13200,33000,31900,base,,0,0,0,0,260,110,82,55,250,77,57,38,150,55,46,31,0.040/0.100/0.200 ha,"agri: link_d printed 78; order dated 09.01.2017 (PDF p95) says 78 in col 16 is a typo for 38 | agri link_d printed 78, corrected to 38 per AIG Registration order 09.01.2017 printed in the list"
sahjanwa,Sahjanwa,03-08-2016,334,1315,शम्भू चकसेमरा,हसनपुर मगहर,ग्रामीण क्षेत्र,1500,upto 2 m,2500,2600,3100,2-5 m,13200,33000,31900,base,,0,0,0,0,260,110,82,55,250,77,57,38,150,55,46,31,0.040/0.100/0.200 ha,"agri: link_d printed 78; order dated 09.01.2017 (PDF p95) says 78 in col 16 is a typo for 38 | agri link_d printed 78, corrected to 38 per AIG Registration order 09.01.2017 printed in the list"
sahjanwa,Sahjanwa,03-08-2016,335,1316,शाहपुर,हसनपुर मगहर,ग्रामीण क्षेत्र,1500,upto 2 m,2500,2600,3100,2-5 m,13200,33000,31900,base,,0,0,0,0,260,110,82,55,250,77,57,38,150,55,46,31,0.040/0.100/0.200 ha,"agri: link_d printed 78; order dated 09.01.2017 (PDF p95) says 78 in col 16 is a typo for 38 | agri link_d printed 78, corrected to 38 per AIG Registration order 09.01.2017 printed in the list"
sahjanwa,Sahjanwa,03-08-2016,336,0042,सहिजनां,वार्ड न0-1,अर्धनगरीय,4100,upto 2 m,7700,7800,9600,2-5 m,19800,19800,18700,base,,0,0,0,0,780,316,247,82,770,221,172,57,410,177,138,46,0.040/0.100/0.200 ha,
sahjanwa,Sahjanwa,03-08-2016,337,0043,सहिजनां,वार्ड न0-11,अर्धनगरीय,4100,upto 2 m,7700,7800,9600,2-5 m,19800,19800,18700,base,,0,0,0,0,780,316,247,82,770,221,172,57,410,177,138,46,0.040/0.100/0.200 ha,
sahjanwa,Sahjanwa,03-08-2016,338,0041,सहबाजगंज,वार्ड न0-2,अर्धनगरीय,5400,upto 2 m,9500,15000,16000,2-5 m,27500,28000,25300,base,,1600,515,453,123,1500,343,282,82,950,240,211,57,540,192,169,46,0.040/0.100/0.200 ha,"road: large jump 9500->15000 between r2to5 and r5to9, clearly printed; verify | agri: dist_a 1500 much higher than link_a 950 (similar row 210 prints 960; verified as printed at 350dpi)"
sahjanwa,Sahjanwa,03-08-2016,339,1317,सहजूपार,हसनपुर मगहर,ग्रामीण क्षेत्र,1500,upto 2 m,2500,2600,3100,2-5 m,13200,33000,31900,base,,0,0,0,0,260,110,82,55,250,77,57,38,150,55,46,31,0.040/0.100/0.200 ha,"agri: link_d printed 78; order dated 09.01.2017 (PDF p95) says 78 in col 16 is a typo for 38 | agri link_d printed 78, corrected to 38 per AIG Registration order 09.01.2017 printed in the list"
sahjanwa,Sahjanwa,03-08-2016,340,1318,सीयर,हसनपुर मगहर,ग्रामीण क्षेत्र,1500,upto 2 m,2500,2600,3100,2-5 m,13200,33000,31900,base,,0,0,0,0,260,110,82,55,250,77,57,38,150,55,46,31,0.040/0.100/0.200 ha,"agri: link_d printed 78; order dated 09.01.2017 (PDF p95) says 78 in col 16 is a typo for 38 | agri link_d printed 78, corrected to 38 per AIG Registration order 09.01.2017 printed in the list"
sahjanwa,Sahjanwa,03-08-2016,341,1319,सीहापार,हसनपुर मगहर,ग्रामीण क्षेत्र,2400,upto 2 m,3100,3200,3500,2-5 m,13200,33000,31900,base,,350,206,185,102,320,137,123,68,310,96,86,47,240,77,69,38,0.040/0.100/0.200 ha,
sahjanwa,Sahjanwa,03-08-2016,342,1320,सरया,भौवापार,ग्रामीण क्षेत्र,4100,upto 2 m,4200,4500,5400,2-5 m,13200,33000,31900,base,,0,0,0,0,450,220,182,82,420,154,134,57,410,123,92,46,0.040/0.100/0.200 ha,
sahjanwa,Sahjanwa,03-08-2016,343,1321,साथीपार,भौवापार,ग्रामीण क्षेत्र,2400,upto 2 m,3100,3200,3500,2-5 m,13200,33000,31900,base,,0,0,0,0,320,137,123,68,310,96,86,47,240,77,69,38,0.040/0.100/0.200 ha,
sahjanwa,Sahjanwa,03-08-2016,344,1322,सोनबरसा,हसनपुर मगहर,ग्रामीण क्षेत्र,1500,upto 2 m,2500,2600,3100,2-5 m,13200,33000,31900,base,,0,0,0,0,260,110,82,55,250,77,57,38,150,55,46,31,0.040/0.100/0.200 ha,"agri: link_d printed 78; order dated 09.01.2017 (PDF p95) says 78 in col 16 is a typo for 38 | agri link_d printed 78, corrected to 38 per AIG Registration order 09.01.2017 printed in the list"
sahjanwa,Sahjanwa,03-08-2016,345,1323,सोनचार,हसनपुर मगहर,ग्रामीण क्षेत्र,1500,upto 2 m,2500,2600,3100,2-5 m,,,,,,0,0,0,0,260,110,82,55,250,77,57,38,150,55,46,31,0.040/0.100/0.200 ha,"agri: link_d printed 78; order dated 09.01.2017 (PDF p95) says 78 in col 16 is a typo for 38 | agri link_d printed 78, corrected to 38 per AIG Registration order 09.01.2017 printed in the list | no row in comm table"
sahjanwa,Sahjanwa,03-08-2016,346,1324,सुथनी,हसनपुर मगहर,ग्रामीण क्षेत्र,1500,upto 2 m,2500,2600,3100,2-5 m,13200,33000,31900,base,,0,0,0,0,260,110,82,55,250,77,57,38,150,55,46,31,0.040/0.100/0.200 ha,"comm: serial 363 (and V-code 1323) absent from page; 362 is followed by 364 as printed | agri: link_d printed 78; order dated 09.01.2017 (PDF p95) says 78 in col 16 is a typo for 38 | agri link_d printed 78, corrected to 38 per AIG Registration order 09.01.2017 printed in the list"
sahjanwa,Sahjanwa,03-08-2016,347,1325,सुरदही,हसनपुर मगहर,ग्रामीण क्षेत्र,1500,upto 2 m,2500,2600,3100,2-5 m,13200,33000,31900,base,,0,0,0,0,260,110,82,55,250,77,57,38,150,55,46,31,0.040/0.100/0.200 ha,"agri: link_d printed 78; order dated 09.01.2017 (PDF p95) says 78 in col 16 is a typo for 38 | agri link_d printed 78, corrected to 38 per AIG Registration order 09.01.2017 printed in the list"
sahjanwa,Sahjanwa,03-08-2016,348,1326,सुरवलिया,हसनपुर मगहर,ग्रामीण क्षेत्र,2200,upto 2 m,2500,2600,3400,2-5 m,13200,33000,31900,base,,0,0,0,0,260,137,123,68,250,96,86,47,220,77,69,38,0.040/0.100/0.200 ha,
sahjanwa,Sahjanwa,03-08-2016,349,1327,सुरगहना,हसनपुर मगहर,ग्रामीण क्षेत्र,2200,upto 2 m,3100,3200,3500,2-5 m,13200,33000,31900,base,,0,0,0,0,320,137,123,68,310,96,86,47,220,77,69,31,0.040/0.100/0.200 ha,agri: other_d printed 31 (similar rows print 38; checked at 350dpi)
sahjanwa,Sahjanwa,03-08-2016,350,1328,सुगौना,हसनपुर मगहर,ग्रामीण क्षेत्र,2200,upto 2 m,2600,2700,3500,2-5 m,13200,33000,31900,base,,0,0,0,0,270,137,123,68,260,96,86,47,220,77,69,38,0.040/0.100/0.200 ha,
sahjanwa,Sahjanwa,03-08-2016,351,1329,सेमरा,हसनपुर मगहर,ग्रामीण क्षेत्र,3400,upto 2 m,4100,4200,5400,2-5 m,13200,33000,31900,base,,0,0,0,0,420,220,182,82,410,154,134,57,340,123,108,46,0.040/0.100/0.200 ha,
sahjanwa,Sahjanwa,03-08-2016,352,1330,सेमरडाड़ी,हसनपुर मगहर,ग्रामीण क्षेत्र,2200,upto 2 m,2600,2700,3500,2-5 m,13200,33000,31900,base,,0,0,0,0,270,137,123,68,260,96,86,47,220,77,69,38,0.040/0.100/0.200 ha,
sahjanwa,Sahjanwa,03-08-2016,353,1331,सेहुड़ी,हसनपुर मगहर,ग्रामीण क्षेत्र,1500,upto 2 m,2500,2600,3100,2-5 m,13200,33000,31900,base,,0,0,0,0,260,110,82,55,250,77,57,38,150,55,46,31,0.040/0.100/0.200 ha,"agri: link_d printed 78; order dated 09.01.2017 (PDF p95) says 78 in col 16 is a typo for 38 | agri link_d printed 78, corrected to 38 per AIG Registration order 09.01.2017 printed in the list"
sahjanwa,Sahjanwa,03-08-2016,354,1332,सेहरी,हसनपुर मगहर,ग्रामीण क्षेत्र,1500,upto 2 m,2500,2600,3100,2-5 m,13200,33000,31900,base,,0,0,0,0,260,110,82,55,250,77,57,38,150,55,46,31,0.040/0.100/0.200 ha,"agri: link_d printed 78; order dated 09.01.2017 (PDF p95) says 78 in col 16 is a typo for 38 | agri link_d printed 78, corrected to 38 per AIG Registration order 09.01.2017 printed in the list"
sahjanwa,Sahjanwa,03-08-2016,355,1333,सेहुड़ा,हसनपुर मगहर,ग्रामीण क्षेत्र,1500,upto 2 m,2500,2600,3100,2-5 m,13200,33000,31900,base,,0,0,0,0,260,110,82,55,250,77,57,38,150,55,46,31,0.040/0.100/0.200 ha,"agri: link_d printed 78; order dated 09.01.2017 (PDF p95) says 78 in col 16 is a typo for 38 | agri link_d printed 78, corrected to 38 per AIG Registration order 09.01.2017 printed in the list"
sahjanwa,Sahjanwa,03-08-2016,356,1334,सैरा,हसनपुर मगहर,ग्रामीण क्षेत्र,1500,upto 2 m,2500,2600,3100,2-5 m,13200,33000,31900,base,,0,0,0,0,260,110,82,55,250,77,57,38,150,55,46,31,0.040/0.100/0.200 ha,"agri: link_d printed 78; order dated 09.01.2017 (PDF p95) says 78 in col 16 is a typo for 38 | agri link_d printed 78, corrected to 38 per AIG Registration order 09.01.2017 printed in the list"
sahjanwa,Sahjanwa,03-08-2016,357,1335,सजनापार,हसनपुर मगहर,ग्रामीण क्षेत्र,1500,upto 2 m,2500,2600,3100,2-5 m,13200,33000,31900,base,,0,0,0,0,260,110,82,55,250,77,57,38,150,55,46,31,0.040/0.100/0.200 ha,"agri: link_d printed 78; order dated 09.01.2017 (PDF p95) says 78 in col 16 is a typo for 38 | agri link_d printed 78, corrected to 38 per AIG Registration order 09.01.2017 printed in the list"
sahjanwa,Sahjanwa,03-08-2016,358,1336,सिरूआपार,हसनपुर मगहर,ग्रामीण क्षेत्र,1500,upto 2 m,2500,2600,3100,2-5 m,13200,33000,31900,base,,0,0,0,0,260,110,82,55,250,77,57,38,150,55,46,31,0.040/0.100/0.200 ha,"agri: link_d printed 78; order dated 09.01.2017 (PDF p95) says 78 in col 16 is a typo for 38 | agri link_d printed 78, corrected to 38 per AIG Registration order 09.01.2017 printed in the list"
sahjanwa,Sahjanwa,03-08-2016,359,1337,सिघौली,हसनपुर मगहर,ग्रामीण क्षेत्र,1500,upto 2 m,2500,2600,3100,2-5 m,13200,33000,31900,base,,0,0,0,0,260,110,82,55,250,77,57,38,150,55,46,31,0.040/0.100/0.200 ha,"agri: link_d printed 78; order dated 09.01.2017 (PDF p95) says 78 in col 16 is a typo for 38 | agri link_d printed 78, corrected to 38 per AIG Registration order 09.01.2017 printed in the list"
sahjanwa,Sahjanwa,03-08-2016,360,1338,सिंघवलियां,हसनपुर मगहर,ग्रामीण क्षेत्र,1500,upto 2 m,2500,2600,3100,2-5 m,13200,33000,31900,base,,0,0,0,0,260,110,82,55,250,77,57,38,150,55,46,31,0.040/0.100/0.200 ha,"agri: link_d printed 78; order dated 09.01.2017 (PDF p95) says 78 in col 16 is a typo for 38 | agri link_d printed 78, corrected to 38 per AIG Registration order 09.01.2017 printed in the list"
sahjanwa,Sahjanwa,03-08-2016,361,1339,सिहबरा,हसनपुर मगहर,ग्रामीण क्षेत्र,1500,upto 2 m,2500,2600,3100,2-5 m,13200,33000,31900,base,,0,0,0,0,260,110,82,55,250,77,57,38,150,55,46,31,0.040/0.100/0.200 ha,"agri: link_d printed 78; order dated 09.01.2017 (PDF p95) says 78 in col 16 is a typo for 38 | agri link_d printed 78, corrected to 38 per AIG Registration order 09.01.2017 printed in the list"
sahjanwa,Sahjanwa,03-08-2016,362,1340,सिहोरवा,हसनपुर मगहर,ग्रामीण क्षेत्र,1500,upto 2 m,2500,2600,3100,2-5 m,13200,33000,31900,base,,0,0,0,0,260,110,82,55,250,77,57,38,150,55,46,31,0.040/0.100/0.200 ha,"agri: link_d printed 78; order dated 09.01.2017 (PDF p95) says 78 in col 16 is a typo for 38 | agri link_d printed 78, corrected to 38 per AIG Registration order 09.01.2017 printed in the list"
sahjanwa,Sahjanwa,03-08-2016,363,1341,सिहड़ा,हसनपुर मगहर,ग्रामीण क्षेत्र,1500,upto 2 m,2500,2600,3100,2-5 m,13200,33000,31900,base,,0,0,0,0,260,137,123,68,250,96,86,47,150,77,69,38,0.040/0.100/0.200 ha,
sahjanwa,Sahjanwa,03-08-2016,364,1342,सिसई,हसनपुर मगहर,ग्रामीण क्षेत्र,1500,upto 2 m,2500,2600,3100,2-5 m,13200,33000,31900,base,,0,0,0,0,260,137,123,68,250,96,86,47,150,77,69,38,0.040/0.100/0.200 ha,
sahjanwa,Sahjanwa,03-08-2016,365,1343,सिसई उर्फ कपसी,हसनपुर मगहर,ग्रामीण क्षेत्र,1500,upto 2 m,2500,2600,3100,2-5 m,13200,33000,31900,base,,0,0,0,0,260,110,82,55,250,77,57,38,150,55,46,31,0.040/0.100/0.200 ha,"agri: link_d printed 78; order dated 09.01.2017 (PDF p95) says 78 in col 16 is a typo for 38 | agri link_d printed 78, corrected to 38 per AIG Registration order 09.01.2017 printed in the list"
sahjanwa,Sahjanwa,03-08-2016,366,1344,सिसवां,हसनपुर मगहर,ग्रामीण क्षेत्र,2200,upto 2 m,3100,3200,3500,2-5 m,13200,33000,31900,base,,0,0,0,0,320,137,123,68,310,96,86,47,220,77,69,38,0.040/0.100/0.200 ha,
sahjanwa,Sahjanwa,03-08-2016,367,1345,सिगहा,हसनपुर मगहर,ग्रामीण क्षेत्र,1500,upto 2 m,2500,2600,3100,2-5 m,13200,33000,31900,base,,0,0,0,0,260,110,82,55,250,77,57,38,150,55,46,31,0.040/0.100/0.200 ha,"agri: link_d printed 78; order dated 09.01.2017 (PDF p95) says 78 in col 16 is a typo for 38 | agri link_d printed 78, corrected to 38 per AIG Registration order 09.01.2017 printed in the list"
sahjanwa,Sahjanwa,03-08-2016,368,1346,हरिवंशपुर,हसनपुर मगहर,ग्रामीण क्षेत्र,1500,upto 2 m,2500,2600,3100,2-5 m,13200,33000,31900,base,,0,0,0,0,260,110,82,55,250,77,57,38,150,55,46,31,0.040/0.100/0.200 ha,"agri: link_d printed 78; order dated 09.01.2017 (PDF p95) says 78 in col 16 is a typo for 38 | agri link_d printed 78, corrected to 38 per AIG Registration order 09.01.2017 printed in the list"
sahjanwa,Sahjanwa,03-08-2016,369,1347,हरपुर,हसनपुर मगहर,ग्रामीण क्षेत्र,2400,upto 2 m,3100,3200,4300,2-5 m,13200,33000,31900,base,,0,0,0,0,320,137,123,68,310,96,86,47,240,77,69,38,0.040/0.100/0.200 ha,road: r9to12=4300 clearly printed (similar 3100/3200 rows have 3500); verify
sahjanwa,Sahjanwa,03-08-2016,370,1348,हरदी,हसनपुर मगहर,ग्रामीण क्षेत्र,1500,upto 2 m,2500,2600,3100,2-5 m,13200,33000,31900,base,,0,0,0,0,260,110,82,55,250,77,57,38,150,55,46,31,0.040/0.100/0.200 ha,"agri: link_d printed 78; order dated 09.01.2017 (PDF p95) says 78 in col 16 is a typo for 38 | agri link_d printed 78, corrected to 38 per AIG Registration order 09.01.2017 printed in the list"
sahjanwa,Sahjanwa,03-08-2016,371,1349,हरैया कानूनगो,हसनपुर मगहर,ग्रामीण क्षेत्र,2400,upto 2 m,2700,2800,3400,2-5 m,13200,33000,31900,base,,0,0,0,0,280,137,123,68,270,96,86,47,240,77,69,38,0.040/0.100/0.200 ha,
sahjanwa,Sahjanwa,03-08-2016,372,1350,हरनही,हसनपुर मगहर,ग्रामीण क्षेत्र,1500,upto 2 m,2500,2600,3100,2-5 m,13200,33000,31900,base,,0,0,0,0,260,110,82,55,250,77,57,38,150,55,46,31,0.040/0.100/0.200 ha,"agri: link_d printed 78; order dated 09.01.2017 (PDF p95) says 78 in col 16 is a typo for 38 | agri link_d printed 78, corrected to 38 per AIG Registration order 09.01.2017 printed in the list"
sahjanwa,Sahjanwa,03-08-2016,373,1351,हॉसपाटी,हसनपुर मगहर,ग्रामीण क्षेत्र,2200,upto 2 m,2600,2700,3500,2-5 m,13200,33000,31900,base,,0,0,0,0,270,137,123,68,260,96,86,47,220,77,69,38,0.040/0.100/0.200 ha,
sahjanwa,Sahjanwa,03-08-2016,50,1046,कुसम्हाकला,,ग्रामीण,,upto 2 m,2400,2500,3000,2-5 m,,,,,,,,,,,,,,,,,,,,,,0.040/0.100/0.200 ha,only found in the road table (V-code or name printed differently elsewhere)
sahjanwa,Sahjanwa,03-08-2016,51,1047,कुरमौल,,ग्रामीण,,upto 2 m,3300,3400,4200,2-5 m,,,,,,,,,,,,,,,,,,,,,,0.040/0.100/0.200 ha,only found in the road table (V-code or name printed differently elsewhere)
sahjanwa,Sahjanwa,03-08-2016,91,0007,गीडा-सेक्टर संख्या-5,,नगरीय,,upto 2 m,2900,3000,3300,2-5 m,,,,,,,,,,,,,,,,,,,,,,0.040/0.100/0.200 ha,road: section=औद्योगिक भूखण्ड की दर | only found in the road table (V-code or name printed differently elsewhere)
sahjanwa,Sahjanwa,03-08-2016,92,0008,गीडा-सेक्टर संख्या-13,,नगरीय,,upto 2 m,2900,3000,3300,2-5 m,,,,,,,,,,,,,,,,,,,,,,0.040/0.100/0.200 ha,road: section=औद्योगिक भूखण्ड की दर | only found in the road table (V-code or name printed differently elsewhere)
sahjanwa,Sahjanwa,03-08-2016,93,0009,गीडा-सेक्टर संख्या-15,,नगरीय,,upto 2 m,2900,3000,3300,2-5 m,,,,,,,,,,,,,,,,,,,,,,0.040/0.100/0.200 ha,road: section=औद्योगिक भूखण्ड की दर | only found in the road table (V-code or name printed differently elsewhere)
sahjanwa,Sahjanwa,03-08-2016,94,0010,गीडा-सेक्टर संख्या-17,,नगरीय,,upto 2 m,2900,3000,3300,2-5 m,,,,,,,,,,,,,,,,,,,,,,0.040/0.100/0.200 ha,road: section=औद्योगिक भूखण्ड की दर | only found in the road table (V-code or name printed differently elsewhere)
sahjanwa,Sahjanwa,03-08-2016,95,0011,गीडा-सेक्टर संख्या-22,,नगरीय,,upto 2 m,2900,3000,3300,2-5 m,,,,,,,,,,,,,,,,,,,,,,0.040/0.100/0.200 ha,road: section=औद्योगिक भूखण्ड की दर | only found in the road table (V-code or name printed differently elsewhere)
sahjanwa,Sahjanwa,03-08-2016,96,0012,गीडा-सेक्टर संख्या-23,,नगरीय,,upto 2 m,2900,3000,3300,2-5 m,,,,,,,,,,,,,,,,,,,,,,0.040/0.100/0.200 ha,road: section=औद्योगिक भूखण्ड की दर | only found in the road table (V-code or name printed differently elsewhere)
sahjanwa,Sahjanwa,03-08-2016,97,0013,गीडा-सेक्टर संख्या-5,,नगरीय,,upto 2 m,15000,16000,20000,2-5 m,,,,,,,,,,,,,,,,,,,,,,0.040/0.100/0.200 ha,road: section=ट्रान्सपोर्ट एजेन्सी की दर | only found in the road table (V-code or name printed differently elsewhere)
sahjanwa,Sahjanwa,03-08-2016,98,0014,गीडा-सेक्टर संख्या-13,,नगरीय,,upto 2 m,15000,16000,20000,2-5 m,,,,,,,,,,,,,,,,,,,,,,0.040/0.100/0.200 ha,road: section=ट्रान्सपोर्ट एजेन्सी की दर | only found in the road table (V-code or name printed differently elsewhere)
sahjanwa,Sahjanwa,03-08-2016,99,0015,गीडा-सेक्टर संख्या-15,,नगरीय,,upto 2 m,15000,16000,20000,2-5 m,,,,,,,,,,,,,,,,,,,,,,0.040/0.100/0.200 ha,road: section=ट्रान्सपोर्ट एजेन्सी की दर | only found in the road table (V-code or name printed differently elsewhere)
sahjanwa,Sahjanwa,03-08-2016,100,0016,गीडा-सेक्टर संख्या-17,,नगरीय,,upto 2 m,15000,16000,20000,2-5 m,,,,,,,,,,,,,,,,,,,,,,0.040/0.100/0.200 ha,road: section=ट्रान्सपोर्ट एजेन्सी की दर | only found in the road table (V-code or name printed differently elsewhere)
sahjanwa,Sahjanwa,03-08-2016,101,0017,गीडा-सेक्टर संख्या-22,,नगरीय,,upto 2 m,15000,16000,20000,2-5 m,,,,,,,,,,,,,,,,,,,,,,0.040/0.100/0.200 ha,road: section=ट्रान्सपोर्ट एजेन्सी की दर | only found in the road table (V-code or name printed differently elsewhere)
sahjanwa,Sahjanwa,03-08-2016,102,0018,गीडा-सेक्टर संख्या-23,,नगरीय,,upto 2 m,15000,16000,20000,2-5 m,,,,,,,,,,,,,,,,,,,,,,0.040/0.100/0.200 ha,road: section=ट्रान्सपोर्ट एजेन्सी की दर | only found in the road table (V-code or name printed differently elsewhere)
sahjanwa,Sahjanwa,03-08-2016,103,0019,गीडा-सेक्टर संख्या-5,,नगरीय,,upto 2 m,16000,17000,22000,2-5 m,,,,,,,,,,,,,,,,,,,,,,0.040/0.100/0.200 ha,road: section=वाणिज्यिक भूखण्ड की दर | only found in the road table (V-code or name printed differently elsewhere)
sahjanwa,Sahjanwa,03-08-2016,104,0020,गीडा-सेक्टर संख्या-13,,नगरीय,,upto 2 m,16000,17000,22000,2-5 m,,,,,,,,,,,,,,,,,,,,,,0.040/0.100/0.200 ha,road: section=वाणिज्यिक भूखण्ड की दर | only found in the road table (V-code or name printed differently elsewhere)
sahjanwa,Sahjanwa,03-08-2016,105,0021,गीडा-सेक्टर संख्या-15,,नगरीय,,upto 2 m,16000,17000,22000,2-5 m,,,,,,,,,,,,,,,,,,,,,,0.040/0.100/0.200 ha,road: section=वाणिज्यिक भूखण्ड की दर | only found in the road table (V-code or name printed differently elsewhere)
sahjanwa,Sahjanwa,03-08-2016,106,0022,गीडा-सेक्टर संख्या-17,,नगरीय,,upto 2 m,16000,17000,22000,2-5 m,,,,,,,,,,,,,,,,,,,,,,0.040/0.100/0.200 ha,road: section=वाणिज्यिक भूखण्ड की दर | only found in the road table (V-code or name printed differently elsewhere)
sahjanwa,Sahjanwa,03-08-2016,107,0023,गीडा-सेक्टर संख्या-22,,नगरीय,,upto 2 m,16000,17000,22000,2-5 m,,,,,,,,,,,,,,,,,,,,,,0.040/0.100/0.200 ha,road: section=वाणिज्यिक भूखण्ड की दर | only found in the road table (V-code or name printed differently elsewhere)
sahjanwa,Sahjanwa,03-08-2016,108,0024,गीडा-सेक्टर संख्या-23,,नगरीय,,upto 2 m,16000,17000,22000,2-5 m,,,,,,,,,,,,,,,,,,,,,,0.040/0.100/0.200 ha,road: section=वाणिज्यिक भूखण्ड की दर | only found in the road table (V-code or name printed differently elsewhere)
sahjanwa,Sahjanwa,03-08-2016,345,1304,विशुनपुरा उ0ह0,,ग्रामीण,,upto 2 m,2500,2600,3100,2-5 m,,,,,,,,,,,,,,,,,,,,,,0.040/0.100/0.200 ha,road: V-code 1304 also printed for serial 226 (विशुनपुर तप्पा उ0 ह0) | only found in the road table (V-code or name printed differently elsewhere)
sahjanwa,Sahjanwa,03-08-2016,50,1046,कुसम्हाकला,,ग्रामीण,,upto 2 m,,,,2-5 m,13200,33000,31900,base,,,,,,,,,,,,,,,,,,0.040/0.100/0.200 ha,only found in the comm table (V-code or name printed differently elsewhere)
sahjanwa,Sahjanwa,03-08-2016,51,1047,कुरमौल,,ग्रामीण,,upto 2 m,,,,2-5 m,13200,33000,31900,base,,,,,,,,,,,,,,,,,,0.040/0.100/0.200 ha,only found in the comm table (V-code or name printed differently elsewhere)
sahjanwa,Sahjanwa,03-08-2016,345,1304,विशुनपुरा उ0ह0,,ग्रामीण,,upto 2 m,,,,2-5 m,13200,33000,31900,base,,,,,,,,,,,,,,,,,,0.040/0.100/0.200 ha,comm: V-code 1304 also printed for serial 226 (as printed) | only found in the comm table (V-code or name printed differently elsewhere)
sahjanwa,Sahjanwa,03-08-2016,50,1046,कुसम्हाकला,,ग्रामीण,,upto 2 m,,,,2-5 m,,,,,,0,0,0,0,260,110,82,55,250,77,57,38,150,55,46,31,0.040/0.100/0.200 ha,"agri: link_d 78 > link_c 57 as printed (systematic) | agri link_d printed 78, corrected to 38 per AIG Registration order 09.01.2017 printed in the list | only found in the agri table (V-code or name printed differently elsewhere)"
sahjanwa,Sahjanwa,03-08-2016,51,1047,कुरमौल,,ग्रामीण,,upto 2 m,,,,2-5 m,,,,,,0,0,0,0,350,206,165,82,340,144,115,57,410,115,92,46,0.040/0.100/0.200 ha,only found in the agri table (V-code or name printed differently elsewhere)
sahjanwa,Sahjanwa,03-08-2016,321,1304,विशुनपुरा उ0ह0,,ग्रामीण,,upto 2 m,,,,2-5 m,,,,,,0,0,0,0,260,110,82,55,250,77,57,38,150,55,46,31,0.040/0.100/0.200 ha,"agri: V-code 1304 also printed for serial 202 (विशुनपुर तप्पा उ0 ह0); link_d printed 78; order dated 09.01.2017 (PDF p95) says 78 in col 16 is a typo for 38 | agri link_d printed 78, corrected to 38 per AIG Registration order 09.01.2017 printed in the list | only found in the agri table (V-code or name printed differently elsewhere)"
chauri,Chauri Chaura,03-08-2016,1,0001,ओम प्रकाश बाबू का कारखाना टोला,ओमप्रकाश बाबू का कारखना टोला,अर्द्धनगरीय,5000,upto 2 m,6000,6600,8400,2-5 m,20000,24000,22000,base,,,,,,840,250,192,128,600,230,176,115,500,125,100,65,0.040/0.100/0.200 ha,
chauri,Chauri Chaura,03-08-2016,2,1001,अमडीहा,रसूलपुर/हवेली,ग्रामीण,2200,upto 2 m,2400,2700,3300,2-5 m,7000,14000,13000,base,,,,,,330,120,100,70,240,110,90,62,220,60,50,34,0.040/0.100/0.200 ha,
chauri,Chauri Chaura,03-08-2016,3,1002,अमारी,राजधानी/हवेली,ग्रामीण,1000,upto 2 m,1200,1300,1800,2-5 m,5000,12000,11000,base,,,,,,,,,,120,80,70,40,100,40,35,20,0.040/0.100/0.200 ha,
chauri,Chauri Chaura,03-08-2016,4,1003,अयोध्याचक,केवटली/हवेली,ग्रामीण,2500,upto 2 m,3300,3600,4700,2-5 m,8000,15000,14000,base,,,,,,470,215,160,90,330,195,145,84,250,110,82,48,0.040/0.100/0.200 ha,
chauri,Chauri Chaura,03-08-2016,5,1004,अवधपुर,केवटली/हवेली,ग्रामीण,2500,upto 2 m,3300,3600,4400,2-5 m,8000,15000,14000,base,,440,275,242,137,480,215,160,90,330,195,145,84,250,110,82,48,0.040/0.100/0.200 ha,agri: nh_a 440 < dist_a 480 as printed
chauri,Chauri Chaura,03-08-2016,6,1005,अहिरौली,केवटली/हवेली,ग्रामीण,1200,upto 2 m,1300,1400,1900,2-5 m,5000,12000,11000,base,,,,,,,,,,130,81,73,43,120,46,41,24,0.040/0.100/0.200 ha,
chauri,Chauri Chaura,03-08-2016,7,1006,आमकोल,केवटली/हवेली,ग्रामीण,2400,upto 2 m,2700,2800,3200,2-5 m,5000,12000,11000,base,,,,,,320,160,125,81,270,145,113,73,240,82,62,40,0.040/0.100/0.200 ha,
chauri,Chauri Chaura,03-08-2016,8,1007,आराजी बसडीला,पतरा/हवेली,ग्रामीण,4500,upto 2 m,5300,5800,7200,2-5 m,14000,20000,18000,base,,720,330,280,167,720,234,197,117,530,214,180,106,450,120,100,60,0.040/0.100/0.200 ha,
chauri,Chauri Chaura,03-08-2016,9,1008,आराजी मतौनी,पतरा/हवेली,ग्रामीण,1200,upto 2 m,1300,1500,1900,2-5 m,5000,12000,11000,base,,,,,,,,,,130,90,80,47,120,50,45,26,0.040/0.100/0.200 ha,
chauri,Chauri Chaura,03-08-2016,10,1009,आवगीर,राजधानी/हवेली,ग्रामीण,1000,upto 2 m,1200,1300,1800,2-5 m,5000,12000,11000,base,,,,,,,,,,120,80,70,40,100,37,32,18,0.040/0.100/0.200 ha,
chauri,Chauri Chaura,03-08-2016,11,1010,इटौवा,राजधानी/हवेली,ग्रामीण,1900,upto 2 m,2200,2400,3000,2-5 m,5000,12000,11000,base,,,,,,300,160,125,80,220,145,110,73,190,74,57,37,0.040/0.100/0.200 ha,
chauri,Chauri Chaura,03-08-2016,12,1011,उपधौली,राजधानी/हवेली,ग्रामीण,1100,upto 2 m,1200,1300,1700,2-5 m,5000,12000,11000,base,,,,,,,,,,120,81,70,39,110,40,35,20,0.040/0.100/0.200 ha,
chauri,Chauri Chaura,03-08-2016,13,1012,एकडंगा,रसूलपुर/हवेली,ग्रामीण,1000,upto 2 m,1200,1300,1700,2-5 m,5000,12000,11000,base,,,,,,,,,,120,81,73,43,100,42,37,22,0.040/0.100/0.200 ha,
chauri,Chauri Chaura,03-08-2016,14,1013,कटसिकरा,राजधानी/हवेली,ग्रामीण,1100,upto 2 m,1200,1300,1700,2-5 m,5000,12000,11000,base,,,,,,170,88,77,44,120,80,70,40,110,45,38,22,0.040/0.100/0.200 ha,
chauri,Chauri Chaura,03-08-2016,15,1014,कपरफोरवा,राजधानी/हवेली,ग्रामीण,1100,upto 2 m,1200,1300,1700,2-5 m,5000,12000,11000,base,,,,,,170,88,77,44,120,80,70,40,110,45,38,22,0.040/0.100/0.200 ha,agri: name partly under signature
chauri,Chauri Chaura,03-08-2016,16,1015,करनमाझा,रसूलपुर/हवेली,ग्रामीण,1100,upto 2 m,1200,1300,1700,2-5 m,5000,12000,11000,base,,,,,,,,,,120,81,73,43,110,46,41,24,0.040/0.100/0.200 ha,
chauri,Chauri Chaura,03-08-2016,17,1016,करमहा,केवटली/हवेली,ग्रामीण,2500,upto 2 m,3300,3600,4900,2-5 m,8000,15000,14000,base,,,,,,,215,160,92,330,195,145,82,250,110,82,46,0.040/0.100/0.200 ha,agri: dist_a (col 9) blank in print while cols 10-12 filled
chauri,Chauri Chaura,03-08-2016,18,1017,करही,राजधानी/हवेली,ग्रामीण,1000,upto 2 m,1200,1300,1700,2-5 m,4000,11000,10000,base,,,,,,,,,,120,73,64,36,100,37,32,18,0.040/0.100/0.200 ha,
chauri,Chauri Chaura,03-08-2016,19,1018,करौता,राजधानी/हवेली,ग्रामीण,1100,upto 2 m,1200,1300,1700,2-5 m,5000,12000,11000,base,,,,,,,,,,120,73,64,36,110,46,38,22,0.040/0.100/0.200 ha,
chauri,Chauri Chaura,03-08-2016,20,0002,कानू टोला,कानू टोला वार्ड न0 --05,अर्द्धनगरीय,5000,upto 2 m,6000,6600,8400,2-5 m,20000,24000,22000,base,,,,,,840,250,192,125,600,230,175,115,500,125,100,65,0.040/0.100/0.200 ha,
chauri,Chauri Chaura,03-08-2016,21,0003,काली स्थान टोला,काली स्थान टोला वार्ड न0--09,अर्द्धनगरीय,5000,upto 2 m,6000,6600,8400,2-5 m,20000,24000,22000,base,,,,,,840,250,192,125,600,230,175,115,500,125,100,65,0.040/0.100/0.200 ha,
chauri,Chauri Chaura,03-08-2016,22,1019,कुसुम्ही,पतरा/हवेली,ग्रामीण,4400,upto 2 m,5000,5600,7200,2-5 m,16000,21000,19000,base,,,,,,720,230,195,110,500,206,176,100,440,110,100,60,0.040/0.100/0.200 ha,
chauri,Chauri Chaura,03-08-2016,23,1020,कुसुली,केवटली/हवेली,ग्रामीण,1100,upto 2 m,1200,1300,1700,2-5 m,5000,12000,11000,base,,,,,,,,,,120,90,80,46,110,50,45,26,0.040/0.100/0.200 ha,
chauri,Chauri Chaura,03-08-2016,24,1021,केवलचक,राजधानी/हवेली,ग्रामीण,1100,upto 2 m,1200,1300,1700,2-5 m,5000,12000,11000,base,,,,,,170,160,125,82,120,80,70,40,110,45,38,22,0.040/0.100/0.200 ha,
chauri,Chauri Chaura,03-08-2016,25,1022,केवलाचक,केवटली/हवेली,ग्रामीण,1200,upto 2 m,1200,1300,1700,2-5 m,5000,12000,11000,base,,,,,,,,,,120,110,90,72,120,82,62,40,0.040/0.100/0.200 ha,
chauri,Chauri Chaura,03-08-2016,26,1023,केवलाडावर,केवटली/हवेली,ग्रामीण,5000,upto 2 m,5800,6600,7700,2-5 m,20000,24000,22000,base,,770,328,252,153,770,250,195,127,580,230,176,115,500,125,100,65,0.040/0.100/0.200 ha,
chauri,Chauri Chaura,03-08-2016,27,1024,केशवपटटी,केवटली/हवेली,ग्रामीण,1100,upto 2 m,1200,1300,1700,2-5 m,5000,12000,11000,base,,,,,,,,,,120,81,73,43,110,46,41,24,0.040/0.100/0.200 ha,
chauri,Chauri Chaura,03-08-2016,28,1025,कैथवलिया,राजधानी/हवेली,ग्रामीण,1700,upto 2 m,2100,2300,2600,2-5 m,5000,12000,11000,base,,,,,,260,120,100,70,210,115,90,62,170,65,50,36,0.040/0.100/0.200 ha,
chauri,Chauri Chaura,03-08-2016,29,1026,कोटिया,राजधानी/हवेली,ग्रामीण,900,upto 2 m,1200,1300,1700,2-5 m,4000,11000,10000,base,,,,,,,,,,120,73,64,36,90,34,30,18,0.040/0.100/0.200 ha,
chauri,Chauri Chaura,03-08-2016,30,1027,कोना सोनबरसा,राजधानी/हवेली,ग्रामीण,2500,upto 2 m,2400,2700,3300,2-5 m,5000,12000,11000,base,,,,,,330,120,100,70,240,110,90,62,250,68,50,36,0.040/0.100/0.200 ha,agri: other_a 250 > link_a 240 as printed
chauri,Chauri Chaura,03-08-2016,31,1028,कोल्हुआ,रसूलपुर/हवेली,ग्रामीण,1600,upto 2 m,2000,2300,2500,2-5 m,5000,12000,11000,base,,,,,,,,,,200,132,106,67,160,75,59,37,0.040/0.100/0.200 ha,
chauri,Chauri Chaura,03-08-2016,32,1029,खरखूटा,राजधानी/हवेली,ग्रामीण,1000,upto 2 m,1200,1300,1700,2-5 m,5000,12000,11000,base,,,,,,,,,,120,73,64,36,100,37,32,18,0.040/0.100/0.200 ha,
chauri,Chauri Chaura,03-08-2016,33,1030,खुरूहरी,राजधानी/हवेली,ग्रामीण,1800,upto 2 m,2000,2200,2500,2-5 m,5000,12000,11000,base,,,,,,250,160,125,80,200,145,113,72,180,82,62,40,0.040/0.100/0.200 ha,
chauri,Chauri Chaura,03-08-2016,34,1031,खैराबाद,केवटली/हवेली,ग्रामीण,1900,upto 2 m,2000,2200,2500,2-5 m,5000,12000,11000,base,,,,,,,,,,200,100,81,57,190,56,46,32,0.040/0.100/0.200 ha,
chauri,Chauri Chaura,03-08-2016,35,1032,गगडा,केवटली/हवेली,ग्रामीण,1900,upto 2 m,2000,2200,2600,2-5 m,5000,12000,11000,base,,,,,,260,160,100,70,200,145,90,62,190,82,50,36,0.040/0.100/0.200 ha,agri: name partly under signature
chauri,Chauri Chaura,03-08-2016,36,1033,गजाई कोल,राजधानी/हवेली,ग्रामीण,1900,upto 2 m,2200,2400,2600,2-5 m,5000,12000,11000,base,,,,,,260,120,110,70,220,110,90,62,190,62,50,36,0.040/0.100/0.200 ha,
chauri,Chauri Chaura,03-08-2016,37,0004,गुड़ पड़ाव,गुड़पडाव वार्ड न0 --11,अर्द्धनगरीय,5000,upto 2 m,6000,6600,8400,2-5 m,20000,24000,22000,base,,,,,,840,250,195,128,600,230,176,115,500,128,100,65,0.040/0.100/0.200 ha,
chauri,Chauri Chaura,03-08-2016,38,1034,गोपलापुर,राजधानी/हवेली,ग्रामीण,1000,upto 2 m,1300,1400,1800,2-5 m,4000,11000,10000,base,,,,,,,,,,130,73,64,36,100,37,33,19,0.040/0.100/0.200 ha,
chauri,Chauri Chaura,03-08-2016,39,1035,गोबडौर,राजधानी/हवेली,ग्रामीण,2500,upto 2 m,2400,2600,3300,2-5 m,5000,12000,11000,base,,,,,,330,120,100,70,240,110,90,62,250,62,50,35,0.040/0.100/0.200 ha,agri: other_a 250 > link_a 240 as printed
chauri,Chauri Chaura,03-08-2016,40,1036,गोबडौरी,राजधानी/हवेली,ग्रामीण,1200,upto 2 m,1300,1400,1700,2-5 m,5000,12000,11000,base,,,,,,170,88,77,44,130,81,70,40,120,45,38,22,0.040/0.100/0.200 ha,
chauri,Chauri Chaura,03-08-2016,41,1037,गोरसौरा,राजधानी/हवेली,ग्रामीण,1000,upto 2 m,1300,1400,1700,2-5 m,5000,12000,11000,base,,,,,,,,,,130,73,64,36,100,37,32,18,0.040/0.100/0.200 ha,
chauri,Chauri Chaura,03-08-2016,42,1038,गोविन्दगंज,केवटली/हवेली,ग्रामीण,1100,upto 2 m,1200,1300,1700,2-5 m,5000,12000,11000,base,,,,,,,,,,120,81,73,43,110,46,41,24,0.040/0.100/0.200 ha,
chauri,Chauri Chaura,03-08-2016,43,1039,गोंहटा,राजधानी/हवेली,ग्रामीण,900,upto 2 m,1200,1300,1700,2-5 m,5000,12000,11000,base,,,,,,170,80,70,40,120,73,64,36,90,34,30,17,0.040/0.100/0.200 ha,
chauri,Chauri Chaura,03-08-2016,44,1040,गौनर,केवटली/हवेली,ग्रामीण,2400,upto 2 m,3000,3300,3500,2-5 m,5000,12000,11000,base,,,,,,350,160,125,82,300,145,110,72,240,82,62,40,0.040/0.100/0.200 ha,
chauri,Chauri Chaura,03-08-2016,45,1041,चकदह,राजधानी/हवेली,ग्रामीण,1100,upto 2 m,1300,1400,1700,2-5 m,5000,12000,11000,base,,,,,,,,,,130,73,64,36,110,41,35,20,0.040/0.100/0.200 ha,
chauri,Chauri Chaura,03-08-2016,46,1042,चकदेइया,केवटली/हवेली,ग्रामीण,2600,upto 2 m,3200,3500,4000,2-5 m,5000,12000,11000,base,,,,,,400,170,138,90,320,163,126,80,260,90,72,45,0.040/0.100/0.200 ha,
chauri,Chauri Chaura,03-08-2016,47,1043,चकसतहवा,राजधानी/हवेली,ग्रामीण,1200,upto 2 m,1200,1300,1700,2-5 m,5000,12000,11000,base,,,,,,,,,,120,73,64,36,120,41,35,20,0.040/0.100/0.200 ha,
chauri,Chauri Chaura,03-08-2016,48,1044,चकिया,राजधानी/हवेली,ग्रामीण,1200,upto 2 m,1200,1300,1700,2-5 m,5000,12000,11000,base,,,,,,,,,,120,73,64,36,120,41,35,20,0.040/0.100/0.200 ha,
chauri,Chauri Chaura,03-08-2016,49,0005,चीक टोला,चीकटोला वार्ड न0-- 04,अर्द्धनगरीय,5000,upto 2 m,6000,6600,8400,2-5 m,20000,24000,22000,base,,,,,,840,250,195,128,600,230,175,115,500,128,100,65,0.040/0.100/0.200 ha,"road: name printed ""चीक टोला"" (likely misprint of चौक टोला; same V-code 0005 appears as ""चीक टोला वार्ड नं0 4"" on p58)"
chauri,Chauri Chaura,03-08-2016,50,1045,चितहरी,राजधानी/हवेली,ग्रामीण,900,upto 2 m,1300,1400,1800,2-5 m,4000,11000,10000,base,,,,,,,,,,130,80,70,39,90,34,30,17,0.040/0.100/0.200 ha,
chauri,Chauri Chaura,03-08-2016,51,0006,चौक टोला,चौकटोला वार्ड न0--07,अर्द्धनगरीय,5000,upto 2 m,6000,6600,8400,2-5 m,20000,24000,22000,base,,,,,,840,250,195,128,600,230,178,115,500,128,100,65,0.040/0.100/0.200 ha,agri: link_c 178 clearly printed (similar rows 175/176)
chauri,Chauri Chaura,03-08-2016,52,1046,चौरा,केवटली/हवेली,ग्रामीण,5000,upto 2 m,6000,6600,7700,2-5 m,20000,24000,22000,base,,770,328,252,166,770,250,195,128,600,230,176,115,500,128,100,65,0.040/0.100/0.200 ha,
chauri,Chauri Chaura,03-08-2016,53,1047,चौरी,केवटली/हवेली,ग्रामीण,4500,upto 2 m,5400,6100,7000,2-5 m,16000,21000,19000,base,,700,303,256,152,,,,,540,210,180,110,450,120,100,60,0.040/0.100/0.200 ha,
chauri,Chauri Chaura,03-08-2016,54,1048,छपरा मंसूर,केवटली/हवेली,ग्रामीण,1200,upto 2 m,1300,1500,1900,2-5 m,5000,12000,11000,base,,,,,,190,120,100,70,130,110,90,62,120,62,50,35,0.040/0.100/0.200 ha,
chauri,Chauri Chaura,03-08-2016,55,1049,छबैला,केवटली/हवेली,ग्रामीण,1800,upto 2 m,2200,2400,2800,2-5 m,5000,12000,11000,base,,,,,,,,,,220,110,90,62,180,62,50,36,0.040/0.100/0.200 ha,
chauri,Chauri Chaura,03-08-2016,56,0007,छावनी मोहल्ला टोला,छावनी मोहल्ला टोला वार्ड न0 -- 08,अर्द्धनगरीय,5000,upto 2 m,6000,6600,8400,2-5 m,20000,24000,22000,base,,,,,,840,250,195,128,600,230,176,115,500,128,100,65,0.040/0.100/0.200 ha,
chauri,Chauri Chaura,03-08-2016,57,1050,"जगदीशपुर, तप्पा--केवटली",केवटली/हवेली,ग्रामीण,5000,upto 2 m,6000,6600,8500,2-5 m,20000,24000,22000,base,,850,360,275,182,,,,,600,230,176,115,500,128,100,65,0.040/0.100/0.200 ha,agri: name cut off at cell edges in print
chauri,Chauri Chaura,03-08-2016,58,1051,"जगदीशपुर, तप्पा--राजधानी",राजधानी/हवेली,ग्रामीण,1900,upto 2 m,2200,2400,2700,2-5 m,5000,12000,11000,base,,,,,,270,160,125,82,220,145,110,72,190,82,62,40,0.040/0.100/0.200 ha,agri: name cut off at cell edges in print
chauri,Chauri Chaura,03-08-2016,59,1052,जंगल गौरी नं0--1,राजधानी/हवेली,ग्रामीण,3900,upto 2 m,4500,5000,5600,2-5 m,14000,20000,18000,base,,,,,,560,215,158,92,450,195,160,82,390,110,82,48,0.040/0.100/0.200 ha,
chauri,Chauri Chaura,03-08-2016,60,1053,जंगल गौरी नं--2 उर्फ अमहिया,राजधानी/हवेली,ग्रामीण,2600,upto 2 m,3600,4000,4800,2-5 m,8000,15000,14000,base,,,,,,480,160,122,82,360,145,110,72,260,82,62,40,0.040/0.100/0.200 ha,agri: name cut off at cell edges in print
chauri,Chauri Chaura,03-08-2016,61,1054,जंगल मटिया,केवटली/हवेली,ग्रामीण,1100,upto 2 m,1300,1400,1700,2-5 m,5000,12000,11000,base,,,,,,,,,,130,90,80,46,110,50,45,26,0.040/0.100/0.200 ha,
chauri,Chauri Chaura,03-08-2016,62,1055,जंगल रसूलपुर नं0--1,रसूलपुर/हवेली,ग्रामीण,2700,upto 2 m,3200,3800,5000,2-5 m,8000,15000,14000,base,,,,,,500,150,120,76,320,136,107,70,270,80,60,38,0.040/0.100/0.200 ha,
chauri,Chauri Chaura,03-08-2016,63,1056,जंगल रसूलपुर नं0--2,रसूलपुर/हवेली,ग्रामीण,2800,upto 2 m,3400,4000,5000,2-5 m,8000,15000,14000,base,,,,,,500,160,122,80,340,145,110,72,280,82,62,40,0.040/0.100/0.200 ha,
chauri,Chauri Chaura,03-08-2016,64,1057,जदूपुर,राजधानी/हवेली,ग्रामीण,1100,upto 2 m,1200,1300,1700,2-5 m,5000,12000,11000,base,,,,,,,,,,120,73,64,36,110,41,35,20,0.040/0.100/0.200 ha,
chauri,Chauri Chaura,03-08-2016,65,1058,जमरू,राजधानी/हवेली,ग्रामीण,1100,upto 2 m,1300,1400,1700,2-5 m,5000,12000,11000,base,,,,,,170,80,70,40,130,73,64,36,110,41,35,20,0.040/0.100/0.200 ha,
chauri,Chauri Chaura,03-08-2016,66,1059,जयपुर,केवटली/हवेली,ग्रामीण,1100,upto 2 m,1200,1300,1700,2-5 m,5000,12000,11000,base,,,,,,,,,,120,90,80,46,110,46,41,24,0.040/0.100/0.200 ha,agri: handwritten pen strokes under other_a/other_b (figures legible)
chauri,Chauri Chaura,03-08-2016,67,1060,जयराम कोल,राजधानी/हवेली,ग्रामीण,1100,upto 2 m,1300,1400,1800,2-5 m,5000,12000,11000,base,,,,,,,,,,130,80,70,40,110,40,35,20,0.040/0.100/0.200 ha,
chauri,Chauri Chaura,03-08-2016,68,1061,जोगिया,राजधानी/हवेली,ग्रामीण,1000,upto 2 m,1200,1300,1700,2-5 m,4000,11000,10000,base,,,,,,,,,,120,73,64,36,100,37,32,18,0.040/0.100/0.200 ha,
chauri,Chauri Chaura,03-08-2016,69,1062,जोधपुर,केवटली/हवेली,ग्रामीण,1100,upto 2 m,1300,1400,1700,2-5 m,5000,12000,11000,base,,,,,,,,,,130,81,73,43,110,46,41,24,0.040/0.100/0.200 ha,
chauri,Chauri Chaura,03-08-2016,70,1063,जोलहवारी,रसूलपुर/हवेली,ग्रामीण,1300,upto 2 m,1200,1300,1700,2-5 m,5000,12000,11000,base,,,,,,,,,,120,81,73,43,130,50,41,24,0.040/0.100/0.200 ha,agri: other_a 130 > link_a 120 as printed
chauri,Chauri Chaura,03-08-2016,71,1064,झगहा,राजधानी/हवेली,ग्रामीण,3900,upto 2 m,4500,5200,5800,2-5 m,16000,21000,19000,base,,,,,,580,215,158,90,450,195,145,82,390,110,82,46,0.040/0.100/0.200 ha,
chauri,Chauri Chaura,03-08-2016,72,1065,टमठा,राजधानी/हवेली,ग्रामीण,900,upto 2 m,1200,1300,1700,2-5 m,4000,11000,10000,base,,,,,,,,,,120,73,64,36,90,34,30,17,0.040/0.100/0.200 ha,
chauri,Chauri Chaura,03-08-2016,73,1066,टेल्हनापार,केवटली/हवेली,ग्रामीण,3900,upto 2 m,4600,5000,5800,2-5 m,14000,20000,18000,base,,,,,,580,215,158,90,460,195,145,82,390,110,82,46,0.040/0.100/0.200 ha,
chauri,Chauri Chaura,03-08-2016,74,1067,टोंगरी,राजधानी/हवेली,ग्रामीण,1000,upto 2 m,1300,1400,1800,2-5 m,5000,12000,11000,base,,,,,,,,,,130,73,64,36,100,37,33,19,0.040/0.100/0.200 ha,
chauri,Chauri Chaura,03-08-2016,75,1068,डीहघाट,राजधानी/हवेली,ग्रामीण,2000,upto 2 m,2400,2600,3300,2-5 m,5000,12000,11000,base,,,,,,330,120,100,70,240,110,90,62,200,56,46,32,0.040/0.100/0.200 ha,
chauri,Chauri Chaura,03-08-2016,76,0008,डीहस्थान टोला,डीह सीान टोला वार्ड न0--06,अर्द्धनगरीय,5000,upto 2 m,6000,6600,8400,2-5 m,20000,24000,22000,base,,,,,,840,250,192,127,600,230,176,110,500,127,100,65,0.040/0.100/0.200 ha,
chauri,Chauri Chaura,03-08-2016,77,1069,डुमरी,राजधानी/हवेली,ग्रामीण,1100,upto 2 m,1400,1600,1800,2-5 m,4000,11000,10000,base,,,,,,,,,,140,90,80,46,110,50,46,26,0.040/0.100/0.200 ha,
chauri,Chauri Chaura,03-08-2016,78,1070,डुमरी खास,केवटली/हवेली,ग्रामीण,4400,upto 2 m,5000,5800,7400,2-5 m,14000,20000,18000,base,,,,,,740,230,195,112,500,206,176,100,440,110,100,60,0.040/0.100/0.200 ha,agri: handwritten tick marks near dist_b/link_b (figures legible)
chauri,Chauri Chaura,03-08-2016,79,1071,डुमरी खुर्द,केवटली/हवेली,ग्रामीण,4400,upto 2 m,5000,5800,6800,2-5 m,16000,21000,19000,base,,600,294,252,147,,,,,500,206,176,100,440,110,100,60,0.040/0.100/0.200 ha,agri: nh_b first digit overwritten/blotted in ink; read 294 (checked 350dpi)
chauri,Chauri Chaura,03-08-2016,80,1072,डुमरैला,राजधानी/हवेली,ग्रामीण,1400,upto 2 m,1900,2100,2300,2-5 m,5000,12000,11000,base,,,,,,,,,,190,110,90,62,140,56,42,29,0.040/0.100/0.200 ha,
chauri,Chauri Chaura,03-08-2016,81,1073,डेंगरा,राजधानी/हवेली,ग्रामीण,1000,upto 2 m,1300,1400,1700,2-5 m,5000,12000,11000,base,,,,,,,,,,130,80,70,40,100,40,36,22,0.040/0.100/0.200 ha,
chauri,Chauri Chaura,03-08-2016,82,1074,डेहरा डाबर,रसूलपुर/हवेली,ग्रामीण,2700,upto 2 m,3300,3500,4000,2-5 m,8000,15000,14000,base,,,,,,400,160,125,80,330,145,110,72,270,82,62,40,0.040/0.100/0.200 ha,
chauri,Chauri Chaura,03-08-2016,83,1075,तरवॉं,राजधानी/हवेली,ग्रामीण,1000,upto 2 m,1200,1300,1700,2-5 m,4000,11000,10000,base,,,,,,,,,,120,80,70,40,100,40,36,20,0.040/0.100/0.200 ha,
chauri,Chauri Chaura,03-08-2016,84,1076,तीहा,केवटली/हवेली,ग्रामीण,2300,upto 2 m,2300,2500,3000,2-5 m,5000,12000,11000,base,,,,,,,,,,230,110,81,57,230,56,46,32,0.040/0.100/0.200 ha,
chauri,Chauri Chaura,03-08-2016,85,1077,तिलौली,केवटली/हवेली,ग्रामीण,1100,upto 2 m,1300,1400,1700,2-5 m,5000,12000,11000,base,,,,,,170,100,85,50,130,81,73,43,110,46,41,24,0.040/0.100/0.200 ha,
chauri,Chauri Chaura,03-08-2016,86,1078,तिलक पटटी,राजधानी/हवेली,ग्रामीण,1100,upto 2 m,1300,1400,1800,2-5 m,5000,12000,11000,base,,,,,,,,,,130,73,64,36,110,41,35,20,0.040/0.100/0.200 ha,
chauri,Chauri Chaura,03-08-2016,87,1079,तुलसी पाकड़,राजधानी/हवेली,ग्रामीण,1100,upto 2 m,1300,1400,1800,2-5 m,5000,12000,11000,base,,,,,,180,80,70,40,130,73,64,36,110,41,35,20,0.040/0.100/0.200 ha,
chauri,Chauri Chaura,03-08-2016,88,1080,तेन्दुआ खुर्द,रसूलपुर/हवेली,ग्रामीण,1600,upto 2 m,2000,2200,2400,2-5 m,5000,12000,11000,base,,,,,,240,120,100,70,200,110,90,62,160,61,50,35,0.040/0.100/0.200 ha,
chauri,Chauri Chaura,03-08-2016,89,1081,थुन्ही महोबचक,राजधानी/हवेली,ग्रामीण,1600,upto 2 m,2200,2400,2600,2-5 m,5000,12000,11000,base,,,,,,260,90,77,45,220,80,70,40,160,45,38,22,0.040/0.100/0.200 ha,agri: handwritten arrow near link_d (figures legible)
chauri,Chauri Chaura,03-08-2016,90,1082,दयालगढ़,राजधानी/हवेली,ग्रामीण,900,upto 2 m,1200,1300,1700,2-5 m,4000,11000,10000,base,,,,,,,,,,120,73,64,36,90,34,30,18,0.040/0.100/0.200 ha,
chauri,Chauri Chaura,03-08-2016,91,1083,दींवा,राजधानी/हवेली,ग्रामीण,1100,upto 2 m,1200,1300,1700,2-5 m,5000,12000,11000,base,,,,,,170,79,68,40,120,73,64,36,110,41,35,20,0.040/0.100/0.200 ha,agri: name obscured by signature; best reading
chauri,Chauri Chaura,03-08-2016,92,1084,दुधई,केवटली/हवेली,ग्रामीण,1100,upto 2 m,1200,1300,1700,2-5 m,5000,12000,11000,base,,,,,,,,,,120,81,73,46,110,46,41,24,0.040/0.100/0.200 ha,
chauri,Chauri Chaura,03-08-2016,93,1085,दुबौली,रसूलपुर/हवेली,ग्रामीण,2600,upto 2 m,3500,4000,4600,2-5 m,8000,15000,14000,base,,,,,,460,160,125,80,350,145,110,72,260,80,62,40,0.040/0.100/0.200 ha,
chauri,Chauri Chaura,03-08-2016,94,1086,दुलहरा,राजधानी/हवेली,ग्रामीण,1500,upto 2 m,2100,2300,2600,2-5 m,5000,12000,11000,base,,,,,,,,,,210,110,81,57,150,56,46,32,0.040/0.100/0.200 ha,
chauri,Chauri Chaura,03-08-2016,95,1087,देवकही,केवटली/हवेली,ग्रामीण,2400,upto 2 m,2400,2600,3300,2-5 m,5000,12000,11000,base,,,,,,360,160,125,80,240,145,110,72,260,82,62,40,0.040/0.100/0.200 ha,agri: other_a 260 > link_a 240 as printed
chauri,Chauri Chaura,03-08-2016,96,1088,देवीतरकुलहा,केवटली/हवेली,ग्रामीण,1200,upto 2 m,1400,1500,2100,2-5 m,5000,12000,11000,base,,,,,,,,,,140,90,80,47,120,50,45,26,0.040/0.100/0.200 ha,
chauri,Chauri Chaura,03-08-2016,97,1089,देवीपुर,केवटली/हवेली,ग्रामीण,4000,upto 2 m,4800,5300,5700,2-5 m,14000,20000,18000,base,,550,304,256,152,,,,,480,215,180,106,400,110,100,60,0.040/0.100/0.200 ha,
chauri,Chauri Chaura,03-08-2016,98,1090,न्योढ़ी,राजधानी/हवेली,ग्रामीण,1100,upto 2 m,1200,1400,1700,2-5 m,5000,12000,11000,base,,,,,,170,90,68,40,120,73,64,36,110,41,35,20,0.040/0.100/0.200 ha,
chauri,Chauri Chaura,03-08-2016,99,1091,नटवा,रसूलपुर/हवेली,ग्रामीण,1100,upto 2 m,1200,1300,1700,2-5 m,5000,12000,11000,base,,,,,,,,,,120,81,73,43,110,46,41,24,0.040/0.100/0.200 ha,
chauri,Chauri Chaura,03-08-2016,100,1092,नदुआज्ञानपार,रसूलपुर/हवेली,ग्रामीण,1900,upto 2 m,2200,2400,2600,2-5 m,5000,12000,11000,base,,,,,,260,160,122,80,220,145,110,72,190,82,62,40,0.040/0.100/0.200 ha,
chauri,Chauri Chaura,03-08-2016,101,1093,नरायनपुर,केवटली/हवेली,ग्रामीण,1100,upto 2 m,1300,1400,1700,2-5 m,5000,12000,11000,base,,,,,,,,,,130,90,80,47,110,50,41,24,0.040/0.100/0.200 ha,
chauri,Chauri Chaura,03-08-2016,102,1094,नरेन्द्रपुर,रसूलपुर/हवेली,ग्रामीण,1100,upto 2 m,1200,1300,1700,2-5 m,5000,12000,11000,base,,,,,,170,90,79,47,120,81,73,43,110,46,41,24,0.040/0.100/0.200 ha,
chauri,Chauri Chaura,03-08-2016,103,1095,निबही,रसूलपुर/हवेली,ग्रामीण,1800,upto 2 m,,,,2-5 m,5000,12000,11000,base,,,,,,260,110,90,63,220,110,81,56,180,56,46,32,0.040/0.100/0.200 ha,no row in road table
chauri,Chauri Chaura,03-08-2016,104,1096,नौवाबारी,केवटली/हवेली,ग्रामीण,2600,upto 2 m,,,,2-5 m,8000,15000,14000,base,,,,,,460,215,160,92,350,195,146,82,260,110,82,47,0.040/0.100/0.200 ha,no row in road table
chauri,Chauri Chaura,03-08-2016,105,1097,पकड़डीहा,राजधानी/हवेली,ग्रामीण,1000,upto 2 m,,,,2-5 m,5000,12000,11000,base,,,,,,,,,,140,80,70,40,100,37,33,19,0.040/0.100/0.200 ha,no row in road table
chauri,Chauri Chaura,03-08-2016,106,1098,पकड़पुरा,राजधानी/हवेली,ग्रामीण,1000,upto 2 m,,,,2-5 m,5000,12000,11000,base,,,,,,,,,,130,80,70,40,100,37,33,19,0.040/0.100/0.200 ha,no row in road table
chauri,Chauri Chaura,03-08-2016,107,1099,पकड़ी,केवटली/हवेली,ग्रामीण,1000,upto 2 m,,,,2-5 m,5000,12000,11000,base,,,,,,,,,,130,81,73,43,100,41,36,21,0.040/0.100/0.200 ha,no row in road table
chauri,Chauri Chaura,03-08-2016,108,1100,पकड़ियार,राजधानी/हवेली,ग्रामीण,1100,upto 2 m,,,,2-5 m,5000,12000,11000,base,,,,,,180,88,77,44,130,80,70,40,110,45,38,22,0.040/0.100/0.200 ha,no row in road table
chauri,Chauri Chaura,03-08-2016,109,1101,पचदेवरी,रसूलपुर/हवेली,ग्रामीण,1600,upto 2 m,,,,2-5 m,5000,12000,11000,base,,,,,,260,120,100,70,220,110,90,62,160,62,50,36,0.040/0.100/0.200 ha,no row in road table
chauri,Chauri Chaura,03-08-2016,110,1102,परसौनी,रसूलपुर/हवेली,ग्रामीण,1600,upto 2 m,,,,2-5 m,5000,12000,11000,base,,,,,,250,120,100,70,200,110,90,62,160,62,50,36,0.040/0.100/0.200 ha,no row in road table
chauri,Chauri Chaura,03-08-2016,111,1103,पलिया,केवटली/हवेली,ग्रामीण,1100,upto 2 m,,,,2-5 m,5000,12000,11000,base,,,,,,,,,,120,81,73,43,110,46,41,24,0.040/0.100/0.200 ha,no row in road table
chauri,Chauri Chaura,03-08-2016,112,1104,पंसरही,केवटली/हवेली,ग्रामीण,1100,upto 2 m,,,,2-5 m,5000,12000,11000,base,,,,,,,,,,130,81,73,43,110,46,41,24,0.040/0.100/0.200 ha,no row in road table
chauri,Chauri Chaura,03-08-2016,113,1105,पाडर,रसूलपुर/हवेली,ग्रामीण,1100,upto 2 m,,,,2-5 m,5000,12000,11000,base,,,,,,,,,,140,81,73,43,110,46,41,24,0.040/0.100/0.200 ha,no row in road table
chauri,Chauri Chaura,03-08-2016,114,0009,पासी टोला,पासी टोला वार्ड न0 --01,अर्द्धनगरीय,5000,upto 2 m,,,,2-5 m,20000,24000,22000,base,,,,,,840,250,195,127,600,230,176,116,500,128,100,65,0.040/0.100/0.200 ha,no row in road table
chauri,Chauri Chaura,03-08-2016,115,1106,पिपरामन्नी,रसूलपुर/हवेली,ग्रामीण,1400,upto 2 m,,,,2-5 m,5000,12000,11000,base,,,,,,,,,,130,81,73,43,140,46,41,24,0.040/0.100/0.200 ha,agri: other_a 140 > link_a 130 (as printed) | no row in road table
chauri,Chauri Chaura,03-08-2016,116,1107,पुरनहा,राजधानी/हवेली,ग्रामीण,1100,upto 2 m,,,,2-5 m,5000,12000,11000,base,,,,,,,,,,130,73,64,36,110,41,35,20,0.040/0.100/0.200 ha,no row in road table
chauri,Chauri Chaura,03-08-2016,117,1108,पोखरभिण्डा,केवटली/हवेली,ग्रामीण,1100,upto 2 m,,,,2-5 m,5000,12000,11000,base,,,,,,,,,,140,81,73,43,110,46,41,24,0.040/0.100/0.200 ha,no row in road table
chauri,Chauri Chaura,03-08-2016,118,1109,फुलवरिया,केवटली/हवेली,ग्रामीण,2600,upto 2 m,,,,2-5 m,5000,12000,11000,base,,,,,,370,160,125,80,280,145,110,72,260,82,62,40,0.040/0.100/0.200 ha,no row in road table
chauri,Chauri Chaura,03-08-2016,119,1110,बकसुड़ी,राजधानी/हवेली,ग्रामीण,1100,upto 2 m,,,,2-5 m,5000,12000,11000,base,,,,,,,,,,130,73,64,36,110,41,35,20,0.040/0.100/0.200 ha,no row in road table
chauri,Chauri Chaura,03-08-2016,120,1111,बघाड़,केवटली/हवेली,ग्रामीण,2400,upto 2 m,2900,3300,3600,2-5 m,5000,12000,11000,base,,,,,,360,160,123,82,290,145,110,72,240,82,62,40,0.040/0.100/0.200 ha,"road: serials 103-119 absent: page 50 ends at 102, page 51 starts at 120 (page missing from PDF?)"
chauri,Chauri Chaura,03-08-2016,121,1112,बडहरा,राजधानी/हवेली,ग्रामीण,1000,upto 2 m,1400,1500,1800,2-5 m,4000,11000,10000,base,,,,,,,,,,140,73,64,36,100,37,32,18,0.040/0.100/0.200 ha,
chauri,Chauri Chaura,03-08-2016,122,1113,ब्रम्हपुर,रसूलपुर/हवेली,ग्रामीण,4000,upto 2 m,4500,5000,5800,2-5 m,14000,20000,18000,base,,,,,,580,215,160,90,450,195,148,82,400,110,82,47,0.040/0.100/0.200 ha,
chauri,Chauri Chaura,03-08-2016,123,1114,बरईपार,केवटली/हवेली,ग्रामीण,1100,upto 2 m,1200,1400,1700,2-5 m,5000,12000,11000,base,,,,,,,,,,120,81,73,43,110,46,41,24,0.040/0.100/0.200 ha,
chauri,Chauri Chaura,03-08-2016,124,1115,बरगदवां,राजधानी/हवेली,ग्रामीण,2100,upto 2 m,2500,2700,3300,2-5 m,5000,12000,11000,base,,,,,,330,120,110,70,250,110,90,62,210,62,50,35,0.040/0.100/0.200 ha,
chauri,Chauri Chaura,03-08-2016,125,1116,बरही तप्पा--केवटली,केवटली/हवेली,ग्रामीण,2300,upto 2 m,3500,3700,4800,2-5 m,8000,15000,14000,base,,,,,,480,146,120,77,350,136,109,69,230,69,55,35,0.040/0.100/0.200 ha,
chauri,Chauri Chaura,03-08-2016,126,1117,बरही तप्पा--राजधानी,राजधानी/हवेली,ग्रामीण,2000,upto 2 m,2800,3300,3600,2-5 m,5000,12000,11000,base,,,,,,360,146,113,74,280,132,103,67,200,68,52,34,0.040/0.100/0.200 ha,
chauri,Chauri Chaura,03-08-2016,127,1118,बसडीला टीलाटाल,केवटली/हवेली,ग्रामीण,2200,upto 2 m,3000,3300,3500,2-5 m,10000,16000,15000,base,,,,,,350,120,100,70,300,110,90,62,220,62,50,36,0.040/0.100/0.200 ha,
chauri,Chauri Chaura,03-08-2016,128,1119,बसहिया,केवटली/हवेली,ग्रामीण,1100,upto 2 m,1300,1400,1800,2-5 m,5000,12000,11000,base,,,,,,,,,,130,81,73,46,110,46,41,24,0.040/0.100/0.200 ha,
chauri,Chauri Chaura,03-08-2016,129,1120,बसुही,राजधानी/हवेली,ग्रामीण,1100,upto 2 m,1400,1500,1700,2-5 m,4000,11000,10000,base,,,,,,,,,,140,73,64,36,110,41,35,20,0.040/0.100/0.200 ha,
chauri,Chauri Chaura,03-08-2016,130,1121,बहरामपुर,पतरा/हवेली,ग्रामीण,4300,upto 2 m,4600,5300,6200,2-5 m,14000,20000,18000,base,,620,315,233,135,620,222,165,95,460,202,140,86,430,113,82,48,0.040/0.100/0.200 ha,agri: tick marks printed/handwritten beside link_c 140 and other_d 48
chauri,Chauri Chaura,03-08-2016,131,1122,बाल खुर्द,केवटली/हवेली,ग्रामीण,4300,upto 2 m,4700,5300,6200,2-5 m,14000,20000,18000,base,,,,,,620,227,168,95,470,206,154,87,430,114,85,48,0.040/0.100/0.200 ha,
chauri,Chauri Chaura,03-08-2016,132,1123,बाल बुजुर्ग,केवटली/हवेली,ग्रामीण,4300,upto 2 m,4700,5300,6200,2-5 m,14000,20000,18000,base,,,,,,620,227,168,95,470,206,154,87,430,114,85,48,0.040/0.100/0.200 ha,
chauri,Chauri Chaura,03-08-2016,133,1124,ब्राहिमपुर,केवटली/हवेली,ग्रामीण,2300,upto 2 m,3500,3700,4800,2-5 m,5000,12000,11000,base,,,,,,480,110,90,63,350,100,81,56,230,57,46,32,0.040/0.100/0.200 ha,
chauri,Chauri Chaura,03-08-2016,134,1125,बिलारी,केवटली/हवेली,ग्रामीण,3900,upto 2 m,4100,4500,5200,2-5 m,14000,20000,18000,base,,,,,,520,215,160,95,410,200,145,90,390,110,85,50,0.040/0.100/0.200 ha,
chauri,Chauri Chaura,03-08-2016,135,1126,बिशुनपुर मटियरा,राजधानी/हवेली,ग्रामीण,1100,upto 2 m,1200,1300,1700,2-5 m,5000,12000,11000,base,,,,,,170,90,80,50,120,80,70,45,110,50,45,25,0.040/0.100/0.200 ha,
chauri,Chauri Chaura,03-08-2016,136,1127,बिशुनपुरा,रसूलपुर/हवेली,ग्रामीण,1100,upto 2 m,1300,1400,1800,2-5 m,5000,12000,11000,base,,,,,,180,100,90,50,130,90,85,55,110,55,50,30,0.040/0.100/0.200 ha,agri: link_d 55 > dist_d 50 (as printed)
chauri,Chauri Chaura,03-08-2016,137,1128,बेनीजोत उर्फ खरहरा,रसूलपुर/हवेली,ग्रामीण,1200,upto 2 m,1400,1500,1800,2-5 m,5000,12000,11000,base,,,,,,,,,,140,90,85,50,120,55,50,30,0.040/0.100/0.200 ha,
chauri,Chauri Chaura,03-08-2016,138,1129,बेलवा,रसूलपुर/हवेली,ग्रामीण,1100,upto 2 m,1300,1400,1800,2-5 m,5000,12000,11000,base,,,,,,,,,,130,90,85,50,110,55,50,30,0.040/0.100/0.200 ha,
chauri,Chauri Chaura,03-08-2016,139,1130,बेलवा खुर्द,केवटली/हवेली,ग्रामीण,5000,upto 2 m,6000,6600,8200,2-5 m,20000,24000,22000,base,,820,360,275,182,,,,,600,230,176,116,500,128,100,65,0.040/0.100/0.200 ha,
chauri,Chauri Chaura,03-08-2016,140,1131,बेलवा बुजुर्ग,केवटली/हवेली,ग्रामीण,1800,upto 2 m,2200,2400,2600,2-5 m,5000,12000,11000,base,,,,,,260,160,124,80,220,145,112,74,180,82,62,40,0.040/0.100/0.200 ha,
chauri,Chauri Chaura,03-08-2016,141,1132,बेलही,रसूलपुर/हवेली,ग्रामीण,1400,upto 2 m,2000,2200,2400,2-5 m,5000,12000,11000,base,,,,,,,,,,200,110,90,60,140,60,50,35,0.040/0.100/0.200 ha,
chauri,Chauri Chaura,03-08-2016,142,1133,बैकुण्टपुर,केवटली/हवेली,ग्रामीण,1100,upto 2 m,1200,1300,1700,2-5 m,5000,12000,11000,base,,,,,,,,,,120,90,80,48,110,50,45,26,0.040/0.100/0.200 ha,
chauri,Chauri Chaura,03-08-2016,143,1134,बैजूडीहा,रसूलपुर/हवेली,ग्रामीण,1900,upto 2 m,2400,2400,3300,2-5 m,5000,12000,11000,base,,,,,,330,122,100,70,240,110,90,60,190,56,46,32,0.040/0.100/0.200 ha,road: r2to5 = r5to9 = 2400 as printed (verified at 350 dpi)
chauri,Chauri Chaura,03-08-2016,144,1135,बैरवां,राजधानी/हवेली,ग्रामीण,1000,upto 2 m,1200,1300,1700,2-5 m,5000,12000,12000,base,,,,,,,,,,120,80,70,40,100,39,33,19,0.040/0.100/0.200 ha,comm: office 12000 breaks usual 5000/12000/11000 pattern; verified at 350dpi as printed
chauri,Chauri Chaura,03-08-2016,145,1136,बोहावार,राजधानी/हवेली,ग्रामीण,1800,upto 2 m,2300,2400,2700,2-5 m,5000,12000,11000,base,,,,,,270,124,100,70,230,112,90,60,180,62,50,35,0.040/0.100/0.200 ha,
chauri,Chauri Chaura,03-08-2016,146,1137,बौठा,राजधानी/हवेली,ग्रामीण,1000,upto 2 m,1300,1400,1800,2-5 m,4000,11000,10000,base,,,,,,,,,,130,80,70,40,100,39,33,19,0.040/0.100/0.200 ha,
chauri,Chauri Chaura,03-08-2016,147,1138,भकुरहा,राजधानी/हवेली,ग्रामीण,1400,upto 2 m,1300,1400,1800,2-5 m,5000,12000,11000,base,,,,,,180,88,78,44,130,80,70,40,140,45,38,22,0.040/0.100/0.200 ha,agri: other_a 140 > link_a 130 (as printed)
chauri,Chauri Chaura,03-08-2016,148,1139,भगने,राजधानी/हवेली,ग्रामीण,1100,upto 2 m,1300,1400,1800,2-5 m,5000,12000,11000,base,,,,,,180,88,78,44,130,80,70,40,110,45,38,22,0.040/0.100/0.200 ha,
chauri,Chauri Chaura,03-08-2016,149,1140,भगवानपुर,केवटली/हवेली,ग्रामीण,2600,upto 2 m,3500,3600,4800,2-5 m,10000,16000,15000,base,,,,,,480,160,124,80,350,145,114,74,260,82,62,40,0.040/0.100/0.200 ha,
chauri,Chauri Chaura,03-08-2016,150,0010,भगवानदास सभापति का टोला,भगवानदास सभापति का टोला वार्ड न0 10,अर्द्धनगरीय,5000,upto 2 m,6200,6700,8500,2-5 m,20000,24000,18000,base,,,,,,850,250,194,130,620,220,177,116,500,130,100,64,0.040/0.100/0.200 ha,comm: office 18000 breaks usual 20000/24000/22000 pattern; verified at 350dpi as printed | agri: name truncated in print (cell cut off both ends; likely भगवानदास सभापति का टोला)
chauri,Chauri Chaura,03-08-2016,151,1141,भटगांवा,केवटली/हवेली,ग्रामीण,1800,upto 2 m,2200,2400,2600,2-5 m,5000,12000,11000,base,,,,,,260,120,100,70,220,110,90,62,180,62,50,35,0.040/0.100/0.200 ha,
chauri,Chauri Chaura,03-08-2016,152,1142,भरकछा,राजधानी/हवेली,ग्रामीण,900,upto 2 m,1300,1400,1800,2-5 m,4000,11000,10000,base,,,,,,,,,,130,80,70,40,90,34,30,17,0.040/0.100/0.200 ha,
chauri,Chauri Chaura,03-08-2016,153,1143,भरतपुर,केवटली/हवेली,ग्रामीण,1400,upto 2 m,1400,1500,1900,2-5 m,5000,12000,11000,base,,,,,,190,160,124,80,140,146,114,74,140,82,62,40,0.040/0.100/0.200 ha,agri: link_b 146 > link_a 140 (confirmed at 350dpi)
chauri,Chauri Chaura,03-08-2016,154,1144,भरोहिया,राजधानी/हवेली,ग्रामीण,1000,upto 2 m,1300,1400,1800,2-5 m,5000,12000,11000,base,,,,,,,,,,130,80,70,40,100,39,33,19,0.040/0.100/0.200 ha,
chauri,Chauri Chaura,03-08-2016,155,1145,भाउपुर,केवटली/हवेली,ग्रामीण,2600,upto 2 m,3300,3600,4200,2-5 m,8000,15000,14000,base,,,,,,420,170,138,88,330,160,126,80,260,90,72,45,0.040/0.100/0.200 ha,
chauri,Chauri Chaura,03-08-2016,156,1146,भिसवॉ,रसूलपुर/हवेली,ग्रामीण,1400,upto 2 m,2100,2300,2600,2-5 m,5000,12000,11000,base,,,,,,260,122,100,70,210,110,90,62,140,62,50,35,0.040/0.100/0.200 ha,
chauri,Chauri Chaura,03-08-2016,157,1147,भैरोपिपरा,रसूलपुर/हवेली,ग्रामीण,1100,upto 2 m,1400,1500,1800,2-5 m,5000,12000,11000,base,,,,,,,,,,140,90,80,48,110,50,45,26,0.040/0.100/0.200 ha,
chauri,Chauri Chaura,03-08-2016,158,1148,भैंसहा,पतरा/हवेली,ग्रामीण,4300,upto 2 m,4600,5300,6200,2-5 m,14000,20000,18000,base,,620,318,234,135,620,224,165,94,460,200,150,88,430,113,84,48,0.040/0.100/0.200 ha,
chauri,Chauri Chaura,03-08-2016,159,1149,भैंसही नरेश,रसूलपुर/हवेली,ग्रामीण,1500,upto 2 m,2100,2200,2600,2-5 m,5000,12000,11000,base,,,,,,260,120,100,70,210,110,90,62,150,62,50,35,0.040/0.100/0.200 ha,
chauri,Chauri Chaura,03-08-2016,160,1150,भैंसही रामदत्त,रसूलपुर/हवेली,ग्रामीण,1400,upto 2 m,2100,2200,2600,2-5 m,5000,12000,11000,base,,,,,,260,120,100,70,210,110,90,62,140,62,52,35,0.040/0.100/0.200 ha,
chauri,Chauri Chaura,03-08-2016,161,1151,भोपा,केवटली/हवेली,ग्रामीण,5000,upto 2 m,6000,6600,8000,2-5 m,20000,24000,22000,base,,800,328,252,166,800,250,194,130,600,230,177,118,500,130,100,65,0.040/0.100/0.200 ha,
chauri,Chauri Chaura,03-08-2016,162,1152,भौरही,राजधानी/हवेली,ग्रामीण,900,upto 2 m,1300,1400,1800,2-5 m,4000,11000,10000,base,,,,,,,,,,130,80,70,40,90,34,30,17,0.040/0.100/0.200 ha,
chauri,Chauri Chaura,03-08-2016,163,1153,भौवापार,केवटली/हवेली,ग्रामीण,2400,upto 2 m,3000,3400,3700,2-5 m,5000,12000,11000,base,,,,,,,,,,300,150,130,76,240,84,66,42,0.040/0.100/0.200 ha,
chauri,Chauri Chaura,03-08-2016,164,1154,मझवा,रसूलपुर/हवेली,ग्रामीण,1000,upto 2 m,1300,1400,1800,2-5 m,5000,12000,11000,base,,,,,,,,,,130,90,80,48,100,42,39,22,0.040/0.100/0.200 ha,
chauri,Chauri Chaura,03-08-2016,165,1155,मटिया खुर्द,केवटली/हवेली,ग्रामीण,1600,upto 2 m,2200,2400,2600,2-5 m,5000,12000,11000,base,,,,,,,,,,220,110,90,62,160,62,52,36,0.040/0.100/0.200 ha,
chauri,Chauri Chaura,03-08-2016,166,1156,मटिया बुजुर्ग,केवटली/हवेली,ग्रामीण,4400,upto 2 m,5200,6000,7700,2-5 m,5000,12000,11000,base,,770,334,280,165,,,,,520,214,180,100,440,120,100,60,0.040/0.100/0.200 ha,
chauri,Chauri Chaura,03-08-2016,167,1157,मटिया पचपेडा,केवटली/हवेली,ग्रामीण,1200,upto 2 m,1200,1300,1700,2-5 m,5000,12000,11000,base,,,,,,,,,,120,90,80,48,120,50,45,26,0.040/0.100/0.200 ha,
chauri,Chauri Chaura,03-08-2016,168,1158,मठिया,रसूलपुर/हवेली,ग्रामीण,1500,upto 2 m,1900,2100,2300,2-5 m,14000,20000,18000,base,,,,,,,,,,190,110,90,62,150,62,50,35,0.040/0.100/0.200 ha,
chauri,Chauri Chaura,03-08-2016,169,1159,मलमलिया,केवटली/हवेली,ग्रामीण,2600,upto 2 m,3500,3700,4800,2-5 m,5000,12000,11000,base,,,,,,,,,,350,145,110,74,260,82,62,40,0.040/0.100/0.200 ha,
chauri,Chauri Chaura,03-08-2016,170,1160,महदेवा अदाई,केवटली/हवेली,ग्रामीण,4000,upto 2 m,4600,5300,6000,2-5 m,14000,20000,18000,base,,,,,,600,228,165,100,460,205,150,88,400,114,84,48,0.040/0.100/0.200 ha,
chauri,Chauri Chaura,03-08-2016,171,1161,महदेवा जंगल,केवटली/हवेली,ग्रामीण,4000,upto 2 m,4600,5300,6000,2-5 m,14000,20000,18000,base,,,,,,600,228,165,100,460,205,150,88,400,114,84,48,0.040/0.100/0.200 ha,
chauri,Chauri Chaura,03-08-2016,172,1162,महुअर कोल,राजधानी/हवेली,ग्रामीण,1000,upto 2 m,1300,1400,1900,2-5 m,4000,11000,10000,base,,,,,,190,88,77,44,130,80,70,40,100,39,33,19,0.040/0.100/0.200 ha,
chauri,Chauri Chaura,03-08-2016,173,1163,महुअवा बुजुर्ग,केवटली/हवेली,ग्रामीण,1500,upto 2 m,2200,2400,2600,2-5 m,5000,12000,11000,base,,,,,,260,120,100,68,220,110,90,62,150,62,50,35,0.040/0.100/0.200 ha,
chauri,Chauri Chaura,03-08-2016,174,1164,माड़ापार,पतरा/हवेली,ग्रामीण,4400,upto 2 m,5000,5800,7700,2-5 m,16000,21000,19000,base,,770,362,280,188,,,,,500,230,180,120,440,128,100,66,0.040/0.100/0.200 ha,
chauri,Chauri Chaura,03-08-2016,175,1165,मीठाबेल,रसूलपुर/हवेली,ग्रामीण,2400,upto 2 m,3000,3300,3600,2-5 m,8000,15000,14000,base,,,,,,360,160,124,80,300,145,112,74,240,82,62,40,0.040/0.100/0.200 ha,
chauri,Chauri Chaura,03-08-2016,176,1166,मिरजवा बाबू,केवटली/हवेली,ग्रामीण,1100,upto 2 m,1300,1400,1800,2-5 m,5000,12000,11000,base,,,,,,180,120,100,70,130,90,70,48,110,50,45,26,0.040/0.100/0.200 ha,
chauri,Chauri Chaura,03-08-2016,177,1167,मिरजवा सरदार,केवटली/हवेली,ग्रामीण,1800,upto 2 m,2200,2400,2700,2-5 m,5000,12000,11000,base,,,,,,270,120,100,70,220,110,90,62,180,60,50,35,0.040/0.100/0.200 ha,
chauri,Chauri Chaura,03-08-2016,178,1168,मिर्जापुर,राजधानी/हवेली,ग्रामीण,1000,upto 2 m,1300,1400,1800,2-5 m,5000,12000,11000,base,,,,,,,,,,130,80,70,40,100,39,33,19,0.040/0.100/0.200 ha,agri: p80 value rows print ~1 line low vs labels; mapped by row count (19 rows)
chauri,Chauri Chaura,03-08-2016,179,1169,मिश्रौली,राजधानी/हवेली,ग्रामीण,1100,upto 2 m,1300,1400,1800,2-5 m,5000,12000,11000,base,,,,,,180,128,100,70,130,116,90,62,110,65,50,35,0.040/0.100/0.200 ha,
chauri,Chauri Chaura,03-08-2016,180,1170,मिश्रौलिया,राजधानी/हवेली,ग्रामीण,1100,upto 2 m,1300,1400,1800,2-5 m,5000,12000,11000,base,,,,,,180,88,77,44,130,80,70,40,110,45,38,20,0.040/0.100/0.200 ha,
chauri,Chauri Chaura,03-08-2016,181,1171,मुण्डेरा ठकुराई,राजधानी/हवेली,ग्रामीण,1100,upto 2 m,1400,1500,1800,2-5 m,5000,12000,11000,base,,,,,,180,88,77,44,140,80,70,40,110,45,38,20,0.040/0.100/0.200 ha,road: r9to12 read 1800 (slightly smudged; verified at 350 dpi)
chauri,Chauri Chaura,03-08-2016,182,0011,मुण्डेरी,मुण्डेरा वार्ड न0--09,अर्द्धनगरीय,5000,upto 2 m,6000,6600,8400,2-5 m,20000,24000,22000,base,,,,,,840,250,194,128,600,230,177,116,500,128,100,65,0.040/0.100/0.200 ha,basic: ward printed 09 here; prarup-1 index (p12) lists मुण्डेरी as वार्ड न0 03
chauri,Chauri Chaura,03-08-2016,183,1172,मुहम्मदपुर,केवटली/हवेली,ग्रामीण,1100,upto 2 m,1200,1300,1800,2-5 m,5000,12000,10000,base,,,,,,,,,,120,90,80,48,110,50,45,26,0.040/0.100/0.200 ha,comm: office 10000 breaks usual 5000/12000/11000 pattern; verified at 350dpi as printed
chauri,Chauri Chaura,03-08-2016,184,1173,मेहिया,रसूलपुर/हवेली,ग्रामीण,1100,upto 2 m,1300,1400,1800,2-5 m,5000,12000,10000,base,,,,,,,,,,130,90,80,48,110,50,45,26,0.040/0.100/0.200 ha,comm: office 10000 breaks usual 5000/12000/11000 pattern; verified at 350dpi as printed
chauri,Chauri Chaura,03-08-2016,185,1174,मोती पाकड़,केवटली/हवेली,ग्रामीण,2600,upto 2 m,3300,3500,4000,2-5 m,8000,15000,14000,base,,,,,,400,178,138,88,330,162,126,80,260,90,72,45,0.040/0.100/0.200 ha,
chauri,Chauri Chaura,03-08-2016,186,1175,राघोपट्टी उर्फ पडरी,रसूलपुर/हवेली,ग्रामीण,2600,upto 2 m,3300,3800,5200,2-5 m,8000,15000,14000,base,,,,,,520,216,160,92,330,196,145,84,260,110,82,48,0.040/0.100/0.200 ha,
chauri,Chauri Chaura,03-08-2016,187,1176,राघोपुर,केवटली/हवेली,ग्रामीण,5000,upto 2 m,6000,6600,7700,2-5 m,20000,24000,22000,base,,770,328,275,162,770,250,224,110,600,230,194,113,500,128,110,62,0.040/0.100/0.200 ha,agri: link_d 113 > dist_d 110 (confirmed at 350dpi)
chauri,Chauri Chaura,03-08-2016,188,1177,राजधानी,राजधानी/हवेली,ग्रामीण,2400,upto 2 m,3000,3400,3600,2-5 m,5000,12000,11000,base,,,,,,360,160,124,82,300,145,113,72,240,82,62,40,0.040/0.100/0.200 ha,
chauri,Chauri Chaura,03-08-2016,189,1178,रानापार,राजधानी/हवेली,ग्रामीण,1100,upto 2 m,1400,1500,1800,2-5 m,5000,12000,11000,base,,,,,,,,,,140,80,70,40,110,45,38,20,0.040/0.100/0.200 ha,
chauri,Chauri Chaura,03-08-2016,190,1179,रामनगर करजहां,पतरा/हवेली,ग्रामीण,5000,upto 2 m,6000,6600,7700,2-5 m,20000,24000,11000,base,,770,328,252,166,770,250,194,128,600,230,177,116,500,128,100,65,0.040/0.100/0.200 ha,comm: office 11000 breaks usual 20000/24000/22000 pattern (possible print error); verified at 350dpi as printed
chauri,Chauri Chaura,03-08-2016,191,1180,रामपुर,केवटली/हवेली,ग्रामीण,2400,upto 2 m,2800,3300,3500,2-5 m,5000,12000,11000,base,,,,,,350,172,135,85,280,156,122,76,240,88,70,42,0.040/0.100/0.200 ha,
chauri,Chauri Chaura,03-08-2016,192,1181,रामपुरा,रसूलपुर/हवेली,ग्रामीण,2100,upto 2 m,2500,2800,3300,2-5 m,7000,14000,13000,base,,,,,,330,160,124,80,250,145,112,74,210,82,62,40,0.040/0.100/0.200 ha,
chauri,Chauri Chaura,03-08-2016,193,1182,रामपुर बुजुर्ग,केवटली/हवेली,ग्रामीण,5000,upto 2 m,6000,6600,8400,2-5 m,20000,24000,22000,base,,840,360,275,182,,,,,600,230,177,116,500,128,100,65,0.040/0.100/0.200 ha,
chauri,Chauri Chaura,03-08-2016,194,1183,रूद्रापुर,पतरा/हवेली,ग्रामीण,5000,upto 2 m,5800,6600,8400,2-5 m,20000,24000,22000,base,,840,360,275,182,840,250,194,128,580,230,177,116,500,128,100,65,0.040/0.100/0.200 ha,
chauri,Chauri Chaura,03-08-2016,195,1184,रोहा,राजधानी/हवेली,ग्रामीण,900,upto 2 m,1300,1400,1800,2-5 m,4000,11000,10000,base,,,,,,,,,,130,80,70,40,90,34,30,30,0.040/0.100/0.200 ha,"agri: other_d 30 (glyph slightly unclear, could be 39; checked at 350dpi)"
chauri,Chauri Chaura,03-08-2016,196,1185,रौतइनियाबाबू,केवटली/हवेली,ग्रामीण,1000,upto 2 m,1300,1400,1800,2-5 m,5000,12000,11000,base,,,,,,,,,,130,90,80,48,100,42,39,22,0.040/0.100/0.200 ha,
chauri,Chauri Chaura,03-08-2016,197,1186,रौतइनियासरदार,केवटली/हवेली,ग्रामीण,1000,upto 2 m,1400,1500,1800,2-5 m,5000,12000,11000,base,,,,,,,,,,140,90,80,48,100,42,39,34,0.040/0.100/0.200 ha,agri: other_d 34 unusually high vs similar rows (22); clear at 350dpi
chauri,Chauri Chaura,03-08-2016,198,1187,लकड़डीहा,राजधानी/हवेली,ग्रामीण,1100,upto 2 m,1300,1400,1800,2-5 m,4000,11000,10000,base,,,,,,,,,,130,80,70,40,110,45,38,20,0.040/0.100/0.200 ha,
chauri,Chauri Chaura,03-08-2016,199,1188,लछुमनपुर तप्पा--केवटली,केवटली/हवेली,ग्रामीण,2400,upto 2 m,3000,3300,3500,2-5 m,5000,12000,11000,base,,,,,,350,122,100,70,300,110,90,62,240,62,50,35,0.040/0.100/0.200 ha,agri: name truncated in print (likely लछुमनपुर तप्पा-केवटली)
chauri,Chauri Chaura,03-08-2016,200,1189,लछुमनपुर तप्पा--रसूलपुर,रसूलपुर/हवेली,ग्रामीण,2400,upto 2 m,3000,3300,3900,2-5 m,8000,15000,14000,base,,,,,,390,216,160,92,300,196,145,84,240,110,82,48,0.040/0.100/0.200 ha,agri: name truncated in print (likely लछुमनपुर तप्पा-रसूलपुर)
chauri,Chauri Chaura,03-08-2016,201,1190,लक्ष्मीपुर,राजधानी/हवेली,ग्रामीण,3400,upto 2 m,4600,5000,5700,2-5 m,14000,20000,18000,base,,,,,,570,216,160,92,460,196,145,84,340,110,82,48,0.040/0.100/0.200 ha,
chauri,Chauri Chaura,03-08-2016,202,1191,लेडुआपार,रसूलपुर/हवेली,ग्रामीण,1100,upto 2 m,1300,1400,1800,2-5 m,5000,12000,11000,base,,,,,,,,,,130,80,70,40,110,45,38,20,0.040/0.100/0.200 ha,basic: pargana printed रसूलपुर/हवेली here; prarup-1 index lists राजधानी/हवेली
chauri,Chauri Chaura,03-08-2016,203,1192,लालापुर,केवटली/हवेली,ग्रामीण,1500,upto 2 m,2100,2300,2500,2-5 m,5000,12000,11000,base,,,,,,250,120,100,70,210,110,90,62,150,62,50,36,0.040/0.100/0.200 ha,agri: tick mark beside other_b 62
chauri,Chauri Chaura,03-08-2016,204,1193,विसम्भरपुर,केवटली/हवेली,ग्रामीण,1800,upto 2 m,2200,2400,2600,2-5 m,5000,12000,11000,base,,,,,,,,,,220,110,90,62,180,62,50,36,0.040/0.100/0.200 ha,
chauri,Chauri Chaura,03-08-2016,205,1194,विश्वनाथपुर,राजधानी/हवेली,ग्रामीण,900,upto 2 m,1400,1500,1800,2-5 m,5000,12000,11000,base,,,,,,180,120,100,70,140,110,90,62,90,50,40,29,0.040/0.100/0.200 ha,
chauri,Chauri Chaura,03-08-2016,206,1195,विशुनपुर खुर्द,केवटली/हवेली,ग्रामीण,1100,upto 2 m,1300,1400,1800,2-5 m,5000,12000,11000,base,,,,,,,,,,130,90,80,48,110,50,45,26,0.040/0.100/0.200 ha,
chauri,Chauri Chaura,03-08-2016,207,1196,सथरी,केवटली/हवेली,ग्रामीण,1500,upto 2 m,2100,2300,2600,2-5 m,5000,12000,11000,base,,,,,,,,,,210,113,94,66,150,62,50,36,0.040/0.100/0.200 ha,
chauri,Chauri Chaura,03-08-2016,208,1197,सधना,राजधानी/हवेली,ग्रामीण,1100,upto 2 m,1300,1400,1800,2-5 m,5000,12000,11000,base,,,,,,,,,,130,80,70,40,110,45,38,20,0.040/0.100/0.200 ha,
chauri,Chauri Chaura,03-08-2016,209,1198,समरौनी,राजधानी/हवेली,ग्रामीण,1000,upto 2 m,1400,1500,1800,2-5 m,5000,12000,11000,base,,,,,,,,,,140,80,70,40,100,40,36,20,0.040/0.100/0.200 ha,
chauri,Chauri Chaura,03-08-2016,210,1199,सरार मझगांवा,राजधानी/हवेली,ग्रामीण,1000,upto 2 m,1300,1400,1800,2-5 m,4000,11000,10000,base,,,,,,,,,,130,80,70,40,100,40,36,20,0.040/0.100/0.200 ha,
chauri,Chauri Chaura,03-08-2016,211,1200,सरैया,केवटली/हवेली,ग्रामीण,3700,upto 2 m,4500,5000,5700,2-5 m,14000,20000,18000,base,,,,,,570,216,150,92,450,195,145,84,370,110,82,48,0.040/0.100/0.200 ha,
chauri,Chauri Chaura,03-08-2016,212,1201,सहसराव,रसूलपुर/हवेली,ग्रामीण,1100,upto 2 m,1300,1400,1900,2-5 m,5000,12000,11000,base,,,,,,190,100,88,50,130,90,80,48,110,50,45,26,0.040/0.100/0.200 ha,
chauri,Chauri Chaura,03-08-2016,213,1202,सिंहपुर,रसूलपुर/हवेली,ग्रामीण,1800,upto 2 m,2300,2400,2800,2-5 m,5000,12000,11000,base,,,,,,280,160,124,82,230,145,113,74,180,82,62,40,0.040/0.100/0.200 ha,
chauri,Chauri Chaura,03-08-2016,214,1203,सिंहोडवा,राजधानी/हवेली,ग्रामीण,1000,upto 2 m,1300,1400,1800,2-5 m,4000,11000,10000,base,,,,,,,,,,130,80,70,40,100,45,38,20,0.040/0.100/0.200 ha,
chauri,Chauri Chaura,03-08-2016,215,1204,सिलहटा,राजधानी/हवेली,ग्रामीण,1100,upto 2 m,1300,1400,1800,2-5 m,5000,12000,11000,base,,,,,,,,,,130,80,70,40,110,45,38,20,0.040/0.100/0.200 ha,
chauri,Chauri Chaura,03-08-2016,216,1205,सिलहटा मुण्डेरा,राजधानी/हवेली,ग्रामीण,2100,upto 2 m,2600,2900,3300,2-5 m,5000,12000,11000,base,,,,,,330,120,100,68,260,110,90,62,210,62,50,35,0.040/0.100/0.200 ha,
chauri,Chauri Chaura,03-08-2016,217,1206,सिसवा उर्फ चनकापुर,केवटली/हवेली,ग्रामीण,5000,upto 2 m,6000,6600,8400,2-5 m,20000,24000,22000,base,,840,360,275,182,840,255,194,128,600,230,177,116,500,128,100,65,0.040/0.100/0.200 ha,
chauri,Chauri Chaura,03-08-2016,218,1207,सुगहा,राजधानी/हवेली,ग्रामीण,1500,upto 2 m,1600,1800,2500,2-5 m,5000,12000,11000,base,,,,,,250,88,77,44,160,80,70,40,150,45,38,20,0.040/0.100/0.200 ha,
chauri,Chauri Chaura,03-08-2016,219,1208,सेमरौना,राजधानी/हवेली,ग्रामीण,1000,upto 2 m,1300,1400,1800,2-5 m,4000,11000,10000,base,,,,,,,,,,130,80,70,40,100,40,34,20,0.040/0.100/0.200 ha,
chauri,Chauri Chaura,03-08-2016,220,1209,सोनबरसा खुर्द,केवटली/हवेली,ग्रामीण,5000,upto 2 m,6000,6600,8400,2-5 m,20000,24000,22000,base,,840,360,275,182,840,255,195,128,600,230,177,117,500,128,100,65,0.040/0.100/0.200 ha,
chauri,Chauri Chaura,03-08-2016,221,1210,सोनबरसा बुजुर्ग,केवटली/हवेली,ग्रामीण,2100,upto 2 m,2400,2600,2900,2-5 m,5000,12000,11000,base,,,,,,,,,,250,150,119,76,210,84,66,42,0.040/0.100/0.200 ha,
chauri,Chauri Chaura,03-08-2016,222,1211,सोनाई,राजधानी/हवेली,ग्रामीण,1000,upto 2 m,1300,1400,1800,2-5 m,4000,11000,10000,base,,,,,,,,,,130,80,70,40,100,42,35,20,0.040/0.100/0.200 ha,
chauri,Chauri Chaura,03-08-2016,223,1212,शत्रुधनपुर,केवटली/हवेली,ग्रामीण,4300,upto 2 m,5100,5800,6600,2-5 m,14000,20000,18000,base,,660,293,252,147,660,228,194,113,510,206,177,100,430,114,100,58,0.040/0.100/0.200 ha,
chauri,Chauri Chaura,03-08-2016,224,1213,शिकारगढ़,राजधानी/हवेली,ग्रामीण,1100,upto 2 m,1300,1400,1800,2-5 m,5000,12000,11000,base,,,,,,,,,,130,80,70,40,110,45,38,20,0.040/0.100/0.200 ha,
chauri,Chauri Chaura,03-08-2016,225,1214,शिवपुर,केवटली/हवेली,ग्रामीण,1100,upto 2 m,1400,1500,1800,2-5 m,5000,12000,11000,base,,,,,,180,120,100,70,140,110,90,62,110,62,50,35,0.040/0.100/0.200 ha,
chauri,Chauri Chaura,03-08-2016,226,1215,हरपुर,रसूलपुर/हवेली,ग्रामीण,1000,upto 2 m,1300,1400,1800,2-5 m,4000,11000,10000,base,,,,,,,,,,130,90,80,48,100,46,40,24,0.040/0.100/0.200 ha,
chauri,Chauri Chaura,03-08-2016,227,1216,हरैया,रसूलपुर/हवेली,ग्रामीण,2500,upto 2 m,3000,3300,3600,2-5 m,8000,15000,14000,base,,,,,,360,160,124,80,300,146,113,74,250,82,62,40,0.040/0.100/0.200 ha,
gola,Gola,03-08-2016,1,0001,अहिराना,वार्ड नं0–8 टा0ए0–गोला,अर्धनगरीय,5100,no road,7900,8000,8500,1-5 m,28600,35200,29700,base,,850,194,166,158,800,173,152,145,790,166,145,138,510,117,104,90,0.045/0.101/0.202 ha,agri: link_a first digit faint; read 790
gola,Gola,03-08-2016,2,1001,औराडीह,हवेली/चिल्लुपार,ग्रामीण क्षेत्र,1400,no road,1700,1800,2300,1-5 m,12100,18700,16500,base,,,,,,180,77,67,58,170,72,61,55,140,59,44,38,0.045/0.101/0.202 ha,
gola,Gola,03-08-2016,3,1002,अहिरौली,हवेली/चिल्लुपार,ग्रामीण क्षेत्र,2500,no road,3500,3800,4500,1-5 m,17600,24200,20900,base,,450,96,90,77,380,86,79,72,350,79,72,66,250,66,53,47,0.045/0.101/0.202 ha,
gola,Gola,03-08-2016,4,1003,अजयपुरा,सिकन्दरपुर/चिल्लुपार,ग्रामीण क्षेत्र,400,no road,425,500,600,1-5 m,1000,8000,5000,base,,,,,,,,,,43,20,15,12,40,18,12,10,0.045/0.101/0.202 ha,comm: low_rate_1000/8000/5000_as_printed
gola,Gola,03-08-2016,5,1004,आच्छेडीह,सेमरा/चिल्लुपार,ग्रामीण क्षेत्र,1400,no road,1700,1800,2300,1-5 m,12100,18700,16500,base,,,,,,180,77,67,58,170,72,61,55,140,59,44,38,0.045/0.101/0.202 ha,
gola,Gola,03-08-2016,6,1005,ओझौली,हवेली/चिल्लुपार,ग्रामीण क्षेत्र,2500,no road,3500,3800,4500,1-5 m,17600,24200,20900,base,,450,96,90,77,380,86,79,72,350,79,72,66,250,66,53,47,0.045/0.101/0.202 ha,road: pen stroke across r9to12 cell; figure still legible
gola,Gola,03-08-2016,7,1006,अतरौरा,चांदपार/धुरियापार,ग्रामीण क्षेत्र,4000,no road,7500,8500,9000,1-5 m,28600,35200,29700,base,,900,302,245,187,850,288,221,159,750,262,207,152,400,221,193,138,0.045/0.101/0.202 ha,road: pen stroke across r9to12 cell; figure still legible
gola,Gola,03-08-2016,8,1007,अकबराबाद,खुटहन/धुरियापार,ग्रामीण क्षेत्र,1400,no road,1700,1800,2300,1-5 m,12100,18700,16500,base,,,,,,180,77,67,58,170,72,61,55,140,59,44,38,0.045/0.101/0.202 ha,
gola,Gola,03-08-2016,9,1008,अकोल्हा,चांदपार/धुरियापार,ग्रामीण क्षेत्र,1400,no road,1700,1800,2300,1-5 m,12100,18700,16500,base,,,,,,180,77,67,58,170,72,61,55,140,59,44,38,0.045/0.101/0.202 ha,
gola,Gola,03-08-2016,10,1009,अटौली,हवेली/चिल्लूपार,ग्रामीण क्षेत्र,1400,no road,1700,1800,2300,1-5 m,12100,18700,16500,base,,,,,,180,77,67,58,170,72,61,55,140,59,44,38,0.045/0.101/0.202 ha,
gola,Gola,03-08-2016,11,1010,अवरूस,चांदपार/धुरियापार,ग्रामीण क्षेत्र,1400,no road,1700,1800,2300,1-5 m,12100,18700,16500,base,,,,,,180,77,67,58,170,72,61,55,140,59,44,38,0.045/0.101/0.202 ha,
gola,Gola,03-08-2016,12,1011,अमदेवा बुजुर्ग,हवेली/धुरियापार,ग्रामीण क्षेत्र,2100,no road,3000,3200,3600,1-5 m,12100,18700,16500,base,,,,,,320,99,86,72,300,92,79,66,210,66,60,51,0.045/0.101/0.202 ha,agri: link_a first digit faint; read 300
gola,Gola,03-08-2016,13,1012,अमोढ़ा,कुरमौट/धुरियापार,ग्रामीण क्षेत्र,3100,no road,4400,5100,5500,1-5 m,25300,31900,27500,base,,550,131,102,83,510,113,92,72,440,106,86,72,310,79,66,47,0.045/0.101/0.202 ha,
gola,Gola,03-08-2016,14,1013,अरांव ज़गदीश,कुरमौट/धुरियापार,ग्रामीण क्षेत्र,1850,no road,2600,2800,3400,1-5 m,13200,19800,17600,base,,,,,,280,99,86,79,260,92,86,72,185,72,60,47,0.045/0.101/0.202 ha,agri: link_a middle digit faint; read 260
gola,Gola,03-08-2016,15,1014,अरांव करन,कुरमौट/धुरियापार,ग्रामीण क्षेत्र,1400,no road,1700,1800,2300,1-5 m,12100,18700,16500,base,,,,,,180,77,67,58,170,72,61,55,140,59,44,38,0.045/0.101/0.202 ha,basic: name partly smudged; read अरांव करन
gola,Gola,03-08-2016,16,1015,अमौली मु0,बरहज/धुरियापार,ग्रामीण क्षेत्र,1400,no road,1700,1800,2300,1-5 m,12100,18700,16500,base,,,,,,180,77,67,58,170,72,61,55,140,59,44,38,0.045/0.101/0.202 ha,
gola,Gola,03-08-2016,17,1016,अल्लिपुर,चांदपार/धुरियापार,ग्रामीण क्षेत्र,1400,no road,1700,1800,2300,1-5 m,12100,18700,16500,base,,,,,,180,77,67,58,170,72,61,55,140,59,44,38,0.045/0.101/0.202 ha,
gola,Gola,03-08-2016,18,1017,अल्हयारपुर,बनकट/धुरियापार,ग्रामीण क्षेत्र,1400,no road,1700,1800,2300,1-5 m,12100,18700,16500,base,,,,,,180,77,67,58,170,72,61,55,140,59,44,38,0.045/0.101/0.202 ha,
gola,Gola,03-08-2016,19,1018,अलावलपुर,बेलघाट/धुरियापार,ग्रामीण क्षेत्र,1400,no road,1700,1800,2300,1-5 m,12100,18700,16500,base,,,,,,180,77,67,58,170,72,61,55,140,59,44,38,0.045/0.101/0.202 ha,
gola,Gola,03-08-2016,20,1019,अवरा कोल,रतनपुर/धुरियापार,ग्रामीण क्षेत्र,1400,no road,1700,1800,2300,1-5 m,12100,18700,16500,base,,,,,,180,77,67,58,170,72,61,55,140,59,44,38,0.045/0.101/0.202 ha,agri: village name 2nd letter broken; read अजरा कोल
gola,Gola,03-08-2016,21,1020,अवस्थी,कोहरा/धुरियापार,ग्रामीण क्षेत्र,1400,no road,1700,1800,2300,1-5 m,12100,18700,16500,base,,,,,,180,77,67,58,170,72,61,55,140,59,44,38,0.045/0.101/0.202 ha,agri: nh_b/nh_c overwritten by signature; read as -
gola,Gola,03-08-2016,22,1021,अहिरौली,खुटहन/धुरियापार,ग्रामीण क्षेत्र,1400,no road,1700,1800,2300,1-5 m,12100,18700,16500,base,,,,,,180,77,67,58,170,72,61,55,140,59,44,38,0.045/0.101/0.202 ha,
gola,Gola,03-08-2016,23,1022,अहिरौली,चांदपार/धुरियापार,ग्रामीण क्षेत्र,1400,no road,1700,1800,2300,1-5 m,12100,18700,16500,base,,,,,,180,77,67,58,170,72,61,55,140,59,44,38,0.045/0.101/0.202 ha,
gola,Gola,03-08-2016,24,1023,अहिरौली,रतनपुर/धुरियापार,ग्रामीण क्षेत्र,1400,no road,1700,1800,2300,1-5 m,12100,18700,16500,base,,,,,,180,77,67,58,170,72,61,55,140,59,44,38,0.045/0.101/0.202 ha,
gola,Gola,03-08-2016,25,1024,आनन्दगढ़,खुटहन/धुरियापार,ग्रामीण क्षेत्र,1800,no road,2300,2400,3000,1-5 m,13200,19800,17600,base,,,,,,240,97,89,72,230,90,82,66,180,63,60,47,0.045/0.101/0.202 ha,
gola,Gola,03-08-2016,26,1025,आशानन्दपुर,हवेली/धुरियापार,ग्रामीण क्षेत्र,1900,no road,2400,2800,3500,1-5 m,13200,19800,17600,base,,,,,,280,95,87,66,240,92,69,62,190,66,60,44,0.045/0.101/0.202 ha,
gola,Gola,03-08-2016,27,1026,आशिकरौजा,हवेली/धुरियापार,ग्रामीण क्षेत्र,2100,no road,2600,3200,4000,1-5 m,13200,19800,17600,base,,,,,,320,92,86,81,260,90,78,64,210,63,58,46,0.045/0.101/0.202 ha,
gola,Gola,03-08-2016,28,1027,अठसैया,रतनपुर/धुरियापार,ग्रामीण क्षेत्र,1400,no road,1700,1800,2300,1-5 m,12100,18700,16500,base,,,,,,180,77,67,58,170,72,61,55,140,59,44,38,0.045/0.101/0.202 ha,
gola,Gola,03-08-2016,29,1028,इटौरा खुर्द,गौर/धुरियापार,ग्रामीण क्षेत्र,2100,no road,2600,3200,4000,1-5 m,13200,19800,17600,base,,,,,,320,92,86,81,260,90,78,64,210,63,58,46,0.045/0.101/0.202 ha,
gola,Gola,03-08-2016,30,1029,इटौरा बुजुर्ग,गौर/धुरियापार,ग्रामीण क्षेत्र,2100,no road,2600,3200,4000,1-5 m,13200,19800,17600,base,,,,,,320,92,86,81,260,90,78,64,210,63,58,46,0.045/0.101/0.202 ha,
gola,Gola,03-08-2016,31,1030,इटौरा उर्फ प्रेमगढ़,चांदपार/धुरियापार,ग्रामीण क्षेत्र,1400,no road,1700,1800,2300,1-5 m,12100,18700,16500,base,,,,,,180,77,67,58,170,72,61,55,140,59,44,38,0.045/0.101/0.202 ha,
gola,Gola,03-08-2016,32,0002,उत्तरी चौरा,वार्ड नं0–6 टा0ए0–गोला,अर्द्धनगरीय,5100,no road,7000,7500,8500,1-5 m,28600,35200,29700,base,,850,194,166,158,750,173,152,145,700,166,159,138,510,117,104,83,0.045/0.101/0.202 ha,agri: link_c 159 > dist_c 152 as printed
gola,Gola,03-08-2016,33,1031,उदईपुर,बरहज/धुरियापार,ग्रामीण क्षेत्र,2500,no road,3500,3600,3800,1-5 m,15400,22000,18700,base,,380,94,85,80,360,85,77,71,350,79,72,66,250,66,61,46,0.045/0.101/0.202 ha,
gola,Gola,03-08-2016,34,1032,उनौली,चांदपार/धुरियापार,ग्रामीण क्षेत्र,2600,no road,3300,3700,3800,1-5 m,15400,22000,18700,base,,380,124,110,96,370,108,99,87,330,102,90,81,260,72,64,59,0.045/0.101/0.202 ha,
gola,Gola,03-08-2016,35,1033,उरूवा,कुरमौट/धुरियापार,ग्रामीण क्षेत्र,3800,no road,5000,6100,7000,1-5 m,28600,35200,29700,base,,700,173,158,122,610,152,138,117,500,145,131,106,380,110,97,75,0.045/0.101/0.202 ha,
gola,Gola,03-08-2016,36,1034,ऊँचागॉव,चांदपार/धुरियापार,ग्रामीण क्षेत्र,1400,no road,1700,1800,2300,1-5 m,12100,18700,16500,base,,,,,,180,77,67,58,170,72,61,55,140,59,44,38,0.045/0.101/0.202 ha,
gola,Gola,03-08-2016,37,1035,उसरी,हवेली/चिल्लुपार,ग्रामीण क्षेत्र,1800,no road,2600,3200,4000,1-5 m,12100,18700,16500,base,,400,105,90,80,320,77,67,58,260,72,61,55,180,59,44,38,0.045/0.101/0.202 ha,
gola,Gola,03-08-2016,38,1036,उसका,सेमरा/चिल्लुपार,ग्रामीण क्षेत्र,1400,no road,1700,1800,2300,1-5 m,12100,18700,16500,base,,,,,,180,77,67,58,170,72,61,55,140,59,44,38,0.045/0.101/0.202 ha,
gola,Gola,03-08-2016,39,0003,कुम्हार टोला धोबी,वार्ड नं0–7 टा0ए0–गोला,अर्द्धनगरीय,5800,no road,7900,8300,8500,1-5 m,28600,35200,29700,base,,850,194,166,158,830,173,152,145,790,166,145,138,580,117,104,83,0.045/0.101/0.202 ha,agri: other_a 580 (rows 40-41 print 510) as printed
gola,Gola,03-08-2016,40,0004,कुजरौटी,वार्ड नं0–2 टा0ए0–गोला,अर्द्धनगरीय,5100,no road,7900,8300,8500,1-5 m,28600,35200,29700,base,,850,194,166,158,830,173,152,145,790,166,145,138,510,117,104,83,0.045/0.101/0.202 ha,
gola,Gola,03-08-2016,41,0005,कुजरौटी,वार्ड नं0–4 टा0ए0–गोला,अर्द्धनगरीय,5100,no road,7900,8300,8500,1-5 m,28600,35200,29700,base,,850,194,166,158,830,173,152,145,790,166,145,138,510,117,104,83,0.045/0.101/0.202 ha,
gola,Gola,03-08-2016,42,0029,कसाब टोला,वार्ड नं0–6 टा0ए0–बड़हलगंज,अर्द्धनगरीय,6300,no road,9000,10500,11200,1-5 m,33000,39600,34100,base,,1120,302,266,166,1050,276,228,145,900,255,225,138,630,186,152,97,0.045/0.101/0.202 ha,
gola,Gola,03-08-2016,43,1037,कुकुरहॉ,नर्रे/धुरियापार,ग्रामीण क्षेत्र,2100,no road,2600,2800,3600,1-5 m,17600,24200,20900,base,,360,103,94,83,280,92,90,69,260,79,72,63,210,66,58,47,0.045/0.101/0.202 ha,
gola,Gola,03-08-2016,44,1038,कुड़ही,चांदपार/धुरियापार,ग्रामीण क्षेत्र,1400,no road,1700,1800,2300,1-5 m,12100,18700,16500,base,,,,,,180,77,67,58,170,72,61,55,140,59,44,38,0.045/0.101/0.202 ha,
gola,Gola,03-08-2016,45,1039,कुनवार बाबू,कोंहरा/धुरियापार,ग्रामीण क्षेत्र,1400,no road,1700,1800,2300,1-5 m,12100,18700,16500,base,,,,,,180,77,67,58,170,72,61,55,140,59,44,38,0.045/0.101/0.202 ha,
gola,Gola,03-08-2016,46,1040,कुनवार राजा,कोंहरा/धुरियापार,ग्रामीण क्षेत्र,1400,no road,1700,1800,2300,1-5 m,12100,18700,16500,base,,,,,,180,77,67,58,170,72,61,55,140,59,44,38,0.045/0.101/0.202 ha,
gola,Gola,03-08-2016,47,1041,किशुनपुर,चांदपार/धुरियापार,ग्रामीण क्षेत्र,2100,no road,2600,2800,3600,1-5 m,13200,19800,17600,base,,360,103,94,83,280,92,86,81,260,90,78,64,210,63,58,44,0.045/0.101/0.202 ha,
gola,Gola,03-08-2016,48,1042,किशुनपुर,कुरमौट/धुरियापार,ग्रामीण क्षेत्र,4200,no road,5500,6000,6200,1-5 m,28600,35200,29700,base,,620,173,158,122,600,152,138,110,550,145,124,110,420,110,91,75,0.045/0.101/0.202 ha,
gola,Gola,03-08-2016,49,1043,कुरावल खुर्द,बेलघाट/धुरियापार,ग्रामीण क्षेत्र,2100,no road,2600,2800,3500,1-5 m,13200,19800,17600,base,,,,,,280,92,86,81,260,90,78,64,210,63,58,44,0.045/0.101/0.202 ha,
gola,Gola,03-08-2016,50,1044,कुरावल बुजुर्ग,बेलघाट/धुरियापार,ग्रामीण क्षेत्र,2100,no road,2600,2800,3500,1-5 m,13200,19800,17600,base,,,,,,280,92,86,81,260,90,78,64,210,63,58,44,0.045/0.101/0.202 ha,
gola,Gola,03-08-2016,51,1045,कुरौली,कुरमौट/धुरियापार,ग्रामीण क्षेत्र,1850,no road,2400,2500,3000,1-5 m,13200,19800,17600,base,,,,,,250,92,83,70,240,86,77,64,185,61,56,44,0.045/0.101/0.202 ha,
gola,Gola,03-08-2016,52,1046,कुशल देईया,हवेली/धुरियापार,ग्रामीण क्षेत्र,2100,no road,2600,3200,4000,1-5 m,13200,19800,17600,base,,,,,,320,92,86,81,260,86,75,63,210,63,58,44,0.045/0.101/0.202 ha,
gola,Gola,03-08-2016,53,1047,कुशहॉ,गौर/धुरियापार,ग्रामीण क्षेत्र,1400,no road,1700,1800,2300,1-5 m,12100,18700,16500,base,,,,,,180,77,67,58,170,72,61,55,140,59,44,38,0.045/0.101/0.202 ha,
gola,Gola,03-08-2016,54,1048,केशवापार,गौर/धुरियापार,ग्रामीण क्षेत्र,1400,no road,1700,1800,2300,1-5 m,12100,18700,16500,base,,,,,,180,77,67,58,170,72,61,55,140,59,44,38,0.045/0.101/0.202 ha,
gola,Gola,03-08-2016,55,1049,कैथौली,चांदपार/धुरियापार,ग्रामीण क्षेत्र,1400,no road,1700,1800,2300,1-5 m,12100,18700,16500,base,,,,,,180,77,67,58,170,72,61,55,140,59,44,38,0.045/0.101/0.202 ha,
gola,Gola,03-08-2016,56,1050,ककरहीं,हवेली/धुरियापार,ग्रामीण क्षेत्र,2100,no road,2600,2800,3300,1-5 m,13200,19800,17600,base,,330,110,97,73,280,92,86,81,260,90,78,64,210,63,58,44,0.045/0.101/0.202 ha,agri: nh_d 73 < dist_d 81 as printed
gola,Gola,03-08-2016,57,1051,ककरहीं,चांदपार/धुरियापार,ग्रामीण क्षेत्र,2100,no road,2600,2800,3300,1-5 m,13200,19800,17600,base,,330,110,97,73,280,92,86,81,260,90,78,64,210,63,58,44,0.045/0.101/0.202 ha,agri: nh_d 73 < dist_d 81 as printed
gola,Gola,03-08-2016,58,1052,कटया,बरहज/धुरियापार,ग्रामीण क्षेत्र,1400,no road,1700,1800,2300,1-5 m,12100,18700,16500,base,,,,,,180,77,67,58,170,72,61,55,140,59,44,38,0.045/0.101/0.202 ha,
gola,Gola,03-08-2016,59,1053,करौंदी,खुटहन/धुरियापार,ग्रामीण क्षेत्र,1400,no road,1700,1800,2300,1-5 m,12100,18700,16500,base,,,,,,180,77,67,58,170,72,61,55,140,59,44,38,0.045/0.101/0.202 ha,
gola,Gola,03-08-2016,60,1054,कस्बाखटिक,हवेली/धुरियापार,ग्रामीण क्षेत्र,1400,no road,1700,1800,2300,1-5 m,12100,18700,16500,base,,,,,,180,77,67,58,170,72,61,55,140,59,44,38,0.045/0.101/0.202 ha,
gola,Gola,03-08-2016,61,1055,कस्बा तेली,हवेली/धुरियापार,ग्रामीण क्षेत्र,1400,no road,1700,1800,2300,1-5 m,12100,18700,16500,base,,,,,,180,77,67,58,170,72,61,55,140,59,44,38,0.045/0.101/0.202 ha,
gola,Gola,03-08-2016,62,1056,कस्बा हसन,हवेली/धुरियापार,ग्रामीण क्षेत्र,2100,no road,2600,2800,3500,1-5 m,13200,19800,17600,base,,,,,,280,92,86,81,260,90,78,64,210,63,58,46,0.045/0.101/0.202 ha,
gola,Gola,03-08-2016,63,1057,काठ बुजुर्ग,कुरमौट/धुरियापार,ग्रामीण क्षेत्र,1400,no road,1700,1800,2300,1-5 m,12100,18700,16500,base,,,,,,180,77,67,58,170,72,61,55,140,59,44,38,0.045/0.101/0.202 ha,
gola,Gola,03-08-2016,64,1058,कादमपुर,बनकट/धुरियापार,ग्रामीण क्षेत्र,1400,no road,1700,1800,2300,1-5 m,12100,18700,16500,base,,,,,,180,77,67,58,170,72,61,55,140,59,44,38,0.045/0.101/0.202 ha,
gola,Gola,03-08-2016,65,1059,कारोकान उर्फ बारानगर मु0,रतनपुर/धुरियापार,ग्रामीण क्षेत्र,1900,no road,2400,2500,3000,1-5 m,13200,19800,17600,base,,,,,,250,95,87,66,240,92,83,70,190,66,60,44,0.045/0.101/0.202 ha,agri: link_d 70 > dist_d 66 as printed
gola,Gola,03-08-2016,66,1060,काल्हीपार,चांदपार/धुरियापार,ग्रामीण क्षेत्र,1400,no road,1700,1800,2300,1-5 m,12100,18700,16500,base,,,,,,180,77,67,58,170,72,61,55,140,59,44,38,0.045/0.101/0.202 ha,
gola,Gola,03-08-2016,67,1061,काश्त काशीनायक,चांदपार/धुरियापार,ग्रामीण क्षेत्र,1400,no road,1700,1800,2300,1-5 m,12100,18700,16500,base,,,,,,180,77,67,58,170,72,61,55,140,59,44,38,0.045/0.101/0.202 ha,
gola,Gola,03-08-2016,68,1062,काश्त भवानीदत्त,कोंहरा/धुरियापार,ग्रामीण क्षेत्र,1400,no road,1700,1800,2300,1-5 m,12100,18700,16500,base,,,,,,180,77,67,58,170,72,61,55,140,59,44,38,0.045/0.101/0.202 ha,
gola,Gola,03-08-2016,69,1063,काश्त मिश्रौली,कोंहरा/धुरियापार,ग्रामीण क्षेत्र,1400,no road,1700,1800,2300,1-5 m,12100,18700,16500,base,,,,,,180,77,67,58,170,72,61,55,140,59,44,38,0.045/0.101/0.202 ha,
gola,Gola,03-08-2016,70,1064,काश्त सुबंश दूबे,गौर/धुरियापार,ग्रामीण क्षेत्र,1400,no road,1700,1800,2300,1-5 m,12100,18700,16500,base,,,,,,180,77,67,58,170,72,61,55,140,59,44,38,0.045/0.101/0.202 ha,
gola,Gola,03-08-2016,71,1065,कोटवा अवदानी,कुरमौट/धुरियापार,ग्रामीण क्षेत्र,1400,no road,1700,1800,2300,1-5 m,12100,18700,16500,base,,,,,,180,77,67,58,170,72,61,55,140,59,44,38,0.045/0.101/0.202 ha,
gola,Gola,03-08-2016,72,1066,कोड़र उर्फ बघोर,खुटहन/धुरियापार,ग्रामीण क्षेत्र,1400,no road,1700,1800,2300,1-5 m,12100,18700,16500,base,,,,,,180,77,67,58,170,72,61,55,140,59,44,38,0.045/0.101/0.202 ha,
gola,Gola,03-08-2016,73,1067,कोड़री बुजुर्ग,हवेली/धुरियापार,ग्रामीण क्षेत्र,1400,no road,1700,1800,2300,1-5 m,12100,18700,16500,base,,,,,,180,77,67,58,170,72,61,55,140,59,44,38,0.045/0.101/0.202 ha,
gola,Gola,03-08-2016,74,1068,कौड़िया,रतनपुर/धुरियापार,ग्रामीण क्षेत्र,1400,no road,1700,1800,2300,1-5 m,12100,18700,16500,base,,,,,,180,77,67,58,170,72,61,55,140,59,44,38,0.045/0.101/0.202 ha,
gola,Gola,03-08-2016,75,1069,कोटियॉ,चांदपार/धुरियापार,ग्रामीण क्षेत्र,1800,no road,1900,2000,2500,1-5 m,12100,18700,16500,base,,,,,,200,77,67,58,190,72,61,55,180,59,44,38,0.045/0.101/0.202 ha,
gola,Gola,03-08-2016,76,1070,कोटिया नायक,नर्रे/धुरियापार,ग्रामीण क्षेत्र,1400,no road,1700,1800,2300,1-5 m,12100,18700,16500,base,,,,,,180,77,67,58,170,72,61,55,140,59,44,38,0.045/0.101/0.202 ha,
gola,Gola,03-08-2016,77,1071,कोहड़ी बु0,चांदपार/धुरियापार,ग्रामीण क्षेत्र,3100,no road,4800,5800,6000,1-5 m,17600,24200,20900,base,,600,151,138,96,680,132,106,79,480,118,92,66,310,92,59,47,0.045/0.101/0.202 ha,agri: dist_a read 680 (could be 580; > nh_a 600); other_b 92 > other_c 59 as printed
gola,Gola,03-08-2016,78,1072,कोहड़ी खुर्द,चांदपार/धुरियापार,ग्रामीण क्षेत्र,2500,no road,3400,3800,4000,1-5 m,17600,24200,20900,base,,400,94,85,79,380,85,76,70,340,79,72,66,250,66,61,46,0.045/0.101/0.202 ha,
gola,Gola,03-08-2016,79,1073,कोहरा बु0,कोंहरा/धुरियापार,ग्रामीण क्षेत्र,1400,no road,1700,1800,2300,1-5 m,12100,18700,16500,base,,,,,,180,77,67,58,170,72,61,55,140,59,44,38,0.045/0.101/0.202 ha,
gola,Gola,03-08-2016,80,1074,कोहरा खुर्द,कोंहरा/धुरियापार,ग्रामीण क्षेत्र,1400,no road,1700,1800,2300,1-5 m,12100,18700,16500,base,,,,,,180,77,67,58,170,72,61,55,140,59,44,38,0.045/0.101/0.202 ha,
gola,Gola,03-08-2016,81,1075,कोहारचक,हवेली/धुरियापार,ग्रामीण क्षेत्र,1900,no road,2000,2100,3000,1-5 m,12100,18700,16500,base,,,,,,210,77,67,58,200,72,61,55,190,59,44,38,0.045/0.101/0.202 ha,
gola,Gola,03-08-2016,82,1076,कौवाडील,चांदपार/धुरियापार,ग्रामीण क्षेत्र,1900,no road,2400,2500,3000,1-5 m,12100,18700,16500,base,,,,,,250,95,87,66,240,92,83,70,190,66,60,44,0.045/0.101/0.202 ha,agri: link_d 70 > dist_d 66 as printed
gola,Gola,03-08-2016,83,1077,कोड़री,चांदपार/धुरियापार,ग्रामीण क्षेत्र,1400,no road,1700,1800,2300,1-5 m,12100,18700,16500,base,,,,,,180,77,67,58,170,72,61,55,140,59,44,38,0.045/0.101/0.202 ha,
gola,Gola,03-08-2016,84,1078,कोहना गोपालपुर मु0,चांदपार/धुरियापार,ग्रामीण क्षेत्र,1400,no road,1700,2100,2300,1-5 m,12100,18700,16500,base,,,,,,210,77,67,58,170,72,61,55,140,59,44,38,0.045/0.101/0.202 ha,
gola,Gola,03-08-2016,85,1079,कोहना गोपालपुर एहतमाली,चांदपार/धुरियापार,ग्रामीण क्षेत्र,1400,no road,1700,1800,2300,1-5 m,12100,18700,16500,base,,,,,,180,77,67,58,170,72,61,55,140,59,44,38,0.045/0.101/0.202 ha,
gola,Gola,03-08-2016,86,1080,कलानी,कोहरा/धुरियापार,ग्रामीण क्षेत्र,1850,no road,2300,2400,3000,1-5 m,12100,18700,16500,base,,,,,,240,97,89,72,230,90,82,66,185,63,60,47,0.045/0.101/0.202 ha,
gola,Gola,03-08-2016,87,1081,केशवपट्टी,हवेली/धुरियापार,ग्रामीण क्षेत्र,1400,no road,1700,1800,2300,1-5 m,12100,18700,16500,base,,,,,,180,77,67,58,170,72,61,55,140,59,44,38,0.045/0.101/0.202 ha,
gola,Gola,03-08-2016,88,1082,कुकुरभुक्का,हवेली/चिल्लुपार,ग्रामीण क्षेत्र,1400,no road,1700,1800,2300,1-5 m,12100,18700,16500,base,,,,,,180,77,67,58,170,72,61,55,140,59,44,38,0.045/0.101/0.202 ha,
gola,Gola,03-08-2016,89,1083,कुल्दवावारी,हवेली/चिल्लुपार,ग्रामीण क्षेत्र,1400,no road,1700,1800,2300,1-5 m,12100,18700,16500,base,,,,,,180,77,67,58,170,72,61,55,140,59,44,38,0.045/0.101/0.202 ha,
gola,Gola,03-08-2016,90,1084,कुशभौना,हवेली/चिल्लुपार,ग्रामीण क्षेत्र,1400,no road,1700,1800,2300,1-5 m,12100,18700,16500,base,,,,,,180,77,67,58,170,72,61,55,140,59,44,38,0.045/0.101/0.202 ha,
gola,Gola,03-08-2016,91,1085,करनपुरा,हवेली/चिल्लुपार,ग्रामीण क्षेत्र,1400,no road,1700,1800,2300,1-5 m,12100,18700,16500,base,,,,,,180,77,67,58,170,72,61,55,140,59,44,38,0.045/0.101/0.202 ha,
gola,Gola,03-08-2016,92,1086,कल्यानपुर,सेमरा/चिल्लुपार,ग्रामीण क्षेत्र,1400,no road,1700,1800,2300,1-5 m,12100,18700,16500,base,,,,,,180,77,67,58,170,72,61,55,140,59,44,38,0.045/0.101/0.202 ha,
gola,Gola,03-08-2016,93,1087,कवितापुर,सिकन्दरपुर/चिल्लुपार,ग्रामीण क्षेत्र,1400,no road,1700,1800,2300,1-5 m,12100,18700,16500,base,,,,,,180,77,67,58,170,72,61,55,140,59,44,38,0.045/0.101/0.202 ha,
gola,Gola,03-08-2016,94,1088,कोईली खाल,सेमरा/चिल्लुपार,ग्रामीण क्षेत्र,1400,no road,1700,1800,2300,1-5 m,12100,18700,16500,base,,,,,,180,77,67,58,170,72,61,55,140,59,44,38,0.045/0.101/0.202 ha,
gola,Gola,03-08-2016,95,1089,कोकटा,हवेली/चिल्लुपार,ग्रामीण क्षेत्र,2500,no road,3500,3800,4000,1-5 m,17600,24200,20900,base,,400,94,85,80,380,85,77,71,350,79,72,66,250,66,61,46,0.045/0.101/0.202 ha,
gola,Gola,03-08-2016,96,1090,कोड़र नीलकण्ठ,सेमरा/चिल्लुपार,ग्रामीण क्षेत्र,1400,no road,1700,1800,2300,1-5 m,12100,18700,16500,base,,,,,,180,77,67,58,170,72,61,55,140,59,44,38,0.045/0.101/0.202 ha,
gola,Gola,03-08-2016,97,1091,कोड़र पाण्डेय,सेमरा/चिल्लुपार,ग्रामीण क्षेत्र,1400,no road,1700,1800,2300,1-5 m,12100,18700,16500,base,,,,,,180,77,67,58,170,72,61,55,140,59,44,38,0.045/0.101/0.202 ha,
gola,Gola,03-08-2016,98,1092,कोड़र तिवारी,सेमरा/चिल्लुपार,ग्रामीण क्षेत्र,1400,no road,1700,1800,2300,1-5 m,12100,18700,16500,base,,,,,,180,77,67,58,170,72,61,55,140,59,44,38,0.045/0.101/0.202 ha,
gola,Gola,03-08-2016,99,1093,कोड़ारी मुस्तिकल,हवेली/चिल्लुपार,ग्रामीण क्षेत्र,2500,no road,3160,3390,3740,1-5 m,17600,24200,20900,base,,374,94,85,80,339,85,77,71,316,79,72,66,250,66,61,46,0.045/0.101/0.202 ha,
gola,Gola,03-08-2016,100,1094,कोड़ारी एहतमाली,हवेली/चिल्लुपार,ग्रामीण क्षेत्र,400,no road,425,500,600,1-5 m,1000,8000,5000,base,,,,,,,,,,43,20,15,12,40,18,12,10,0.045/0.101/0.202 ha,comm: low_rate_1000/8000/5000_as_printed
gola,Gola,03-08-2016,101,1095,कोल्हुआ,हवेली/चिल्लुपार,ग्रामीण क्षेत्र,1900,no road,2400,2500,3000,1-5 m,13200,19800,17600,base,,,,,,250,95,87,66,240,92,69,62,190,66,60,44,0.045/0.101/0.202 ha,
gola,Gola,03-08-2016,102,1096,कोलखास मु0,सेमरा/चिल्लुपार,ग्रामीण क्षेत्र,1400,no road,1700,1800,2300,1-5 m,12100,18700,16500,base,,,,,,180,77,67,58,170,72,61,55,140,59,44,38,0.045/0.101/0.202 ha,
gola,Gola,03-08-2016,103,1097,कुन्डा,सिकन्दरपुर/चिल्लुपार,ग्रामीण क्षेत्र,400,no road,425,500,600,1-5 m,1000,8000,5000,base,,,,,,,,,,43,20,15,12,40,18,12,10,0.045/0.101/0.202 ha,comm: low_rate_1000/8000/5000_as_printed
gola,Gola,03-08-2016,104,1098,कोहराभावर,सिकन्दरपुर/चिल्लुपार,ग्रामीण क्षेत्र,1400,no road,1700,1800,2300,1-5 m,12100,18700,16500,base,,,,,,180,77,67,58,170,72,61,55,140,59,44,38,0.045/0.101/0.202 ha,
gola,Gola,03-08-2016,105,1099,कटहा ड़ाड़ी,सिकन्दरपुर/चिल्लुपार,ग्रामीण क्षेत्र,1400,no road,1700,1800,2300,1-5 m,12100,18700,16500,base,,,,,,180,77,67,58,170,72,61,55,140,59,44,38,0.045/0.101/0.202 ha,
gola,Gola,03-08-2016,106,1100,कृपालपुर,सिकन्दरपुर/चिल्लुपार,ग्रामीण क्षेत्र,400,no road,425,500,600,1-5 m,1000,8000,5000,base,,,,,,,,,,43,20,15,12,40,18,12,10,0.045/0.101/0.202 ha,comm: low_rate_1000/8000/5000_as_printed
gola,Gola,03-08-2016,107,1101,कंसासुर,सेमरा/चिल्लुपार,ग्रामीण क्षेत्र,1400,no road,1700,1800,2300,1-5 m,12100,18700,16500,base,,,,,,180,77,67,58,170,72,61,55,140,59,44,38,0.045/0.101/0.202 ha,
gola,Gola,03-08-2016,108,1102,कोटिया निरंजन,सिकन्दरपुर/चिल्लुपार,ग्रामीण क्षेत्र,400,no road,425,500,600,1-5 m,1000,8000,5000,base,,,,,,,,,,43,20,15,12,40,18,12,10,0.045/0.101/0.202 ha,comm: low_rate_1000/8000/5000_as_printed
gola,Gola,03-08-2016,109,1103,कोटिया दीपशाह,सिकन्दरपुर/चिल्लुपार,ग्रामीण क्षेत्र,400,no road,425,500,600,1-5 m,1000,8000,5000,base,,,,,,,,,,43,20,15,12,40,18,12,10,0.045/0.101/0.202 ha,comm: low_rate_1000/8000/5000_as_printed
gola,Gola,03-08-2016,110,1104,कल्यानपुर,कस्बा/चिल्लूपार,ग्रामीण क्षेत्र,5200,no road,6840,7800,8400,1-5 m,28600,35200,29700,base,,840,360,240,140,780,240,116,120,684,222,180,108,520,180,150,96,0.045/0.101/0.202 ha,agri: dist_c 116 < dist_d 120 and < link_c 180 as printed (clear)
gola,Gola,03-08-2016,111,1105,कृतपुरा,कस्बा/चिल्लूपार,ग्रामीण क्षेत्र,5200,no road,6800,8500,10700,1-5 m,28600,35200,29700,base,,1070,360,240,140,850,276,248,138,680,248,235,124,520,186,166,97,0.045/0.101/0.202 ha,agri: dist_c 248 > nh_c 240 as printed
gola,Gola,03-08-2016,112,1106,कुरावं,हवेली/चिल्लूपार,ग्रामीण क्षेत्र,4400,no road,6120,6360,8160,1-5 m,28600,35200,29700,base,,816,240,180,120,636,216,168,108,612,158,144,96,440,144,120,84,0.045/0.101/0.202 ha,
gola,Gola,03-08-2016,113,1107,कोलखास,सिकन्दरपुर/चिल्लुपार,ग्रामीण क्षेत्र,400,no road,425,500,600,1-5 m,1000,8000,5000,base,,,,,,,,,,43,20,15,12,40,18,12,10,0.045/0.101/0.202 ha,comm: low_rate_1000/8000/5000_as_printed
gola,Gola,03-08-2016,114,1108,कटघरा,सेमरा/चिल्लुपार,ग्रामीण क्षेत्र,1400,no road,1700,1800,2300,1-5 m,12100,18700,16500,base,,,,,,180,77,67,58,170,72,61,55,140,59,44,38,0.045/0.101/0.202 ha,
gola,Gola,03-08-2016,115,0006,खटिकाना,वार्ड नं0–4 टा0ए0–गोला,अर्धनगरीय,5000,no road,7300,7900,8500,1-5 m,28600,35200,29700,base,,850,194,166,158,790,173,152,145,730,166,145,138,500,117,104,83,0.045/0.101/0.202 ha,
gola,Gola,03-08-2016,116,0007,खटिक टोला,वार्ड नं0–2 टा0ए0–गोला,अर्धनगरीय,5000,no road,7300,7900,8500,1-5 m,28600,35200,29700,base,,850,194,166,158,790,173,152,145,730,166,145,138,500,117,104,84,0.045/0.101/0.202 ha,
gola,Gola,03-08-2016,117,0030,खटिक टोला,वार्ड नं0–2 टा0ए0–बड़हलगंज,अर्धनगरीय,6300,no road,9000,10500,11200,1-5 m,33000,39600,34100,base,,1120,302,266,166,1050,276,228,145,900,255,228,138,630,186,152,97,0.045/0.101/0.202 ha,
gola,Gola,03-08-2016,118,1109,ख्वाबीपुर,हवेली/धुरियापार,ग्रामीण क्षेत्र,1400,no road,1700,1800,2300,1-5 m,12100,18700,16500,base,,,,,,180,77,67,58,170,72,61,55,140,59,44,38,0.045/0.101/0.202 ha,
gola,Gola,03-08-2016,119,1110,खखाईज खोर,खुटहन/धुरियापार,ग्रामीण क्षेत्र,1400,no road,1700,1800,2300,1-5 m,12100,18700,16500,base,,,,,,180,77,67,58,170,72,61,55,140,59,44,38,0.045/0.101/0.202 ha,
gola,Gola,03-08-2016,120,1111,खदरा,चांदपार/धुरियापार,ग्रामीण क्षेत्र,1500,no road,1900,2100,2500,1-5 m,12100,18700,16500,base,,,,,,210,77,67,58,190,72,61,55,150,59,44,38,0.045/0.101/0.202 ha,
gola,Gola,03-08-2016,121,1112,खरगपट्टी,चांदपार/धुरियापार,ग्रामीण क्षेत्र,2000,no road,3500,4000,4500,1-5 m,15400,22000,18700,base,,450,94,85,80,400,85,77,71,350,79,72,66,200,55,51,46,0.045/0.101/0.202 ha,
gola,Gola,03-08-2016,122,1113,खुटहनखास,खुटहन/धुरियापार,ग्रामीण क्षेत्र,1400,no road,1700,1800,2300,1-5 m,12100,18700,16500,base,,,,,,180,77,67,58,170,72,61,55,140,59,44,38,0.045/0.101/0.202 ha,
gola,Gola,03-08-2016,123,1114,खैरपार,खुटहन/धुरियापार,ग्रामीण क्षेत्र,3100,no road,3800,4000,4300,1-5 m,15400,22000,18700,base,,430,124,110,96,400,86,82,77,380,82,72,66,310,72,59,46,0.045/0.101/0.202 ha,
gola,Gola,03-08-2016,124,1115,खोंड़रा,खुटहन/धुरियापार,ग्रामीण क्षेत्र,1400,no road,1700,1800,2300,1-5 m,12100,18700,16500,base,,,,,,180,77,67,58,170,72,61,55,140,59,44,38,0.045/0.101/0.202 ha,
gola,Gola,03-08-2016,125,1116,खोपापार,चांदपार/धुरियापार,ग्रामीण क्षेत्र,1900,no road,2400,2500,3000,1-5 m,13200,19800,17600,base,,,,,,250,95,87,66,240,92,69,62,190,66,60,44,0.045/0.101/0.202 ha,
gola,Gola,03-08-2016,126,1117,खिरकिटा दूबे,कोंहरा/धुरियापार,ग्रामीण क्षेत्र,1400,no road,1700,1800,2300,1-5 m,12100,18700,16500,base,,,,,,180,77,67,58,170,72,61,55,140,59,44,38,0.045/0.101/0.202 ha,
gola,Gola,03-08-2016,127,1118,खिरकिटा दीगर,कोंहरा/धुरियापार,ग्रामीण क्षेत्र,1400,no road,1700,1800,2300,1-5 m,12100,18700,16500,base,,,,,,180,77,67,58,170,72,61,55,140,59,44,38,0.045/0.101/0.202 ha,
gola,Gola,03-08-2016,128,1119,खजुरी गोंसाई,सिकन्दरपुर/चिल्लुपार,ग्रामीण क्षेत्र,1850,no road,2300,2400,3000,1-5 m,13200,19800,17600,base,,300,101,92,76,240,89,82,69,230,77,61,47,185,63,47,44,0.045/0.101/0.202 ha,
gola,Gola,03-08-2016,129,1120,खजुरी पाण्डेय,हवेली/चिल्लुपार,ग्रामीण क्षेत्र,1900,no road,1900,2000,3000,1-5 m,12100,18700,16500,base,,300,90,80,70,200,77,67,58,190,72,61,55,190,59,44,38,0.045/0.101/0.202 ha,
gola,Gola,03-08-2016,130,1121,खंडेसरी मु0,सिकन्दरपुर/चिल्लुपार,ग्रामीण क्षेत्र,2200,no road,3500,3800,4000,1-5 m,13200,19800,17600,base,,400,103,89,76,380,95,82,70,350,92,79,66,220,61,59,46,0.045/0.101/0.202 ha,
gola,Gola,03-08-2016,131,1122,खंडेसरी एह0,सिकन्दरपुर/चिल्लुपार,ग्रामीण क्षेत्र,2500,no road,3500,3800,4000,1-5 m,13200,19800,17600,base,,400,103,89,76,380,95,82,70,350,92,79,66,250,61,59,46,0.045/0.101/0.202 ha,
gola,Gola,03-08-2016,132,1123,खुद्दीचक,सिकन्दरपुर/चिल्लुपार,ग्रामीण क्षेत्र,400,no road,425,500,600,1-5 m,1000,8000,5000,base,,,,,,,,,,43,20,15,12,40,18,12,10,0.045/0.101/0.202 ha,comm: low_rate_1000/8000/5000_as_printed
gola,Gola,03-08-2016,133,1124,खोहिया पट्टी,सिकन्दरपुर/चिल्लुपार,ग्रामीण क्षेत्र,1400,no road,1700,1800,2300,1-5 m,12100,18700,16500,base,,,,,,180,77,67,58,170,72,61,55,140,59,44,38,0.045/0.101/0.202 ha,
gola,Gola,03-08-2016,134,1125,खैराटी,सिकन्दरपुर/चिल्लुपार,ग्रामीण क्षेत्र,400,no road,425,500,600,1-5 m,1000,8000,5000,base,,,,,,,,,,43,20,15,12,40,18,12,10,0.045/0.101/0.202 ha,comm: low_rate_1000/8000/5000_as_printed
gola,Gola,03-08-2016,135,1126,खुटभार मु0,सेमरा/चिल्लुपार,ग्रामीण क्षेत्र,1400,no road,1700,1800,2300,1-5 m,12100,18700,16500,base,,,,,,180,77,67,58,170,72,61,55,140,59,44,38,0.045/0.101/0.202 ha,
gola,Gola,03-08-2016,136,1127,खुटभार एह0,सेमरा/चिल्लुपार,ग्रामीण क्षेत्र,1400,no road,1700,1800,2300,1-5 m,12100,18700,16500,base,,,,,,180,77,67,58,170,72,61,55,140,59,44,38,0.045/0.101/0.202 ha,
gola,Gola,03-08-2016,137,1128,गउरा,बेलघाट/धुरियापार,ग्रामीण क्षेत्र,1400,no road,1700,1800,2300,1-5 m,12100,18700,16500,base,,,,,,180,92,83,70,170,86,77,64,140,61,56,44,0.045/0.101/0.202 ha,
gola,Gola,03-08-2016,138,1129,गजपुर,कुरमौट/धुरियापार,ग्रामीण क्षेत्र,1850,no road,2400,2500,3000,1-5 m,13200,19800,17600,base,,,,,,250,77,67,58,240,72,61,55,185,59,44,38,0.045/0.101/0.202 ha,
gola,Gola,03-08-2016,139,1130,गिधौवा,चांदपार/धुरियापार,ग्रामीण क्षेत्र,1400,no road,1700,1800,2300,1-5 m,12100,18700,16500,base,,,,,,180,77,67,58,170,72,61,55,140,59,44,38,0.045/0.101/0.202 ha,
gola,Gola,03-08-2016,140,1131,गजबरी,चांदपार/धुरियापार,ग्रामीण क्षेत्र,1400,no road,1700,1800,2300,1-5 m,12100,18700,16500,base,,,,,,180,77,67,58,170,72,61,55,140,59,44,38,0.045/0.101/0.202 ha,
gola,Gola,03-08-2016,141,1132,गजहड़ा,कोहरा/धुरियापार,ग्रामीण क्षेत्र,2100,no road,2600,2800,3500,1-5 m,13200,19800,17600,base,,,,,,280,86,79,70,260,77,70,61,210,66,56,46,0.045/0.101/0.202 ha,
gola,Gola,03-08-2016,142,1133,गुदरचक,हवेली/धुरियापार,ग्रामीण क्षेत्र,1400,no road,1700,1800,2300,1-5 m,12100,18700,16500,base,,,,,,180,77,67,58,170,72,61,55,140,59,44,38,0.045/0.101/0.202 ha,
gola,Gola,03-08-2016,143,1134,गेनुआडीह,गौर/धुरियापार,ग्रामीण क्षेत्र,1400,no road,1700,1800,2300,1-5 m,12100,18700,16500,base,,,,,,180,77,67,58,170,72,61,55,140,59,44,38,0.045/0.101/0.202 ha,
gola,Gola,03-08-2016,144,1135,गंगवल,डाड़ी/धुरियापार,ग्रामीण क्षेत्र,2100,no road,2600,2800,3500,1-5 m,13200,19800,17600,base,,,,,,280,86,79,70,260,83,77,63,210,63,59,47,0.045/0.101/0.202 ha,
gola,Gola,03-08-2016,145,1136,गाजेगड़हा,चांदपार/धुरियापार,ग्रामीण क्षेत्र,2300,no road,2600,2800,3500,1-5 m,13200,19800,17600,base,,,,,,280,86,79,70,260,77,70,61,230,66,56,46,0.045/0.101/0.202 ha,
gola,Gola,03-08-2016,146,1137,गोड़सरी,चांदपार/धुरियापार,ग्रामीण क्षेत्र,1400,no road,1700,1800,2300,1-5 m,12100,18700,16500,base,,,,,,180,77,67,58,170,72,61,55,140,59,44,38,0.045/0.101/0.202 ha,
gola,Gola,03-08-2016,147,1138,गोपलापुर,चांदपार/धुरियापार,ग्रामीण क्षेत्र,1400,no road,1700,1800,2300,1-5 m,12100,18700,16500,base,,,,,,180,77,67,58,170,72,61,55,140,59,44,38,0.045/0.101/0.202 ha,
gola,Gola,03-08-2016,148,1139,गोपालपुर,चांदपार/धुरियापार,ग्रामीण क्षेत्र,3500,no road,5000,6800,8000,1-5 m,12100,18700,16500,base,,800,173,151,144,680,152,138,117,500,124,97,69,350,97,61,49,0.045/0.101/0.202 ha,
gola,Gola,03-08-2016,149,1140,गोलापार,चांदपार/धुरियापार,ग्रामीण क्षेत्र,1400,no road,1700,1800,2300,1-5 m,12100,18700,16500,base,,,,,,180,77,67,58,170,72,61,55,140,59,44,38,0.045/0.101/0.202 ha,
gola,Gola,03-08-2016,150,1141,गोलीपार,चांदपार/धुरियापार,ग्रामीण क्षेत्र,1400,no road,1700,1800,2300,1-5 m,12100,18700,16500,base,,,,,,180,77,67,58,170,72,61,55,140,59,44,38,0.045/0.101/0.202 ha,
gola,Gola,03-08-2016,151,1142,गोविन्दपुर,डाड़ी/धुरियापार,ग्रामीण क्षेत्र,2100,no road,2600,2800,3500,1-5 m,13200,19800,17600,base,,,,,,280,86,79,70,260,77,70,61,210,66,56,46,0.045/0.101/0.202 ha,
gola,Gola,03-08-2016,152,1143,गौर खास,गौर/धुरियापार,ग्रामीण क्षेत्र,2000,no road,2400,2500,3000,1-5 m,13200,19800,17600,base,,,,,,250,92,77,64,240,86,69,62,200,61,56,44,0.045/0.101/0.202 ha,
gola,Gola,03-08-2016,153,1144,गौरपार,खुटहन/धुरियापार,ग्रामीण क्षेत्र,1400,no road,1700,1800,2300,1-5 m,12100,18700,16500,base,,,,,,180,77,67,58,170,72,61,55,140,59,44,38,0.045/0.101/0.202 ha,
gola,Gola,03-08-2016,154,1145,गरथौली,हवेली/चिल्लूपार,ग्रामीण क्षेत्र,5200,no road,7300,7900,8600,1-5 m,15400,22000,18700,base,,,,,,790,173,152,124,730,159,145,117,520,152,143,94,0.045/0.101/0.202 ha,
gola,Gola,03-08-2016,155,1146,गढ़वा रामपुर,हवेली/चिल्लुपार,ग्रामीण क्षेत्र,2500,no road,3500,3600,3800,1-5 m,15400,22000,18700,base,,380,96,90,84,360,85,77,70,350,79,72,66,250,66,61,46,0.045/0.101/0.202 ha,
gola,Gola,03-08-2016,156,1147,गायघाट,सिकन्दरपुर/चिल्लुपार,ग्रामीण क्षेत्र,1400,no road,1900,2100,2300,1-5 m,13200,19800,17600,base,,230,92,85,72,210,77,67,58,190,72,61,55,140,59,44,38,0.045/0.101/0.202 ha,
gola,Gola,03-08-2016,157,1148,गोरखपुरा,सिकन्दरपुर/चिल्लुपार,ग्रामीण क्षेत्र,400,no road,425,500,600,1-5 m,1000,8000,5000,base,,,,,,,,,,43,20,15,12,40,18,12,10,0.045/0.101/0.202 ha,comm: low_rate_1000/8000/5000_as_printed
gola,Gola,03-08-2016,158,1149,गोनहा,सिकन्दरपुर/चिल्लुपार,ग्रामीण क्षेत्र,400,no road,425,500,600,1-5 m,1000,8000,5000,base,,,,,,,,,,43,20,15,12,40,18,12,10,0.045/0.101/0.202 ha,comm: low_rate_1000/8000/5000_as_printed
gola,Gola,03-08-2016,159,1150,गोपलाभार,सिकन्दरपुर/चिल्लुपार,ग्रामीण क्षेत्र,1400,no road,1700,1800,2300,1-5 m,12100,18700,16500,base,,,,,,180,77,67,58,170,72,61,55,140,59,44,38,0.045/0.101/0.202 ha,
gola,Gola,03-08-2016,160,1151,गोनघट,सिकन्दरपुर/चिल्लुपार,ग्रामीण क्षेत्र,400,no road,425,500,600,1-5 m,1000,8000,5000,base,,,,,,,,,,43,20,15,12,40,18,12,10,0.045/0.101/0.202 ha,comm: low_rate_1000/8000/5000_as_printed
gola,Gola,03-08-2016,161,1152,गहिराघाट,मझवलिया/चिल्लुपार,ग्रामीण क्षेत्र,1400,no road,1700,1800,2300,1-5 m,12100,18700,16500,base,,,,,,180,77,67,58,170,72,61,55,140,59,44,38,0.045/0.101/0.202 ha,
gola,Gola,03-08-2016,162,1153,घडारी,गौर/धुरियापार,ग्रामीण क्षेत्र,1400,no road,1700,1800,2300,1-5 m,12100,18700,16500,base,,,,,,180,77,67,58,170,72,61,55,140,59,44,38,0.045/0.101/0.202 ha,
gola,Gola,03-08-2016,163,1154,धरावल,नर्रे/धुरियापार,ग्रामीण क्षेत्र,1400,no road,1700,1800,2300,1-5 m,12100,18700,16500,base,,,,,,180,77,67,58,170,72,61,55,140,59,44,38,0.045/0.101/0.202 ha,
gola,Gola,03-08-2016,164,1155,धुचियारी,कुरमौट/धुरियापार,ग्रामीण क्षेत्र,3100,no road,4300,5400,5700,1-5 m,13200,19800,17600,base,,570,151,138,96,540,108,87,70,430,102,81,66,310,72,59,46,0.045/0.101/0.202 ha,
gola,Gola,03-08-2016,165,1156,घोघीबारी,हवेली/धुरियापार,ग्रामीण क्षेत्र,1400,no road,1700,1800,2300,1-5 m,12100,18700,16500,base,,,,,,180,77,67,58,170,72,61,55,140,59,44,38,0.045/0.101/0.202 ha,
gola,Gola,03-08-2016,166,1157,घोड़ालोटन,चांदपार/धुरियापार,ग्रामीण क्षेत्र,1400,no road,1700,1800,2300,1-5 m,12100,18700,16500,base,,,,,,180,77,67,58,170,72,61,55,140,59,44,38,0.045/0.101/0.202 ha,
gola,Gola,03-08-2016,167,1158,घोंसी,मझवलिया/धुरियापार,ग्रामीण क्षेत्र,1400,no road,1700,1800,2300,1-5 m,12100,18700,16500,base,,,,,,180,77,67,58,170,72,61,55,140,59,44,38,0.045/0.101/0.202 ha,
gola,Gola,03-08-2016,168,0031,चिल्लूपार,वार्ड नं0–1 टा0ए0 बड़हलगंज,अर्द्धनगरीय,7200,no road,9000,10500,11200,1-5 m,33000,39600,34100,base,,1120,252,222,138,1050,240,198,126,900,222,196,132,720,162,130,84,0.045/0.101/0.202 ha,agri: link_d 132 > dist_d 126 as printed
gola,Gola,03-08-2016,169,1159,चकजलाल,मजुरी/धुरियापार,ग्रामीण क्षेत्र,1400,no road,1700,1800,2300,1-5 m,12100,18700,16500,base,,,,,,180,77,67,58,170,72,61,55,140,59,44,38,0.045/0.101/0.202 ha,
gola,Gola,03-08-2016,170,1160,चकमहेशपुर,कोंहरा/धुरियापार,ग्रामीण क्षेत्र,1400,no road,1700,1800,2300,1-5 m,12100,18700,16500,base,,,,,,180,77,67,58,170,72,61,55,140,59,44,38,0.045/0.101/0.202 ha,
gola,Gola,03-08-2016,171,1161,चकखाजे खीर,बेलघाट/धुरियापार,ग्रामीण क्षेत्र,1400,no road,1700,1800,2300,1-5 m,12100,18700,16500,base,,,,,,180,77,67,58,170,72,61,55,140,59,44,38,0.045/0.101/0.202 ha,
gola,Gola,03-08-2016,172,1162,चक मुहम्मद सालेह,हवेली/धुरियापार,ग्रामीण क्षेत्र,2100,no road,2600,2800,3000,1-5 m,13200,19800,17600,base,,,,,,280,92,86,81,260,90,78,64,210,63,58,46,0.045/0.101/0.202 ha,
gola,Gola,03-08-2016,173,1163,चक रूपैया,बेलघोट/धुरियापार,ग्रामीण क्षेत्र,1400,no road,1700,1800,2300,1-5 m,12100,18700,16500,base,,,,,,180,77,67,58,170,72,61,55,140,59,44,38,0.045/0.101/0.202 ha,basic: pargana printed बेलघोट (likely बेलघाट)
gola,Gola,03-08-2016,174,1164,चक वलीद,कुरमौट/धुरियापार,ग्रामीण क्षेत्र,1400,no road,1700,1800,2300,1-5 m,12100,18700,16500,base,,,,,,180,77,67,58,170,72,61,55,140,59,44,38,0.045/0.101/0.202 ha,
gola,Gola,03-08-2016,175,1165,चिकनिया,बरहज/धुरियापार,ग्रामीण क्षेत्र,3800,no road,6500,7000,7500,1-5 m,28600,35200,29700,base,,750,317,252,115,700,290,228,166,650,317,214,152,380,214,179,131,0.045/0.101/0.202 ha,agri: nh_d 115 < dist_d 166; link_b 317 > dist_b 290 as printed (clear)
gola,Gola,03-08-2016,176,1166,चक बाम्हीं,खुटहन/धुरियापार,ग्रामीण क्षेत्र,1400,no road,1700,1800,2300,1-5 m,12100,18700,16500,base,,,,,,180,77,67,58,170,72,61,55,140,59,44,38,0.045/0.101/0.202 ha,
gola,Gola,03-08-2016,177,1167,चकसरया,चांदपार/धुरियापार,ग्रामीण क्षेत्र,1400,no road,1700,1800,2300,1-5 m,12100,18700,16500,base,,,,,,180,77,67,58,170,72,61,55,140,59,44,38,0.045/0.101/0.202 ha,
gola,Gola,03-08-2016,178,1168,चक रामचरन,कुरमौट/धुरियापार,ग्रामीण क्षेत्र,1400,no road,1700,1800,2300,1-5 m,12100,18700,16500,base,,,,,,180,77,67,58,170,72,61,55,140,59,44,38,0.045/0.101/0.202 ha,
gola,Gola,03-08-2016,179,1169,चचाईराम,कुरमौट/धुरियापार,ग्रामीण क्षेत्र,3100,no road,4300,5100,5700,1-5 m,15400,22000,18700,base,,570,158,144,101,510,108,87,64,430,95,79,66,310,72,59,46,0.045/0.101/0.202 ha,agri: link_d 66 > dist_d 64 as printed
gola,Gola,03-08-2016,180,1170,चड़ेरिया,कोंहरा/धुरियापार,ग्रामीण क्षेत्र,1400,no road,1700,1800,2300,1-5 m,12100,18700,16500,base,,,,,,180,77,67,58,170,72,61,55,140,59,44,38,0.045/0.101/0.202 ha,
gola,Gola,03-08-2016,181,1171,चन्दौली,चांदपार/धुरियापार,ग्रामीण क्षेत्र,2800,no road,3300,3500,4000,1-5 m,15400,22000,18700,base,,400,144,122,108,350,104,94,83,330,97,90,83,280,75,69,61,0.045/0.101/0.202 ha,
gola,Gola,03-08-2016,182,1172,चिरवलिया खुर्द,चांदपार/धुरियापार,ग्रामीण क्षेत्र,1400,no road,1700,1800,2300,1-5 m,12100,18700,16500,base,,,,,,180,77,67,58,170,72,61,55,140,59,44,38,0.045/0.101/0.202 ha,
gola,Gola,03-08-2016,183,1173,चिरवलिया बु0,चांदपार/धुरियापार,ग्रामीण क्षेत्र,1400,no road,1700,1800,2300,1-5 m,12100,18700,16500,base,,,,,,180,77,67,58,170,72,61,55,140,59,44,38,0.045/0.101/0.202 ha,
gola,Gola,03-08-2016,184,1174,चिलवा,नर्रे/धुरियापार,ग्रामीण क्षेत्र,2100,no road,2900,3200,3500,1-5 m,13200,19800,17600,base,,350,103,94,83,320,106,92,70,290,83,79,63,210,61,59,46,0.045/0.101/0.202 ha,agri: dist_b 106 > nh_b 103 as printed
gola,Gola,03-08-2016,185,1175,चकियॉ,हवेली/धुरियापार,ग्रामीण क्षेत्र,1400,no road,1700,1800,2300,1-5 m,12100,18700,16500,base,,,,,,180,77,67,58,170,72,61,55,140,59,44,38,0.045/0.101/0.202 ha,
gola,Gola,03-08-2016,186,1176,चिट्ठेपार,बरहज/धुरियापार,ग्रामीण क्षेत्र,1400,no road,1700,1800,2300,1-5 m,12100,18700,16500,base,,,,,,180,77,67,58,170,72,61,55,140,59,44,38,0.045/0.101/0.202 ha,
gola,Gola,03-08-2016,187,1177,चकियॉ,बेलघाट/धुरियापार,ग्रामीण क्षेत्र,1400,no road,1700,1800,2300,1-5 m,12100,18700,16500,base,,,,,,180,77,67,58,170,72,61,55,140,59,44,38,0.045/0.101/0.202 ha,
gola,Gola,03-08-2016,188,1178,चिरैया ड़ाड़,अठैसी/धुरियापार,ग्रामीण क्षेत्र,1850,no road,2400,2800,3200,1-5 m,13200,19800,17600,base,,,,,,280,91,85,66,240,85,77,61,185,61,56,44,0.045/0.101/0.202 ha,
gola,Gola,03-08-2016,189,1179,चड़िहार,बरहज/धुरियापार,ग्रामीण क्षेत्र,1400,no road,1700,1800,2300,1-5 m,12100,18700,16500,base,,,,,,180,77,67,58,170,72,61,55,140,59,44,38,0.045/0.101/0.202 ha,
gola,Gola,03-08-2016,190,1180,चुरामन पट्टी,मजुरी/धुरियापार,ग्रामीण क्षेत्र,1400,no road,1700,1800,2300,1-5 m,12100,18700,16500,base,,,,,,180,77,67,58,170,72,61,55,140,59,44,38,0.045/0.101/0.202 ha,
gola,Gola,03-08-2016,191,1181,चेरूआ,नर्रे/धुरियापार,ग्रामीण क्षेत्र,1400,no road,1700,1800,2300,1-5 m,12100,18700,16500,base,,,,,,180,77,67,58,170,72,61,55,140,59,44,38,0.045/0.101/0.202 ha,
gola,Gola,03-08-2016,192,1182,चाईपुर माफी,बेलघाट/धुरियापार,ग्रामीण क्षेत्र,1400,no road,1700,1800,2300,1-5 m,12100,18700,16500,base,,,,,,180,77,67,58,170,72,61,55,140,59,44,38,0.045/0.101/0.202 ha,
gola,Gola,03-08-2016,193,1183,चाड़ी,गौर/धुरियापार,ग्रामीण क्षेत्र,1400,no road,1700,1800,2300,1-5 m,12100,18700,16500,base,,,,,,180,77,67,58,170,72,61,55,140,59,44,38,0.045/0.101/0.202 ha,
gola,Gola,03-08-2016,194,1184,चोड़र खास,चोड़र/धुरियापार,ग्रामीण क्षेत्र,1400,no road,1700,1800,2300,1-5 m,12100,18700,16500,base,,,,,,180,77,67,58,170,72,61,55,140,59,44,38,0.045/0.101/0.202 ha,
gola,Gola,03-08-2016,195,1185,चौकड़ी,चांदपार/धुरियापार,ग्रामीण क्षेत्र,1400,no road,1700,1800,2300,1-5 m,12100,18700,16500,base,,,,,,180,77,67,58,170,72,61,55,140,59,44,38,0.045/0.101/0.202 ha,
gola,Gola,03-08-2016,196,1186,चांदपार,चांदपार/धुरियापार,ग्रामीण क्षेत्र,2000,no road,2400,2500,3500,1-5 m,13200,19800,17600,base,,,,,,250,95,86,79,240,89,81,66,200,66,59,46,0.045/0.101/0.202 ha,
gola,Gola,03-08-2016,197,1187,चटौली,हवेली/चिल्लुपार,ग्रामीण क्षेत्र,1400,no road,1700,1800,2300,1-5 m,12100,18700,16500,base,,,,,,180,77,67,58,170,72,61,55,140,59,44,38,0.045/0.101/0.202 ha,
gola,Gola,03-08-2016,198,1188,चिल्लूपार,हवेली/चिल्लुपार,ग्रामीण क्षेत्र,6000,no road,9000,10500,11200,1-5 m,33000,39600,34100,base,,1120,302,266,166,1050,276,228,145,900,255,225,138,600,186,152,97,0.045/0.101/0.202 ha,
gola,Gola,03-08-2016,199,1189,चैनपुर,हवेली/चिल्लुपार,ग्रामीण क्षेत्र,3100,no road,4000,4200,4800,1-5 m,13200,19800,17600,base,,,,,,420,91,87,64,400,83,78,61,310,61,56,44,0.045/0.101/0.202 ha,
gola,Gola,03-08-2016,200,1190,चौंतीसा,हवेली/चिल्लुपार,ग्रामीण क्षेत्र,3300,no road,4080,4800,6000,1-5 m,17600,24200,20900,base,,600,168,144,108,480,156,138,108,408,144,132,102,330,102,90,72,0.045/0.101/0.202 ha,
gola,Gola,03-08-2016,201,1191,चौबौली,हवेली/चिल्लुपार,ग्रामीण क्षेत्र,1400,no road,1700,1800,2300,1-5 m,12100,18700,16500,base,,,,,,180,77,67,58,170,72,61,55,140,59,44,38,0.045/0.101/0.202 ha,
gola,Gola,03-08-2016,202,1192,चवंरिया,चांदपार/धुरियापार,ग्रामीण क्षेत्र,1400,no road,1700,1800,2300,1-5 m,12100,18700,16500,base,,,,,,180,77,67,58,170,72,61,55,140,59,44,38,0.045/0.101/0.202 ha,
gola,Gola,03-08-2016,203,0008,छोटी हरिजन टोला,वार्ड नं0–2 टा0ए0 गोला,अर्द्धनगरीय,5100,no road,7300,7900,8500,1-5 m,28600,35200,29700,base,,850,194,166,158,790,173,152,145,730,166,145,138,510,117,104,83,0.045/0.101/0.202 ha,
gola,Gola,03-08-2016,204,0009,छोटी ब्यौरी मल्लाह टोली,वार्ड नं0–3 टा0ए0 गोला,अर्द्धनगरीय,5800,no road,7300,7900,8500,1-5 m,28600,35200,29700,base,,850,194,166,158,790,173,152,145,730,166,145,138,580,117,104,83,0.045/0.101/0.202 ha,agri: other_a 580 (row 203 prints 510) as printed
gola,Gola,03-08-2016,205,1193,छितौना बुजुर्ग,खुटहन/धुरियापार,ग्रामीण क्षेत्र,1400,no road,1700,1800,2300,1-5 m,12100,18700,16500,base,,,,,,180,77,67,58,170,72,61,55,140,59,44,38,0.045/0.101/0.202 ha,
gola,Gola,03-08-2016,206,1194,छितौना बुजुर्ग,बनकट/धुरियापार,ग्रामीण क्षेत्र,1400,no road,1700,1800,2300,1-5 m,12100,18700,16500,base,,,,,,180,77,67,58,170,72,61,55,140,59,44,38,0.045/0.101/0.202 ha,
gola,Gola,03-08-2016,207,1195,छितौना खुर्द,बनकट/धुरियापार,ग्रामीण क्षेत्र,1400,no road,1700,1800,2300,1-5 m,12100,18700,16500,base,,,,,,180,77,67,58,170,72,61,55,140,59,44,38,0.045/0.101/0.202 ha,
gola,Gola,03-08-2016,208,1196,छिबरचक,हवेली/धुरियापार,ग्रामीण क्षेत्र,1400,no road,1700,1800,2300,1-5 m,12100,18700,16500,base,,,,,,180,77,67,58,170,72,61,55,140,59,44,38,0.045/0.101/0.202 ha,
gola,Gola,03-08-2016,209,1197,छितुआपार,हवेली/धुरियापार,ग्रामीण क्षेत्र,1400,no road,1700,1800,2300,1-5 m,12100,18700,16500,base,,,,,,180,77,67,58,170,72,61,55,140,59,44,38,0.045/0.101/0.202 ha,
gola,Gola,03-08-2016,210,1198,छितौना,चोड़र/धुरियापार,ग्रामीण क्षेत्र,1400,no road,1700,1800,2300,1-5 m,12100,18700,16500,base,,,,,,180,77,67,58,170,72,61,55,140,59,44,38,0.045/0.101/0.202 ha,
gola,Gola,03-08-2016,211,1199,छपरा,रतनपुर/धुरियापार,ग्रामीण क्षेत्र,1400,no road,1700,1800,2300,1-5 m,12100,18700,16500,base,,,,,,180,77,67,58,170,72,61,55,140,59,44,38,0.045/0.101/0.202 ha,
gola,Gola,03-08-2016,212,1200,छपरा,ड़ाड़ी/धुरियापार,ग्रामीण क्षेत्र,1400,no road,1700,1800,2300,1-5 m,12100,18700,16500,base,,,,,,180,77,67,58,170,72,61,55,140,59,44,38,0.045/0.101/0.202 ha,
gola,Gola,03-08-2016,213,1201,छपिया उमराव,सिकन्दरपुर/चिल्लुपार,ग्रामीण क्षेत्र,2000,no road,2300,2400,2800,1-5 m,13200,19800,17600,base,,280,100,91,80,240,89,82,70,230,86,81,64,200,63,59,46,0.045/0.101/0.202 ha,
gola,Gola,03-08-2016,214,1202,छपिया,हवेली/चिल्लुपार,ग्रामीण क्षेत्र,1600,no road,2600,3200,4000,1-5 m,12100,18700,16500,base,,,,,,320,77,67,58,260,72,61,55,160,59,44,38,0.045/0.101/0.202 ha,
gola,Gola,03-08-2016,215,1203,छपरा,मझवलिया/चिल्लुपार,ग्रामीण क्षेत्र,1400,no road,1700,1800,2300,1-5 m,12100,18700,16500,base,,,,,,180,77,67,58,170,72,61,55,140,59,44,38,0.045/0.101/0.202 ha,
gola,Gola,03-08-2016,216,0010,जुज कुजरौटी,वार्ड नं0–1 टा0ए0 गोला,अर्द्धनगरीय,5100,no road,7300,7900,8500,1-5 m,28600,35200,29700,base,,850,194,166,158,790,173,152,145,730,166,145,138,510,117,104,83,0.045/0.101/0.202 ha,
gola,Gola,03-08-2016,217,0011,जुल काली चौरा,वार्ड नं0–1 टा0ए0 गोला,अर्द्धनगरीय,5100,no road,7300,7900,8500,1-5 m,28600,35200,29700,base,,850,194,166,158,790,173,152,145,730,166,145,138,510,117,104,83,0.045/0.101/0.202 ha,
gola,Gola,03-08-2016,218,0012,जील्हा टोला,वार्ड नं0–4 टा0ए0 गोला,अर्द्धनगरीय,5100,no road,7300,7900,8500,1-5 m,28600,35200,29700,base,,850,194,166,158,790,173,152,145,730,166,145,138,510,117,104,83,0.045/0.101/0.202 ha,
gola,Gola,03-08-2016,219,1204,जगन्नाथपुर,चांदपार/धुरियापार,ग्रामीण क्षेत्र,3200,no road,4200,4500,4600,1-5 m,13200,19800,17600,base,,,,,,450,91,83,70,420,85,78,64,320,61,56,46,0.045/0.101/0.202 ha,
gola,Gola,03-08-2016,220,1205,जगदीशपुर,बनकट/धुरियापार,ग्रामीण क्षेत्र,2100,no road,2600,2800,3500,1-5 m,13200,19800,17600,base,,,,,,280,91,85,70,260,85,78,64,210,61,56,46,0.045/0.101/0.202 ha,
gola,Gola,03-08-2016,221,1206,जगदीशपुर,मजुरी/धुरियापार,ग्रामीण क्षेत्र,3100,no road,3800,4480,6250,1-5 m,17600,24200,20900,base,,625,103,80,64,448,94,76,61,380,89,70,55,310,63,57,38,0.045/0.101/0.202 ha,
gola,Gola,03-08-2016,222,1207,जुगेशरा,चांदपार/धुरियापार,ग्रामीण क्षेत्र,1400,no road,1700,1800,2300,1-5 m,12100,18700,16500,base,,,,,,180,77,67,58,170,72,61,55,140,59,44,38,0.045/0.101/0.202 ha,
gola,Gola,03-08-2016,223,1208,जीवछीन,चांदपार/धुरियापार,ग्रामीण क्षेत्र,1400,no road,1700,1800,2300,1-5 m,12100,18700,16500,base,,,,,,180,77,67,58,170,72,61,55,140,59,44,38,0.045/0.101/0.202 ha,
gola,Gola,03-08-2016,224,1209,जिगनी बु0,चांदपार/धुरियापार,ग्रामीण क्षेत्र,1400,no road,1700,1800,2300,1-5 m,12100,18700,16500,base,,,,,,180,77,67,58,170,72,61,55,140,59,44,38,0.045/0.101/0.202 ha,
gola,Gola,03-08-2016,225,1210,जिगनी खुर्द,चांदपार/धुरियापार,ग्रामीण क्षेत्र,1400,no road,1700,1800,2300,1-5 m,12100,18700,16500,base,,,,,,180,77,67,58,170,72,61,55,140,59,44,38,0.045/0.101/0.202 ha,
gola,Gola,03-08-2016,226,1211,जाईपार,हवेली/चिल्लूपार,ग्रामीण क्षेत्र,4500,no road,7300,7400,7500,1-5 m,28600,35200,29700,base,,750,202,173,137,740,179,159,127,730,166,145,117,450,122,106,83,0.045/0.101/0.202 ha,road: r5to9 digit 4 overwritten by hand with initials; read 7400 | agri: dist_a handwritten correction 740 over print
gola,Gola,03-08-2016,227,1212,जगदीशपुर,सिकन्दरपुर/चिल्लुपार,ग्रामीण क्षेत्र,1400,no road,1700,1800,2300,1-5 m,12100,18700,16500,base,,,,,,180,77,67,58,170,72,61,55,140,59,44,38,0.045/0.101/0.202 ha,
gola,Gola,03-08-2016,228,1213,जमीन शुक्ल,हवेली/चिल्लुपार,ग्रामीण क्षेत्र,1400,no road,1700,1800,2300,1-5 m,12100,18700,16500,base,,,,,,180,77,67,58,170,72,61,55,140,59,44,38,0.045/0.101/0.202 ha,
gola,Gola,03-08-2016,229,1214,जैतपुर,सिकन्दरपुर/चिल्लुपार,ग्रामीण क्षेत्र,400,no road,425,500,600,1-5 m,1000,8000,5000,base,,,,,,,,,,43,20,15,12,40,18,12,10,0.045/0.101/0.202 ha,comm: low_rate_1000/8000/5000_as_printed
gola,Gola,03-08-2016,230,1215,जयराम कोल,सिकन्दरपुर/चिल्लुपार,ग्रामीण क्षेत्र,400,no road,425,500,600,1-5 m,1000,8000,5000,base,,,,,,,,,,43,20,15,12,40,18,12,10,0.045/0.101/0.202 ha,comm: low_rate_1000/8000/5000_as_printed
gola,Gola,03-08-2016,231,1216,जाईपार एह0,हवेली/चिल्लुपार,ग्रामीण क्षेत्र,400,no road,425,500,600,1-5 m,1000,8000,5000,base,,,,,,,,,,43,20,15,12,40,18,12,10,0.045/0.101/0.202 ha,comm: low_rate_1000/8000/5000_as_printed
gola,Gola,03-08-2016,232,1217,ज्ञानकोल,सिकन्दरपुर/चिल्लुपार,ग्रामीण क्षेत्र,400,no road,425,500,600,1-5 m,1000,8000,5000,base,,,,,,,,,,43,20,15,12,40,18,12,10,0.045/0.101/0.202 ha,comm: low_rate_1000/8000/5000_as_printed
gola,Gola,03-08-2016,233,1218,झरकटा,चांदपार/धुरियापार,ग्रामीण क्षेत्र,2100,no road,2600,2800,3500,1-5 m,13200,19800,17600,base,,,,,,280,91,85,70,260,85,78,63,210,61,56,46,0.045/0.101/0.202 ha,
gola,Gola,03-08-2016,234,1219,झुमिला,खुटहन/धुरियापार,ग्रामीण क्षेत्र,3100,no road,3600,4000,4500,1-5 m,15400,22000,18700,base,,450,121,96,77,400,108,87,70,360,102,82,63,310,72,59,46,0.045/0.101/0.202 ha,
gola,Gola,03-08-2016,235,1220,झाझा परसन,सिकन्दरपुर/चिल्लुपार,ग्रामीण क्षेत्र,400,no road,425,500,600,1-5 m,1000,8000,5000,base,,,,,,,,,,43,20,15,12,40,18,12,10,0.045/0.101/0.202 ha,comm: low_rate_1000/8000/5000_as_printed
gola,Gola,03-08-2016,236,1221,झाझाशिव,सिकन्दरपुर/चिल्लुपार,ग्रामीण क्षेत्र,400,no road,425,500,600,1-5 m,1000,8000,5000,base,,,,,,,,,,43,20,15,12,40,18,12,10,0.045/0.101/0.202 ha,comm: low_rate_1000/8000/5000_as_printed
gola,Gola,03-08-2016,237,1222,टड़वा सैदमाह,चांदपार/धुरियापार,ग्रामीण क्षेत्र,1400,no road,1700,1800,2300,1-5 m,12100,18700,16500,base,,,,,,180,77,67,58,170,72,61,55,140,59,44,38,0.045/0.101/0.202 ha,
gola,Gola,03-08-2016,238,1223,टिकरी,रतनपुर/धुरियापार,ग्रामीण क्षेत्र,2100,no road,2600,2800,3500,1-5 m,13200,19800,17600,base,,,,,,280,91,85,70,260,85,78,63,210,61,56,46,0.045/0.101/0.202 ha,
gola,Gola,03-08-2016,239,1224,टड़वा श्रीराम,चांदपार/धुरियापार,ग्रामीण क्षेत्र,2700,no road,2900,3000,3800,1-5 m,13200,19800,17600,base,,380,94,90,77,300,85,82,70,290,78,71,63,270,66,61,46,0.045/0.101/0.202 ha,
gola,Gola,03-08-2016,240,1225,टड़वा बहलीन,चांदपार/धुरियापार,ग्रामीण क्षेत्र,2700,no road,2900,3000,3800,1-5 m,13200,19800,17600,base,,380,94,90,77,300,85,82,70,290,78,71,63,270,66,61,46,0.045/0.101/0.202 ha,
gola,Gola,03-08-2016,241,1226,टांड़ी,कुरमौट/धुरियापार,ग्रामीण क्षेत्र,3100,no road,4300,5000,6300,1-5 m,15400,22000,18700,base,,630,121,96,77,500,108,87,70,430,102,82,66,310,72,59,46,0.045/0.101/0.202 ha,
gola,Gola,03-08-2016,242,1227,टांड़ा,हवेली/चिल्लुपार,ग्रामीण क्षेत्र,1900,no road,2400,2500,3200,1-5 m,13200,19800,17600,base,,,,,,250,91,85,64,240,85,78,61,190,61,59,44,0.045/0.101/0.202 ha,
gola,Gola,03-08-2016,243,0013,डिहवा,वार्ड नं0–6 टा0ए0 गोला,अर्द्धनगरीय,5100,no road,7300,7900,8500,1-5 m,28600,35200,29700,base,,850,194,166,158,790,173,152,145,730,166,145,138,510,117,104,83,0.045/0.101/0.202 ha,
gola,Gola,03-08-2016,244,1228,डुमरी,चांदपार/धुरियापार,ग्रामीण क्षेत्र,2500,no road,3400,3500,3800,1-5 m,13200,19800,17600,base,,380,101,96,77,350,91,87,70,340,85,81,63,250,66,61,46,0.045/0.101/0.202 ha,
gola,Gola,03-08-2016,245,1229,डम्मरपुर उर्फ मसहा,चांदपार/धुरियापार,ग्रामीण क्षेत्र,1400,no road,1700,1800,2300,1-5 m,12100,18700,16500,base,,,,,,180,77,67,58,170,72,61,55,140,59,44,38,0.045/0.101/0.202 ha,
gola,Gola,03-08-2016,246,1230,डेहरीभार,चांदपार/धुरियापार,ग्रामीण क्षेत्र,1400,no road,1700,1800,2300,1-5 m,12100,18700,16500,base,,,,,,180,77,67,58,170,72,61,55,140,59,44,38,0.045/0.101/0.202 ha,
gola,Gola,03-08-2016,247,1231,ड़ड़िया,रतनपुर/धुरियापार,ग्रामीण क्षेत्र,1400,no road,1700,1800,2300,1-5 m,12100,18700,16500,base,,,,,,180,77,67,58,170,72,61,55,140,59,44,38,0.045/0.101/0.202 ha,
gola,Gola,03-08-2016,248,1232,डाड़ीखास,डाड़ी/धुरियापार,ग्रामीण क्षेत्र,2100,no road,2600,2800,3500,1-5 m,13200,19800,17600,base,,350,101,94,77,280,91,85,70,260,85,79,63,210,61,56,46,0.045/0.101/0.202 ha,
gola,Gola,03-08-2016,249,1233,डिघवा बुजुर्ग,चांदपार/धुरियापार,ग्रामीण क्षेत्र,1400,no road,1700,1800,2300,1-5 m,12100,18700,16500,base,,,,,,180,77,67,58,170,72,61,55,140,59,44,38,0.045/0.101/0.202 ha,
gola,Gola,03-08-2016,250,1234,डिघवा खुर्द,चांदपार/धुरियापार,ग्रामीण क्षेत्र,1400,no road,1700,1800,2300,1-5 m,12100,18700,16500,base,,,,,,180,77,67,58,170,72,61,55,140,59,44,38,0.045/0.101/0.202 ha,
gola,Gola,03-08-2016,251,1235,डिघरूवा,गौर/धुरियापार,ग्रामीण क्षेत्र,1400,no road,1700,1800,2300,1-5 m,12100,18700,16500,base,,,,,,180,77,67,58,170,72,61,55,140,59,44,38,0.045/0.101/0.202 ha,
gola,Gola,03-08-2016,252,1236,डेरवा,सिकन्दरपुर/चिल्लुपार,ग्रामीण क्षेत्र,400,no road,425,500,600,1-5 m,1000,8000,5000,base,,,,,,,,,,43,20,15,12,40,18,12,10,0.045/0.101/0.202 ha,comm: low_rate_1000/8000/5000_as_printed
gola,Gola,03-08-2016,253,1237,डुमरी,सिकन्दरपुर/चिल्लुपार,ग्रामीण क्षेत्र,1800,no road,2300,2500,2600,1-5 m,13200,19800,17600,base,,260,94,84,76,250,83,76,70,230,78,71,63,180,59,51,46,0.045/0.101/0.202 ha,
gola,Gola,03-08-2016,254,1238,ढ़कवार चक,नर्रे/धुरियापार,ग्रामीण क्षेत्र,1400,no road,1700,1800,2300,1-5 m,12100,18700,16500,base,,,,,,180,77,67,58,170,72,61,55,140,59,44,38,0.045/0.101/0.202 ha,
gola,Gola,03-08-2016,255,0014,तेलियाना कालीचौरा,वार्ड नं0–9 टा0ए0 गोला,अर्द्धनगरीय,5100,no road,7300,7900,8500,1-5 m,28600,35200,29700,base,,850,194,166,158,790,173,152,145,730,166,145,138,510,117,104,83,0.045/0.101/0.202 ha,
gola,Gola,03-08-2016,256,0032,तिवारीपुर,वार्ड नं0–9 टा0ए0 बड़हलगंज,अर्द्धनगरीय,6200,no road,9000,10500,11200,1-5 m,33000,39600,34100,base,,1120,302,266,166,1050,276,228,145,900,255,225,138,620,186,152,97,0.045/0.101/0.202 ha,
gola,Gola,03-08-2016,257,1239,तरयापार,रतनपुर/धुरियापार,ग्रामीण क्षेत्र,1850,no road,2400,2500,3000,1-5 m,13200,19800,17600,base,,,,,,250,90,86,64,240,86,76,61,185,61,56,44,0.045/0.101/0.202 ha,
gola,Gola,03-08-2016,258,1240,तुर्कबलिया,बरहज/धुरियापार,ग्रामीण क्षेत्र,2100,no road,3500,3600,3800,1-5 m,15400,22000,18700,base,,380,94,90,77,360,82,76,70,350,79,71,63,210,66,61,46,0.045/0.101/0.202 ha,
gola,Gola,03-08-2016,259,1241,तालकासो,चांदपार/धुरियापार,ग्रामीण क्षेत्र,1400,no road,1700,1800,2300,1-5 m,12100,18700,16500,base,,,,,,180,77,67,58,170,72,61,55,140,59,44,38,0.045/0.101/0.202 ha,
gola,Gola,03-08-2016,260,1242,ताल नेनुआ,चांदपार/धुरियापार,ग्रामीण क्षेत्र,1400,no road,1700,1800,2300,1-5 m,12100,18700,16500,base,,,,,,180,77,67,58,170,72,61,55,140,59,44,38,0.045/0.101/0.202 ha,
gola,Gola,03-08-2016,261,1243,तिलसर,नर्रे/धुरियापार,ग्रामीण क्षेत्र,2100,no road,2600,2800,3500,1-5 m,13200,19800,17600,base,,,,,,280,92,85,70,260,86,78,64,210,61,56,46,0.045/0.101/0.202 ha,
gola,Gola,03-08-2016,262,1244,तीरागॉव,रतनपुर/धुरियापार,ग्रामीण क्षेत्र,1400,no road,1700,1800,2300,1-5 m,12100,18700,16500,base,,,,,,180,77,67,58,170,72,61,55,140,59,44,38,0.045/0.101/0.202 ha,
gola,Gola,03-08-2016,263,1245,ताहिर चक,हवेली/धुरियापार,ग्रामीण क्षेत्र,1400,no road,1700,1800,2300,1-5 m,12100,18700,16500,base,,,,,,180,77,67,58,170,72,61,55,140,59,44,38,0.045/0.101/0.202 ha,
gola,Gola,03-08-2016,264,1246,तुर्कवलिया,सिकन्दरपुर/चिल्लुपार,ग्रामीण क्षेत्र,1400,no road,1700,1800,2300,1-5 m,12100,18700,16500,base,,,,,,180,77,67,58,170,72,61,55,140,59,44,38,0.045/0.101/0.202 ha,
gola,Gola,03-08-2016,265,1247,तिवारीपुर,सिकन्दरपुर/चिल्लुपार,ग्रामीण क्षेत्र,400,no road,425,500,600,1-5 m,1000,8000,5000,base,,,,,,,,,,43,20,15,12,40,18,12,10,0.045/0.101/0.202 ha,comm: low_rate_1000/8000/5000_as_printed
gola,Gola,03-08-2016,266,1248,तुलसीपुर,सेमरा/चिल्लुपार,ग्रामीण क्षेत्र,1400,no road,1700,1800,2300,1-5 m,12100,18700,16500,base,,,,,,180,77,67,58,170,72,61,55,140,59,44,38,0.045/0.101/0.202 ha,
gola,Gola,03-08-2016,267,1249,ताल सोनवह,सिकन्दरपुर/चिल्लुपार,ग्रामीण क्षेत्र,400,no road,425,500,600,1-5 m,1000,8000,5000,base,,,,,,,,,,43,20,15,12,40,18,12,10,0.045/0.101/0.202 ha,comm: low_rate_1000/8000/5000_as_printed
gola,Gola,03-08-2016,268,1250,ताल भगना,सिकन्दरपुर/चिल्लुपार,ग्रामीण क्षेत्र,1400,no road,1700,1800,2300,1-5 m,12100,18700,16500,base,,,,,,180,77,67,58,170,72,61,55,140,59,44,38,0.045/0.101/0.202 ha,
gola,Gola,03-08-2016,269,1251,तीहा मोहम्मदपुर,हवेली/चिल्लुपार,ग्रामीण क्षेत्र,1800,no road,2300,2400,2800,1-5 m,13200,19800,17600,base,,280,94,84,76,240,91,87,64,230,87,81,61,180,61,59,44,0.045/0.101/0.202 ha,
gola,Gola,03-08-2016,270,0015,थाना से पूरब मेन रोड,वार्ड नं0–5 टा0ए0 गोला,अर्द्धनगरीय,5100,no road,7300,7900,8500,1-5 m,28600,35200,29700,base,,850,194,166,158,790,173,152,145,730,166,145,138,510,117,104,83,0.045/0.101/0.202 ha,
gola,Gola,03-08-2016,271,1252,थरूवाडीह,मजुरी/धुरियापार,ग्रामीण क्षेत्र,1400,no road,1700,1800,2300,1-5 m,12100,18700,16500,base,,,,,,180,77,67,58,170,72,61,55,140,59,44,38,0.045/0.101/0.202 ha,
gola,Gola,03-08-2016,272,0016,दलदरहा,वार्ड नं0–3 टा0ए0 गोला,अर्द्धनगरीय,5800,no road,7300,7900,8500,1-5 m,28600,35200,29700,base,,850,194,166,158,790,173,152,145,730,166,145,138,580,117,104,83,0.045/0.101/0.202 ha,
gola,Gola,03-08-2016,273,0017,दलदरहा,वार्ड नं0–10 टा0ए0 गोला,अर्द्धनगरीय,5800,no road,7300,7900,8500,1-5 m,28600,35200,29700,base,,850,194,166,158,790,173,152,145,730,166,145,138,580,117,104,83,0.045/0.101/0.202 ha,
gola,Gola,03-08-2016,274,1253,दुधरा,हवेली/चिल्लुपार,ग्रामीण क्षेत्र,1850,no road,2400,2500,3000,1-5 m,13200,19800,17600,base,,,,,,250,91,85,64,240,85,78,61,185,61,56,44,0.045/0.101/0.202 ha,
gola,Gola,03-08-2016,275,1254,दुधवा,कोंहरा/धुरियापार,ग्रामीण क्षेत्र,1400,no road,1700,1800,2300,1-5 m,12100,18700,16500,base,,,,,,180,77,67,58,170,72,61,55,140,59,44,38,0.045/0.101/0.202 ha,
gola,Gola,03-08-2016,276,1255,दुबरीपुरा,कुरमौट/धुरियापार,ग्रामीण क्षेत्र,1400,no road,1700,1800,2300,1-5 m,12100,18700,16500,base,,,,,,180,77,67,58,170,72,61,55,140,59,44,38,0.045/0.101/0.202 ha,
gola,Gola,03-08-2016,277,1256,दुरूई,चांदपार/धुरियापार,ग्रामीण क्षेत्र,1850,no road,2400,2500,3000,1-5 m,13200,19800,17600,base,,,,,,250,91,85,64,240,85,78,61,185,61,56,44,0.045/0.101/0.202 ha,
gola,Gola,03-08-2016,278,1257,दुबौली,चांदपार/धुरियापार,ग्रामीण क्षेत्र,1850,no road,2600,2800,3500,1-5 m,13200,19800,17600,base,,,,,,280,92,85,70,260,87,78,64,185,61,56,46,0.045/0.101/0.202 ha,
gola,Gola,03-08-2016,279,1258,देईडीहा,चांदपार/धुरियापार,ग्रामीण क्षेत्र,3200,no road,4800,5800,7300,1-5 m,15400,22000,18700,base,,730,127,108,80,580,113,91,75,480,104,83,69,320,75,61,48,0.045/0.101/0.202 ha,
gola,Gola,03-08-2016,280,1259,दिलावरचक,बेलघाट/धुरियापार,ग्रामीण क्षेत्र,1400,no road,1700,1800,2300,1-5 m,12100,18700,16500,base,,,,,,180,77,67,58,170,72,61,55,140,59,44,38,0.045/0.101/0.202 ha,
gola,Gola,03-08-2016,281,1260,देदापार,गौर/धुरियापार,ग्रामीण क्षेत्र,1400,no road,1700,1800,2300,1-5 m,12100,18700,16500,base,,,,,,180,77,67,58,170,72,61,55,140,59,44,38,0.045/0.101/0.202 ha,
gola,Gola,03-08-2016,282,1261,देवकली,खुटहन/धुरियापार,ग्रामीण क्षेत्र,1850,no road,2300,2500,4000,1-5 m,13200,19800,17600,base,,400,106,84,68,250,77,61,55,230,72,64,54,185,59,53,40,0.045/0.101/0.202 ha,agri: link_c 64 > dist_c 61 as printed
gola,Gola,03-08-2016,283,1262,देवकली,चांदपार/धुरियापार,ग्रामीण क्षेत्र,3100,no road,3900,4200,6200,1-5 m,15400,22000,18700,base,,620,121,96,77,420,108,86,69,390,104,87,77,310,72,59,46,0.045/0.101/0.202 ha,agri: link_c/link_d exceed dist_c/dist_d as printed
gola,Gola,03-08-2016,284,1263,देवराजपार खुर्द,हवेली/धुरियापार,ग्रामीण क्षेत्र,2100,no road,2600,2800,3500,1-5 m,13200,19800,17600,base,,,,,,280,92,86,81,260,86,75,63,210,63,58,46,0.045/0.101/0.202 ha,
gola,Gola,03-08-2016,285,1264,देवराजपार बु0,हवेली/धुरियापार,ग्रामीण क्षेत्र,2100,no road,2600,2800,3500,1-5 m,13200,19800,17600,base,,,,,,280,92,86,81,260,86,75,63,210,63,58,46,0.045/0.101/0.202 ha,
gola,Gola,03-08-2016,286,1265,देवईपीपर एह0,रतनपुर/धुरियापार,ग्रामीण क्षेत्र,1400,no road,1700,1800,1900,1-5 m,1000,8000,5000,base,,,,,,,,,,170,20,15,12,140,18,12,10,0.045/0.101/0.202 ha,agri: link_a 170 and other_a 140 printed (pattern elsewhere 43/40); verified at zoom
gola,Gola,03-08-2016,287,1266,देवईपीपर मु0,रतनपुर/धुरियापार,ग्रामीण क्षेत्र,1400,no road,1700,1800,2300,1-5 m,12100,18700,16500,base,,,,,,180,77,67,58,170,72,61,55,140,59,44,38,0.045/0.101/0.202 ha,
gola,Gola,03-08-2016,288,1267,देवलापार,बरहज/धुरियापार,ग्रामीण क्षेत्र,1400,no road,1700,1800,2300,1-5 m,12100,18700,16500,base,,,,,,180,77,67,58,170,72,61,55,140,59,44,38,0.045/0.101/0.202 ha,
gola,Gola,03-08-2016,289,1268,देवापार,चांदपार/धुरियापार,ग्रामीण क्षेत्र,2500,no road,2900,3200,4600,1-5 m,13200,19800,17600,base,,460,100,91,83,320,92,85,77,290,91,82,76,250,66,61,46,0.045/0.101/0.202 ha,
gola,Gola,03-08-2016,290,1269,देवारीबारी,चांदपार/धुरियापार,ग्रामीण क्षेत्र,1400,no road,1700,1800,2300,1-5 m,12100,18700,16500,base,,,,,,180,77,67,58,170,72,61,55,140,59,44,38,0.045/0.101/0.202 ha,
gola,Gola,03-08-2016,291,1270,दर्जीचक,बेलघाट/धुरियापार,ग्रामीण क्षेत्र,1400,no road,1700,1800,2300,1-5 m,12100,18700,16500,base,,,,,,180,77,67,58,170,72,61,55,140,59,44,38,0.045/0.101/0.202 ha,
gola,Gola,03-08-2016,292,1271,ददरा,खुटहन/धुरियापार,ग्रामीण क्षेत्र,1400,no road,1700,1800,2300,1-5 m,12100,18700,16500,base,,,,,,180,77,67,58,170,72,61,55,140,59,44,38,0.045/0.101/0.202 ha,
gola,Gola,03-08-2016,293,1272,ददरा काश्त मटिहानी,खुटहन/धुरियापार,ग्रामीण क्षेत्र,2500,no road,3500,3600,3700,1-5 m,13200,19800,17600,base,,370,100,85,77,360,91,78,72,350,87,76,70,250,66,61,46,0.045/0.101/0.202 ha,
gola,Gola,03-08-2016,294,1273,दलुआ,खुटहन/धुरियापार,ग्रामीण क्षेत्र,1400,no road,1700,1800,2300,1-5 m,12100,18700,16500,base,,,,,,180,77,67,58,170,72,61,55,140,59,44,38,0.045/0.101/0.202 ha,
gola,Gola,03-08-2016,295,1274,देदापार,मजुरी/धुरियापार,ग्रामीण क्षेत्र,1400,no road,1700,1800,2300,1-5 m,12100,18700,16500,base,,,,,,180,77,67,58,170,72,61,55,140,59,44,38,0.045/0.101/0.202 ha,
gola,Gola,03-08-2016,296,1275,दोरम्हा,खुटहन/धुरियापार,ग्रामीण क्षेत्र,1400,no road,1700,1800,2300,1-5 m,12100,18700,16500,base,,,,,,180,77,67,58,170,72,61,55,140,59,44,38,0.045/0.101/0.202 ha,
gola,Gola,03-08-2016,297,1276,दीपगढ़,बरहज/धुरियापार,ग्रामीण क्षेत्र,1400,no road,1700,1800,2300,1-5 m,12100,18700,16500,base,,,,,,180,77,67,58,170,72,61,55,140,59,44,38,0.045/0.101/0.202 ha,
gola,Gola,03-08-2016,298,1277,दुर्गापुर,हवेली/चिल्लुपार,ग्रामीण क्षेत्र,1400,no road,1700,1800,2300,1-5 m,12100,18700,16500,base,,,,,,180,77,67,58,170,72,61,55,140,59,44,38,0.045/0.101/0.202 ha,
gola,Gola,03-08-2016,299,1278,ददरी मु0,सेमरा/चिल्लुपार,ग्रामीण क्षेत्र,1400,no road,1700,1800,2300,1-5 m,12100,18700,16500,base,,,,,,180,77,67,58,170,72,61,55,140,59,44,38,0.045/0.101/0.202 ha,
gola,Gola,03-08-2016,300,1279,दवनाडीह,सेमरा/चिल्लुपार,ग्रामीण क्षेत्र,1400,no road,1700,1800,2300,1-5 m,12100,18700,16500,base,,,,,,180,77,67,58,170,72,61,55,140,59,44,38,0.045/0.101/0.202 ha,
gola,Gola,03-08-2016,301,1280,द्वारिका पट्टी,हवेली/चिल्लुपार,ग्रामीण क्षेत्र,1400,no road,1700,1800,2300,1-5 m,12100,18700,16500,base,,,,,,180,77,67,58,170,72,61,55,140,59,44,38,0.045/0.101/0.202 ha,
gola,Gola,03-08-2016,302,1281,दिसतौलियाा एहतमाली,सिकन्दरपुर/चिल्लुपार,ग्रामीण क्षेत्र,400,no road,425,500,600,1-5 m,1000,8000,5000,base,,,,,,,,,,43,20,15,12,40,18,12,10,0.045/0.101/0.202 ha,
gola,Gola,03-08-2016,303,1282,दिसतौलिया मु0,सिकन्दरपुर/चिल्लुपार,ग्रामीण क्षेत्र,400,no road,425,500,600,1-5 m,1000,8000,5000,base,,,,,,,,,,43,20,15,12,40,18,12,10,0.045/0.101/0.202 ha,
gola,Gola,03-08-2016,304,0018,धोबी हट्टा,वार्ड नं0–7 टा0ए0–गोला,अर्द्धनगरीय,5100,no road,7300,7900,8500,1-5 m,17600,24200,20900,base,,850,194,166,158,790,173,152,145,730,166,145,138,510,117,104,83,0.045/0.101/0.202 ha,
gola,Gola,03-08-2016,305,0033,धुनिया टोला,वार्ड नं0–10 टा0ए0–बड़हलगंज,अर्द्धनगरीय,6200,no road,9000,10500,11200,1-5 m,33000,39600,34100,base,,1120,302,268,166,1050,276,228,145,900,255,225,138,620,186,152,97,0.045/0.101/0.202 ha,agri: nh_c 268 printed (266 in similar rows)
gola,Gola,03-08-2016,306,1283,धनरजैपुर,चांदपार/धुरियापार,ग्रामीण क्षेत्र,2500,no road,3700,3900,4200,1-5 m,13200,19800,17600,base,,420,94,85,77,390,85,76,70,370,78,71,64,250,66,61,46,0.045/0.101/0.202 ha,
gola,Gola,03-08-2016,307,1284,धनराजपुर,चांदपार/धुरियापार,ग्रामीण क्षेत्र,1400,no road,1700,1800,2300,1-5 m,12100,18700,16500,base,,,,,,180,77,67,58,170,72,61,55,140,59,44,38,0.045/0.101/0.202 ha,
gola,Gola,03-08-2016,308,1285,धनांव,खुटहन/धुरियापार,ग्रामीण क्षेत्र,2500,no road,3700,3900,4200,1-5 m,13200,19800,17600,base,,420,94,85,77,390,85,76,70,370,78,71,64,250,66,61,46,0.045/0.101/0.202 ha,
gola,Gola,03-08-2016,309,1286,धुरीपुर,बेलघाट/धुरियापार,ग्रामीण क्षेत्र,1400,no road,1700,1800,2300,1-5 m,12100,18700,16500,base,,,,,,180,77,67,58,170,72,61,55,140,59,44,38,0.045/0.101/0.202 ha,
gola,Gola,03-08-2016,310,1287,धुरियापार,हवेली/धुरियापार,ग्रामीण क्षेत्र,2100,no road,2600,2800,3500,1-5 m,13200,19800,17600,base,,,,,,280,92,87,70,260,87,79,64,210,70,61,46,0.045/0.101/0.202 ha,
gola,Gola,03-08-2016,311,1288,धौरहरा,चांदपार/धुरियापार,ग्रामीण क्षेत्र,1400,no road,1700,1800,2300,1-5 m,12100,18700,16500,base,,,,,,180,77,67,58,170,72,61,55,140,59,44,38,0.045/0.101/0.202 ha,
gola,Gola,03-08-2016,312,1289,धौसहर उर्फ बेलवाभारी,चांदपार/धुरियापार,ग्रामीण क्षेत्र,1400,no road,1700,1800,2300,1-5 m,12100,18700,16500,base,,,,,,180,77,67,58,170,72,61,55,140,59,44,38,0.045/0.101/0.202 ha,
gola,Gola,03-08-2016,313,1290,धनौली,हवेली/चिल्लुपार,ग्रामीण क्षेत्र,1800,no road,2300,2500,3500,1-5 m,13200,19800,17600,base,,350,121,96,77,250,108,87,70,230,102,82,64,180,72,59,46,0.045/0.101/0.202 ha,
gola,Gola,03-08-2016,314,1291,धरमपुर,हवेली/चिल्लुपार,ग्रामीण क्षेत्र,1400,no road,1700,1800,2300,1-5 m,12100,18700,16500,base,,,,,,180,77,67,58,170,72,61,55,140,59,44,38,0.045/0.101/0.202 ha,
gola,Gola,03-08-2016,315,1292,धुधुरी,हवेली/चिल्लूपार,ग्रामीण क्षेत्र,1400,no road,1700,1800,2300,1-5 m,12100,18700,16500,base,,,,,,180,77,67,58,170,72,61,55,140,59,44,38,0.045/0.101/0.202 ha,
gola,Gola,03-08-2016,316,1293,धोबौली,हवेली/चिल्लूपार,ग्रामीण क्षेत्र,1400,no road,1700,1800,2300,1-5 m,12100,18700,16500,base,,,,,,180,77,67,58,170,72,61,55,140,59,44,38,0.045/0.101/0.202 ha,
gola,Gola,03-08-2016,317,0034,नद्दाक टोला,वार्ड नं0–10 टा0ए0–बड़हलगंज,अर्द्धनगरीय,6200,no road,9000,10500,11200,1-5 m,33000,39600,34100,base,,1120,302,266,166,1050,276,228,145,900,255,225,138,620,186,152,97,0.045/0.101/0.202 ha,
gola,Gola,03-08-2016,318,0035,नौसहरा,वार्ड नं0–7 टा0ए0–बड़हलगंज,अर्द्धनगरीय,6200,no road,9000,10500,11200,1-5 m,33000,39600,34100,base,,1120,302,266,166,1050,276,228,145,900,255,225,138,620,186,152,97,0.045/0.101/0.202 ha,
gola,Gola,03-08-2016,319,0036,नई हनुमान गढ़ी,वार्ड नं0–13 टा0ए0–बड़हलगंज,अर्द्धनगरीय,6200,no road,9000,10500,11200,1-5 m,33000,39600,34100,base,,1120,302,266,166,1050,276,228,145,900,255,225,138,620,186,152,97,0.045/0.101/0.202 ha,
gola,Gola,03-08-2016,320,1294,नकटी,बरहज/धुरियापार,ग्रामीण क्षेत्र,1400,no road,1700,1800,2300,1-5 m,12100,18700,16500,base,,,,,,180,77,67,58,170,72,61,55,140,59,44,38,0.045/0.101/0.202 ha,
gola,Gola,03-08-2016,321,1295,नकौझा,कुरमौट/धुरियापार,ग्रामीण क्षेत्र,2100,no road,2600,2800,3400,1-5 m,13200,19800,17600,base,,,,,,280,110,97,83,260,101,90,76,210,75,63,55,0.045/0.101/0.202 ha,
gola,Gola,03-08-2016,322,1296,नगवा भगवान,चांदपार/धुरियापार,ग्रामीण क्षेत्र,1400,no road,1700,1800,2300,1-5 m,12100,18700,16500,base,,,,,,180,77,67,58,170,72,61,55,140,59,44,38,0.045/0.101/0.202 ha,
gola,Gola,03-08-2016,323,1297,नगवा प्रेम,चांदपार/धुरियापार,ग्रामीण क्षेत्र,2500,no road,3500,3600,3700,1-5 m,13200,19800,17600,base,,370,94,85,77,360,86,76,70,350,78,72,64,250,66,61,46,0.045/0.101/0.202 ha,
gola,Gola,03-08-2016,324,1298,नरायनपुर खुर्द,गौर/धुरियापार,ग्रामीण क्षेत्र,1400,no road,1700,1800,2300,1-5 m,12100,18700,16500,base,,,,,,180,77,67,58,170,72,61,55,140,59,44,38,0.045/0.101/0.202 ha,
gola,Gola,03-08-2016,325,1299,नरायनपुर बु0,गौर/धुरियापार,ग्रामीण क्षेत्र,1400,no road,1700,1800,2300,1-5 m,12100,18700,16500,base,,,,,,180,77,67,58,170,72,61,55,140,59,44,38,0.045/0.101/0.202 ha,
gola,Gola,03-08-2016,326,1300,नरोत्तमपुर,चांदपार/धुरियापार,ग्रामीण क्षेत्र,1400,no road,1700,1800,2300,1-5 m,12100,18700,16500,base,,,,,,180,77,67,58,170,72,61,55,140,59,44,38,0.045/0.101/0.202 ha,
gola,Gola,03-08-2016,327,1301,नरहन मु0,बरहज/धुरियापार,ग्रामीण क्षेत्र,1400,no road,1700,1800,2300,1-5 m,12100,18700,16500,base,,,,,,180,77,67,58,170,72,61,55,140,59,44,38,0.045/0.101/0.202 ha,
gola,Gola,03-08-2016,328,1302,नहरन ए0,बरहज/धुरियापार,ग्रामीण क्षेत्र,1400,no road,1700,1800,2300,1-5 m,12100,18700,16500,base,,,,,,180,77,67,58,170,72,61,55,140,59,44,38,0.045/0.101/0.202 ha,
gola,Gola,03-08-2016,329,1303,नवली,चांदपार/धुरियापार,ग्रामीण क्षेत्र,2100,no road,2600,2800,3500,1-5 m,13200,19800,17600,base,,,,,,280,91,85,70,260,85,78,64,210,61,56,46,0.045/0.101/0.202 ha,
gola,Gola,03-08-2016,330,1304,नुआंव,बरहज/धुरियापार,ग्रामीण क्षेत्र,2500,no road,3700,3900,4200,1-5 m,13200,19800,17600,base,,420,94,84,77,390,85,78,70,370,78,71,63,250,66,61,46,0.045/0.101/0.202 ha,
gola,Gola,03-08-2016,331,1305,नसरूल्लाहपुर खुर्द,बनकट/धुरियापार,ग्रामीण क्षेत्र,1400,no road,1700,1800,2300,1-5 m,12100,18700,16500,base,,,,,,180,77,67,58,170,72,61,55,140,59,44,38,0.045/0.101/0.202 ha,
gola,Gola,03-08-2016,332,1306,नसरूल्लाहपुर बुजुर्ग,बनकट/धुरियापार,ग्रामीण क्षेत्र,1400,no road,1700,1800,2300,1-5 m,12100,18700,16500,base,,,,,,180,77,67,58,170,72,61,55,140,59,44,38,0.045/0.101/0.202 ha,
gola,Gola,03-08-2016,333,1307,नन्दू पिपरा,हवेली/धुरियापार,ग्रामीण क्षेत्र,1800,no road,2400,2800,3300,1-5 m,13200,19800,17600,base,,330,101,94,73,280,91,85,64,240,85,78,61,180,61,59,44,0.045/0.101/0.202 ha,
gola,Gola,03-08-2016,334,1308,नीबीदूबे,खुटहन/धुरियापार,ग्रामीण क्षेत्र,1400,no road,1700,1800,2300,1-5 m,12100,18700,16500,base,,,,,,180,77,67,58,170,72,61,55,140,59,44,38,0.045/0.101/0.202 ha,
gola,Gola,03-08-2016,335,1309,नसीरपुर,चांदपार/धुरियापार,ग्रामीण क्षेत्र,1400,no road,1700,1800,2300,1-5 m,12100,18700,16500,base,,,,,,180,77,67,58,170,72,61,55,140,59,44,38,0.045/0.101/0.202 ha,
gola,Gola,03-08-2016,336,1310,नेवसा,चांदपार/धुरियापार,ग्रामीण क्षेत्र,2100,no road,2600,2800,3500,1-5 m,13200,19800,17600,base,,,,,,280,91,85,70,260,85,78,63,210,61,56,46,0.045/0.101/0.202 ha,
gola,Gola,03-08-2016,337,1311,नेवाइजपार,खुटहन/धुरियापार,ग्रामीण क्षेत्र,1400,no road,1700,1800,2300,1-5 m,12100,18700,16500,base,,,,,,180,77,67,58,170,72,61,55,140,59,44,38,0.045/0.101/0.202 ha,
gola,Gola,03-08-2016,338,1312,नेवादा,खुटहन/धुरियापार,ग्रामीण क्षेत्र,1400,no road,1700,1800,2300,1-5 m,12100,18700,16500,base,,,,,,180,77,67,58,170,72,61,55,140,59,44,38,0.045/0.101/0.202 ha,
gola,Gola,03-08-2016,339,1313,नेवादा,चांदपार/धुरियापार,ग्रामीण क्षेत्र,1800,no road,2400,2500,3000,1-5 m,13200,19800,17600,base,,,,,,250,97,90,81,240,87,81,64,180,64,59,46,0.045/0.101/0.202 ha,
gola,Gola,03-08-2016,340,1314,नेवादा,मजुरी/धुरियापार,ग्रामीण क्षेत्र,3100,no road,3800,4370,5750,1-5 m,17600,24200,20900,base,,575,110,96,83,437,89,82,74,380,86,79,66,310,79,72,53,0.045/0.101/0.202 ha,
gola,Gola,03-08-2016,341,1315,नेवास,गौर/धुरियापार,ग्रामीण क्षेत्र,1800,no road,2400,2800,3500,1-5 m,13200,19800,17600,base,,,,,,280,94,87,79,240,87,79,64,180,64,59,46,0.045/0.101/0.202 ha,
gola,Gola,03-08-2016,342,1316,नीबी तिला,खुटहन/धुरियापार,ग्रामीण क्षेत्र,1400,no road,1700,1800,2300,1-5 m,12100,18700,16500,base,,,,,,180,77,67,58,170,72,61,55,140,59,44,38,0.045/0.101/0.202 ha,
gola,Gola,03-08-2016,343,1317,नीबी सेनी,खुटहन/धुरियापार,ग्रामीण क्षेत्र,1400,no road,1700,1800,2300,1-5 m,12100,18700,16500,base,,,,,,180,77,67,58,170,72,61,55,140,59,44,38,0.045/0.101/0.202 ha,
gola,Gola,03-08-2016,344,1318,नचना,सिकन्दरपुर/चिल्लुपार,ग्रामीण क्षेत्र,1400,no road,1700,1800,2300,1-5 m,12100,18700,16500,base,,,,,,180,77,67,58,170,72,61,55,140,59,44,38,0.045/0.101/0.202 ha,
gola,Gola,03-08-2016,345,1319,नदीवा,हवेली/चिल्लुपार,ग्रामीण क्षेत्र,1800,no road,2300,2400,3000,1-5 m,13200,19800,17600,base,,,,,,240,91,87,63,230,83,81,61,180,61,59,44,0.045/0.101/0.202 ha,
gola,Gola,03-08-2016,346,1320,नेतवार पट्टी मु0,सिकन्दरपुर/चिल्लुपार,ग्रामीण क्षेत्र,1400,no road,1700,1800,2600,1-5 m,13200,19800,17600,base,,260,90,80,70,180,77,67,58,170,72,61,55,140,59,44,38,0.045/0.101/0.202 ha,
gola,Gola,03-08-2016,347,1321,नेतवार पट्टी एह0,सिकन्दरपुर/चिल्लुपार,ग्रामीण क्षेत्र,400,no road,425,500,600,1-5 m,1000,8000,5000,base,,,,,,,,,,43,20,15,12,40,18,12,10,0.045/0.101/0.202 ha,
gola,Gola,03-08-2016,348,1322,नागपुर,सिकन्दरपुर/चिल्लुपार,ग्रामीण क्षेत्र,1400,no road,1700,1800,2300,1-5 m,12100,18700,16500,base,,,,,,180,77,67,58,170,72,61,55,140,59,44,38,0.045/0.101/0.202 ha,
gola,Gola,03-08-2016,349,1323,नौहट्टा,हवेली/चिल्लुपार,ग्रामीण क्षेत्र,1400,no road,1700,1800,2300,1-5 m,12100,18700,16500,base,,,,,,180,77,67,58,170,72,61,55,140,59,44,38,0.045/0.101/0.202 ha,
gola,Gola,03-08-2016,350,1324,नवलपुर,सेमरा/चिल्लुपार,ग्रामीण क्षेत्र,1400,no road,1700,1800,2300,1-5 m,12100,18700,16500,base,,,,,,180,77,67,58,170,72,61,55,140,59,44,38,0.045/0.101/0.202 ha,
gola,Gola,03-08-2016,351,1325,नीबी दूबे,हवेली/चिल्लुपार,ग्रामीण क्षेत्र,1400,no road,1700,1800,2300,1-5 m,12100,18700,16500,base,,,,,,180,77,67,58,170,72,61,55,140,59,44,38,0.045/0.101/0.202 ha,
gola,Gola,03-08-2016,352,1326,नरहरपुर,सिकन्दरपुर/चिल्लुपार,ग्रामीण क्षेत्र,1850,no road,2600,2800,3000,1-5 m,13200,19800,17600,base,,300,101,94,62,280,94,87,51,260,90,85,46,185,72,59,44,0.045/0.101/0.202 ha,
gola,Gola,03-08-2016,353,1327,नरहरपुर एह0,सिकन्दरपुर/चिल्लुपार,ग्रामीण क्षेत्र,400,no road,425,500,600,1-5 m,1000,8000,5000,base,,,,,,,,,,43,20,15,12,40,18,12,10,0.045/0.101/0.202 ha,
gola,Gola,03-08-2016,354,1328,नरही,सिकन्दरपुर/चिल्लुपार,ग्रामीण क्षेत्र,400,no road,425,500,600,1-5 m,1000,8000,5000,base,,,,,,,,,,43,20,15,12,40,18,12,10,0.045/0.101/0.202 ha,
gola,Gola,03-08-2016,355,1329,नरहन एहतमाली,सिकन्दरपुर/चिल्लुपार,ग्रामीण क्षेत्र,400,no road,425,500,600,1-5 m,1000,8000,5000,base,,,,,,,,,,43,20,15,12,40,18,12,10,0.045/0.101/0.202 ha,
gola,Gola,03-08-2016,356,0019,पश्चिमी मल्लाह टोली,वार्ड नं0–6 टा0ए0 गोला,अर्द्धनगरीय,5100,no road,7300,7900,8500,1-5 m,28600,35200,29700,base,,850,194,166,158,790,173,152,145,730,166,152,138,510,117,104,83,0.045/0.101/0.202 ha,agri: link_c 152 printed (145 in similar rows)
gola,Gola,03-08-2016,357,0020,पक्का घाट,वार्ड नं0–11 टा0ए0 गोला,अर्द्धनगरीय,5100,no road,7300,7900,8500,1-5 m,28600,35200,29700,base,,850,194,166,158,790,173,152,145,730,166,152,138,510,117,104,83,0.045/0.101/0.202 ha,agri: link_c 152 printed (145 in similar rows)
gola,Gola,03-08-2016,358,0037,पुरानी हनुमान गढ़ी,वार्ड नं0–13 टा0ए0 बड़हलगंज,अर्द्धनगरीय,6200,no road,9000,10500,11200,1-5 m,33000,39600,34100,base,,1120,302,266,166,1050,276,228,145,900,255,225,138,620,186,152,97,0.045/0.101/0.202 ha,
gola,Gola,03-08-2016,359,0038,पंडितपुरा,वार्ड नं0–5 टा0ए0 बड़हलगंज,अर्द्धनगरीय,6200,no road,9000,10500,11200,1-5 m,33000,39600,34100,base,,1120,302,266,166,1050,276,228,145,900,255,225,138,620,186,152,97,0.045/0.101/0.202 ha,
gola,Gola,03-08-2016,360,0039,पुराना गोला मोहल्ला,वार्ड नं0–8 टा0ए0 बड़हलगंज,अर्द्धनगरीय,6200,no road,9000,10500,11200,1-5 m,33000,39600,34100,base,,1120,302,266,166,1050,276,228,145,900,255,225,138,620,186,152,97,0.045/0.101/0.202 ha,
gola,Gola,03-08-2016,361,1330,पटना मु0,सिकन्दरपुर/चिल्लुपार,ग्रामीण क्षेत्र,1800,no road,2600,3000,3200,1-5 m,13200,19800,17600,base,,320,102,96,73,300,92,87,64,260,85,79,61,180,61,59,44,0.045/0.101/0.202 ha,
gola,Gola,03-08-2016,362,1331,पटना ए0,सिकन्दरपुर/चिल्लुपार,ग्रामीण क्षेत्र,1800,no road,2400,2800,3000,1-5 m,13200,19800,17600,base,,300,102,96,73,280,92,87,64,240,85,79,61,180,61,59,44,0.045/0.101/0.202 ha,
gola,Gola,03-08-2016,363,1332,परसिया जदीद,सिकन्दरपुर/चिल्लुपार,ग्रामीण क्षेत्र,400,no road,425,500,600,1-5 m,1000,8000,5000,base,,,,,,,,,,43,20,15,12,40,18,12,10,0.045/0.101/0.202 ha,
gola,Gola,03-08-2016,364,1333,परसिया तिवारी,सिकन्दरपुर/चिल्लुपार,ग्रामीण क्षेत्र,1800,no road,2500,2600,2800,1-5 m,12100,18700,16500,base,,,,,,260,77,67,58,250,72,61,55,180,59,44,38,0.045/0.101/0.202 ha,
gola,Gola,03-08-2016,365,1334,पुश्कर खुर्द,हवेली/चिल्लुपार,ग्रामीण क्षेत्र,1800,no road,2400,2500,3000,1-5 m,13200,19800,17600,base,,,,,,250,91,85,64,240,85,81,61,180,61,59,44,0.045/0.101/0.202 ha,
gola,Gola,03-08-2016,366,1335,पुश्कर बुजुर्ग,हवेली/चिल्लुपार,ग्रामीण क्षेत्र,1800,no road,2400,2500,3000,1-5 m,12100,18700,16500,base,,,,,,250,91,85,64,240,85,81,61,180,61,59,44,0.045/0.101/0.202 ha,
gola,Gola,03-08-2016,367,1336,पैकौली अमानचक,हवेली/चिल्लुपार,ग्रामीण क्षेत्र,1400,no road,1700,1800,2300,1-5 m,12100,18700,16500,base,,,,,,180,77,67,58,170,72,61,55,140,59,44,38,0.045/0.101/0.202 ha,
gola,Gola,03-08-2016,368,1337,पोहिला,हवेली/चिल्लुपार,ग्रामीण क्षेत्र,1400,no road,1700,1800,2300,1-5 m,12100,18700,16500,base,,,,,,180,77,67,58,170,72,61,55,140,59,44,38,0.045/0.101/0.202 ha,
gola,Gola,03-08-2016,369,1338,पिड़हनी,सिकन्दरपुर/चिल्लुपार,ग्रामीण क्षेत्र,1800,no road,2300,2400,3200,1-5 m,13200,19800,17600,base,,320,101,96,73,240,91,87,64,230,83,79,61,180,61,59,44,0.045/0.101/0.202 ha,
gola,Gola,03-08-2016,370,1339,पिपरड़ाडी,सिकन्दरपुर/चिल्लुपार,ग्रामीण क्षेत्र,1400,no road,1700,1800,2300,1-5 m,12100,18700,16500,base,,,,,,180,77,67,58,170,72,61,55,140,59,44,38,0.045/0.101/0.202 ha,
gola,Gola,03-08-2016,371,1340,पौहरिया,सिकन्दरपुर/चिल्लुपार,ग्रामीण क्षेत्र,1400,no road,1700,1800,2300,1-5 m,12100,18700,16500,base,,,,,,180,77,67,58,170,72,61,55,140,59,44,38,0.045/0.101/0.202 ha,
gola,Gola,03-08-2016,372,1341,परसिया भदवार,सिकन्दरपुर/चिल्लुपार,ग्रामीण क्षेत्र,400,no road,425,500,600,1-5 m,1000,8000,5000,base,,,,,,,,,,43,20,15,12,40,18,12,10,0.045/0.101/0.202 ha,
gola,Gola,03-08-2016,373,1342,परसिया मथमरवा,सिकन्दरपुर/चिल्लुपार,ग्रामीण क्षेत्र,400,no road,425,500,600,1-5 m,1000,8000,5000,base,,,,,,,,,,43,20,15,12,40,18,12,10,0.045/0.101/0.202 ha,
gola,Gola,03-08-2016,374,1343,पूरी दूबे उर्फ कतलहीं,हवेली/चिल्लुपार,ग्रामीण क्षेत्र,3100,no road,3700,3900,4100,1-5 m,13200,19800,17600,base,,410,107,84,79,390,89,78,66,370,86,76,63,310,79,66,53,0.045/0.101/0.202 ha,
gola,Gola,03-08-2016,375,1344,पकड़ी,बेलघाट/धुरियापार,ग्रामीण क्षेत्र,1400,no road,1700,1800,2300,1-5 m,12100,18700,16500,base,,,,,,180,77,67,58,170,72,61,55,140,59,44,38,0.045/0.101/0.202 ha,
gola,Gola,03-08-2016,376,1345,पकड़ी,हवेली/धुरियापार,ग्रामीण क्षेत्र,1400,no road,1700,1800,2300,1-5 m,12100,18700,16500,base,,,,,,180,77,67,58,170,72,61,55,140,59,44,38,0.045/0.101/0.202 ha,
gola,Gola,03-08-2016,377,1346,पकड़ी,कोंहरा/धुरियापार,ग्रामीण क्षेत्र,2100,no road,2400,2800,3200,1-5 m,13200,19800,17600,base,,,,,,280,90,79,66,240,79,74,63,210,63,59,46,0.045/0.101/0.202 ha,
gola,Gola,03-08-2016,378,1347,पचपेड़वा,बेलघाट/धुरियापार,ग्रामीण क्षेत्र,1400,no road,1700,1800,2300,1-5 m,12100,18700,16500,base,,,,,,180,77,67,58,170,72,61,55,140,59,44,38,0.045/0.101/0.202 ha,
gola,Gola,03-08-2016,379,1348,पचौहा,कुरमौट/धुरियापार,ग्रामीण क्षेत्र,1400,no road,1700,1800,2300,1-5 m,12100,18700,16500,base,,,,,,180,77,67,58,170,72,61,55,140,59,44,38,0.045/0.101/0.202 ha,
gola,Gola,03-08-2016,380,1349,पठखौली,बरहज/धुरियापार,ग्रामीण क्षेत्र,1400,no road,1700,1800,2300,1-5 m,12100,18700,16500,base,,,,,,180,77,67,58,170,72,61,55,140,59,44,38,0.045/0.101/0.202 ha,
gola,Gola,03-08-2016,381,1350,पटौहा,नर्रे/धुरियापार,ग्रामीण क्षेत्र,2100,no road,2600,3100,4000,1-5 m,13200,19800,17600,base,,400,95,85,73,310,89,77,68,260,79,72,63,210,61,56,46,0.045/0.101/0.202 ha,
gola,Gola,03-08-2016,382,1351,पड़ैनिया,नर्रे/धुरियापार,ग्रामीण क्षेत्र,1400,no road,1700,1800,2300,1-5 m,12100,18700,16500,base,,,,,,180,77,67,58,170,72,61,55,140,59,44,38,0.045/0.101/0.202 ha,
gola,Gola,03-08-2016,383,1352,पड़री,बरहज/धुरियापार,ग्रामीण क्षेत्र,1400,no road,1700,1800,2300,1-5 m,12100,18700,16500,base,,,,,,180,77,67,58,170,72,61,55,140,59,44,38,0.045/0.101/0.202 ha,
gola,Gola,03-08-2016,384,1353,पड़ौली,चांदपार/धुरियापार,ग्रामीण क्षेत्र,2100,no road,2600,3100,4000,1-5 m,13200,19800,17600,base,,400,95,85,73,310,82,77,68,260,79,72,63,210,61,56,46,0.045/0.101/0.202 ha,
gola,Gola,03-08-2016,385,1354,पड़ौली,खुटहन/धुरियापार,ग्रामीण क्षेत्र,1850,no road,2600,3100,4000,1-5 m,13200,19800,17600,base,,,,,,310,91,85,64,260,85,78,61,185,61,56,46,0.045/0.101/0.202 ha,
gola,Gola,03-08-2016,386,1355,पढ़ौतिया,बेलघाट/धुरियापार,ग्रामीण क्षेत्र,1400,no road,1700,1800,2300,1-5 m,12100,18700,16500,base,,,,,,180,77,67,58,170,72,61,55,140,59,44,38,0.045/0.101/0.202 ha,
gola,Gola,03-08-2016,387,1356,पतरा,चांदपार/धुरियापार,ग्रामीण क्षेत्र,1400,no road,1700,1800,2300,1-5 m,12100,18700,16500,base,,,,,,180,77,67,58,170,72,61,55,140,59,44,38,0.045/0.101/0.202 ha,
gola,Gola,03-08-2016,388,1357,पदमलपार,खुटहन/धुरियापार,ग्रामीण क्षेत्र,1400,no road,1700,1800,2300,1-5 m,12100,18700,16500,base,,,,,,180,77,67,58,170,72,61,55,140,59,44,38,0.045/0.101/0.202 ha,
gola,Gola,03-08-2016,389,1358,परनई उर्फ अर्जुनपुरा मु0,चांदपार/धुरियापार,ग्रामीण क्षेत्र,2700,no road,3500,3700,4400,1-5 m,13200,19800,17600,base,,440,121,109,96,370,108,98,87,350,102,86,79,270,72,66,59,0.045/0.101/0.202 ha,
gola,Gola,03-08-2016,390,1359,परनई उर्फ अर्जुनपुरा एह0,चांदपार/धुरियापार,ग्रामीण क्षेत्र,2700,no road,3500,3700,4400,1-5 m,13200,19800,17600,base,,440,121,109,96,370,108,98,87,350,102,86,79,270,72,66,59,0.045/0.101/0.202 ha,agri: dist_c print broken (98 vs 93); read 98 as row above
gola,Gola,03-08-2016,391,1360,परसिया,खुटहन/धुरियापार,ग्रामीण क्षेत्र,1850,no road,2400,2500,3000,1-5 m,13200,19800,17600,base,,,,,,250,91,83,69,240,85,77,63,185,61,56,46,0.045/0.101/0.202 ha,basic: name partly overwritten by signature
gola,Gola,03-08-2016,392,1361,परसिया रावत,चांदपार/धुरियापार,ग्रामीण क्षेत्र,1800,no road,2400,2500,3000,1-5 m,13200,19800,17600,base,,,,,,250,91,85,70,240,83,77,63,180,61,56,46,0.045/0.101/0.202 ha,
gola,Gola,03-08-2016,393,1362,परसिया शुक्ल,चांदपार/धुरियापार,ग्रामीण क्षेत्र,1400,no road,1700,1800,2300,1-5 m,12100,18700,16500,base,,,,,,180,77,67,58,170,72,61,55,140,59,44,38,0.045/0.101/0.202 ha,
gola,Gola,03-08-2016,394,1363,परसिया निस्फीराजा,चांदपार/धुरियापार,ग्रामीण क्षेत्र,1600,no road,1900,2100,2500,1-5 m,12100,18700,16500,base,,,,,,210,77,67,58,190,72,61,55,160,59,44,38,0.045/0.101/0.202 ha,
gola,Gola,03-08-2016,395,1364,परसा उर्फ अलगहवा,चांदपार/धुरियापार,ग्रामीण क्षेत्र,2100,no road,2600,3100,3300,1-5 m,13200,19800,17600,base,,330,101,91,77,310,91,85,70,260,83,77,63,210,61,56,46,0.045/0.101/0.202 ha,
gola,Gola,03-08-2016,396,1365,परसा बु0,कुरमौट/धुरियापार,ग्रामीण क्षेत्र,1800,no road,2400,2500,3000,1-5 m,13200,19800,17600,base,,,,,,250,94,87,79,240,87,79,66,180,64,59,46,0.045/0.101/0.202 ha,
gola,Gola,03-08-2016,397,1366,परसा खुर्द,कुरमौट/धुरियापार,ग्रामीण क्षेत्र,1600,no road,2900,3500,4000,1-5 m,12100,18700,16500,base,,,,,,350,77,67,58,290,72,61,55,160,59,44,38,0.045/0.101/0.202 ha,
gola,Gola,03-08-2016,398,1367,पिपरानन्दू,हवेली/धुरियापार,ग्रामीण क्षेत्र,1800,no road,2400,2500,3000,1-5 m,13200,19800,17600,base,,,,,,250,94,87,79,240,87,79,66,180,64,59,46,0.045/0.101/0.202 ha,
gola,Gola,03-08-2016,399,1368,पिपरापाठक,चांदपार/धुरियापार,ग्रामीण क्षेत्र,2500,no road,3500,3600,3800,1-5 m,13200,19800,17600,base,,380,91,85,77,360,85,76,70,350,77,70,63,250,66,61,46,0.045/0.101/0.202 ha,
gola,Gola,03-08-2016,400,1369,पिपरी खुर्द,बेलघाट/धुरियापार,ग्रामीण क्षेत्र,1400,no road,1700,1800,2300,1-5 m,12100,18700,16500,base,,,,,,180,77,67,58,170,72,61,55,140,59,44,38,0.045/0.101/0.202 ha,
gola,Gola,03-08-2016,401,1370,पिपरी बुजुर्ग,बेलघाट/धुरियापार,ग्रामीण क्षेत्र,1400,no road,1700,1800,2300,1-5 m,12100,18700,16500,base,,,,,,180,77,67,58,170,72,61,55,140,59,44,38,0.045/0.101/0.202 ha,
gola,Gola,03-08-2016,402,1371,पल्हवापुर,बनकट/धुरियापार,ग्रामीण क्षेत्र,1400,no road,1700,1800,2300,1-5 m,12100,18700,16500,base,,,,,,180,77,67,58,170,72,61,55,140,59,44,38,0.045/0.101/0.202 ha,
gola,Gola,03-08-2016,403,1372,पुरैनी,खुटहन/धुरियापार,ग्रामीण क्षेत्र,1400,no road,1700,1800,2300,1-5 m,12100,18700,16500,base,,,,,,180,77,67,58,170,72,61,55,140,59,44,38,0.045/0.101/0.202 ha,
gola,Gola,03-08-2016,404,1373,पूरादयाल,चांदपार/धुरियापार,ग्रामीण क्षेत्र,1400,no road,1700,1800,2300,1-5 m,12100,18700,16500,base,,,,,,180,77,67,58,170,72,61,55,140,59,44,38,0.045/0.101/0.202 ha,
gola,Gola,03-08-2016,405,1374,पहाड़पुर,बेलघाट/धुरियापार,ग्रामीण क्षेत्र,2100,no road,2600,2700,2800,1-5 m,17600,24200,20900,base,,280,101,91,77,270,89,82,69,260,83,77,63,210,61,56,46,0.045/0.101/0.202 ha,
gola,Gola,03-08-2016,406,1375,पहाडपुर,नर्रे/धुरियापार,ग्रामीण क्षेत्र,2100,no road,2600,2700,2800,1-5 m,17600,24200,20900,base,,280,101,91,77,270,89,82,69,260,83,77,63,210,61,56,46,0.045/0.101/0.202 ha,
gola,Gola,03-08-2016,407,1376,प्रतापीपुर,बनकट/धुरियापार,ग्रामीण क्षेत्र,1400,no road,1700,1800,2300,1-5 m,12100,18700,16500,base,,,,,,180,77,67,58,170,72,61,55,140,59,44,38,0.045/0.101/0.202 ha,
gola,Gola,03-08-2016,408,1377,पान्डेयपुर,चांदपार/धुरियापार,ग्रामीण क्षेत्र,1400,no road,1700,1800,2300,1-5 m,12100,18700,16500,base,,,,,,180,77,67,58,170,72,61,55,140,59,44,38,0.045/0.101/0.202 ha,
gola,Gola,03-08-2016,409,1378,पोखरी गॉव,कोंहरा/धुरियापार,ग्रामीण क्षेत्र,2100,no road,2600,2800,3500,1-5 m,12100,18700,16500,base,,,,,,280,86,79,72,260,83,77,63,210,61,56,46,0.045/0.101/0.202 ha,
gola,Gola,03-08-2016,410,1379,फरसाड़,हवेली/धुरियापार,ग्रामीण क्षेत्र,3100,no road,3910,4600,5750,1-5 m,17600,24200,20900,base,,575,101,78,64,460,94,76,61,391,89,70,52,310,63,51,40,0.045/0.101/0.202 ha,
gola,Gola,03-08-2016,411,1380,फत्तेपुर,बनकट/धुरियापार,ग्रामीण क्षेत्र,1400,no road,1700,1800,2300,1-5 m,12100,18700,16500,base,,,,,,180,77,67,58,170,72,61,55,140,59,44,38,0.045/0.101/0.202 ha,
gola,Gola,03-08-2016,412,1381,फत्तेहपुर,चांदपार/धुरियापार,ग्रामीण क्षेत्र,1400,no road,1700,1800,2300,1-5 m,12100,18700,16500,base,,,,,,180,77,67,58,170,72,61,55,140,59,44,38,0.045/0.101/0.202 ha,
gola,Gola,03-08-2016,413,0021,ब्रम्हस्थान,वार्ड नं0–8 टा0ए0 गोला,अर्द्धनगरीय,5100,no road,7300,7900,8500,1-5 m,28600,35200,29700,base,,850,194,166,158,790,173,152,145,730,166,145,138,510,117,104,83,0.045/0.101/0.202 ha,
gola,Gola,03-08-2016,414,0022,ब्रम्हस्थान,वार्ड नं0–10 टा0ए0 गोला,अर्द्धनगरीय,5100,no road,7300,7900,8500,1-5 m,28600,35200,29700,base,,850,194,166,158,790,173,152,145,730,166,145,138,510,117,104,83,0.045/0.101/0.202 ha,
gola,Gola,03-08-2016,415,0023,ब्रम्हस्थान,वार्ड नं0–11 टा0ए0 गोला,अर्द्धनगरीय,5100,no road,7300,7900,8500,1-5 m,28600,35200,29700,base,,850,194,166,158,790,173,152,145,730,166,145,138,510,117,104,83,0.045/0.101/0.202 ha,
gola,Gola,03-08-2016,416,0040,बेनी बाबू का कुऑं,वार्ड नं0–4 टा0ए0 बड़हलगंज,अर्द्धनगरीय,6200,no road,9000,10500,11200,1-5 m,33000,39600,34100,base,,1120,302,266,166,1050,276,228,145,900,255,225,138,620,186,152,97,0.045/0.101/0.202 ha,
gola,Gola,03-08-2016,417,1382,बधुईया,खुटहन/धुरियापार,ग्रामीण क्षेत्र,3100,no road,4000,4100,4200,1-5 m,15400,22000,18700,base,,420,121,94,77,410,108,87,69,400,102,81,63,310,72,59,44,0.045/0.101/0.202 ha,
gola,Gola,03-08-2016,418,1383,बड़ैला,चांदपार/धुरियापार,ग्रामीण क्षेत्र,1400,no road,1700,1800,2300,1-5 m,12100,18700,16500,base,,,,,,180,77,67,58,170,72,61,55,140,59,44,38,0.045/0.101/0.202 ha,
gola,Gola,03-08-2016,419,1384,बढ़या बुजुर्ग,चांदपार/धुरियापार,ग्रामीण क्षेत्र,1400,no road,1700,1800,2300,1-5 m,12100,18700,16500,base,,,,,,180,77,67,58,170,72,61,55,140,59,44,38,0.045/0.101/0.202 ha,
gola,Gola,03-08-2016,420,1385,बढ़या खुर्द,चांदपार/धुरियापार,ग्रामीण क्षेत्र,1400,no road,1700,1800,2300,1-5 m,12100,18700,16500,base,,,,,,180,77,67,58,170,72,61,55,140,59,44,38,0.045/0.101/0.202 ha,
gola,Gola,03-08-2016,421,1386,बथुआ बुजुर्ग,कुरमौर/धुरियापार,ग्रामीण क्षेत्र,1850,no road,2400,2800,3200,1-5 m,13200,19800,17600,base,,,,,,280,94,87,79,240,87,79,66,185,66,59,47,0.045/0.101/0.202 ha,
gola,Gola,03-08-2016,422,1387,बन्दुआरी पाठक,चांदपार/धुरियापार,ग्रामीण क्षेत्र,1400,no road,1700,1800,2300,1-5 m,12100,18700,16500,base,,,,,,180,77,67,58,170,72,61,55,140,59,44,38,0.045/0.101/0.202 ha,
gola,Gola,03-08-2016,423,1388,बन्दुआरी सूर्यभान,चांदपार/धुरियापार,ग्रामीण क्षेत्र,1400,no road,1700,1800,2300,1-5 m,12100,18700,16500,base,,,,,,180,77,67,58,170,72,61,55,140,59,44,38,0.045/0.101/0.202 ha,
gola,Gola,03-08-2016,424,1389,बनरही,चांदपार/धुरियापार,ग्रामीण क्षेत्र,2700,no road,3400,3500,3800,1-5 m,13200,19800,17600,base,,380,121,110,94,350,106,98,87,340,102,91,81,270,72,66,59,0.045/0.101/0.202 ha,
gola,Gola,03-08-2016,425,1390,बभनपुरा,मजुरी/धुरियापार,ग्रामीण क्षेत्र,1400,no road,1700,1800,2300,1-5 m,12100,18700,16500,base,,,,,,180,77,67,58,170,72,61,55,140,59,44,38,0.045/0.101/0.202 ha,
gola,Gola,03-08-2016,426,1391,बनकटी,बेलघाट/धुरियापार,ग्रामीण क्षेत्र,2100,no road,2600,3100,3500,1-5 m,13200,19800,17600,base,,,,,,310,91,83,70,260,83,77,63,210,61,56,46,0.045/0.101/0.202 ha,
gola,Gola,03-08-2016,427,1392,बरईपुरा उर्फ पड़ौली,चांदपार/धुरियापार,ग्रामीण क्षेत्र,1400,no road,1700,1800,2300,1-5 m,12100,18700,16500,base,,,,,,180,77,67,58,170,72,61,55,140,59,44,38,0.045/0.101/0.202 ha,
gola,Gola,03-08-2016,428,1393,बरईपार,अठैसी/धुरियापार,ग्रामीण क्षेत्र,1400,no road,1700,1800,2300,1-5 m,12100,18700,16500,base,,,,,,180,77,67,58,170,72,61,55,140,59,44,38,0.045/0.101/0.202 ha,
gola,Gola,03-08-2016,429,1394,बरईपार,खुटहन/धुरियापार,ग्रामीण क्षेत्र,1400,no road,1700,1800,2300,1-5 m,12100,18700,16500,base,,,,,,180,77,67,58,170,72,61,55,140,59,44,38,0.045/0.101/0.202 ha,
gola,Gola,03-08-2016,430,1395,बरईपार,हवेली/धुरियापार,ग्रामीण क्षेत्र,1400,no road,1700,1800,2300,1-5 m,12100,18700,16500,base,,,,,,180,77,67,58,170,72,61,55,140,59,44,38,0.045/0.101/0.202 ha,
gola,Gola,03-08-2016,431,1396,विसरा,बरहज/धुरियापार,ग्रामीण क्षेत्र,2500,no road,3500,3700,3800,1-5 m,15400,22000,18700,base,,380,92,84,77,370,85,76,69,350,77,71,63,250,66,61,46,0.045/0.101/0.202 ha,
gola,Gola,03-08-2016,432,1397,ब्यौरी,बरहज/धुरियापार,ग्रामीण क्षेत्र,3600,no road,7300,7400,7600,1-5 m,28600,35200,29700,base,,760,304,241,173,740,251,198,145,730,238,185,132,360,198,166,118,0.045/0.101/0.202 ha,"road: r5to9 hand-corrected in ink (4 overwritten on 2nd digit, initialed); read as 7400 | agri: dist_a printed figure overwritten by hand (740 with initials); best reading 740"
gola,Gola,03-08-2016,433,1398,बनकटा,बरहज/धुरियापार,ग्रामीण क्षेत्र,3600,no road,3910,4140,5750,1-5 m,15400,22000,18700,base,,575,124,108,90,414,117,101,84,391,109,97,78,360,80,69,57,0.045/0.101/0.202 ha,
gola,Gola,03-08-2016,434,1399,बांहपुर,बरहज/धुरियापार,ग्रामीण क्षेत्र,3600,no road,4100,4800,5700,1-5 m,15400,22000,18700,base,,570,149,130,108,480,139,116,97,410,125,108,90,360,92,79,66,0.045/0.101/0.202 ha,
gola,Gola,03-08-2016,435,1400,बरईपार दूबे,चांदपार/धुरियापार,ग्रामीण क्षेत्र,1400,no road,1700,1800,2300,1-5 m,12100,18700,16500,base,,,,,,180,77,67,58,170,72,61,55,140,59,44,38,0.045/0.101/0.202 ha,
gola,Gola,03-08-2016,436,1401,बरईपार रामरूप,चांदपार/धुरियापार,ग्रामीण क्षेत्र,1400,no road,1700,1800,2300,1-5 m,12100,18700,16500,base,,,,,,180,77,67,58,170,72,61,55,140,59,44,38,0.045/0.101/0.202 ha,
gola,Gola,03-08-2016,437,1402,बरपरवा,चांदपार/धुरियापार,ग्रामीण क्षेत्र,1400,no road,1700,1800,2300,1-5 m,12100,18700,16500,base,,,,,,180,77,67,58,170,72,61,55,140,59,44,38,0.045/0.101/0.202 ha,
gola,Gola,03-08-2016,438,1403,बरपार,खुटहन/धुरियापार,ग्रामीण क्षेत्र,1400,no road,1700,1800,2300,1-5 m,12100,18700,16500,base,,,,,,180,77,67,58,170,72,61,55,140,59,44,38,0.045/0.101/0.202 ha,
gola,Gola,03-08-2016,439,1404,बरवल दीगर,खुटहन/धुरियापार,ग्रामीण क्षेत्र,1400,no road,1700,1800,2300,1-5 m,12100,18700,16500,base,,,,,,180,77,67,58,170,72,61,55,140,59,44,38,0.045/0.101/0.202 ha,
gola,Gola,03-08-2016,440,1405,बरहज मु0,बरहज/धुरियापार,ग्रामीण क्षेत्र,1400,no road,1700,1800,2300,1-5 m,12100,18700,16500,base,,,,,,180,77,67,58,170,72,61,55,140,59,44,38,0.045/0.101/0.202 ha,
gola,Gola,03-08-2016,441,1406,बरहज पार,नर्रे/धुरियापार,ग्रामीण क्षेत्र,2100,no road,2400,2500,2700,1-5 m,12100,18700,16500,base,,270,101,90,76,250,86,79,70,240,83,77,63,210,61,56,46,0.045/0.101/0.202 ha,
gola,Gola,03-08-2016,442,1407,बर्राह,चांदपार/धुरियापार,ग्रामीण क्षेत्र,2100,no road,2400,2500,2700,1-5 m,13200,19800,17600,base,,270,101,90,76,250,86,79,70,240,83,77,63,210,61,56,46,0.045/0.101/0.202 ha,
gola,Gola,03-08-2016,443,1408,बरियार,गौर/धुरियापार,ग्रामीण क्षेत्र,1800,no road,2300,2400,2500,1-5 m,13200,19800,17600,base,,,,,,240,92,86,79,230,87,79,66,180,64,59,46,0.045/0.101/0.202 ha,
gola,Gola,03-08-2016,444,1409,बुलाकी चक,चांदपार/धुरियापार,ग्रामीण क्षेत्र,1400,no road,1700,1800,2300,1-5 m,12100,18700,16500,base,,,,,,180,77,67,58,170,72,61,55,140,59,44,38,0.045/0.101/0.202 ha,
gola,Gola,03-08-2016,445,1410,बहदुराबाद,खुटहन/धुरियापार,ग्रामीण क्षेत्र,1400,no road,1700,1800,2300,1-5 m,12100,18700,16500,base,,,,,,180,77,67,58,170,72,61,55,140,59,44,38,0.045/0.101/0.202 ha,
gola,Gola,03-08-2016,446,1411,बसन्तपुर,चांदपार/धुरियापार,ग्रामीण क्षेत्र,1400,no road,1700,1800,2300,1-5 m,12100,18700,16500,base,,,,,,180,77,67,58,170,72,61,55,140,59,44,38,0.045/0.101/0.202 ha,
gola,Gola,03-08-2016,447,1412,बेलनापार,चांदपार/धुरियापार,ग्रामीण क्षेत्र,1400,no road,1700,1800,2300,1-5 m,12100,18700,16500,base,,,,,,180,77,67,58,170,72,61,55,140,59,44,38,0.045/0.101/0.202 ha,
gola,Gola,03-08-2016,448,1413,बेलपार,नर्रे/धुरियापार,ग्रामीण क्षेत्र,1400,no road,1700,1800,2300,1-5 m,12100,18700,16500,base,,,,,,180,77,67,58,170,72,61,55,140,59,44,38,0.045/0.101/0.202 ha,
gola,Gola,03-08-2016,449,1414,बेलपार,खुटहन/धुरियापार,ग्रामीण क्षेत्र,1400,no road,1700,1800,2300,1-5 m,12100,18700,16500,base,,,,,,180,77,67,58,170,72,61,55,140,59,44,38,0.045/0.101/0.202 ha,
gola,Gola,03-08-2016,450,1415,बेलही,गौर/धुरियापार,ग्रामीण क्षेत्र,1400,no road,1700,1800,2300,1-5 m,12100,18700,16500,base,,,,,,180,77,67,58,170,72,61,55,140,59,44,38,0.045/0.101/0.202 ha,
gola,Gola,03-08-2016,451,1416,बनवारपार,चांदपार/धुरियापार,ग्रामीण क्षेत्र,1850,no road,2400,2500,3000,1-5 m,13200,19800,17600,base,,,,,,250,91,83,64,240,83,78,61,185,61,56,44,0.045/0.101/0.202 ha,
gola,Gola,03-08-2016,452,1417,बरपार माफी,चांदपार/धुरियापार,ग्रामीण क्षेत्र,2500,no road,3400,3500,3700,1-5 m,13200,19800,17600,base,,370,89,80,73,350,77,69,66,340,72,66,56,250,66,61,46,0.045/0.101/0.202 ha,
gola,Gola,03-08-2016,453,1418,बरवल ईश्वरी प्रसाद,अठैसी/धुरियापार,ग्रामीण क्षेत्र,1850,no road,2400,2500,3500,1-5 m,13200,19800,17600,base,,,,,,250,89,82,64,240,82,77,61,185,61,56,44,0.045/0.101/0.202 ha,
gola,Gola,03-08-2016,454,1419,बरवल शंकर प्रसाद,अठैसी/धुरियापार,ग्रामीण क्षेत्र,1400,no road,1700,1800,2300,1-5 m,12100,18700,16500,base,,,,,,180,77,67,58,170,72,61,55,140,59,44,38,0.045/0.101/0.202 ha,
gola,Gola,03-08-2016,455,1420,बेलपार पाठक,रतनपुर/धुरियापार,ग्रामीण क्षेत्र,1400,no road,1700,1800,2300,1-5 m,12100,18700,16500,base,,,,,,180,77,67,58,170,72,61,55,140,59,44,38,0.045/0.101/0.202 ha,
gola,Gola,03-08-2016,456,1421,बेलासपुर,कुरमौट/धुरियापार,ग्रामीण क्षेत्र,3600,no road,5500,6000,6300,1-5 m,28600,35200,29700,base,,630,173,158,122,600,152,138,117,550,145,131,106,360,97,83,69,0.045/0.101/0.202 ha,
gola,Gola,03-08-2016,457,1422,बैरवा काजी,हवेली/धुरियापार,ग्रामीण क्षेत्र,2100,no road,2600,3500,4000,1-5 m,13200,19800,17600,base,,,,,,350,90,83,70,260,83,78,63,210,61,56,46,0.045/0.101/0.202 ha,
gola,Gola,03-08-2016,458,1423,बाड़ेपार,डाड़ी/धुरियापार,ग्रामीण क्षेत्र,2100,no road,2600,3500,4000,1-5 m,13200,19800,17600,base,,,,,,350,90,83,70,260,83,78,63,210,61,56,46,0.045/0.101/0.202 ha,
gola,Gola,03-08-2016,459,1424,बाड़ीतरया,चांदपार/धुरियापार,ग्रामीण क्षेत्र,1400,no road,1700,1800,2300,1-5 m,12100,18700,16500,base,,,,,,180,77,67,58,170,72,61,55,140,59,44,38,0.045/0.101/0.202 ha,
gola,Gola,03-08-2016,460,1425,बाथ बुजुर्ग,चांदपार/धुरियापार,ग्रामीण क्षेत्र,1800,no road,2400,2800,3500,1-5 m,13200,19800,17600,base,,,,,,280,92,86,79,240,86,79,66,180,63,59,46,0.045/0.101/0.202 ha,
gola,Gola,03-08-2016,461,1426,बाथ खुर्द,चांदपार/धुरियापार,ग्रामीण क्षेत्र,1400,no road,1700,1800,2300,1-5 m,12100,18700,16500,base,,,,,,180,77,67,58,170,72,61,55,140,59,44,38,0.045/0.101/0.202 ha,
gola,Gola,03-08-2016,462,1427,बीबीपुर,हवेली/धुरियापार,ग्रामीण क्षेत्र,1400,no road,1700,1800,2300,1-5 m,12100,18700,16500,base,,,,,,180,77,67,58,170,72,61,55,140,59,44,38,0.045/0.101/0.202 ha,
gola,Gola,03-08-2016,463,1428,बिजुलिया डांड,रतनपुर/धुरियापार,ग्रामीण क्षेत्र,2100,no road,2600,3500,4000,1-5 m,13200,19800,17600,base,,,,,,350,91,83,70,260,83,77,63,210,63,61,46,0.045/0.101/0.202 ha,
gola,Gola,03-08-2016,464,1429,बिरई बु0,कुरमौट/धुरियापार,ग्रामीण क्षेत्र,2600,no road,3500,3600,3800,1-5 m,17600,24200,20900,base,,380,98,89,80,360,87,78,74,350,82,74,67,260,69,63,48,0.045/0.101/0.202 ha,
gola,Gola,03-08-2016,465,1430,विमटी,चांदपार/धुरियापार,ग्रामीण क्षेत्र,1850,no road,2400,2500,3000,1-5 m,13200,19800,17600,base,,,,,,250,76,66,55,240,70,61,53,185,51,44,40,0.045/0.101/0.202 ha,
gola,Gola,03-08-2016,466,1431,बिरई खुर्द,कुरमौट/धुरियापार,ग्रामीण क्षेत्र,2700,no road,3500,3600,3800,1-5 m,17600,24200,20900,base,,380,98,89,80,360,87,78,74,350,82,74,67,270,69,63,48,0.045/0.101/0.202 ha,
gola,Gola,03-08-2016,467,1432,विजई उर्फ भीरपुर,चांदपार/धुरियापार,ग्रामीण क्षेत्र,1400,no road,1700,1800,2300,1-5 m,12100,18700,16500,base,,,,,,180,77,67,58,170,72,61,55,140,59,44,38,0.045/0.101/0.202 ha,
gola,Gola,03-08-2016,468,1433,बगहीं,बेलघाट/धुरियापार,ग्रामीण क्षेत्र,1400,no road,1700,1800,2300,1-5 m,12100,18700,16500,base,,,,,,180,77,67,58,170,72,61,55,140,59,44,38,0.045/0.101/0.202 ha,
gola,Gola,03-08-2016,469,1434,बगहीं,रतनपुर/धुरियापार,ग्रामीण क्षेत्र,1400,no road,1700,1800,2300,1-5 m,12100,18700,16500,base,,,,,,180,77,67,58,170,72,61,55,140,59,44,38,0.045/0.101/0.202 ha,
gola,Gola,03-08-2016,470,1435,बड़गो,नर्रे/धुरियापार,ग्रामीण क्षेत्र,1850,no road,2400,2500,2800,1-5 m,13200,19800,17600,base,,,,,,250,91,83,64,240,83,77,61,185,61,56,44,0.045/0.101/0.202 ha,
gola,Gola,03-08-2016,471,1436,बनकट,हवेली/धुरियापार,ग्रामीण क्षेत्र,1600,no road,1900,2000,3000,1-5 m,12100,18700,16500,base,,,,,,200,77,67,58,190,72,61,55,160,59,44,38,0.045/0.101/0.202 ha,
gola,Gola,03-08-2016,472,1437,विशुनपुर राजा,चांदपार/धुरियापार,ग्रामीण क्षेत्र,1400,no road,1700,1800,2300,1-5 m,12100,18700,16500,base,,,,,,180,77,67,58,170,72,61,55,140,59,44,38,0.045/0.101/0.202 ha,
gola,Gola,03-08-2016,473,1438,विशुनपुर पाण्डेय,चांदपार/धुरियापार,ग्रामीण क्षेत्र,1400,no road,1700,1800,2300,1-5 m,12100,18700,16500,base,,,,,,180,77,67,58,170,72,61,55,140,59,44,38,0.045/0.101/0.202 ha,
gola,Gola,03-08-2016,474,1439,बेलसड़,हवेली/धुरियापार,ग्रामीण क्षेत्र,1400,no road,1700,1800,2300,1-5 m,12100,18700,16500,base,,,,,,180,77,67,58,170,72,61,55,140,59,44,38,0.045/0.101/0.202 ha,
gola,Gola,03-08-2016,475,1440,बेलसड़ा,खुटहन/धुरियापार,ग्रामीण क्षेत्र,1850,no road,2400,2500,3000,1-5 m,13200,19800,17600,base,,,,,,250,91,83,64,240,83,78,61,185,61,56,44,0.045/0.101/0.202 ha,
gola,Gola,03-08-2016,476,1441,बैकुण्ठपुर,गौर/धुरियापार,ग्रामीण क्षेत्र,1850,no road,2400,2500,3000,1-5 m,13200,19800,17600,base,,,,,,250,91,83,64,240,83,78,61,185,61,56,44,0.045/0.101/0.202 ha,
gola,Gola,03-08-2016,477,1442,बैदौली,गौर/धुरियापार,ग्रामीण क्षेत्र,1400,no road,1700,1800,2300,1-5 m,12100,18700,16500,base,,,,,,180,77,67,58,170,72,61,55,140,59,44,38,0.045/0.101/0.202 ha,
gola,Gola,03-08-2016,478,1443,बैरवा खातून,हवेली/धुरियापार,ग्रामीण क्षेत्र,2100,no road,2600,3500,4000,1-5 m,13200,19800,17600,base,,,,,,350,91,83,70,260,83,77,63,210,61,56,46,0.045/0.101/0.202 ha,
gola,Gola,03-08-2016,479,1444,बैरिया,मजुरी/धुरियापार,ग्रामीण क्षेत्र,1400,no road,1700,1800,2300,1-5 m,12100,18700,16500,base,,,,,,180,77,67,58,170,72,61,55,140,59,44,38,0.045/0.101/0.202 ha,
gola,Gola,03-08-2016,480,1445,बाघागाड़ा,खुटहन/धुरियापार,ग्रामीण क्षेत्र,1400,no road,1700,1800,2300,1-5 m,12100,18700,16500,base,,,,,,180,77,67,58,170,72,61,55,140,59,44,38,0.045/0.101/0.202 ha,
gola,Gola,03-08-2016,481,1446,बासदेवपुर,हवेली/धुरियापार,ग्रामीण क्षेत्र,2100,no road,2600,3500,4000,1-5 m,13200,19800,17600,base,,,,,,350,91,83,70,260,83,77,63,210,61,56,46,0.045/0.101/0.202 ha,
gola,Gola,03-08-2016,482,1447,बौरडीह खुर्द,बेलघाट/धुरियापार,ग्रामीण क्षेत्र,1400,no road,1700,1800,2300,1-5 m,12100,18700,16500,base,,,,,,180,77,67,58,170,72,61,55,140,59,44,38,0.045/0.101/0.202 ha,
gola,Gola,03-08-2016,483,1448,बौरडीह बुजुर्ग,बेलघाट/धुरियापार,ग्रामीण क्षेत्र,1400,no road,1700,1800,2300,1-5 m,12100,18700,16500,base,,,,,,180,77,67,58,170,72,61,55,140,59,44,38,0.045/0.101/0.202 ha,
gola,Gola,03-08-2016,484,1449,बांहपुर मु0,बरहज/धुरियापार,ग्रामीण क्षेत्र,3600,no road,4100,4200,4400,1-5 m,15400,22000,18700,base,,440,121,96,76,420,99,86,70,410,92,79,63,360,72,59,46,0.045/0.101/0.202 ha,
gola,Gola,03-08-2016,485,1450,बांहपुर एह0,बरहज/धुरियापार,ग्रामीण क्षेत्र,3600,no road,4100,4200,4400,1-5 m,15400,22000,18700,base,,440,121,96,76,420,99,86,70,410,92,79,63,360,72,59,46,0.045/0.101/0.202 ha,
gola,Gola,03-08-2016,486,1451,बस्तिया मुगल,हवेली/धुरियापार,ग्रामीण क्षेत्र,1400,no road,1700,1800,2300,1-5 m,12100,18700,16500,base,,,,,,180,77,67,58,170,72,61,55,140,59,44,38,0.045/0.101/0.202 ha,
gola,Gola,03-08-2016,487,1452,बस्तिया महमूद,हवेली/धुरियापार,ग्रामीण क्षेत्र,1400,no road,1700,1800,2300,1-5 m,12100,18700,16500,base,,,,,,180,77,67,58,170,72,61,55,140,59,44,38,0.045/0.101/0.202 ha,
gola,Gola,03-08-2016,488,1453,बस्तिया याकूब,हवेली/धुरियापार,ग्रामीण क्षेत्र,1850,no road,2400,2500,3000,1-5 m,13200,19800,17600,base,,,,,,250,86,79,66,240,83,77,61,185,61,55,44,0.045/0.101/0.202 ha,
gola,Gola,03-08-2016,489,1454,बस्तिया रामचरन,कुरमौट/धुरियापार,ग्रामीण क्षेत्र,1400,no road,1700,1800,2300,1-5 m,12100,18700,16500,base,,,,,,180,77,67,58,170,72,61,55,140,59,44,38,0.045/0.101/0.202 ha,
gola,Gola,03-08-2016,490,1455,बढ़या,हवेली/चिल्लुपार,ग्रामीण क्षेत्र,3100,no road,3500,3600,3800,1-5 m,13200,19800,17600,base,,380,118,96,76,360,106,86,70,350,99,81,63,310,72,59,46,0.045/0.101/0.202 ha,
gola,Gola,03-08-2016,491,1456,बढ़या टीकुर,हवेली/चिल्लुपार,ग्रामीण क्षेत्र,1400,no road,1700,1800,2300,1-5 m,12100,18700,16500,base,,,,,,180,77,67,58,170,72,61,55,140,59,44,38,0.045/0.101/0.202 ha,
gola,Gola,03-08-2016,492,1457,बेइली,हवेली/चिल्लुपार,ग्रामीण क्षेत्र,5500,no road,7900,8600,9000,1-5 m,28600,35200,29700,base,,900,288,245,151,860,262,221,138,790,242,207,131,550,173,152,97,0.045/0.101/0.202 ha,
gola,Gola,03-08-2016,493,1458,बांछेपार,हवेली/चिल्लुपार,ग्रामीण क्षेत्र,5500,no road,7900,8600,9000,1-5 m,28600,35200,29700,base,,900,288,245,151,860,262,221,138,790,242,207,131,550,173,152,97,0.045/0.101/0.202 ha,
gola,Gola,03-08-2016,494,1459,बन्हैती,हवेली/चिल्लुपार,ग्रामीण क्षेत्र,1400,no road,1700,1800,2300,1-5 m,12100,18700,16500,base,,,,,,180,77,67,58,170,72,61,55,140,59,44,38,0.045/0.101/0.202 ha,
gola,Gola,03-08-2016,495,1460,बनकट,हवेली/चिल्लुपार,ग्रामीण क्षेत्र,3100,no road,4100,4800,5000,1-5 m,17600,24200,20900,base,,500,118,96,77,480,108,87,69,410,99,81,63,310,72,59,46,0.045/0.101/0.202 ha,
gola,Gola,03-08-2016,496,1461,बुढ़नपुरा,कस्बा/चिल्लूपार,ग्रामीण क्षेत्र,5500,no road,7900,8600,9000,1-5 m,28600,35200,29700,base,,900,288,245,158,860,262,221,145,790,242,207,131,550,179,152,97,0.045/0.101/0.202 ha,
gola,Gola,03-08-2016,497,1462,बभनौली,हवेली/चिल्लुपार,ग्रामीण क्षेत्र,3100,no road,4000,4600,5750,1-5 m,17600,24200,20900,base,,575,101,80,64,460,94,76,60,400,89,70,55,310,63,52,40,0.045/0.101/0.202 ha,
gola,Gola,03-08-2016,498,1463,बसावनपुर,हवेली/चिल्लुपार,ग्रामीण क्षेत्र,4800,no road,6840,7920,8160,1-5 m,28600,35200,29700,base,,816,194,173,127,792,179,159,110,684,166,145,106,480,122,106,76,0.045/0.101/0.202 ha,
gola,Gola,03-08-2016,499,1464,बरडीहा,सिकन्दरपुर/चिल्लुपार,ग्रामीण क्षेत्र,1500,no road,1900,2000,2800,1-5 m,13200,19800,17600,base,,280,77,68,58,200,72,63,55,190,66,59,51,150,51,44,38,0.045/0.101/0.202 ha,
gola,Gola,03-08-2016,500,1465,बरहता,हवेली/चिल्लुपार,ग्रामीण क्षेत्र,1500,no road,1900,2000,2800,1-5 m,13200,19800,17600,base,,280,77,68,58,200,72,63,55,190,66,59,51,150,51,44,38,0.045/0.101/0.202 ha,
gola,Gola,03-08-2016,501,1466,बेलवा गुलाब सिंह,सिकन्दरपुर/चिल्लुपार,ग्रामीण क्षेत्र,400,no road,425,500,600,1-5 m,1000,8000,5000,base,,,,,,,,,,43,20,15,12,40,18,12,10,0.045/0.101/0.202 ha,
gola,Gola,03-08-2016,502,1467,बेलवा दाखिली,सिकन्दरमुर/चिल्लुपार,ग्रामीण क्षेत्र,1400,no road,1700,1800,2300,1-5 m,12100,18700,16500,base,,,,,,180,77,67,58,170,72,61,55,140,59,44,38,0.045/0.101/0.202 ha,basic: pargana printed सिकन्दरमुर (sic)
gola,Gola,03-08-2016,503,1468,बेलसड़ी,हवेली/चिल्लुपार,ग्रामीण क्षेत्र,2100,no road,2400,2500,3500,1-5 m,13200,19800,17600,base,,,,,,250,91,83,64,240,83,78,61,210,61,56,44,0.045/0.101/0.202 ha,
gola,Gola,03-08-2016,504,1469,बेसहनी,सिकन्दरपुर/चिल्लुपार,ग्रामीण क्षेत्र,1400,no road,1700,1800,2300,1-5 m,12100,18700,16500,base,,,,,,180,77,67,58,170,72,61,55,140,59,44,38,0.045/0.101/0.202 ha,
gola,Gola,03-08-2016,505,1470,बैरियाडीह,मझवलिया/चिल्लुपार,ग्रामीण क्षेत्र,1400,no road,1700,1800,2300,1-5 m,12100,18700,16500,base,,,,,,180,77,67,58,170,72,61,55,140,59,44,38,0.045/0.101/0.202 ha,
gola,Gola,03-08-2016,506,1471,वहसुआ,सेमरा/चिल्लुपार,ग्रामीण क्षेत्र,1400,no road,1700,1800,2300,1-5 m,12100,18700,16500,base,,,,,,180,77,67,58,170,72,61,55,140,59,44,38,0.045/0.101/0.202 ha,
gola,Gola,03-08-2016,507,1472,बैसुखिया खुर्द एहतमाली,हवेली/चिल्लुपार,ग्रामीण क्षेत्र,1400,no road,1700,1800,2300,1-5 m,1000,8000,5000,base,,,,,,,,,,170,20,15,12,140,18,12,10,0.045/0.101/0.202 ha,agri: as printed: a-slab normal (170/140) but b-d slabs very low (20/15/12; 18/12/10); nh and dist blank
gola,Gola,03-08-2016,508,1473,बैसुखिया बुजुर्ग,हवेली/चिल्लुपार,ग्रामीण क्षेत्र,1400,no road,1700,1800,2300,1-5 m,1000,8000,5000,base,,,,,,,,,,170,20,15,12,140,18,12,10,0.045/0.101/0.202 ha,agri: as printed: a-slab normal (170/140) but b-d slabs very low (20/15/12; 18/12/10); nh and dist blank
gola,Gola,03-08-2016,509,1474,बेलवा तुरन्त सिंह,सिकन्दरपुर/चिल्लुपार,ग्रामीण क्षेत्र,400,no road,425,500,600,1-5 m,1000,8000,5000,base,,,,,,,,,,43,20,15,12,40,18,12,10,0.045/0.101/0.202 ha,
gola,Gola,03-08-2016,510,1475,बैदौली,हवेली/चिल्लुपार,ग्रामीण क्षेत्र,3200,no road,3910,4600,5750,1-5 m,17600,24200,20900,base,,575,106,84,67,460,96,79,62,391,92,73,58,320,66,54,45,0.045/0.101/0.202 ha,
gola,Gola,03-08-2016,511,1476,बिहुआ ए0,सिकन्दरपुर/चिल्लुपार,ग्रामीण क्षेत्र,400,no road,425,500,600,1-5 m,1000,8000,5000,base,,,,,,,,,,43,20,15,12,40,18,12,10,0.045/0.101/0.202 ha,
gola,Gola,03-08-2016,512,1477,बिहुआ मु0,सिकन्दपुर/चिल्लुपार,ग्रामीण क्षेत्र,1400,no road,1700,1800,2300,1-5 m,12100,18700,16500,base,,,,,,180,77,67,58,170,72,61,55,140,59,44,38,0.045/0.101/0.202 ha,basic: pargana printed सिकन्दपुर (sic)
gola,Gola,03-08-2016,513,1478,विमटी,हवेली/चिल्लुपार,ग्रामीण क्षेत्र,1600,no road,1900,2400,3000,1-5 m,12100,18700,16500,base,,,,,,240,77,67,58,190,72,61,55,160,59,44,38,0.045/0.101/0.202 ha,
gola,Gola,03-08-2016,514,1479,विरहुआ,सिकन्दपुर/चिल्लुपार,ग्रामीण क्षेत्र,1400,no road,1700,1800,2300,1-5 m,12100,18700,16500,base,,,,,,180,77,67,58,170,72,61,55,140,59,44,38,0.045/0.101/0.202 ha,basic: pargana printed सिकन्दपुर (sic)
gola,Gola,03-08-2016,515,1480,विशुनपुरा,हवेली/चिल्लुपार,ग्रामीण क्षेत्र,1400,no road,1700,1800,2300,1-5 m,12100,18700,16500,base,,,,,,180,77,67,58,170,72,61,55,140,59,44,38,0.045/0.101/0.202 ha,
gola,Gola,03-08-2016,516,1481,बल्थर,सिकन्दरपुर/चिल्लुपार,ग्रामीण क्षेत्र,400,no road,425,500,600,1-5 m,1000,8000,5000,base,,,,,,,,,,43,20,15,12,40,18,12,10,0.045/0.101/0.202 ha,
gola,Gola,03-08-2016,517,1482,बड़हलगंज,हवेली/चिल्लुपार,ग्रामीण क्षेत्र,6200,no road,9000,10500,11200,1-5 m,33000,39600,34100,base,,1120,302,266,166,1050,276,228,145,900,255,225,138,620,186,152,97,0.045/0.101/0.202 ha,
gola,Gola,03-08-2016,518,1483,बैरिया खास मु0,सिकन्दरपुर/चिल्लुपार,ग्रामीण क्षेत्र,1400,no road,1700,1800,2300,1-5 m,12100,18700,16500,base,,,,,,180,77,67,58,170,72,61,55,140,59,44,38,0.045/0.101/0.202 ha,
gola,Gola,03-08-2016,519,1484,बैरिया खास ए0,सिकन्दरपुर/चिल्लुपार,ग्रामीण क्षेत्र,1400,no road,1700,1800,2300,1-5 m,12100,18700,16500,base,,,,,,180,77,67,58,170,72,61,55,140,59,44,38,0.045/0.101/0.202 ha,
gola,Gola,03-08-2016,520,1485,बगहॉ,सिकन्दरपुर/चिल्लुपार,ग्रामीण क्षेत्र,400,no road,425,500,600,1-5 m,1000,8000,5000,base,,,,,,,,,,43,20,15,12,40,18,12,10,0.045/0.101/0.202 ha,
gola,Gola,03-08-2016,521,1486,बन्जरहॉ,हवेली/चिल्लुपार,ग्रामीण क्षेत्र,1400,no road,1700,1800,2300,1-5 m,12100,18700,16500,base,,,,,,180,77,67,58,170,72,61,55,140,59,44,38,0.045/0.101/0.202 ha,
gola,Gola,03-08-2016,522,1487,बारीडीहा,हवेली/चिल्लुपार,ग्रामीण क्षेत्र,1900,no road,2400,2800,3500,1-5 m,13200,19800,17600,base,,350,80,70,60,280,77,61,59,240,72,66,55,190,59,44,38,0.045/0.101/0.202 ha,agri: dist_c 61 < link_c 66 as printed (re-checked zoom)
gola,Gola,03-08-2016,523,0024,भीखीगंज,वार्ड नं0–7 टा0ए0 गोला,अर्द्धनगरीय,5100,no road,7300,7900,8500,1-5 m,28600,35200,29700,base,,850,194,166,158,790,173,152,145,730,166,145,138,510,117,104,83,0.045/0.101/0.202 ha,
gola,Gola,03-08-2016,524,0025,भीखीगंज,वार्ड नं0–9 टा0ए0 गोला,अर्द्धनगरीय,5100,no road,7300,7900,8500,1-5 m,28600,35200,29700,base,,850,194,166,158,790,173,152,145,730,166,145,138,510,117,104,83,0.045/0.101/0.202 ha,
gola,Gola,03-08-2016,525,1488,भेंड़ीडीह,सिकन्दरपुर/चिल्लुपार,ग्रामीण क्षेत्र,1400,no road,1700,1800,2300,1-5 m,12100,18700,16500,base,,,,,,180,77,67,58,170,72,61,55,140,59,44,38,0.045/0.101/0.202 ha,
gola,Gola,03-08-2016,526,1489,भैंसहट,सेमरा/चिल्लुपार,ग्रामीण क्षेत्र,1400,no road,1700,1800,2300,1-5 m,12100,18700,16500,base,,,,,,180,77,67,58,170,72,61,55,140,59,44,38,0.045/0.101/0.202 ha,
gola,Gola,03-08-2016,527,1490,भाटपार,हवेली/चिल्लुपार,ग्रामीण क्षेत्र,3200,no road,4100,4800,6000,1-5 m,17600,24200,20900,base,,600,106,84,66,480,98,79,62,410,92,73,58,320,66,52,43,0.045/0.101/0.202 ha,
gola,Gola,03-08-2016,528,1491,भैसौली,हवेली/चिल्लुपार,ग्रामीण क्षेत्र,4600,no road,6200,6400,7300,1-5 m,28600,35200,29700,base,,730,187,173,138,640,166,159,127,620,159,147,117,460,113,106,85,0.045/0.101/0.202 ha,
gola,Gola,03-08-2016,529,1492,भिंसवा,हवेली/चिल्लुपार,ग्रामीण क्षेत्र,1400,no road,1700,1800,2300,1-5 m,12100,18700,16500,base,,,,,,180,77,67,58,170,72,61,55,140,59,44,38,0.045/0.101/0.202 ha,
gola,Gola,03-08-2016,530,1493,भिंटी दूबे,हवेली/चिल्लुपार,ग्रामीण क्षेत्र,1400,no road,1700,1800,2300,1-5 m,12100,18700,16500,base,,,,,,180,77,67,58,170,72,61,55,140,59,44,38,0.045/0.101/0.202 ha,
gola,Gola,03-08-2016,531,1494,भिंटी वाल,हवेली/चिल्लुपार,ग्रामीण क्षेत्र,1600,no road,1900,2400,3000,1-5 m,12100,18700,16500,base,,,,,,240,77,67,58,190,72,61,55,160,59,44,38,0.045/0.101/0.202 ha,
gola,Gola,03-08-2016,532,1495,भटनीपार खुर्द,खुटहन/धुरियापार,ग्रामीण क्षेत्र,3800,no road,4800,4900,5000,1-5 m,15400,22000,18700,base,,500,91,84,77,490,83,76,69,480,78,71,63,380,59,44,38,0.045/0.101/0.202 ha,
gola,Gola,03-08-2016,533,1496,भटनीपार बुजुर्ग,खुटहन/धुरियापार,ग्रामीण क्षेत्र,3400,no road,4800,4900,5000,1-5 m,15400,22000,18700,base,,500,91,84,77,490,82,76,69,480,78,70,63,340,56,51,46,0.045/0.101/0.202 ha,
gola,Gola,03-08-2016,534,1497,भिटहॉ,चांदपार/धुरियापार,ग्रामीण क्षेत्र,1400,no road,1700,1800,2300,1-5 m,12100,18700,16500,base,,,,,,180,77,67,58,170,72,61,55,140,59,44,38,0.045/0.101/0.202 ha,
gola,Gola,03-08-2016,535,1498,भताड़ी पदारथ दास,चांदपार/धुरियापार,ग्रामीण क्षेत्र,1400,no road,1700,1800,2300,1-5 m,12100,18700,16500,base,,,,,,180,77,67,58,170,72,61,55,140,59,44,38,0.045/0.101/0.202 ha,
gola,Gola,03-08-2016,536,1499,भताड़ी मन्नूलाल,चांदपार/धुरियापार,ग्रामीण क्षेत्र,1400,no road,1700,1800,2300,1-5 m,12100,18700,16500,base,,,,,,180,77,67,58,170,72,61,55,140,59,44,38,0.045/0.101/0.202 ha,
gola,Gola,03-08-2016,537,1500,भदौरा,चांदपार/धुरियापार,ग्रामीण क्षेत्र,1400,no road,1700,1800,2300,1-5 m,12100,18700,16500,base,,,,,,180,77,67,58,170,72,61,55,140,59,44,38,0.045/0.101/0.202 ha,
gola,Gola,03-08-2016,538,1501,भरवलिया बु0,कुरमौट/धुरियापार,ग्रामीण क्षेत्र,1400,no road,1700,1800,2300,1-5 m,12100,18700,16500,base,,,,,,180,77,67,58,170,72,61,55,140,59,44,38,0.045/0.101/0.202 ha,
gola,Gola,03-08-2016,539,1502,भरहुपुर,बनकट/धुरियापार,ग्रामीण क्षेत्र,1400,no road,1700,1800,2300,1-5 m,12100,18700,16500,base,,,,,,180,77,67,58,170,72,61,55,140,59,44,38,0.045/0.101/0.202 ha,
gola,Gola,03-08-2016,540,1503,भरसी खुर्द,नर्रे/धुरियापार,ग्रामीण क्षेत्र,1400,no road,1700,1800,2300,1-5 m,12100,18700,16500,base,,,,,,180,77,67,58,170,72,61,55,140,59,44,38,0.045/0.101/0.202 ha,
gola,Gola,03-08-2016,541,1504,भरसी बुजुर्ग,नर्रे/धुरियापार,ग्रामीण क्षेत्र,1400,no road,1700,1800,2300,1-5 m,12100,18700,16500,base,,,,,,180,77,67,58,170,72,61,55,140,59,44,38,0.045/0.101/0.202 ha,
gola,Gola,03-08-2016,542,1505,भरौली,बरहज/धुरियापार,ग्रामीण क्षेत्र,1800,no road,2400,2500,3000,1-5 m,13200,19800,17600,base,,,,,,250,91,81,63,240,83,78,61,180,61,56,44,0.045/0.101/0.202 ha,
gola,Gola,03-08-2016,543,1506,भर्रोह,बरहज/धुरियापार,ग्रामीण क्षेत्र,3100,no road,3600,4000,4200,1-5 m,15400,22000,18700,base,,420,121,96,77,400,106,87,69,360,102,81,63,310,72,59,47,0.045/0.101/0.202 ha,road: name_unclear:भरौंह/भर्रोह
gola,Gola,03-08-2016,544,1507,भीटी,बरहज/धुरियापार,ग्रामीण क्षेत्र,3300,no road,5000,6000,6500,1-5 m,15400,22000,18700,base,,650,144,115,101,600,104,97,90,500,97,90,83,330,76,62,55,0.045/0.101/0.202 ha,
gola,Gola,03-08-2016,545,1508,भलुअनी,कुरमौट/धुरियापार,ग्रामीण क्षेत्र,1400,no road,1700,1800,2300,1-5 m,12100,18700,16500,base,,,,,,180,77,67,58,170,72,61,55,140,59,44,38,0.045/0.101/0.202 ha,
gola,Gola,03-08-2016,546,1509,भलुअनी,चांदपार/धुरियापार,ग्रामीण क्षेत्र,1400,no road,1700,1800,2300,1-5 m,12100,18700,16500,base,,,,,,180,77,67,58,170,72,61,55,140,59,44,38,0.045/0.101/0.202 ha,
gola,Gola,03-08-2016,547,1510,भवनपुर,बेलघाट/धुरियापार,ग्रामीण क्षेत्र,1400,no road,1700,1800,2300,1-5 m,12100,18700,16500,base,,,,,,180,77,67,58,170,72,61,55,140,59,44,38,0.045/0.101/0.202 ha,
gola,Gola,03-08-2016,548,1511,भवानीपुर,चांदपार/धुरियापार,ग्रामीण क्षेत्र,1400,no road,1700,1800,2300,1-5 m,12100,18700,16500,base,,,,,,180,77,67,58,170,72,61,55,140,59,44,38,0.045/0.101/0.202 ha,
gola,Gola,03-08-2016,549,1512,भवसी,हवेली/धुरियापार,ग्रामीण क्षेत्र,1400,no road,1700,1800,2300,1-5 m,12100,18700,16500,base,,,,,,180,77,67,58,170,72,61,55,140,59,44,38,0.045/0.101/0.202 ha,
gola,Gola,03-08-2016,550,1513,भवाजितपुर,चांदपार/धुरियापार,ग्रामीण क्षेत्र,2100,no road,2400,2500,3000,1-5 m,12100,18700,16500,base,,,,,,250,91,83,64,240,83,78,61,210,61,56,44,0.045/0.101/0.202 ha,
gola,Gola,03-08-2016,551,1514,भवानीपुर,बनकट/धुरियापार,ग्रामीण क्षेत्र,1400,no road,1700,1800,2300,1-5 m,12100,18700,16500,base,,,,,,180,77,67,58,170,72,61,55,140,59,44,38,0.045/0.101/0.202 ha,
gola,Gola,03-08-2016,552,1515,भुईधरा खुर्द,हवेली/धुरियापार,ग्रामीण क्षेत्र,1400,no road,1700,1800,2300,1-5 m,12100,18700,16500,base,,,,,,180,77,67,58,170,72,61,55,140,59,44,38,0.045/0.101/0.202 ha,
gola,Gola,03-08-2016,553,1516,भूपगढ़,गौर/धुरियापार,ग्रामीण क्षेत्र,1800,no road,2400,2500,3000,1-5 m,13200,19800,17600,base,,,,,,250,91,83,64,240,83,78,61,180,61,56,44,0.045/0.101/0.202 ha,
gola,Gola,03-08-2016,554,1517,भैंसाव,चांदपार/धुरियापार,ग्रामीण क्षेत्र,1400,no road,1700,1800,2300,1-5 m,12100,18700,16500,base,,,,,,180,77,67,58,170,72,61,55,140,59,44,38,0.045/0.101/0.202 ha,
gola,Gola,03-08-2016,555,1518,भाटचक,हवेली/धुरियापार,ग्रामीण क्षेत्र,1400,no road,1700,1800,2300,1-5 m,12100,18700,16500,base,,,,,,180,77,67,58,170,72,61,55,140,59,44,38,0.045/0.101/0.202 ha,
gola,Gola,03-08-2016,556,1519,भीखाभार खुर्द,रतनपुर/धुरियापार,ग्रामीण क्षेत्र,1400,no road,1700,1800,2300,1-5 m,12100,18700,16500,base,,,,,,180,77,67,58,170,72,61,55,140,59,44,38,0.045/0.101/0.202 ha,
gola,Gola,03-08-2016,557,1520,भीखाभार बुजुर्ग,रतनपुर/धुरियापार,ग्रामीण क्षेत्र,1400,no road,1700,1800,2300,1-5 m,12100,18700,16500,base,,,,,,180,77,67,58,170,72,61,55,140,59,44,38,0.045/0.101/0.202 ha,
gola,Gola,03-08-2016,558,1521,भड़सरा,बरहज/धुरियापार,ग्रामीण क्षेत्र,3600,no road,4300,4500,5200,1-5 m,17600,24200,20900,base,,520,151,138,118,450,139,125,104,430,132,118,95,360,95,85,71,0.045/0.101/0.202 ha,
gola,Gola,03-08-2016,559,1522,भीटी,खुटहन/धुरियापार,ग्रामीण क्षेत्र,1800,no road,2600,2800,3500,1-5 m,13200,19800,17600,base,,,,,,280,106,92,79,260,79,72,66,180,66,53,40,0.045/0.101/0.202 ha,
gola,Gola,03-08-2016,560,1523,भुईधरा बुजुर्ग,हवेली/धुरियापार,ग्रामीण क्षेत्र,1400,no road,1700,1800,2300,1-5 m,12100,18700,16500,base,,,,,,180,77,67,58,170,72,61,55,140,59,44,38,0.045/0.101/0.202 ha,
gola,Gola,03-08-2016,561,1524,भीटी,मजुरी/धुरियापार,ग्रामीण क्षेत्र,3100,no road,4400,5400,5800,1-5 m,17600,24200,20900,base,,580,138,131,124,540,108,87,72,440,102,79,63,310,72,66,60,0.045/0.101/0.202 ha,
gola,Gola,03-08-2016,562,1525,भीखमपट्टी,गौर/धुरियापार,ग्रामीण क्षेत्र,1400,no road,1700,1800,2300,1-5 m,12100,18700,16500,base,,,,,,180,77,67,58,170,72,61,55,140,59,44,38,0.045/0.101/0.202 ha,
gola,Gola,03-08-2016,563,0026,मल्लाह टोली,वार्ड नं0–07 टा0ए0 गोला,अर्द्धनगरीय,5100,no road,7300,7900,8500,1-5 m,28600,35200,29700,base,,850,194,166,158,790,173,152,145,730,166,145,138,510,117,104,83,0.045/0.101/0.202 ha,
gola,Gola,03-08-2016,564,0041,मुल्लाह चौधराना,वार्ड नं0–03 टा0ए0 बड़हलगंज,अर्द्धनगरीय,6200,no road,9000,10500,11200,1-5 m,33000,39600,34100,base,,1120,302,266,166,1050,276,228,145,900,255,225,138,620,186,152,97,0.045/0.101/0.202 ha,
gola,Gola,03-08-2016,565,0042,मुहल्ला लालगंज,वार्ड नं0–09 टा0ए0 बड़हलगंज,अर्द्धनगरीय,6200,no road,9000,10500,11200,1-5 m,33000,39600,34100,base,,1120,302,266,166,1050,276,228,145,900,255,225,138,620,186,152,97,0.045/0.101/0.202 ha,
gola,Gola,03-08-2016,566,0043,महदेवा मु0,वार्ड नं0–12 टा0ए0 बड़हलगंज,अर्द्धनगरीय,6200,no road,9000,10500,11200,1-5 m,33000,39600,34100,base,,1120,302,266,166,1050,276,228,145,900,255,225,138,620,186,152,97,0.045/0.101/0.202 ha,road: name_check:मुं0 printed with dot
gola,Gola,03-08-2016,567,1526,मधुपुर,सेमरा/चिल्लुपार,ग्रामीण क्षेत्र,1800,no road,2300,2400,3000,1-5 m,13200,19800,17600,base,,,,,,240,89,82,69,230,83,78,63,180,61,56,46,0.045/0.101/0.202 ha,
gola,Gola,03-08-2016,568,1527,मंझरिया,हवेली/चिल्लुपार,ग्रामीण क्षेत्र,1600,no road,1900,2400,3000,1-5 m,12100,18700,16500,base,,,,,,240,77,67,58,190,72,61,55,160,59,44,38,0.045/0.101/0.202 ha,
gola,Gola,03-08-2016,569,1528,मरकड़ी,सिकन्दरपुर/चिल्लुपार,ग्रामीण क्षेत्र,1400,no road,1700,1800,2300,1-5 m,12100,18700,16500,base,,,,,,180,77,67,58,170,72,61,55,140,59,44,38,0.045/0.101/0.202 ha,
gola,Gola,03-08-2016,570,1529,मरवट,हवेली/चिल्लुपार,ग्रामीण क्षेत्र,1400,no road,1700,1800,2300,1-5 m,12100,18700,16500,base,,,,,,180,77,67,58,170,72,61,55,140,59,44,38,0.045/0.101/0.202 ha,
gola,Gola,03-08-2016,571,1530,मरवटिया,सिकन्दरपुर/चिल्लुपार,ग्रामीण क्षेत्र,1400,no road,1700,1800,2300,1-5 m,12100,18700,16500,base,,,,,,180,77,67,58,170,72,61,55,140,59,44,38,0.045/0.101/0.202 ha,
gola,Gola,03-08-2016,572,1531,मुन्ड़ाडीह,सिकन्दरपुर/चिल्लुपार,ग्रामीण क्षेत्र,400,no road,425,500,600,1-5 m,1000,8000,5000,base,,,,,,,,,,43,20,15,12,40,18,12,10,0.045/0.101/0.202 ha,basic: rate 400 clearly printed (low vs neighbours)
gola,Gola,03-08-2016,573,1532,मझिलावन,हवेली/चिल्लुपार,ग्रामीण क्षेत्र,1400,no road,1700,1800,2300,1-5 m,12100,18700,16500,base,,,,,,180,77,67,58,170,72,61,55,140,59,44,38,0.045/0.101/0.202 ha,
gola,Gola,03-08-2016,574,1533,मठिया,सेमरा/चिल्लुपार,ग्रामीण क्षेत्र,1400,no road,1700,1800,2300,1-5 m,12100,18700,16500,base,,,,,,180,77,67,58,170,72,61,55,140,59,44,38,0.045/0.101/0.202 ha,
gola,Gola,03-08-2016,575,1534,मुजौना,सिकन्दरपुर/चिल्लुपार,ग्रामीण क्षेत्र,1800,no road,2300,2400,2600,1-5 m,13200,19800,17600,base,,260,103,96,77,240,95,87,69,230,87,81,63,180,63,59,46,0.045/0.101/0.202 ha,
gola,Gola,03-08-2016,576,1535,मुड़ेरा बेनी प्रसाद,सिकन्दरपुर/चिल्लुपार,ग्रामीण क्षेत्र,1400,no road,1700,1800,2300,1-5 m,12100,18700,16500,base,,,,,,180,77,67,58,170,72,61,55,140,59,44,38,0.045/0.101/0.202 ha,
gola,Gola,03-08-2016,577,1536,मुड़ेरा बाबू,सिकन्दरपुर/चिल्लुपार,ग्रामीण क्षेत्र,1400,no road,1700,1800,2300,1-5 m,12100,18700,16500,base,,,,,,180,77,67,58,170,72,61,55,140,59,44,38,0.045/0.101/0.202 ha,
gola,Gola,03-08-2016,578,1537,मोहन पौहरिया,सिकन्दरपुर/चिल्लुपार,ग्रामीण क्षेत्र,1400,no road,1700,1800,2300,1-5 m,12100,18700,16500,base,,,,,,180,77,67,58,170,72,61,55,140,59,44,38,0.045/0.101/0.202 ha,
gola,Gola,03-08-2016,579,1538,मोहन पौहरिया एहतमाली,सिकन्दरपुर/चिल्लुपार,ग्रामीण क्षेत्र,400,no road,425,500,600,1-5 m,1000,8000,5000,base,,,,,,,,,,43,20,15,12,40,18,12,10,0.045/0.101/0.202 ha,basic: rate 400 clearly printed (low vs neighbours)
gola,Gola,03-08-2016,580,1539,मुरलीपुर,सेमरा/चिल्लुपार,ग्रामीण क्षेत्र,1400,no road,1700,1800,2300,1-5 m,12100,18700,16500,base,,,,,,180,77,67,58,170,72,61,55,140,59,44,38,0.045/0.101/0.202 ha,
gola,Gola,03-08-2016,581,1540,मुहाल जलकर मु0,सिकन्दरपुर/चिल्लुपार,ग्रामीण क्षेत्र,1800,no road,3000,3500,4000,1-5 m,12100,18700,16500,base,,400,80,70,60,350,77,67,58,300,72,61,55,180,59,44,38,0.045/0.101/0.202 ha,
gola,Gola,03-08-2016,582,1541,मुहाल जलकर एह0,सिकन्दरपुर/चिल्लुपार,ग्रामीण क्षेत्र,1400,no road,1700,1800,2300,1-5 m,12100,18700,16500,base,,,,,,180,77,67,58,170,72,61,55,140,59,44,38,0.045/0.101/0.202 ha,
gola,Gola,03-08-2016,583,1542,महुआपार,हवेली/चिल्लुपार,ग्रामीण क्षेत्र,2500,no road,2900,3000,3500,1-5 m,15400,22000,18700,base,,350,92,84,77,300,83,76,70,290,78,70,63,250,66,61,46,0.045/0.101/0.202 ha,
gola,Gola,03-08-2016,584,1543,महुलिया खजुहा,हवेली/चिल्लुपार,ग्रामीण क्षेत्र,1400,no road,1700,1800,2300,1-5 m,12100,18700,16500,base,,,,,,180,77,67,58,170,72,61,55,140,59,44,38,0.045/0.101/0.202 ha,
gola,Gola,03-08-2016,585,1544,महुलिया खुर्द,हवेली/चिल्लुपार,ग्रामीण क्षेत्र,1400,no road,1700,1800,2300,1-5 m,12100,18700,16500,base,,,,,,180,77,67,58,170,72,61,55,140,59,44,38,0.045/0.101/0.202 ha,
gola,Gola,03-08-2016,586,1545,महुलिया पोयल,हवेली/चिल्लुपार,ग्रामीण क्षेत्र,3100,no road,3500,3600,3700,1-5 m,13200,19800,17600,base,,370,113,91,77,360,89,81,69,350,86,77,63,310,72,59,46,0.045/0.101/0.202 ha,
gola,Gola,03-08-2016,587,1546,मेदुआपार,हवेली/चिल्लुपार,ग्रामीण क्षेत्र,1900,no road,2000,2500,4000,1-5 m,12100,18700,16500,base,,400,90,80,70,250,77,67,58,200,72,61,55,190,59,44,38,0.045/0.101/0.202 ha,
gola,Gola,03-08-2016,588,1547,मैभरा,सिकन्दरपुर/चिल्लुपार,ग्रामीण क्षेत्र,1800,no road,2300,2400,2800,1-5 m,13200,19800,17600,base,,280,103,96,77,240,95,87,69,230,87,81,63,180,63,59,46,0.045/0.101/0.202 ha,basic: serial print looks like 583 (broken 8); read 588 by continuity
gola,Gola,03-08-2016,589,1548,माझा उर्फ सूबेदारनगर,सिकन्दरपुर/चिल्लुपार,ग्रामीण क्षेत्र,1400,no road,1700,1800,2300,1-5 m,12100,18700,16500,base,,,,,,180,77,67,58,170,72,61,55,140,59,44,38,0.045/0.101/0.202 ha,
gola,Gola,03-08-2016,590,1549,मिश्रौली,सेमरा/चिल्लुपार,ग्रामीण क्षेत्र,1400,no road,1700,1800,2300,1-5 m,12100,18700,16500,base,,,,,,180,77,67,58,170,72,61,55,140,59,44,38,0.045/0.101/0.202 ha,
gola,Gola,03-08-2016,591,1550,मझवलिया,मझवलिया/चिल्लुपार,ग्रामीण क्षेत्र,1400,no road,1700,1800,2300,1-5 m,12100,18700,16500,base,,,,,,180,77,67,58,170,72,61,55,140,59,44,38,0.045/0.101/0.202 ha,
gola,Gola,03-08-2016,592,1551,मिश्रौली,हवेली/चिल्लूपार,ग्रामीण क्षेत्र,5500,no road,7000,8000,9000,1-5 m,28600,35200,29700,base,,900,288,245,158,800,262,221,145,700,248,207,136,550,179,152,97,0.045/0.101/0.202 ha,
gola,Gola,03-08-2016,593,1552,मन्नीपुर,बरहज/धुरियापार,ग्रामीण क्षेत्र,3600,no road,4400,4800,5200,1-5 m,28600,35200,29700,base,,520,262,221,158,480,212,145,113,440,198,132,72,360,145,86,70,0.045/0.101/0.202 ha,
gola,Gola,03-08-2016,594,1553,मऊ बुजुर्ग,खुटहन/धुरियापार,ग्रामीण क्षेत्र,1400,no road,1700,1800,2300,1-5 m,12100,18700,16500,base,,,,,,180,77,67,58,170,72,61,55,140,59,44,38,0.045/0.101/0.202 ha,
gola,Gola,03-08-2016,595,1554,मकरन्दपुर,हवेली/धुरियापार,ग्रामीण क्षेत्र,1400,no road,1700,1800,2300,1-5 m,12100,18700,16500,base,,,,,,180,77,67,58,170,72,61,55,140,59,44,38,0.045/0.101/0.202 ha,
gola,Gola,03-08-2016,596,1555,मझगॉवा,कुरमौट/धुरियापार,ग्रामीण क्षेत्र,1400,no road,1700,1800,2300,1-5 m,12100,18700,16500,base,,,,,,180,77,67,58,170,72,61,55,140,59,44,38,0.045/0.101/0.202 ha,
gola,Gola,03-08-2016,597,1556,मझौरा,अठैसी/धुरियापार,ग्रामीण क्षेत्र,1400,no road,1700,1800,2300,1-5 m,12100,18700,16500,base,,,,,,180,77,67,58,170,72,61,55,140,59,44,38,0.045/0.101/0.202 ha,
gola,Gola,03-08-2016,598,1557,मठअयोध्या,कोंहरा/धुरियापार,ग्रामीण क्षेत्र,1400,no road,1700,1800,2300,1-5 m,12100,18700,16500,base,,,,,,180,77,67,58,170,72,61,55,140,59,44,38,0.045/0.101/0.202 ha,
gola,Gola,03-08-2016,599,1558,मठपरशुराम,कुरमौट/धुरियापार,ग्रामीण क्षेत्र,1800,no road,2300,2400,3000,1-5 m,12100,18700,16500,base,,,,,,240,94,87,79,230,87,79,66,180,66,60,47,0.045/0.101/0.202 ha,
gola,Gola,03-08-2016,600,1559,मठसहदेवापार,कुरमौट/धुरियापार,ग्रामीण क्षेत्र,1400,no road,1700,1800,2300,1-5 m,12100,18700,16500,base,,,,,,180,77,67,58,170,72,61,55,140,59,44,38,0.045/0.101/0.202 ha,
gola,Gola,03-08-2016,601,1560,मठ आदम,कुरमौट/धुरियापार,ग्रामीण क्षेत्र,1400,no road,1700,1800,2300,1-5 m,12100,18700,16500,base,,,,,,180,77,67,58,170,72,61,55,140,59,44,38,0.045/0.101/0.202 ha,
gola,Gola,03-08-2016,602,1561,मठ केशव,चांदपार/धुरियापार,ग्रामीण क्षेत्र,1400,no road,1700,1800,2300,1-5 m,12100,18700,16500,base,,,,,,180,77,67,58,170,72,61,55,140,59,44,38,0.045/0.101/0.202 ha,
gola,Gola,03-08-2016,603,1562,मठ जयराम,चांदपार/धुरियापार,ग्रामीण क्षेत्र,1400,no road,1700,1800,2300,1-5 m,12100,18700,16500,base,,,,,,180,77,67,58,170,72,61,55,140,59,44,38,0.045/0.101/0.202 ha,
gola,Gola,03-08-2016,604,1563,मठ दुर्वाशा,गौर/धुरियापार,ग्रामीण क्षेत्र,1400,no road,1700,1800,2300,1-5 m,12100,18700,16500,base,,,,,,180,77,67,58,170,72,61,55,140,59,44,38,0.045/0.101/0.202 ha,
gola,Gola,03-08-2016,605,1564,मठपुरी,बेलघाट/धुरियापार,ग्रामीण क्षेत्र,1400,no road,1700,1800,2300,1-5 m,12100,18700,16500,base,,,,,,180,77,67,58,170,72,61,55,140,59,44,38,0.045/0.101/0.202 ha,
gola,Gola,03-08-2016,606,1565,मठ भताड़ी,चांदपार/धुरियापार,ग्रामीण क्षेत्र,1400,no road,1700,1800,2300,1-5 m,12100,18700,16500,base,,,,,,180,77,67,58,170,72,61,55,140,59,44,38,0.045/0.101/0.202 ha,
gola,Gola,03-08-2016,607,1566,मठ माधव,चांदपार/धुरियापार,ग्रामीण क्षेत्र,1400,no road,1700,1800,2300,1-5 m,12100,18700,16500,base,,,,,,180,77,67,58,170,72,61,55,140,59,44,38,0.045/0.101/0.202 ha,
gola,Gola,03-08-2016,608,1567,मठ शोभा,कुरमौट/धुरियापार,ग्रामीण क्षेत्र,1400,no road,1700,1800,2300,1-5 m,12100,18700,16500,base,,,,,,180,77,67,58,170,72,61,55,140,59,44,38,0.045/0.101/0.202 ha,
gola,Gola,03-08-2016,609,1568,मठ सुरेमन,चांदपार/धुरियापार,ग्रामीण क्षेत्र,2500,no road,3500,3700,3800,1-5 m,15400,22000,18700,base,,380,94,84,77,370,83,76,69,350,78,70,63,250,66,61,46,0.045/0.101/0.202 ha,
gola,Gola,03-08-2016,610,1569,मठ श्रीराम,कुरमौट/धुरियापार,ग्रामीण क्षेत्र,1400,no road,1700,1800,2300,1-5 m,12100,18700,16500,base,,,,,,180,77,67,58,170,72,61,55,140,59,44,38,0.045/0.101/0.202 ha,
gola,Gola,03-08-2016,611,1570,मदरहा,चांदपार/धुरियापार,ग्रामीण क्षेत्र,1400,no road,1700,1800,2300,1-5 m,12100,18700,16500,base,,,,,,180,77,67,58,170,72,61,55,140,59,44,38,0.045/0.101/0.202 ha,
gola,Gola,03-08-2016,612,1571,मदरहा मु0,खुटहन/धुरियापार,ग्रामीण क्षेत्र,1400,no road,1700,1800,2300,1-5 m,12100,18700,16500,base,,,,,,180,77,67,58,170,72,61,55,140,59,44,38,0.045/0.101/0.202 ha,
gola,Gola,03-08-2016,613,1572,मदरहा एह0,खुटहन/धुरियापार,ग्रामीण क्षेत्र,1400,no road,1700,1800,2300,1-5 m,12100,18700,16500,base,,,,,,180,77,67,58,170,72,61,55,140,59,44,38,0.045/0.101/0.202 ha,
gola,Gola,03-08-2016,614,1573,मदरिया,खुटहन/धुरियापार,ग्रामीण क्षेत्र,3100,no road,3500,3700,3800,1-5 m,13200,19800,17600,base,,380,121,96,77,370,108,87,69,350,102,81,63,310,72,60,47,0.045/0.101/0.202 ha,
gola,Gola,03-08-2016,615,1574,मधुपट्टी,बनकट/धुरियापार,ग्रामीण क्षेत्र,1400,no road,1700,1800,2300,1-5 m,12100,18700,16500,base,,,,,,180,77,67,58,170,72,61,55,140,59,44,38,0.045/0.101/0.202 ha,
gola,Gola,03-08-2016,616,1575,मधुपुर,खुटहन/धुरियापार,ग्रामीण क्षेत्र,2100,no road,2600,3100,3500,1-5 m,13200,19800,17600,base,,,,,,310,91,83,70,260,83,77,63,210,61,56,46,0.045/0.101/0.202 ha,
gola,Gola,03-08-2016,617,1576,मंझरिया,कुरमौट/धुरियापार,ग्रामीण क्षेत्र,1400,no road,1700,1800,2300,1-5 m,12100,18700,16500,base,,,,,,180,77,67,58,170,72,61,55,140,59,44,38,0.045/0.101/0.202 ha,
gola,Gola,03-08-2016,618,1577,मंसूरचक,चांदपार/धुरियापार,ग्रामीण क्षेत्र,1400,no road,1700,1800,2300,1-5 m,12100,18700,16500,base,,,,,,180,77,67,58,170,72,61,55,140,59,44,38,0.045/0.101/0.202 ha,
gola,Gola,03-08-2016,619,1578,महुआड़ाड,बनकट/धुरियापार,ग्रामीण क्षेत्र,1400,no road,1700,1800,2300,1-5 m,12100,18700,16500,base,,,,,,180,77,67,58,170,72,61,55,140,59,44,38,0.045/0.101/0.202 ha,
gola,Gola,03-08-2016,620,1579,मुकुन्दवार,खुटहन/धुरियापार,ग्रामीण क्षेत्र,1400,no road,1700,1800,2300,1-5 m,12100,18700,16500,base,,,,,,180,77,67,58,170,72,61,55,140,59,44,38,0.045/0.101/0.202 ha,
gola,Gola,03-08-2016,621,1580,मन्नीपुर,रतनपुर/धुरियापार,ग्रामीण क्षेत्र,2100,no road,2600,2800,3500,1-5 m,13200,19800,17600,base,,,,,,280,92,86,81,260,86,75,63,210,63,58,46,0.045/0.101/0.202 ha,
gola,Gola,03-08-2016,622,1581,मरचा,कुरमौट/धुरियापार,ग्रामीण क्षेत्र,1800,no road,2300,2400,3000,1-5 m,13200,19800,17600,base,,,,,,240,86,79,72,230,79,72,60,180,60,53,47,0.045/0.101/0.202 ha,
gola,Gola,03-08-2016,623,1582,मरची,उसरी/धुरियापार,ग्रामीण क्षेत्र,1800,no road,2300,2400,3000,1-5 m,13200,19800,17600,base,,,,,,240,86,79,72,230,79,72,60,180,60,53,47,0.045/0.101/0.202 ha,
gola,Gola,03-08-2016,624,1583,मरचीपार खुर्द,खुटहन/धुरियापार,ग्रामीण क्षेत्र,1800,no road,2200,2400,2800,1-5 m,12100,18700,16500,base,,,,,,240,61,59,53,220,59,55,46,180,55,53,44,0.045/0.101/0.202 ha,
gola,Gola,03-08-2016,625,1584,मरचीपार बुजुर्ग,खुटहन/धुरियापार,ग्रामीण क्षेत्र,1800,no road,2300,2400,2800,1-5 m,13200,19800,17600,base,,,,,,240,86,79,72,230,79,72,60,180,60,53,47,0.045/0.101/0.202 ha,
gola,Gola,03-08-2016,626,1585,मरवटिया,चांदपार/धुरियापार,ग्रामीण क्षेत्र,1400,no road,1700,1800,2300,1-5 m,12100,18700,16500,base,,,,,,180,77,67,58,170,72,61,55,140,59,44,38,0.045/0.101/0.202 ha,
gola,Gola,03-08-2016,627,1586,मरवटिया,रतनपुर/धुरियापार,ग्रामीण क्षेत्र,1400,no road,1700,1800,2300,1-5 m,12100,18700,16500,base,,,,,,180,77,67,58,170,72,61,55,140,59,44,38,0.045/0.101/0.202 ha,
gola,Gola,03-08-2016,628,1587,मलौली,रतनपुर/धुरियापार,ग्रामीण क्षेत्र,1400,no road,1700,1800,2300,1-5 m,12100,18700,16500,base,,,,,,180,77,67,58,170,72,61,55,140,59,44,38,0.045/0.101/0.202 ha,
gola,Gola,03-08-2016,629,1588,मटिहानी,खुटहन/धुरियापार,ग्रामीण क्षेत्र,3100,no road,3700,3800,3900,1-5 m,15400,22000,18700,base,,390,94,84,77,380,83,76,69,370,78,70,63,310,56,51,46,0.045/0.101/0.202 ha,
gola,Gola,03-08-2016,630,1589,मठिया,चांदपार/धुरियापार,ग्रामीण क्षेत्र,1400,no road,1700,1800,2300,1-5 m,12100,18700,16500,base,,,,,,180,77,67,58,170,72,61,55,140,59,44,38,0.045/0.101/0.202 ha,
gola,Gola,03-08-2016,631,1590,महीउद्दीनपुर,चांदपार/धुरियापार,ग्रामीण क्षेत्र,1400,no road,1700,1800,2300,1-5 m,12100,18700,16500,base,,,,,,180,77,67,58,170,72,61,55,140,59,44,38,0.045/0.101/0.202 ha,
gola,Gola,03-08-2016,632,1591,मुड़ेरी,नर्रे/धुरियापार,ग्रामीण क्षेत्र,1400,no road,1700,1800,2300,1-5 m,12100,18700,16500,base,,,,,,180,77,67,58,170,72,61,55,140,59,44,38,0.045/0.101/0.202 ha,
gola,Gola,03-08-2016,633,1592,मुरारपुर,चोंडर/धुरियापार,ग्रामीण क्षेत्र,1400,no road,1700,1800,2300,1-5 m,12100,18700,16500,base,,,,,,180,77,67,58,170,72,61,55,140,59,44,38,0.045/0.101/0.202 ha,
gola,Gola,03-08-2016,634,1593,मुरारपुर,बनकट/धुरियापार,ग्रामीण क्षेत्र,1400,no road,1700,1800,2300,1-5 m,12100,18700,16500,base,,,,,,180,77,67,58,170,72,61,55,140,59,44,38,0.045/0.101/0.202 ha,
gola,Gola,03-08-2016,635,1594,मुबारकपुर,बनकट/धुरियापार,ग्रामीण क्षेत्र,1400,no road,1700,1800,2300,1-5 m,12100,18700,16500,base,,,,,,180,77,67,58,170,72,61,55,140,59,44,38,0.045/0.101/0.202 ha,
gola,Gola,03-08-2016,636,1595,मुहम्मदपुर,खुटहन/धुरियापार,ग्रामीण क्षेत्र,3100,no road,3600,3700,3800,1-5 m,15400,22000,18700,base,,380,94,84,77,370,83,76,69,360,78,70,63,310,56,51,46,0.045/0.101/0.202 ha,
gola,Gola,03-08-2016,637,1596,मुहम्मदपुर,बनकट/धुरियापार,ग्रामीण क्षेत्र,1400,no road,1700,1800,2300,1-5 m,12100,18700,16500,base,,,,,,180,77,67,58,170,72,61,55,140,59,44,38,0.045/0.101/0.202 ha,
gola,Gola,03-08-2016,638,1597,महुआड़ाड,चांदपार/धुरियापार,ग्रामीण क्षेत्र,1400,no road,1700,1800,2300,1-5 m,12100,18700,16500,base,,,,,,180,77,67,58,170,72,61,55,140,59,44,38,0.045/0.101/0.202 ha,
gola,Gola,03-08-2016,639,1598,महुनिया,मजुरी/धुरियापार,ग्रामीण क्षेत्र,1400,no road,1700,1800,2300,1-5 m,12100,18700,16500,base,,,,,,180,77,67,58,170,72,61,55,140,59,44,38,0.045/0.101/0.202 ha,
gola,Gola,03-08-2016,640,1599,मुंगवार,चांदपार/धुरियापार,ग्रामीण क्षेत्र,1400,no road,1700,1800,2300,1-5 m,12100,18700,16500,base,,,,,,180,77,67,58,170,72,61,55,140,59,44,38,0.045/0.101/0.202 ha,
gola,Gola,03-08-2016,641,1600,महतोपार,मजुरी/धुरियापार,ग्रामीण क्षेत्र,1400,no road,1700,1800,2300,1-5 m,12100,18700,16500,base,,,,,,180,77,67,58,170,72,61,55,140,59,44,38,0.045/0.101/0.202 ha,
gola,Gola,03-08-2016,642,1601,महसनपटटी,हवेली/धुरियापार,ग्रामीण क्षेत्र,1400,no road,1700,1800,2300,1-5 m,12100,18700,16500,base,,,,,,180,77,67,58,170,72,61,55,140,59,44,38,0.045/0.101/0.202 ha,
gola,Gola,03-08-2016,643,1602,मिश्रौलिया,कोहरा/धुरियापार,ग्रामीण क्षेत्र,1400,no road,1700,1800,2300,1-5 m,12100,18700,16500,base,,,,,,180,77,67,58,170,72,61,55,140,59,44,38,0.045/0.101/0.202 ha,
gola,Gola,03-08-2016,644,1603,मोहनपुर,चांदपार/धुरियापार,ग्रामीण क्षेत्र,1400,no road,1700,1800,2300,1-5 m,12100,18700,16500,base,,,,,,180,77,67,58,170,72,61,55,140,59,44,38,0.045/0.101/0.202 ha,
gola,Gola,03-08-2016,645,1604,मेड़री,चांदपार/धुरियापार,ग्रामीण क्षेत्र,2500,no road,3500,3600,3700,1-5 m,15400,22000,18700,base,,370,94,84,77,360,83,76,69,350,78,70,63,250,66,61,46,0.045/0.101/0.202 ha,
gola,Gola,03-08-2016,646,1605,मेहदरॉव,बरहज/धुरियापार,ग्रामीण क्षेत्र,1400,no road,1700,1800,2300,1-5 m,12100,18700,16500,base,,,,,,180,77,67,58,170,72,61,55,140,59,44,38,0.045/0.101/0.202 ha,
gola,Gola,03-08-2016,647,1606,मैदानचक,हवेली/धुरियापार,ग्रामीण क्षेत्र,1400,no road,1700,1800,2300,1-5 m,12100,18700,16500,base,,,,,,180,77,67,58,170,72,61,55,140,59,44,38,0.045/0.101/0.202 ha,
gola,Gola,03-08-2016,648,1607,मंगलपुर,खुटहन/धुरियापार,ग्रामीण क्षेत्र,1800,no road,2300,2400,3000,1-5 m,12100,18700,16500,base,,,,,,240,91,83,70,230,83,78,63,180,61,56,44,0.045/0.101/0.202 ha,
gola,Gola,03-08-2016,649,1608,मंझरिया,अठैसी/धुरियापार,ग्रामीण क्षेत्र,1400,no road,1700,1800,2300,1-5 m,12100,18700,16500,base,,,,,,180,77,67,58,170,72,61,55,140,59,44,38,0.045/0.101/0.202 ha,
gola,Gola,03-08-2016,650,1609,मांडर,बेलघाट/धुरियापार,ग्रामीण क्षेत्र,1400,no road,1700,1800,2300,1-5 m,12100,18700,16500,base,,,,,,180,77,67,58,170,72,61,55,140,59,44,38,0.045/0.101/0.202 ha,
gola,Gola,03-08-2016,651,1610,मामखोर,मजुरी/धुरियापार,ग्रामीण क्षेत्र,1850,no road,2400,2500,3000,1-5 m,13200,19800,17600,base,,,,,,250,91,83,64,240,83,78,61,185,61,56,44,0.045/0.101/0.202 ha,
gola,Gola,03-08-2016,652,1611,मालपुर,बनकट/धुरियापार,ग्रामीण क्षेत्र,1400,no road,1700,1800,2300,1-5 m,12100,18700,16500,base,,,,,,180,77,67,58,170,72,61,55,140,59,44,38,0.045/0.101/0.202 ha,
gola,Gola,03-08-2016,653,1612,मोहनपुर,बेलघाट/धुरियापार,ग्रामीण क्षेत्र,1400,no road,1700,1800,2300,1-5 m,12100,18700,16500,base,,,,,,180,77,67,58,170,72,61,55,140,59,44,38,0.045/0.101/0.202 ha,
gola,Gola,03-08-2016,654,1613,मिश्रौली,चांदपार/धुरियापार,ग्रामीण क्षेत्र,2100,no road,2600,2900,3300,1-5 m,13200,19800,17600,base,,,,,,290,92,86,81,260,86,75,63,210,63,58,46,0.045/0.101/0.202 ha,
gola,Gola,03-08-2016,655,1614,मिश्रौलिया,कुरमौट/धुरियापार,ग्रामीण क्षेत्र,1400,no road,1700,1800,2300,1-5 m,12100,18700,16500,base,,,,,,180,77,67,58,170,72,61,55,140,59,44,38,0.045/0.101/0.202 ha,
gola,Gola,03-08-2016,656,1615,मेहड़ा,बरहज/धुरियापार,ग्रामीण क्षेत्र,2500,no road,3700,3900,4000,1-5 m,13200,19800,17600,base,,400,94,84,77,390,83,76,69,370,78,70,63,250,66,61,46,0.045/0.101/0.202 ha,
gola,Gola,03-08-2016,657,1616,मदरिया उर्फ गोला,बरहज/धुरियापार,ग्रामीण क्षेत्र,5100,no road,7300,7900,8500,1-5 m,28600,35200,29700,base,,850,194,166,158,790,173,152,145,730,166,145,138,510,117,104,83,0.045/0.101/0.202 ha,
gola,Gola,03-08-2016,658,1617,रामगढ़,सिकन्दरपुर/चिल्लुपार,ग्रामीण क्षेत्र,1400,no road,1700,1800,2300,1-5 m,12100,18700,16500,base,,,,,,180,77,67,58,170,72,61,55,140,59,44,38,0.045/0.101/0.202 ha,
gola,Gola,03-08-2016,659,1618,रामपुर गनेसी,हवेली/चिल्लुपार,ग्रामीण क्षेत्र,1400,no road,1700,1800,2300,1-5 m,12100,18700,16500,base,,,,,,180,77,67,58,170,72,61,55,140,59,44,38,0.045/0.101/0.202 ha,
gola,Gola,03-08-2016,660,1619,रोहुआ उर्फ मछरगॉवा,सिकन्दरपुर/चिल्लुपार,ग्रामीण क्षेत्र,1400,no road,1700,1800,2300,1-5 m,12100,18700,16500,base,,,,,,180,77,67,58,170,72,61,55,140,59,44,38,0.045/0.101/0.202 ha,
gola,Gola,03-08-2016,661,1620,रेमा,चांदपार/धुरियापार,ग्रामीण क्षेत्र,1400,no road,1700,1800,2300,1-5 m,12100,18700,16500,base,,,,,,180,77,67,58,170,72,61,55,140,59,44,38,0.045/0.101/0.202 ha,
gola,Gola,03-08-2016,662,1621,रकौली,चांदपार/धुरियापार,ग्रामीण क्षेत्र,2100,no road,3000,3500,4000,1-5 m,12100,18700,16500,base,,400,90,80,70,350,77,67,58,300,72,61,55,210,59,44,38,0.045/0.101/0.202 ha,
gola,Gola,03-08-2016,663,1622,रघुनाथपुर,चांदपार/धुरियापार,ग्रामीण क्षेत्र,1800,no road,2400,2500,4000,1-5 m,13200,19800,17600,base,,,,,,250,94,87,79,240,87,79,66,180,64,59,46,0.045/0.101/0.202 ha,
gola,Gola,03-08-2016,664,1623,रज्जूपुर,बेलघाट/धुरियापार,ग्रामीण क्षेत्र,1400,no road,1700,1800,2300,1-5 m,12100,18700,16500,base,,,,,,180,77,67,58,170,72,61,55,140,59,44,38,0.045/0.101/0.202 ha,
gola,Gola,03-08-2016,665,1624,रजहटा,खुटहन/धुरियापार,ग्रामीण क्षेत्र,1400,no road,1700,1800,2300,1-5 m,12100,18700,16500,base,,,,,,180,77,67,58,170,72,61,55,140,59,44,38,0.045/0.101/0.202 ha,
gola,Gola,03-08-2016,666,1625,रजौली खुर्द,खुटहन/धुरियापार,ग्रामीण क्षेत्र,1400,no road,1700,1800,2300,1-5 m,12100,18700,16500,base,,,,,,180,77,67,58,170,72,61,55,140,59,44,38,0.045/0.101/0.202 ha,
gola,Gola,03-08-2016,667,1626,रजौली बुजुर्ग,खुटहन/धुरियापार,ग्रामीण क्षेत्र,1400,no road,1700,1800,2300,1-5 m,12100,18700,16500,base,,,,,,180,77,67,58,170,72,61,55,140,59,44,38,0.045/0.101/0.202 ha,
gola,Gola,03-08-2016,668,1627,रूदौली,मझवलिया/चिल्लुपार,ग्रामीण क्षेत्र,1400,no road,1700,1800,2300,1-5 m,12100,18700,16500,base,,,,,,180,77,67,58,170,72,61,55,140,59,44,38,0.045/0.101/0.202 ha,
gola,Gola,03-08-2016,669,1628,रतनपुर,रतनपुर/धुरियापार,ग्रामीण क्षेत्र,2100,no road,2600,2800,3500,1-5 m,13200,19800,17600,base,,,,,,280,91,83,64,260,87,75,63,210,63,58,46,0.045/0.101/0.202 ha,
gola,Gola,03-08-2016,670,1629,रतला,खुटहन/धुरियापार,ग्रामीण क्षेत्र,2300,no road,3000,3300,3600,1-5 m,13200,19800,17600,base,,360,94,85,77,330,87,81,69,300,82,79,63,230,56,51,46,0.045/0.101/0.202 ha,
gola,Gola,03-08-2016,671,1630,रहदौली,चोड़र/धुरियापार,ग्रामीण क्षेत्र,1850,no road,2400,2500,3500,1-5 m,13200,19800,17600,base,,,,,,250,91,83,64,240,83,78,61,185,61,56,44,0.045/0.101/0.202 ha,
gola,Gola,03-08-2016,672,1631,रसूलपुर माफी,बेलघाट/धुरियापार,ग्रामीण क्षेत्र,1400,no road,1700,1800,2300,1-5 m,12100,18700,16500,base,,,,,,180,77,67,58,170,72,61,55,140,59,44,38,0.045/0.101/0.202 ha,
gola,Gola,03-08-2016,673,1632,राईपुर,हवेली/धुरियापार,ग्रामीण क्षेत्र,1400,no road,1700,1800,2300,1-5 m,12100,18700,16500,base,,,,,,180,77,67,58,170,72,61,55,140,59,44,38,0.045/0.101/0.202 ha,
gola,Gola,03-08-2016,674,1633,राउतपार,बेलघाट/धुरियापार,ग्रामीण क्षेत्र,1400,no road,1700,1800,2300,1-5 m,12100,18700,16500,base,,,,,,180,77,67,58,170,72,61,55,140,59,44,38,0.045/0.101/0.202 ha,
gola,Gola,03-08-2016,675,1634,रानीपुर,चांदपार/धुरियापार,ग्रामीण क्षेत्र,2100,no road,2600,3100,3300,1-5 m,13200,19800,17600,base,,330,101,94,77,310,91,83,69,260,83,77,63,210,61,60,44,0.045/0.101/0.202 ha,
gola,Gola,03-08-2016,676,1635,रानीपुर,उसरी/धुरियापार,ग्रामीण क्षेत्र,1400,no road,1700,1800,2300,1-5 m,12100,18700,16500,base,,,,,,180,77,67,58,170,72,61,55,140,59,44,38,0.045/0.101/0.202 ha,
gola,Gola,03-08-2016,677,1636,रामकोला,मजुरी/धुरियापार,ग्रामीण क्षेत्र,3100,no road,3970,4600,5750,1-5 m,17600,24200,20900,base,,575,101,80,64,460,94,76,60,397,89,70,55,310,63,56,41,0.045/0.101/0.202 ha,
gola,Gola,03-08-2016,678,1637,रामपुर,हवेली/धुरियापार,ग्रामीण क्षेत्र,1400,no road,1700,1800,2300,1-5 m,12100,18700,16500,base,,,,,,180,77,67,58,170,72,61,55,140,59,44,38,0.045/0.101/0.202 ha,
gola,Gola,03-08-2016,679,1638,रामपुर गड़री,नर्रे/धुरियापार,ग्रामीण क्षेत्र,1400,no road,1700,1800,2300,1-5 m,12100,18700,16500,base,,,,,,180,77,67,58,170,72,61,55,140,59,44,38,0.045/0.101/0.202 ha,
gola,Gola,03-08-2016,680,1639,रामपुर पाण्डेय,नर्रे/धुरियापार,ग्रामीण क्षेत्र,1400,no road,1700,1800,2300,1-5 m,12100,18700,16500,base,,,,,,180,77,67,58,170,72,61,55,140,59,44,38,0.045/0.101/0.202 ha,
gola,Gola,03-08-2016,681,1640,रामपुर बघौरा,नर्रे/धुरियापार,ग्रामीण क्षेत्र,2100,no road,2600,2800,3500,1-5 m,13200,19800,17600,base,,,,,,280,91,83,69,260,83,77,63,210,61,56,46,0.045/0.101/0.202 ha,
gola,Gola,03-08-2016,682,1641,रामपुर सनाथ,चांदपार/धुरियापार,ग्रामीण क्षेत्र,2500,no road,3300,3600,3800,1-5 m,15400,22000,18700,base,,380,94,84,77,360,83,76,69,330,77,70,63,250,66,61,46,0.045/0.101/0.202 ha,
gola,Gola,03-08-2016,683,1642,रामपुर सहडेरवा,नर्रे/धुरियापार,ग्रामीण क्षेत्र,1400,no road,1700,1800,2300,1-5 m,12100,18700,16500,base,,,,,,180,77,67,58,170,72,61,55,140,59,44,38,0.045/0.101/0.202 ha,
gola,Gola,03-08-2016,684,1643,रामामऊ,बरहज/धुरियापार,ग्रामीण क्षेत्र,1400,no road,1700,1800,2300,1-5 m,12100,18700,16500,base,,,,,,180,77,67,58,170,72,61,55,140,59,44,38,0.045/0.101/0.202 ha,
gola,Gola,03-08-2016,685,1644,रामालखना,बेलघाट/धुरियापार,ग्रामीण क्षेत्र,1400,no road,1700,1800,2300,1-5 m,12100,18700,16500,base,,,,,,180,77,67,58,170,72,61,55,140,59,44,38,0.045/0.101/0.202 ha,
gola,Gola,03-08-2016,686,1645,रामाबारी,बरहज/धुरियापार,ग्रामीण क्षेत्र,1400,no road,1700,1800,2300,1-5 m,12100,18700,16500,base,,,,,,180,77,67,58,170,72,61,55,140,59,44,38,0.045/0.101/0.202 ha,
gola,Gola,03-08-2016,687,1646,रोईनीडीह,चांदपार/धुरियापार,ग्रामीण क्षेत्र,1400,no road,1700,1800,2300,1-5 m,12100,18700,16500,base,,,,,,180,77,67,58,170,72,61,55,140,59,44,38,0.045/0.101/0.202 ha,
gola,Gola,03-08-2016,688,1647,रौजादरगाह,हवेली/धुरियापार,ग्रामीण क्षेत्र,2100,no road,2600,2800,3500,1-5 m,13200,19800,17600,base,,,,,,280,92,86,81,260,86,75,63,210,63,58,46,0.045/0.101/0.202 ha,
gola,Gola,03-08-2016,689,1648,रूकुनपुर,बेलघाट/धुरियापार,ग्रामीण क्षेत्र,1400,no road,1700,1800,2300,1-5 m,12100,18700,16500,base,,,,,,180,77,67,58,170,72,61,55,140,59,44,38,0.045/0.101/0.202 ha,
gola,Gola,03-08-2016,690,0044,लेटाघाट,वार्ड नं0–14 बडहलगंज,अर्द्धनगरीय,6200,no road,9000,10500,11200,1-5 m,33000,39600,34100,base,,1120,302,266,166,1050,276,228,145,900,255,225,138,620,186,152,97,0.045/0.101/0.202 ha,
gola,Gola,03-08-2016,691,1649,लक्ष्मीपुर,खुटहन/धुरियापार,ग्रामीण क्षेत्र,1400,no road,1700,1800,2300,1-5 m,12100,18700,16500,base,,,,,,180,77,67,58,170,72,61,55,140,59,44,38,0.045/0.101/0.202 ha,
gola,Gola,03-08-2016,692,1650,लदरॉव,हवेली/धुरियापार,ग्रामीण क्षेत्र,1400,no road,1700,1800,2300,1-5 m,12100,18700,16500,base,,,,,,180,77,67,58,170,72,61,55,140,59,44,38,0.045/0.101/0.202 ha,
gola,Gola,03-08-2016,693,1651,लुगरापार,मजुरी/धुरियापार,ग्रामीण क्षेत्र,1400,no road,1700,1800,2300,1-5 m,12100,18700,16500,base,,,,,,180,77,67,58,170,72,61,55,140,59,44,38,0.045/0.101/0.202 ha,
gola,Gola,03-08-2016,694,1652,लोन्दरा,कुरमौट/धुरियापार,ग्रामीण क्षेत्र,1400,no road,1700,1800,2300,1-5 m,12100,18700,16500,base,,,,,,180,77,67,58,170,72,61,55,140,59,44,38,0.045/0.101/0.202 ha,
gola,Gola,03-08-2016,695,1653,लोहरापार,अठैसी/धुरियापार,ग्रामीण क्षेत्र,1400,no road,1700,1800,2300,1-5 m,12100,18700,16500,base,,,,,,180,77,67,58,170,72,61,55,140,59,44,38,0.045/0.101/0.202 ha,
gola,Gola,03-08-2016,696,1654,लोहरा जमाल,कुरमौट/धुरियापार,ग्रामीण क्षेत्र,2500,no road,3700,3900,4000,1-5 m,15400,22000,18700,base,,400,94,84,77,390,83,76,69,370,77,70,63,250,66,61,46,0.045/0.101/0.202 ha,comm: name: faint dot over ज likely speck (could read लोहरा जंमाल)
gola,Gola,03-08-2016,697,1655,लोहरा मीरा,हवेली/धुरियापार,ग्रामीण क्षेत्र,1400,no road,1700,1800,2300,1-5 m,12100,18700,16500,base,,,,,,180,77,67,58,170,72,61,55,140,59,44,38,0.045/0.101/0.202 ha,
gola,Gola,03-08-2016,698,1656,लोहरा तारा,हवेली/धुरियापार,ग्रामीण क्षेत्र,1400,no road,1700,1800,2300,1-5 m,12100,18700,16500,base,,,,,,180,77,67,58,170,72,61,55,140,59,44,38,0.045/0.101/0.202 ha,
gola,Gola,03-08-2016,699,1657,लोहरा फत्तू,हवेली/धुरियापार,ग्रामीण क्षेत्र,1400,no road,1700,1800,2300,1-5 m,12100,18700,16500,base,,,,,,180,77,67,58,170,72,61,55,140,59,44,38,0.045/0.101/0.202 ha,
gola,Gola,03-08-2016,700,1658,लखनापार,हवेली/चिल्लूपार,ग्रामीण क्षेत्र,2800,no road,2820,3060,6000,1-5 m,15400,22000,18700,base,,600,90,72,66,306,70,66,62,282,70,64,58,280,60,55,43,0.045/0.101/0.202 ha,
gola,Gola,03-08-2016,701,1659,लक्ष्मीपुर,हवेली/धुरियापार,ग्रामीण क्षेत्र,4500,no road,6000,6200,6400,1-5 m,28600,35200,29700,base,,640,138,124,110,620,106,92,79,600,92,79,72,450,79,66,76,0.045/0.101/0.202 ha,agri: other_d 76 > other_c 66 and > link_d 72; verified as printed
gola,Gola,03-08-2016,702,1660,लखनौरा,सिकन्दरपुर/चिल्लुपार,ग्रामीण क्षेत्र,1400,no road,1700,1800,2300,1-5 m,12100,18700,16500,base,,,,,,180,77,67,58,170,72,61,55,140,59,44,38,0.045/0.101/0.202 ha,
gola,Gola,03-08-2016,703,1661,लखनौरी,सिकन्दरपुर/चिल्लुपार,ग्रामीण क्षेत्र,1400,no road,1700,1800,2300,1-5 m,12100,18700,16500,base,,,,,,180,77,67,58,170,72,61,55,140,59,44,38,0.045/0.101/0.202 ha,
gola,Gola,03-08-2016,704,1662,शनिचरा पट्टी दूबे,सेमरा/चिल्लुपार,ग्रामीण क्षेत्र,1400,no road,1700,1800,2300,1-5 m,12100,18700,16500,base,,,,,,180,77,67,58,170,72,61,55,140,59,44,38,0.045/0.101/0.202 ha,
gola,Gola,03-08-2016,705,1663,शनिचरा पट्टी बाबू,सेमरा/चिल्लुपार,ग्रामीण क्षेत्र,1400,no road,1700,1800,2300,1-5 m,12100,18700,16500,base,,,,,,180,77,67,58,170,72,61,55,140,59,44,38,0.045/0.101/0.202 ha,
gola,Gola,03-08-2016,706,1664,शेरपुर,सिकन्दरपुर/चिल्लुपार,ग्रामीण क्षेत्र,400,no road,425,500,600,1-5 m,1000,8000,5000,base,,,,,,,,,,43,20,15,12,40,18,12,10,0.045/0.101/0.202 ha,basic: rate 400 clearly printed (low vs neighbours) | agri: no nh/dist rates printed; very low link/other rates as printed
gola,Gola,03-08-2016,707,1665,सियरहॉ,हवेली/चिल्लुपार,ग्रामीण क्षेत्र,1400,no road,1700,1800,2300,1-5 m,12100,18700,16500,base,,,,,,180,77,67,58,170,72,61,55,140,59,44,38,0.045/0.101/0.202 ha,
gola,Gola,03-08-2016,708,1666,सरया खास,सिकन्दरपुर/चिल्लुपार,ग्रामीण क्षेत्र,1800,no road,2300,2400,3000,1-5 m,13200,19800,17600,base,,,,,,240,92,87,70,230,87,81,63,180,63,59,46,0.045/0.101/0.202 ha,
gola,Gola,03-08-2016,709,1667,सिधुआपार,हवेली/चिल्लुपार,ग्रामीण क्षेत्र,5500,no road,7260,7920,8640,1-5 m,28600,35200,29700,base,,864,240,204,138,792,246,192,126,726,216,180,120,550,150,132,84,0.045/0.101/0.202 ha,agri: dist_b 246 > nh_b 240; verified as printed
gola,Gola,03-08-2016,710,1668,संसारपार,हवेली/चिल्लुपार,ग्रामीण क्षेत्र,5500,no road,7500,8500,8600,1-5 m,28600,35200,29700,base,,860,288,245,166,850,262,221,145,750,248,207,138,550,179,152,97,0.045/0.101/0.202 ha,
gola,Gola,03-08-2016,711,1669,सरया चक,सिकन्दरपुर/चिल्लुपार,ग्रामीण क्षेत्र,1400,no road,1700,1800,2300,1-5 m,12100,18700,16500,base,,,,,,180,77,67,58,170,72,61,55,140,59,44,38,0.045/0.101/0.202 ha,
gola,Gola,03-08-2016,712,1670,सरस्वती,हवेली/चिल्लुपार,ग्रामीण क्षेत्र,1400,no road,1700,1800,2300,1-5 m,12100,18700,16500,base,,,,,,180,77,67,58,170,72,61,55,140,59,44,38,0.045/0.101/0.202 ha,
gola,Gola,03-08-2016,713,1671,सुरदहॉ,हवेली/चिल्लुपार,ग्रामीण क्षेत्र,1700,no road,1900,2000,2500,1-5 m,12100,18700,16500,base,,250,85,80,70,200,77,67,58,190,72,61,55,170,59,44,38,0.045/0.101/0.202 ha,
gola,Gola,03-08-2016,714,1672,सहड़ौली,हवेली/चिल्लुपार,ग्रामीण क्षेत्र,1800,no road,2300,2400,3000,1-5 m,12100,18700,16500,base,,300,105,95,80,240,97,89,72,230,90,82,66,180,60,53,44,0.045/0.101/0.202 ha,
gola,Gola,03-08-2016,715,1673,सेमरा बुजुर्ग,सेमरा/चिल्लुपार,ग्रामीण क्षेत्र,1400,no road,1700,1800,2300,1-5 m,12100,18700,16500,base,,,,,,180,77,67,58,170,72,61,55,140,59,44,38,0.045/0.101/0.202 ha,
gola,Gola,03-08-2016,716,1674,सेमरा खुर्द,सेमरा/चिल्लुपार,ग्रामीण क्षेत्र,1400,no road,1700,1800,2300,1-5 m,12100,18700,16500,base,,,,,,180,77,67,58,170,72,61,55,140,59,44,38,0.045/0.101/0.202 ha,
gola,Gola,03-08-2016,717,1675,सोनसथा,सेमरा/चिल्लुपार,ग्रामीण क्षेत्र,1400,no road,1700,1800,2300,1-5 m,12100,18700,16500,base,,,,,,180,77,67,58,170,72,61,55,140,59,44,38,0.045/0.101/0.202 ha,
gola,Gola,03-08-2016,718,1676,सोमगड़हा,हवेली/चिल्लुपार,ग्रामीण क्षेत्र,1400,no road,1700,1800,2300,1-5 m,12100,18700,16500,base,,,,,,180,77,67,58,170,72,61,55,140,59,44,38,0.045/0.101/0.202 ha,
gola,Gola,03-08-2016,719,1677,सोहराभार बुजुर्ग,हवेली/चिल्लुपार,ग्रामीण क्षेत्र,2100,no road,2600,3200,3500,1-5 m,12100,18700,16500,base,,350,85,71,67,320,72,66,60,260,68,61,55,210,52,53,40,0.045/0.101/0.202 ha,agri: other_b 52 < other_c 53; verified as printed
gola,Gola,03-08-2016,720,1678,सोहराभार एहतमाली,हवेली/चिल्लुपार,ग्रामीण क्षेत्र,400,no road,425,500,600,1-5 m,1000,8000,5000,base,,,,,,,,,,43,20,15,12,40,18,12,10,0.045/0.101/0.202 ha,basic: rate 400 clearly printed (low vs neighbours) | agri: no nh/dist rates printed; very low link/other rates as printed
gola,Gola,03-08-2016,721,1679,साउखोर,हवेली/चिल्लुपार,ग्रामीण क्षेत्र,2100,no road,2700,2930,5750,1-5 m,15400,22000,18700,base,,575,85,71,67,293,83,76,69,270,78,70,63,210,66,61,46,0.045/0.101/0.202 ha,
gola,Gola,03-08-2016,722,1680,सीधेगौर,सिकन्दरपुर/चिल्लुपार,ग्रामीण क्षेत्र,1800,no road,2300,2400,2800,1-5 m,13200,19800,17600,base,,280,107,96,77,240,95,87,69,230,89,81,63,180,63,59,46,0.045/0.101/0.202 ha,
gola,Gola,03-08-2016,723,1681,शुक्लपुरी,हवेली/चिल्लुपार,ग्रामीण क्षेत्र,3100,no road,3700,3800,4400,1-5 m,16500,23100,19800,base,,440,121,96,77,380,108,87,69,370,102,81,63,310,72,60,46,0.045/0.101/0.202 ha,
gola,Gola,03-08-2016,724,1682,सरया,बरहज/धुरियापार,ग्रामीण क्षेत्र,1400,no road,1700,1800,2300,1-5 m,12100,18700,16500,base,,,,,,180,77,67,58,170,72,61,55,140,59,44,38,0.045/0.101/0.202 ha,
gola,Gola,03-08-2016,725,1683,सरया,मजुरी/धुरियापार,ग्रामीण क्षेत्र,1400,no road,1700,1800,2300,1-5 m,12100,18700,16500,base,,,,,,180,77,67,58,170,72,61,55,140,59,44,38,0.045/0.101/0.202 ha,
gola,Gola,03-08-2016,726,1684,सरवरपार,खुटहन/धुरियापार,ग्रामीण क्षेत्र,1400,no road,1700,1800,2300,1-5 m,12100,18700,16500,base,,,,,,180,77,67,58,170,72,61,55,140,59,44,38,0.045/0.101/0.202 ha,
gola,Gola,03-08-2016,727,1685,सरहरा,चांदपार/धुरियापार,ग्रामीण क्षेत्र,1400,no road,1700,1800,2300,1-5 m,12100,18700,16500,base,,,,,,180,77,67,58,170,72,61,55,140,59,44,38,0.045/0.101/0.202 ha,
gola,Gola,03-08-2016,728,1686,शनिचरा,चांदपार/धुरियापार,ग्रामीण क्षेत्र,1400,no road,1700,1800,2300,1-5 m,12100,18700,16500,base,,,,,,180,77,67,58,170,72,61,55,140,59,44,38,0.045/0.101/0.202 ha,
gola,Gola,03-08-2016,729,1687,सुअरज खुर्द,चांदपार/धुरियापार,ग्रामीण क्षेत्र,1400,no road,1700,1800,2300,1-5 m,12100,18700,16500,base,,,,,,180,77,67,58,170,72,61,55,140,59,44,38,0.045/0.101/0.202 ha,
gola,Gola,03-08-2016,730,1688,सुअरज बुजुर्ग,चांदपार/धुरियापार,ग्रामीण क्षेत्र,2100,no road,2600,2800,3500,1-5 m,13200,19800,17600,base,,,,,,280,97,90,74,260,91,83,69,210,61,56,46,0.045/0.101/0.202 ha,
gola,Gola,03-08-2016,731,1689,सिसई,चांदपार/धुरियापार,ग्रामीण क्षेत्र,2500,no road,3700,3800,4200,1-5 m,15400,22000,18700,base,,420,94,85,77,380,83,76,69,370,77,70,63,250,66,61,46,0.045/0.101/0.202 ha,
gola,Gola,03-08-2016,732,1690,सुकरौली,बेलघाट/धुरियापार,ग्रामीण क्षेत्र,1400,no road,1700,1800,2300,1-5 m,12100,18700,16500,base,,,,,,180,77,67,58,170,72,61,55,140,59,44,38,0.045/0.101/0.202 ha,
gola,Gola,03-08-2016,733,1691,सुकरौली,मजुरी/धुरियापार,ग्रामीण क्षेत्र,3100,no road,3910,4600,5750,1-5 m,17600,24200,20900,base,,575,121,96,77,460,108,87,69,391,102,83,63,310,72,60,47,0.045/0.101/0.202 ha,"agri: link_a printed with a dash-like mark before it (""-391""); read as 391"
gola,Gola,03-08-2016,734,1692,सुथनी,चांदपार/धुरियापार,ग्रामीण क्षेत्र,2100,no road,2600,2800,3500,1-5 m,13200,19800,17600,base,,,,,,280,91,83,69,260,83,78,63,210,61,56,46,0.045/0.101/0.202 ha,
gola,Gola,03-08-2016,735,1693,सुरदापार राजा,बरहज/धुरियापार,ग्रामीण क्षेत्र,1400,no road,1700,1800,2300,1-5 m,12100,18700,16500,base,,,,,,180,77,67,58,170,72,61,55,140,59,44,38,0.045/0.101/0.202 ha,
gola,Gola,03-08-2016,736,1694,सिधवाना,बेलघाट/धुरियापार,ग्रामीण क्षेत्र,1400,no road,1700,1800,2300,1-5 m,12100,18700,16500,base,,,,,,180,77,67,58,170,72,61,55,140,59,44,38,0.045/0.101/0.202 ha,
gola,Gola,03-08-2016,737,1695,सुरदापार शुक्ल,बरहज/धुरियापार,ग्रामीण क्षेत्र,1400,no road,1700,1800,2300,1-5 m,12100,18700,16500,base,,,,,,180,77,67,58,170,72,61,55,140,59,44,38,0.045/0.101/0.202 ha,
gola,Gola,03-08-2016,738,1696,सुल्तानपुर,कुरमौट/धुरियापार,ग्रामीण क्षेत्र,1400,no road,1700,1800,2300,1-5 m,12100,18700,16500,base,,,,,,180,77,67,58,170,72,61,55,140,59,44,38,0.045/0.101/0.202 ha,
gola,Gola,03-08-2016,739,1697,शाहपुर बुजुर्ग,हवेली/धुरियापार,ग्रामीण क्षेत्र,1400,no road,1700,1800,2300,1-5 m,12100,18700,16500,base,,,,,,180,77,67,58,170,72,61,55,140,59,44,38,0.045/0.101/0.202 ha,
gola,Gola,03-08-2016,740,1698,सिसवा,खुटहन/धुरियापार,ग्रामीण क्षेत्र,1400,no road,1700,1800,2300,1-5 m,12100,18700,16500,base,,,,,,180,77,67,58,170,72,61,55,140,59,44,38,0.045/0.101/0.202 ha,
gola,Gola,03-08-2016,741,1699,सहड़ौली,रतनपुर/धुरियापार,ग्रामीण क्षेत्र,2100,no road,2600,2900,3600,1-5 m,13200,19800,17600,base,,,,,,290,92,86,81,260,86,75,63,210,63,58,46,0.045/0.101/0.202 ha,
gola,Gola,03-08-2016,742,1700,सहदेवापार,कुरमौट/धुरियापार,ग्रामीण क्षेत्र,1800,no road,2300,2500,3000,1-5 m,13200,19800,17600,base,,,,,,250,77,62,58,230,72,60,55,180,60,53,44,0.045/0.101/0.202 ha,
gola,Gola,03-08-2016,743,1701,सहसरॉव,रतनपुर/धुरियापार,ग्रामीण क्षेत्र,1400,no road,1700,1800,2300,1-5 m,12100,18700,16500,base,,,,,,180,77,67,58,170,72,61,55,140,59,44,38,0.045/0.101/0.202 ha,
gola,Gola,03-08-2016,744,1702,सिधारी,ड़ाड़ी/धुरियापार,ग्रामीण क्षेत्र,1800,no road,2300,2400,3000,1-5 m,13200,19800,17600,base,,,,,,240,74,63,58,230,72,62,55,180,60,53,44,0.045/0.101/0.202 ha,
gola,Gola,03-08-2016,745,1703,सेमरी,चांदपार/धुरियापार,ग्रामीण क्षेत्र,1400,no road,1700,1800,2300,1-5 m,12100,18700,16500,base,,,,,,180,77,67,58,170,72,61,55,140,59,44,38,0.045/0.101/0.202 ha,
gola,Gola,03-08-2016,746,1704,सैदाबाद,रतनपुर/धुरियापार,ग्रामीण क्षेत्र,1400,no road,1700,1800,2300,1-5 m,12100,18700,16500,base,,,,,,180,77,67,58,170,72,61,55,140,59,44,38,0.045/0.101/0.202 ha,
gola,Gola,03-08-2016,747,1705,संग्राम पट्टी,रतनपुर/धुरियापार,ग्रामीण क्षेत्र,1400,no road,1700,1800,2300,1-5 m,12100,18700,16500,base,,,,,,180,77,67,58,170,72,61,55,140,59,44,38,0.045/0.101/0.202 ha,
gola,Gola,03-08-2016,748,1706,सोढ़ावीर,चांदपार/धुरियापार,ग्रामीण क्षेत्र,1400,no road,1700,1800,2300,1-5 m,12100,18700,16500,base,,,,,,180,77,67,58,170,72,61,55,140,59,44,38,0.045/0.101/0.202 ha,
gola,Gola,03-08-2016,749,1707,सोनबरसा,मजुरी/धुरियापार,ग्रामीण क्षेत्र,1400,no road,1700,1800,2300,1-5 m,12100,18700,16500,base,,,,,,180,77,67,58,170,72,61,55,140,59,44,38,0.045/0.101/0.202 ha,
gola,Gola,03-08-2016,750,1708,सोठिया,हवेली/धुरियापार,ग्रामीण क्षेत्र,1400,no road,1700,1800,2300,1-5 m,12100,18700,16500,base,,,,,,180,77,67,58,170,72,61,55,140,59,44,38,0.045/0.101/0.202 ha,
gola,Gola,03-08-2016,751,1709,सकतपुरा,हवेली/धुरियापार,ग्रामीण क्षेत्र,1400,no road,1700,1800,2300,1-5 m,12100,18700,16500,base,,,,,,180,77,67,58,170,72,61,55,140,59,44,38,0.045/0.101/0.202 ha,
gola,Gola,03-08-2016,752,1710,सकरदेईया,गौर/धुरियापार,ग्रामीण क्षेत्र,1850,no road,2400,2500,3000,1-5 m,13200,19800,17600,base,,,,,,250,90,82,77,240,77,71,60,185,61,59,44,0.045/0.101/0.202 ha,
gola,Gola,03-08-2016,753,1711,शिवपुर,मजुरी/धुरियापार,ग्रामीण क्षेत्र,2500,no road,4400,5100,5800,1-5 m,17600,24200,20900,base,,580,110,96,83,510,92,79,66,440,79,72,60,250,66,61,46,0.045/0.101/0.202 ha,
gola,Gola,03-08-2016,754,1712,शाहपुर आईमा,हवेली/धुरियापार,ग्रामीण क्षेत्र,1400,no road,1700,1800,2300,1-5 m,12100,18700,16500,base,,,,,,180,77,67,58,170,72,61,55,140,59,44,38,0.045/0.101/0.202 ha,
gola,Gola,03-08-2016,755,1713,सकराखोर,हवेली/धुरियापार,ग्रामीण क्षेत्र,1400,no road,1700,1800,2300,1-5 m,12100,18700,16500,base,,,,,,180,77,67,58,170,72,61,55,140,59,44,38,0.045/0.101/0.202 ha,
gola,Gola,03-08-2016,756,1714,सरया,रतनपुर/धुरियापार,ग्रामीण क्षेत्र,1500,no road,2900,3500,4000,1-5 m,12100,18700,16500,base,,,,,,350,77,67,58,290,72,61,55,150,59,44,38,0.045/0.101/0.202 ha,
gola,Gola,03-08-2016,757,1715,सखरूआ खुर्द,मजुरी/धुरियापार,ग्रामीण क्षेत्र,1850,no road,2400,2500,3500,1-5 m,13200,19800,17600,base,,,,,,250,91,83,64,240,83,78,61,185,61,56,44,0.045/0.101/0.202 ha,
gola,Gola,03-08-2016,758,1716,सखरूआ बुजुर्ग,मजुरी/धुरियापार,ग्रामीण क्षेत्र,1850,no road,2300,2500,3200,1-5 m,13200,19800,17600,base,,,,,,250,91,83,64,230,83,78,61,185,61,56,44,0.045/0.101/0.202 ha,
gola,Gola,03-08-2016,759,1717,सड़सड़ा खुर्द,चांदपार/धुरियापार,ग्रामीण क्षेत्र,1400,no road,1700,1800,2300,1-5 m,12100,18700,16500,base,,,,,,180,77,67,58,170,72,61,55,140,59,44,38,0.045/0.101/0.202 ha,
gola,Gola,03-08-2016,760,1718,सड़सड़ा बुजुर्ग,चांदपार/धुरियापार,ग्रामीण क्षेत्र,1400,no road,1700,1800,2300,1-5 m,12100,18700,16500,base,,,,,,180,77,67,58,170,72,61,55,140,59,44,38,0.045/0.101/0.202 ha,
gola,Gola,03-08-2016,761,1719,सतौरा,मजुरी/धुरियापार,ग्रामीण क्षेत्र,1400,no road,1700,1800,2300,1-5 m,12100,18700,16500,base,,,,,,180,77,67,58,170,72,61,55,140,59,44,38,0.045/0.101/0.202 ha,
gola,Gola,03-08-2016,762,1720,समदपुर,बनकट/धुरियापार,ग्रामीण क्षेत्र,1800,no road,2200,2400,3000,1-5 m,13200,19800,17600,base,,,,,,240,64,59,45,220,62,55,46,180,60,53,40,0.045/0.101/0.202 ha,agri: link_d 46 > dist_d 45 as printed
gola,Gola,03-08-2016,763,1721,शिवपुर मु0,बरहज/धुरियापार,ग्रामीण क्षेत्र,1400,no road,1700,1800,2300,1-5 m,12100,18700,16500,base,,,,,,180,77,67,58,170,72,61,55,140,59,44,38,0.045/0.101/0.202 ha,
gola,Gola,03-08-2016,764,1722,शिवपुर एह0,बरहज/धुरियापार,ग्रामीण क्षेत्र,1400,no road,1700,1800,2300,1-5 m,12100,18700,16500,base,,,,,,180,77,67,58,170,72,61,55,140,59,44,38,0.045/0.101/0.202 ha,
gola,Gola,03-08-2016,765,1723,समसपट्टी,बेलघाट/धुरियापार,ग्रामीण क्षेत्र,1400,no road,1700,1800,2300,1-5 m,12100,18700,16500,base,,,,,,180,77,67,58,170,72,61,55,140,59,44,38,0.045/0.101/0.202 ha,
gola,Gola,03-08-2016,766,1724,सरदह,खुटहन/धुरियापार,ग्रामीण क्षेत्र,2500,no road,3300,4000,4200,1-5 m,16500,23100,19800,base,,420,94,84,77,400,82,74,69,330,78,70,63,250,66,60,46,0.045/0.101/0.202 ha,
gola,Gola,03-08-2016,767,1725,सरम,चांदपार/धुरियापार,ग्रामीण क्षेत्र,1800,no road,2300,2500,3000,1-5 m,13200,19800,17600,base,,,,,,250,92,87,79,230,87,79,64,180,66,60,46,0.045/0.101/0.202 ha,
gola,Gola,03-08-2016,768,1726,शिवपुर,चांदपार/धुरियापार,ग्रामीण क्षेत्र,2500,no road,2900,3300,3800,1-5 m,15400,22000,18700,base,,380,101,94,84,330,92,87,72,290,92,85,70,250,66,60,46,0.045/0.101/0.202 ha,
gola,Gola,03-08-2016,769,0027,हरिजन बस्ती,वार्ड नं0–4 टा0ए0 गोला,अर्द्धनगरीय,5100,no road,7300,7900,8500,1-5 m,28600,35200,29700,base,,850,194,166,158,790,173,152,145,730,166,145,138,510,117,104,83,0.045/0.101/0.202 ha,
gola,Gola,03-08-2016,770,0028,हरिजन बस्ती,वार्ड नं0–1 टा0ए0 गोला,अर्द्धनगरीय,5100,no road,7300,7900,8500,1-5 m,28600,35200,29700,base,,850,194,166,158,790,173,152,145,730,166,145,138,510,117,104,83,0.045/0.101/0.202 ha,
gola,Gola,03-08-2016,771,1727,हुसैनपुर,हवेली/धुरियापार,ग्रामीण क्षेत्र,1400,no road,1700,1800,2300,1-5 m,12100,18700,16500,base,,,,,,180,77,67,58,170,72,61,55,140,59,44,38,0.045/0.101/0.202 ha,
gola,Gola,03-08-2016,772,1728,हेमपुर,मजुरी/धुरियापार,ग्रामीण क्षेत्र,1400,no road,1700,1800,2300,1-5 m,12100,18700,16500,base,,,,,,180,77,67,58,170,72,61,55,140,59,44,38,0.045/0.101/0.202 ha,
gola,Gola,03-08-2016,773,1729,हटवा,चांदपार/धुरियापार,ग्रामीण क्षेत्र,1400,no road,1700,1800,2300,1-5 m,12100,18700,16500,base,,,,,,180,77,67,58,170,72,61,55,140,59,44,38,0.045/0.101/0.202 ha,
gola,Gola,03-08-2016,774,1730,हटवा,ड़ाड़ी/धुरियापार,ग्रामीण क्षेत्र,1400,no road,1700,1800,2300,1-5 m,12100,18700,16500,base,,,,,,180,77,67,58,170,72,61,55,140,59,44,38,0.045/0.101/0.202 ha,
gola,Gola,03-08-2016,775,1731,हमीदपुर,हवेली/धुरियापार,ग्रामीण क्षेत्र,2100,no road,2600,2800,3500,1-5 m,13200,19800,17600,base,,,,,,280,91,83,69,260,83,78,63,210,61,56,46,0.045/0.101/0.202 ha,
gola,Gola,03-08-2016,776,1732,हरिहरपुर मु0,रतनपुर/धुरियापार,ग्रामीण क्षेत्र,1400,no road,1700,1800,2300,1-5 m,12100,18700,16500,base,,,,,,180,77,67,58,170,72,61,55,140,59,44,38,0.045/0.101/0.202 ha,
gola,Gola,03-08-2016,777,1733,हरपुर,चोंडर/धुरियापार,ग्रामीण क्षेत्र,1400,no road,1700,1800,2300,1-5 m,12100,18700,16500,base,,,,,,180,77,67,58,170,72,61,55,140,59,44,38,0.045/0.101/0.202 ha,
gola,Gola,03-08-2016,778,1734,हरपुर,चांदपार/धुरियापार,ग्रामीण क्षेत्र,1800,no road,2300,2500,3000,1-5 m,13200,19800,17600,base,,,,,,250,92,87,79,230,87,70,64,180,64,59,46,0.045/0.101/0.202 ha,
gola,Gola,03-08-2016,779,1735,हरलालपुरा,कुरमौट/धुरियापार,ग्रामीण क्षेत्र,1400,no road,1700,1800,2300,1-5 m,12100,18700,16500,base,,,,,,180,77,67,58,170,72,61,55,140,59,44,38,0.045/0.101/0.202 ha,
gola,Gola,03-08-2016,780,1736,हरबंशपुर,चांदपार/धुरियापार,ग्रामीण क्षेत्र,1400,no road,1700,1800,2300,1-5 m,12100,18700,16500,base,,,,,,180,77,67,58,170,72,61,55,140,59,44,38,0.045/0.101/0.202 ha,
gola,Gola,03-08-2016,781,1737,हरिहरपुर,कुरमौट/धुरियापार,ग्रामीण क्षेत्र,2100,no road,2600,2800,3500,1-5 m,13200,19800,17600,base,,,,,,280,92,86,81,260,86,75,63,210,63,58,46,0.045/0.101/0.202 ha,
gola,Gola,03-08-2016,782,1738,हादीचक,बनकट/धुरियापार,ग्रामीण क्षेत्र,1400,no road,1700,1800,2300,1-5 m,12100,18700,16500,base,,,,,,180,77,67,58,170,72,61,55,140,59,44,38,0.045/0.101/0.202 ha,
gola,Gola,03-08-2016,783,1739,हींगुहार,सिकन्दरपुर/चिल्लुपार,ग्रामीण क्षेत्र,1400,no road,1700,1800,2300,1-5 m,12100,18700,16500,base,,,,,,180,77,67,58,170,72,61,55,140,59,44,38,0.045/0.101/0.202 ha,
gola,Gola,03-08-2016,784,1740,ज्ञानकोल,सिकन्दरपुर/चिल्लुपार,ग्रामीण क्षेत्र,1400,no road,1700,1800,2300,1-5 m,,,,,,,,,,180,77,67,58,170,72,61,55,140,59,44,38,0.045/0.101/0.202 ha,no row in comm table
basgaon,Bansgaon,03-08-2016,1,1001,"अम्मरपुर, तप्पा—महसिन",उनवल,ग्रामीण,1200,no road / elsewhere,1400,1600,,upto 5 m,22000,26400,23100,base,,,,,,160,132,110,92,140,120,98,82,120,71,59,50,0.040/0.100/0.200 ha,
basgaon,Bansgaon,03-08-2016,2,1002,"आसेखोर, तप्पा—महसिन",उनवल,ग्रामीण,4000,no road / elsewhere,4600,5500,,upto 5 m,22000,26400,23100,base,,,,,,550,140,117,96,460,129,104,86,400,79,63,53,0.040/0.100/0.200 ha,
basgaon,Bansgaon,03-08-2016,3,1003,"अतरौली, तप्पा—महसिन",उनवल,ग्रामीण,4000,no road / elsewhere,4600,5500,9000,upto 5 m,22000,26400,23100,base,,,,,,550,140,117,96,460,129,104,86,400,79,63,53,0.040/0.100/0.200 ha,
basgaon,Bansgaon,03-08-2016,4,1004,"आबगीर, तप्पा—महसिन",उनवल,ग्रामीण,500,no road / elsewhere,1000,1100,,upto 5 m,18700,21100,19000,base,,,,,,120,92,79,68,100,82,71,64,50,50,44,38,0.040/0.100/0.200 ha,
basgaon,Bansgaon,03-08-2016,5,1005,"असवनपार मुस्तकील, तप्पा—मझवलिया",चिल्लूपार,ग्रामीण,1200,no road / elsewhere,1400,1600,,upto 5 m,18700,21100,19000,base,,,,,,160,119,99,83,140,108,89,73,120,65,54,45,0.040/0.100/0.200 ha,
basgaon,Bansgaon,03-08-2016,6,1006,"असवनपार एहतमाली, तप्पा—मझवलिया",चिल्लूपार,ग्रामीण,1200,no road / elsewhere,1400,1600,,upto 5 m,18700,21100,19000,base,,,,,,160,83,71,62,140,73,64,57,120,45,40,34,0.040/0.100/0.200 ha,agri: name printed without tappa (trailing comma)
basgaon,Bansgaon,03-08-2016,7,1007,"अहिरौली, तप्पा—मझवलिया",चिल्लूपार,ग्रामीण,1200,no road / elsewhere,1400,1600,,upto 5 m,18700,21100,19000,base,,,,,,160,119,99,83,140,108,89,73,120,65,54,45,0.040/0.100/0.200 ha,agri: name printed without tappa (trailing comma)
basgaon,Bansgaon,03-08-2016,8,1008,"अडरौली, तप्पा—पाली",धुरियापार,ग्रामीण,1200,no road / elsewhere,1400,1600,,upto 5 m,18700,21100,19000,base,,,,,,160,119,99,83,140,108,89,73,120,65,54,45,0.040/0.100/0.200 ha,
basgaon,Bansgaon,03-08-2016,9,1009,"अधारीपुर, तप्पा— नर्रे",धुरियापार,ग्रामीण,1200,no road / elsewhere,1400,1600,,upto 5 m,18700,21100,19000,base,,,,,,160,119,99,83,140,108,89,73,120,65,54,45,0.040/0.100/0.200 ha,
basgaon,Bansgaon,03-08-2016,10,1010,"अरईडीह, तप्पा— नर्रे",धुरियापार,ग्रामीण,1200,no road / elsewhere,1400,1600,,upto 5 m,18700,21100,19000,base,,,,,,160,119,99,83,140,108,89,73,120,65,54,45,0.040/0.100/0.200 ha,
basgaon,Bansgaon,03-08-2016,11,1011,"अस्थौला, तप्पा— नर्रे",धुरियापार,ग्रामीण,3000,no road / elsewhere,3700,4500,,upto 5 m,22000,26400,23100,base,,,,,,450,140,117,96,370,129,104,86,300,79,63,53,0.040/0.100/0.200 ha,
basgaon,Bansgaon,03-08-2016,12,1012,"अहिरौली, तप्पा— नर्रे",धुरियापार,ग्रामीण,1200,no road / elsewhere,1400,1600,,upto 5 m,18700,21100,19000,base,,,,,,160,119,99,83,140,108,89,73,120,65,54,45,0.040/0.100/0.200 ha,
basgaon,Bansgaon,03-08-2016,13,1013,"आशापार, तप्पा— नर्रे",धुरियापार,ग्रामीण,3000,no road / elsewhere,3700,4500,,upto 5 m,22000,26400,23100,base,,,,,,450,140,117,96,370,129,104,86,300,79,63,53,0.040/0.100/0.200 ha,
basgaon,Bansgaon,03-08-2016,14,1014,"अतायर, तप्प—अठैसी",धुरियापार,ग्रामीण,4000,no road / elsewhere,5500,6600,6875,upto 5 m,28600,31700,28400,base,,687,236,149,115,660,242,152,118,550,217,137,106,400,132,83,66,0.040/0.100/0.200 ha,agri: nh_b 236 < dist_b 242 as printed
basgaon,Bansgaon,03-08-2016,15,1015,"ओझौली, तप्पा— पचीसी",भौवापार,ग्रामीण,4000,no road / elsewhere,5500,6600,9000,upto 5 m,22000,26400,23100,base,,,,,,660,140,117,96,550,119,104,86,400,79,63,53,0.040/0.100/0.200 ha,
basgaon,Bansgaon,03-08-2016,16,1016,"अरनी, तप्पा—कुसवासी",भौवापार,ग्रामीण,3000,no road / elsewhere,3700,4500,500,upto 5 m,18700,21100,19000,base,,500,116,96,80,450,140,117,96,370,129,104,86,300,79,63,50,0.040/0.100/0.200 ha,road: r9to12 printed as 500 (clearly legible) but lower than r5to9=4500; likely typo for 5000 - verify | agri: nh_b 116 < dist_b 140 and other_d 50 (similar rows 53) as printed
basgaon,Bansgaon,03-08-2016,17,1017,"अमवा, तप्पा—गुरम्ही",भौवापार,ग्रामीण,1200,no road / elsewhere,1400,1600,,upto 5 m,18700,21100,19000,base,,,,,,160,119,99,83,140,108,89,73,120,65,54,45,0.040/0.100/0.200 ha,
basgaon,Bansgaon,03-08-2016,18,1018,"अनन्दीपुर, तप्पा—गुरम्ही",भौवापार,ग्रामीण,1200,no road / elsewhere,1400,1600,,upto 5 m,22000,26400,23100,base,,,,,,160,132,110,92,140,120,98,82,120,71,59,50,0.040/0.100/0.200 ha,
basgaon,Bansgaon,03-08-2016,19,1019,"अहिरौली, तप्पा—गुरम्ही",भौवापार,ग्रामीण,1200,no road / elsewhere,1400,1600,,upto 5 m,18700,21100,19000,base,,,,,,160,119,99,83,140,108,89,73,120,65,54,45,0.040/0.100/0.200 ha,
basgaon,Bansgaon,03-08-2016,20,1020,"अकुसी, तप्पा— गगहा",भौवापार,ग्रामीण,1200,no road / elsewhere,1400,1600,,upto 5 m,22000,26400,23100,base,,,,,,160,132,110,92,140,120,98,82,120,71,59,50,0.040/0.100/0.200 ha,
basgaon,Bansgaon,03-08-2016,21,1021,"ओडियानपुर, तप्पा— गगहा",भौवापार,ग्रामीण,1200,no road / elsewhere,1400,1600,,upto 5 m,18700,21100,19000,base,,,,,,160,119,99,83,140,108,89,73,120,65,54,45,0.040/0.100/0.200 ha,
basgaon,Bansgaon,03-08-2016,22,1022,"असान पाकड, तप्पा—रामपुर कोठा",भौवापार,ग्रामीण,1200,no road / elsewhere,1400,1600,,upto 5 m,18700,21100,19000,base,,,,,,160,119,99,83,140,108,89,73,120,65,54,45,0.040/0.100/0.200 ha,
basgaon,Bansgaon,03-08-2016,23,1023,"अहिरौली खु0, तप्पा—गुरम्ही",भौवापार,ग्रामीण,1200,no road / elsewhere,1400,1600,,upto 5 m,18700,21100,19000,base,,,,,,160,119,99,83,140,108,89,73,120,65,54,45,0.040/0.100/0.200 ha,
basgaon,Bansgaon,03-08-2016,24,1024,"अहिरौली बु0, तप्पा—गुरम्ही",भौवापार,ग्रामीण,1200,no road / elsewhere,1400,1600,,upto 5 m,18700,21100,19000,base,,,,,,160,119,99,83,140,108,89,73,120,65,54,45,0.040/0.100/0.200 ha,
basgaon,Bansgaon,03-08-2016,25,1025,"अकोल्ही, तप्पा— गगहा",भौवापार,ग्रामीण,4000,no road / elsewhere,5500,6600,6875,upto 5 m,28600,31680,28400,base,,687,139,113,92,660,140,117,96,550,129,104,86,400,79,63,53,0.040/0.100/0.200 ha,
basgaon,Bansgaon,03-08-2016,26,1026,"अराजी मुडियार, तप्पा— गगहा",भौवापार,ग्रामीण,1200,no road / elsewhere,1400,1600,,upto 5 m,18700,21100,19000,base,,,,,,160,119,117,83,140,108,89,73,120,65,54,45,0.040/0.100/0.200 ha,
basgaon,Bansgaon,03-08-2016,27,1027,"अईमा मु0, तप्पा—कुसवासी",भौवापार,ग्रामीण,1200,no road / elsewhere,1400,1600,,upto 5 m,18700,21100,19000,base,,,,,,160,119,117,83,140,108,89,73,120,65,54,45,0.040/0.100/0.200 ha,
basgaon,Bansgaon,03-08-2016,28,1028,"अईमा ए0, तप्पा—कुसवासी",भौवापार,ग्रामीण,1200,no road / elsewhere,1400,1600,,upto 5 m,18700,21100,19000,base,,,,,,160,83,71,62,140,73,64,57,120,45,40,34,0.040/0.100/0.200 ha,
basgaon,Bansgaon,03-08-2016,29,1029,"अटकरिया, तप्पा— गगहा",भौवापार,ग्रामीण,1200,no road / elsewhere,1400,1600,,upto 5 m,18700,21100,19000,base,,,,,,160,119,99,83,140,108,89,73,120,65,54,45,0.040/0.100/0.200 ha,
basgaon,Bansgaon,03-08-2016,30,1030,"आराजी पडपुरवा, तप्पा—गुरम्ही",भौवापार,ग्रामीण,3000,no road / elsewhere,3700,4500,,upto 5 m,22000,26400,23100,base,,,,,,450,140,117,96,370,129,104,86,300,79,63,53,0.040/0.100/0.200 ha,
basgaon,Bansgaon,03-08-2016,31,1031,"इस्माईलपुर, तप्पा—पाली",धुरियापार,ग्रामीण,1200,no road / elsewhere,1400,1600,,upto 5 m,18700,21100,19000,base,,,,,,160,119,99,83,140,108,89,73,120,65,54,45,0.040/0.100/0.200 ha,
basgaon,Bansgaon,03-08-2016,32,1032,"इमिलियहवा, तप्प—अठैसी",धुरियापार,ग्रामीण,4000,no road / elsewhere,5500,6600,6875,upto 5 m,28600,31680,28400,base,,687,236,149,115,660,242,152,118,550,217,137,106,400,132,83,66,0.040/0.100/0.200 ha,
basgaon,Bansgaon,03-08-2016,33,1033,"इटकौली, तप्पा—गुरम्ही",भौवापार,ग्रामीण,4000,no road / elsewhere,5500,6600,6875,upto 5 m,28600,31680,28400,base,,687,236,149,115,660,152,118,96,550,217,137,106,400,132,83,66,0.040/0.100/0.200 ha,agri: dist_b-d 152/118/96 differ from nh-row pattern; verified on scan
basgaon,Bansgaon,03-08-2016,34,1034,"उस्का, तप्पा—महसिन",उनवल,ग्रामीण,1200,no road / elsewhere,1400,1600,,upto 5 m,18700,21100,19000,base,,,,,,160,119,99,83,140,108,89,73,120,65,54,45,0.040/0.100/0.200 ha,
basgaon,Bansgaon,03-08-2016,35,1035,"उज्जरपार, तप्पा— नर्रे",धुरियापार,ग्रामीण,3000,no road / elsewhere,3700,4500,7000,upto 5 m,22000,26400,23100,base,,,,,,450,151,129,104,370,139,114,93,300,85,69,58,0.040/0.100/0.200 ha,
basgaon,Bansgaon,03-08-2016,36,1036,"उटम्हा, तप्पा— गगहा",भौवापार,ग्रामीण,1200,no road / elsewhere,1400,1600,,upto 5 m,18700,21100,19000,base,,,,,,160,119,99,83,140,108,89,73,120,65,54,45,0.040/0.100/0.200 ha,
basgaon,Bansgaon,03-08-2016,37,1037,"उदयपुर, तप्पा—रामपुर कोठा",भौवापार,ग्रामीण,1200,no road / elsewhere,1400,1600,,upto 5 m,18700,21100,19000,base,,,,,,160,119,99,83,140,108,89,73,120,65,54,45,0.040/0.100/0.200 ha,
basgaon,Bansgaon,03-08-2016,38,1038,"ऊँचेर, तप्पा—गुरम्ही",भौवापार,ग्रामीण,4000,no road / elsewhere,4600,5500,8000,upto 5 m,18700,21100,19000,base,,,,,,550,151,129,104,460,139,114,93,400,85,69,58,0.040/0.100/0.200 ha,
basgaon,Bansgaon,03-08-2016,39,1039,"एकौना बुजुर्ग, तप्पा— नर्रे",धुरियापार,ग्रामीण,500,no road / elsewhere,1000,1100,,upto 5 m,18700,21100,19000,base,,,,,,120,92,79,68,100,82,71,64,50,50,44,38,0.040/0.100/0.200 ha,
basgaon,Bansgaon,03-08-2016,40,1040,"करहल, तप्पा—महसिन",उनवल,ग्रामीण,1200,no road / elsewhere,1400,1600,,upto 5 m,18700,21100,19000,base,,,,,,160,119,99,83,140,108,89,73,120,65,54,45,0.040/0.100/0.200 ha,
basgaon,Bansgaon,03-08-2016,41,1041,"कल्यानपुर, तप्पा—महसिन",उनवल,ग्रामीण,4000,no road / elsewhere,4600,5500,9000,upto 5 m,18700,21100,19000,base,,,,,,550,140,117,96,460,129,104,86,400,79,63,53,0.040/0.100/0.200 ha,
basgaon,Bansgaon,03-08-2016,42,1042,"कुचैटा, तप्पा—महसिन",उनवल,ग्रामीण,4000,no road / elsewhere,4600,5500,9000,upto 5 m,18700,21100,19000,base,,,,,,550,140,117,96,460,129,104,86,400,79,63,53,0.040/0.100/0.200 ha,
basgaon,Bansgaon,03-08-2016,43,1043,"किशुनपुर उर्फ बगही, तप्पा—महसिन",उनवल,ग्रामीण,1200,no road / elsewhere,1400,1600,,upto 5 m,18700,21100,19000,base,,,,,,160,119,99,83,140,108,89,73,120,65,54,45,0.040/0.100/0.200 ha,
basgaon,Bansgaon,03-08-2016,44,1044,"कांटा, तप्पा—महसिन",उनवल,ग्रामीण,1200,no road / elsewhere,1400,1600,,upto 5 m,18700,21100,19000,base,,,,,,160,119,99,83,140,108,89,73,120,66,55,46,0.040/0.100/0.200 ha,agri: other 66/55/46 unusual; verified at 3x
basgaon,Bansgaon,03-08-2016,45,1045,"कन्हला, तप्पा—बभनौली",धुरियापार,ग्रामीण,1200,no road / elsewhere,1400,1600,,upto 5 m,18700,21100,19000,base,,,,,,160,119,99,83,140,108,89,73,120,65,54,45,0.040/0.100/0.200 ha,
basgaon,Bansgaon,03-08-2016,46,1046,"कोटिया तिवारी, तप्पा—बभनौली",धुरियापार,ग्रामीण,3000,no road / elsewhere,3700,4500,,upto 5 m,22000,26400,23100,base,,,,,,450,140,117,96,370,129,104,86,300,79,63,53,0.040/0.100/0.200 ha,
basgaon,Bansgaon,03-08-2016,47,1047,"कांटा, तप्पा—पाली",धुरियापार,ग्रामीण,1200,no road / elsewhere,1400,1600,,upto 5 m,18700,21100,19000,base,,,,,,160,119,99,83,140,108,89,73,120,65,54,45,0.040/0.100/0.200 ha,
basgaon,Bansgaon,03-08-2016,48,1048,"कलेचक, तप्पा—तीयर",धुरियापार,ग्रामीण,1200,no road / elsewhere,1400,1600,,upto 5 m,18700,21100,19000,base,,,,,,160,119,99,83,140,108,89,73,120,65,54,45,0.040/0.100/0.200 ha,
basgaon,Bansgaon,03-08-2016,49,1049,"कन्जरपार, तप्पा—तीयर",धुरियापार,ग्रामीण,1200,no road / elsewhere,1400,1600,,upto 5 m,18700,21100,19000,base,,,,,,160,119,99,83,140,108,89,73,120,65,54,45,0.040/0.100/0.200 ha,
basgaon,Bansgaon,03-08-2016,50,1050,"कनईल, तप्पा—पाली",धुरियापार,ग्रामीण,1200,no road / elsewhere,1400,1600,,upto 5 m,22000,26400,23100,base,,,,,,160,119,99,83,140,108,89,73,120,65,54,45,0.040/0.100/0.200 ha,
basgaon,Bansgaon,03-08-2016,51,1051,"कोटिया बाबू, तप्पा— नर्रे",धुरियापार,ग्रामीण,1200,no road / elsewhere,1400,1600,,upto 5 m,18700,21100,19000,base,,,,,,160,119,99,83,140,108,89,73,120,65,54,45,0.040/0.100/0.200 ha,
basgaon,Bansgaon,03-08-2016,52,1052,"कोपवा, तप्पा— नर्रे",धुरियापार,ग्रामीण,3000,no road / elsewhere,3700,4500,,upto 5 m,18700,21100,19000,base,,,,,,450,140,117,96,370,129,104,86,300,79,63,53,0.040/0.100/0.200 ha,
basgaon,Bansgaon,03-08-2016,53,1053,"कलौरा, तप्पा—पाली",धुरियापार,ग्रामीण,1200,no road / elsewhere,1400,1600,,upto 5 m,18700,21100,19000,base,,,,,,160,119,99,83,140,108,89,73,120,65,54,45,0.040/0.100/0.200 ha,
basgaon,Bansgaon,03-08-2016,54,1054,"कोटियाअमान सिंह, तप्पा—पाली",धुरियापार,ग्रामीण,3000,no road / elsewhere,3700,4500,,upto 5 m,18700,21100,19000,base,,,,,,450,140,117,96,370,129,104,86,300,79,63,53,0.040/0.100/0.200 ha,
basgaon,Bansgaon,03-08-2016,55,1055,"कनईचा, तप्पा—पाली",धुरियापार,ग्रामीण,3000,no road / elsewhere,3700,4500,7000,upto 5 m,22000,26400,23100,base,,,,,,450,140,117,96,370,129,104,86,300,79,63,53,0.040/0.100/0.200 ha,
basgaon,Bansgaon,03-08-2016,56,1056,"कानापार, तप्पा—पाली",धुरियापार,ग्रामीण,3000,no road / elsewhere,3700,4500,,upto 5 m,22000,26400,23100,base,,,,,,450,140,117,96,370,129,104,86,300,79,63,53,0.040/0.100/0.200 ha,
basgaon,Bansgaon,03-08-2016,57,1057,"कलानी उर्फ टड़वा, तप्पा— नर्रे",धुरियापार,ग्रामीण,1200,no road / elsewhere,1400,1600,,upto 5 m,18700,21100,19000,base,,,,,,160,119,99,83,140,108,89,73,120,65,54,45,0.040/0.100/0.200 ha,
basgaon,Bansgaon,03-08-2016,58,1058,"कोपवा, तप्पा—पाली",धुरियापार,ग्रामीण,1200,no road / elsewhere,1400,1600,,upto 5 m,18700,21100,19000,base,,,,,,160,119,99,83,140,108,89,73,120,65,54,45,0.040/0.100/0.200 ha,
basgaon,Bansgaon,03-08-2016,59,1059,"कहला, तप्प—अठैसी",धुरियापार,ग्रामीण,5000,no road / elsewhere,7300,8300,9750,upto 5 m,28600,31700,28400,base,,975,236,149,115,830,242,152,118,730,217,137,106,500,132,83,66,0.040/0.100/0.200 ha,
basgaon,Bansgaon,03-08-2016,60,1060,"करनौती, तप्प—अठैसी",धुरियापार,ग्रामीण,1200,no road / elsewhere,1400,1600,,upto 5 m,22000,26400,23100,base,,,,,,160,132,110,92,140,120,98,82,120,71,59,50,0.040/0.100/0.200 ha,
basgaon,Bansgaon,03-08-2016,61,1061,"करवल उर्फ मंझगांवा, तप्प—अठैसी",धुरियापार,ग्रामीण,5000,no road / elsewhere,7300,8300,9750,upto 5 m,28600,31700,28400,base,,975,236,149,115,830,242,152,118,730,217,137,106,500,132,83,66,0.040/0.100/0.200 ha,
basgaon,Bansgaon,03-08-2016,62,1062,"कठदेउर, तप्पा—मजुरी",धुरियापार,ग्रामीण,1200,no road / elsewhere,1400,1600,,upto 5 m,18700,21100,19000,base,,,,,,160,119,99,83,140,108,89,73,120,65,54,45,0.040/0.100/0.200 ha,
basgaon,Bansgaon,03-08-2016,63,1063,"कुशहा, तप्पा— पचीसी",भौवापार,ग्रामीण,1200,no road / elsewhere,1400,1600,,upto 5 m,18700,21100,19000,base,,,,,,160,83,71,62,140,73,64,57,120,45,40,34,0.040/0.100/0.200 ha,
basgaon,Bansgaon,03-08-2016,64,1064,"कुशमौल, तप्पा—कुशवासी",भौवापार,ग्रामीण,1200,no road / elsewhere,1400,1600,,upto 5 m,18700,21100,19000,base,,,,,,160,119,99,83,140,108,89,73,120,65,54,45,0.040/0.100/0.200 ha,
basgaon,Bansgaon,03-08-2016,65,1065,"कोलहट, तप्पा—कुशवासी",भौवापार,ग्रामीण,1200,no road / elsewhere,1400,1600,,upto 5 m,18700,21100,19000,base,,,,,,160,119,99,83,140,108,89,73,120,65,54,45,0.040/0.100/0.200 ha,
basgaon,Bansgaon,03-08-2016,66,1066,"करपैया, तप्पा—कुशवासी",भौवापार,ग्रामीण,500,no road / elsewhere,1000,1100,,upto 5 m,18700,21100,19000,base,,,,,,120,92,79,68,100,82,71,64,50,50,44,38,0.040/0.100/0.200 ha,
basgaon,Bansgaon,03-08-2016,67,1067,"कुसवासी खास, तप्पा—कुशवासी",भौवापार,ग्रामीण,4000,no road / elsewhere,5500,6600,6875,upto 5 m,28600,31700,28400,base,,687,139,113,92,660,140,117,96,550,129,104,86,400,79,63,53,0.040/0.100/0.200 ha,
basgaon,Bansgaon,03-08-2016,68,1068,"कटया, तप्पा—कुशवासी",भौवापार,ग्रामीण,4000,no road / elsewhere,5000,6000,6500,upto 5 m,28600,31700,28400,base,,650,139,113,92,600,140,117,96,500,129,104,73,400,79,63,53,0.040/0.100/0.200 ha,agri: link_d 73 (<86 typical); verified
basgaon,Bansgaon,03-08-2016,69,1069,"कसिहार, तप्पा—कुशवासी",भौवापार,ग्रामीण,5000,no road / elsewhere,7300,8300,9750,upto 5 m,28600,31700,28400,base,,975,236,149,115,830,242,152,118,730,217,137,106,500,132,83,66,0.040/0.100/0.200 ha,
basgaon,Bansgaon,03-08-2016,70,1070,"कतरारी मु0, तप्पा—कुशवासी",भौवापार,ग्रामीण,1200,no road / elsewhere,1400,1600,,upto 5 m,18700,21100,19000,base,,,,,,160,83,71,62,140,73,64,57,120,45,40,34,0.040/0.100/0.200 ha,
basgaon,Bansgaon,03-08-2016,71,1071,"कतरारी एहतमाली, तप्पा—कुशवासी",भौवापार,ग्रामीण,1200,no road / elsewhere,1400,1600,,upto 5 m,18700,21100,19000,base,,,,,,160,83,71,62,140,73,64,57,120,45,40,34,0.040/0.100/0.200 ha,
basgaon,Bansgaon,03-08-2016,72,1072,"करंजही मु0, तप्पा—कुशवासी",भौवापार,ग्रामीण,1200,no road / elsewhere,1400,1600,,upto 5 m,18700,21100,19000,base,,,,,,160,83,71,62,140,73,64,57,120,45,40,34,0.040/0.100/0.200 ha,
basgaon,Bansgaon,03-08-2016,73,1073,"कनईल मु0, तप्पा—कुशवासी",भौवापार,ग्रामीण,1200,no road / elsewhere,1400,1600,,upto 5 m,18700,21100,19000,base,,,,,,160,119,99,83,140,108,89,73,120,65,54,45,0.040/0.100/0.200 ha,
basgaon,Bansgaon,03-08-2016,74,1074,"कनईल ए0, तप्पा—कुशवासी",भौवापार,ग्रामीण,1200,no road / elsewhere,1400,1600,,upto 5 m,18700,21100,19000,base,,,,,,160,83,71,62,140,73,64,57,120,45,40,34,0.040/0.100/0.200 ha,
basgaon,Bansgaon,03-08-2016,75,1075,"कुसम्हा, तप्पा—कुशवासी",भौवापार,ग्रामीण,1200,no road / elsewhere,1400,1600,,upto 5 m,18700,21100,19000,base,,,,,,160,119,99,83,140,108,89,73,120,65,54,45,0.040/0.100/0.200 ha,
basgaon,Bansgaon,03-08-2016,76,1076,"कैथवलिया, तप्पा—गुरम्ही",भौवापार,ग्रामीण,1200,no road / elsewhere,1400,1600,,upto 5 m,18700,21100,19000,base,,,,,,160,119,99,83,140,108,89,73,120,65,54,45,0.040/0.100/0.200 ha,
basgaon,Bansgaon,03-08-2016,77,1077,"कोहड़ा, तप्पा—रामपुर कोठा",भौवापार,ग्रामीण,1200,no road / elsewhere,1400,1600,,upto 5 m,18700,21100,19000,base,,,,,,160,132,110,92,140,120,98,82,120,71,59,50,0.040/0.100/0.200 ha,
basgaon,Bansgaon,03-08-2016,78,1078,"कलानी, तप्पा—गुरम्ही",भौवापार,ग्रामीण,1200,no road / elsewhere,1400,1600,,upto 5 m,18700,21100,19000,base,,,,,,160,119,99,83,140,108,89,73,120,65,54,45,0.040/0.100/0.200 ha,
basgaon,Bansgaon,03-08-2016,79,1079,"करपैया एहतमाली, तप्पा—कुशवासी",भौवापार,ग्रामीण,1200,no road / elsewhere,1400,1600,,upto 5 m,18700,21100,19000,base,,,,,,160,83,71,62,140,73,64,57,120,45,40,34,0.040/0.100/0.200 ha,
basgaon,Bansgaon,03-08-2016,80,1080,"कुदरिया, तप्पा—गुरम्ही",भौवापार,ग्रामीण,1200,no road / elsewhere,1400,1600,,upto 5 m,18700,21100,19000,base,,,,,,160,119,99,83,140,108,89,73,120,65,54,45,0.040/0.100/0.200 ha,
basgaon,Bansgaon,03-08-2016,81,1081,"कौवाराम खु0, तप्पा—गुरम्ही",भौवापार,ग्रामीण,4000,no road / elsewhere,4600,5500,8000,upto 5 m,18700,21100,19000,base,,,,,,550,140,117,96,460,129,104,86,400,79,63,53,0.040/0.100/0.200 ha,
basgaon,Bansgaon,03-08-2016,82,1082,"कौवाराम बु0, तप्पा—गुरम्ही",भौवापार,ग्रामीण,4000,no road / elsewhere,4600,5500,8000,upto 5 m,18700,21100,19000,base,,,,,,550,140,117,96,460,129,104,86,400,79,63,53,0.040/0.100/0.200 ha,
basgaon,Bansgaon,03-08-2016,83,1083,"कौडीराम, तप्पा— पचीसी",भौवापार,ग्रामीण,5000,no road / elsewhere,7300,8300,9750,upto 5 m,28600,31700,28400,base,,975,236,149,115,830,242,152,118,730,217,137,106,500,132,83,66,0.040/0.100/0.200 ha,
basgaon,Bansgaon,03-08-2016,84,1084,"कैदहा बु0, तप्पा—गुरम्ही",भौवापार,ग्रामीण,4000,no road / elsewhere,5500,6600,6875,upto 5 m,28600,31700,28400,base,,687,139,113,92,660,140,117,96,550,129,104,86,400,79,63,53,0.040/0.100/0.200 ha,
basgaon,Bansgaon,03-08-2016,85,1085,"कैदहा खु0, तप्पा—गुरम्ही",भौवापार,ग्रामीण,4000,no road / elsewhere,5500,6600,6875,upto 5 m,28600,31700,28400,base,,687,139,113,92,660,140,117,96,550,129,104,86,400,79,63,53,0.040/0.100/0.200 ha,
basgaon,Bansgaon,03-08-2016,86,1086,"कौवाडील, तप्पा—गगहा",भौवापार,ग्रामीण,1200,no road / elsewhere,1400,1600,,upto 5 m,18700,21100,19000,base,,,,,,160,119,99,83,140,108,89,73,120,65,54,45,0.040/0.100/0.200 ha,
basgaon,Bansgaon,03-08-2016,87,1087,"कडहा चक, तप्पा—गगहा",भौवापार,ग्रामीण,3000,no road / elsewhere,3700,4500,5000,upto 5 m,22000,26400,23100,base,,500,116,96,80,450,140,117,96,370,129,104,73,300,79,63,53,0.040/0.100/0.200 ha,agri: link_d 73; verified
basgaon,Bansgaon,03-08-2016,88,1088,"कोठा मुस्तकिल, तप्पा— रामपुरकोठा",भौवापार,ग्रामीण,3000,no road / elsewhere,3700,4500,7000,upto 5 m,18700,21100,19000,base,,,,,,450,140,117,96,370,129,104,73,300,79,63,53,0.040/0.100/0.200 ha,agri: link_d 73; verified
basgaon,Bansgaon,03-08-2016,89,1089,"कोठा एहतमाली, तप्पा— रामपुरकोठा",भौवापार,ग्रामीण,500,no road / elsewhere,1000,1100,,upto 5 m,18700,21100,19000,base,,,,,,120,92,79,68,100,82,71,64,50,50,44,38,0.040/0.100/0.200 ha,
basgaon,Bansgaon,03-08-2016,90,1090,"करनराय, तप्पा—गगहा",भौवापार,ग्रामीण,1200,no road / elsewhere,1400,1600,,upto 5 m,18700,21100,19000,base,,,,,,160,119,99,83,140,108,89,73,120,65,54,45,0.040/0.100/0.200 ha,
basgaon,Bansgaon,03-08-2016,91,1091,"कुसमौरा खुर्द, तप्पा—गगहा",भौवापार,ग्रामीण,4000,no road / elsewhere,5000,6000,6300,upto 5 m,22000,26400,23100,base,,630,139,113,92,600,140,117,96,500,129,104,86,400,79,63,53,0.040/0.100/0.200 ha,
basgaon,Bansgaon,03-08-2016,92,1092,"कुसमौरा बुजुर्ग, तप्पा—गगहा",भौवापार,ग्रामीण,4000,no road / elsewhere,5000,6000,6300,upto 5 m,22000,26400,23100,base,,630,139,113,92,600,140,117,96,500,129,104,86,400,79,63,53,0.040/0.100/0.200 ha,
basgaon,Bansgaon,03-08-2016,93,1093,"कतकौली, तप्पा—गगहा",भौवापार,ग्रामीण,1200,no road / elsewhere,1400,1600,,upto 5 m,18700,21100,19000,base,,,,,,160,119,99,83,140,108,89,73,120,65,54,45,0.040/0.100/0.200 ha,
basgaon,Bansgaon,03-08-2016,94,1094,"कोड़रा मु0, तप्पा—गुरम्ही",भौवापार,ग्रामीण,1200,no road / elsewhere,1400,1600,,upto 5 m,18700,21100,19000,base,,,,,,160,119,99,83,140,108,89,73,120,65,54,45,0.040/0.100/0.200 ha,
basgaon,Bansgaon,03-08-2016,95,1095,"कोड़रा एह0, तप्पा—गुरम्ही",भौवापार,ग्रामीण,1200,no road / elsewhere,1400,1600,,upto 5 m,18700,21100,19000,base,,,,,,160,83,71,62,140,73,64,57,120,45,40,34,0.040/0.100/0.200 ha,
basgaon,Bansgaon,03-08-2016,96,1096,"करंजही एह0, तप्पा—कुशवासी",भौवापार,ग्रामीण,1200,no road / elsewhere,1400,1600,,upto 5 m,18700,21100,19000,base,,,,,,160,83,71,62,140,73,64,57,120,45,40,34,0.040/0.100/0.200 ha,
basgaon,Bansgaon,03-08-2016,97,1097,"खडहादेउर, तप्पा—महसिन",उनवल,ग्रामीण,1200,no road / elsewhere,1400,1600,,upto 5 m,18700,21100,19000,base,,,,,,160,119,99,83,140,108,89,73,120,65,54,45,0.040/0.100/0.200 ha,
basgaon,Bansgaon,03-08-2016,98,1098,"खजुरिया, तप्पा—महसिन",उनवल,ग्रामीण,1200,no road / elsewhere,1400,1600,,upto 5 m,18700,21100,19000,base,,,,,,160,119,99,83,140,108,89,73,120,65,54,45,0.040/0.100/0.200 ha,
basgaon,Bansgaon,03-08-2016,99,1099,"खजुरी बाबू, तप्पा— नर्रे",धुरियापार,ग्रामीण,3000,no road / elsewhere,3700,4500,,upto 5 m,18700,21100,19000,base,,,,,,450,140,117,96,370,129,104,86,300,79,63,53,0.040/0.100/0.200 ha,road: dotted line along row on scan (artifact? not a strike-out); values legible
basgaon,Bansgaon,03-08-2016,100,1100,"खखरी, तप्पा—तीयर",धुरियापार,ग्रामीण,1200,no road / elsewhere,1400,1600,,upto 5 m,18700,21100,19000,base,,,,,,160,119,99,83,140,108,89,73,120,65,54,45,0.040/0.100/0.200 ha,
basgaon,Bansgaon,03-08-2016,101,1101,"खम्भुआ भट्ट, तप्पा— पचीसी",भौवापार,ग्रामीण,3000,no road / elsewhere,3700,4500,7000,upto 5 m,22000,26400,23100,base,,,,,,450,140,117,96,370,129,104,86,300,79,63,53,0.040/0.100/0.200 ha,
basgaon,Bansgaon,03-08-2016,102,1102,"खम्भुआ पदुम, तप्पा— पचीसी",भौवापार,ग्रामीण,1200,no road / elsewhere,1400,1600,,upto 5 m,18700,21100,19000,base,,,,,,160,119,99,83,140,108,89,73,120,65,54,45,0.040/0.100/0.200 ha,
basgaon,Bansgaon,03-08-2016,103,1103,"खभरा, तप्पा—गगहा",भौवापार,ग्रामीण,1200,no road / elsewhere,1400,1600,,upto 5 m,22000,26400,23100,base,,,,,,160,119,99,83,140,108,89,73,120,65,54,45,0.040/0.100/0.200 ha,
basgaon,Bansgaon,03-08-2016,104,1104,"खदियापार, तप्पा—कुशवासी",भौवापार,ग्रामीण,3000,no road / elsewhere,3700,4500,,upto 5 m,18700,21100,19000,base,,,,,,450,140,117,96,370,129,104,86,300,79,63,53,0.040/0.100/0.200 ha,
basgaon,Bansgaon,03-08-2016,105,1105,"खेसुहा, तप्पा—गुरम्ही",भौवापार,ग्रामीण,1200,no road / elsewhere,1400,1600,,upto 5 m,18700,21100,19000,base,,,,,,160,119,99,83,140,108,89,73,120,65,54,45,0.040/0.100/0.200 ha,
basgaon,Bansgaon,03-08-2016,106,1106,"गोईठी, तप्पा—महसिन",उनवल,ग्रामीण,500,no road / elsewhere,1000,1100,,upto 5 m,18700,21100,19000,base,,,,,,120,92,79,68,100,82,71,64,50,50,44,38,0.040/0.100/0.200 ha,
basgaon,Bansgaon,03-08-2016,107,1107,"गेरुआ बाबू , तप्पा—महसिन",उनवल,ग्रामीण,4000,no road / elsewhere,4600,5500,9000,upto 5 m,18700,21100,19000,base,,,,,,550,140,117,96,460,129,104,86,400,79,63,53,0.040/0.100/0.200 ha,
basgaon,Bansgaon,03-08-2016,108,1108,"गौरी खुर्द, तप्पा—महसिन",उनवल,ग्रामीण,1200,no road / elsewhere,1400,1600,,upto 5 m,18700,21100,19000,base,,,,,,160,119,99,83,140,108,89,73,120,65,54,45,0.040/0.100/0.200 ha,
basgaon,Bansgaon,03-08-2016,109,1109,"गेरुआ उर्फ परसौना, तप्पा—महसिन",उनवल,ग्रामीण,4000,no road / elsewhere,4600,5500,,upto 5 m,18700,21100,19000,base,,,,,,550,119,99,83,460,129,104,86,400,79,63,53,0.040/0.100/0.200 ha,agri: dist_b-d 119/99/83 with dist_a 550 unusual; as printed
basgaon,Bansgaon,03-08-2016,110,1110,"गोछरन, तप्पा—महसिन",उनवल,ग्रामीण,1200,no road / elsewhere,1400,1600,,upto 5 m,18700,21100,19000,base,,,,,,160,140,117,96,140,108,89,73,120,65,54,45,0.040/0.100/0.200 ha,agri: dist_b-d 140/117/96 with dist_a 160 unusual; as printed
basgaon,Bansgaon,03-08-2016,111,1111,"गोडारी, तप्पा—महसिन",उनवल,ग्रामीण,500,no road / elsewhere,1000,1100,,upto 5 m,18700,21100,19000,base,,,,,,120,92,79,68,100,82,71,64,50,50,44,38,0.040/0.100/0.200 ha,
basgaon,Bansgaon,03-08-2016,112,1112,"गोछवल, तप्पा—महसिन",उनवल,ग्रामीण,4000,no road / elsewhere,5500,6600,,upto 5 m,22000,26400,23100,base,,,,,,660,140,117,96,550,129,104,86,400,79,63,53,0.040/0.100/0.200 ha,
basgaon,Bansgaon,03-08-2016,113,1113,"गरयाकोल, तप्पा—मझवलिया",चिल्लूपार,ग्रामीण,1200,no road / elsewhere,1400,1600,,upto 5 m,18700,21100,19000,base,,,,,,160,83,71,62,140,73,64,57,120,45,40,34,0.040/0.100/0.200 ha,
basgaon,Bansgaon,03-08-2016,114,1114,"गोहलिया, तप्पा—बभनौली",धुरियापार,ग्रामीण,1200,no road / elsewhere,1400,1600,,upto 5 m,18700,21100,19000,base,,,,,,160,119,99,83,140,108,89,73,120,65,54,45,0.040/0.100/0.200 ha,
basgaon,Bansgaon,03-08-2016,115,1115,"गोबडौर, तप्पा—पाली",धुरियापार,ग्रामीण,1200,no road / elsewhere,1400,1600,,upto 5 m,18700,21100,19000,base,,,,,,160,119,99,83,140,108,89,73,120,65,54,45,0.040/0.100/0.200 ha,
basgaon,Bansgaon,03-08-2016,116,1116,"गौरजीतपुर, तप्पा—बभनौली",धुरियापार,ग्रामीण,1200,no road / elsewhere,1400,1600,,upto 5 m,18700,21100,19000,base,,,,,,160,119,99,83,140,108,89,73,120,65,54,45,0.040/0.100/0.200 ha,
basgaon,Bansgaon,03-08-2016,117,1117,"गुआर, तप्पा—पाली",धुरियापार,ग्रामीण,1200,no road / elsewhere,1400,1600,,upto 5 m,18700,21100,19000,base,,,,,,160,119,99,83,140,108,89,73,120,65,54,45,0.040/0.100/0.200 ha,
basgaon,Bansgaon,03-08-2016,118,1118,"गजारी, तप्पा—तीयर",धुरियापार,ग्रामीण,1200,no road / elsewhere,1400,1600,,upto 5 m,18700,21100,19000,base,,,,,,160,119,99,83,140,108,89,73,120,65,54,45,0.040/0.100/0.200 ha,
basgaon,Bansgaon,03-08-2016,119,1119,"गेरुआखोर, तप्पा— नर्रे",धुरियापार,ग्रामीण,1200,no road / elsewhere,1400,1600,,upto 5 m,18700,21100,19000,base,,,,,,160,119,99,83,140,108,89,73,120,65,54,45,0.040/0.100/0.200 ha,
basgaon,Bansgaon,03-08-2016,120,1120,"गांगूपार, तप्पा— नर्रे",धुरियापार,ग्रामीण,1200,no road / elsewhere,1400,1600,,upto 5 m,18700,21100,19000,base,,,,,,160,119,99,83,140,108,89,73,120,65,54,45,0.040/0.100/0.200 ha,
basgaon,Bansgaon,03-08-2016,121,1121,"गौरपार, तप्पा— नर्रे",धुरियापार,ग्रामीण,3000,no road / elsewhere,3700,4500,,upto 5 m,22000,26400,23100,base,,,,,,450,130,108,96,370,129,104,86,300,79,63,53,0.040/0.100/0.200 ha,agri: dist_b/c 130/108 unusual; verified at 2.5x
basgaon,Bansgaon,03-08-2016,122,1122,"गोडसरी, तप्पा— पचीसी",भौवापार,ग्रामीण,4000,no road / elsewhere,5500,6600,9000,upto 5 m,22000,26400,23100,base,,,,,,660,140,117,96,550,129,104,86,400,79,63,53,0.040/0.100/0.200 ha,road: dotted line along row on scan (artifact? not a strike-out); values legible
basgaon,Bansgaon,03-08-2016,123,1123,"गंगापार, तप्पा—कुशवासी",भौवापार,ग्रामीण,500,no road / elsewhere,1000,1100,,upto 5 m,18700,21100,19000,base,,,,,,120,92,79,68,100,82,71,64,50,50,44,38,0.040/0.100/0.200 ha,
basgaon,Bansgaon,03-08-2016,124,1124,"गौरा, तप्पा—कुशवासी",भौवापार,ग्रामीण,1200,no road / elsewhere,1400,1600,,upto 5 m,18700,21100,19000,base,,,,,,160,119,99,83,140,108,89,73,120,65,54,45,0.040/0.100/0.200 ha,
basgaon,Bansgaon,03-08-2016,125,1125,"गुरम्ही, तप्पा—गुरम्ही",भौवापार,ग्रामीण,1200,no road / elsewhere,1400,1600,,upto 5 m,18700,21100,19000,base,,,,,,160,119,99,83,140,108,89,73,120,65,54,45,0.040/0.100/0.200 ha,
basgaon,Bansgaon,03-08-2016,126,1126,"गिरधरपुर दुबौलिया, तप्पा—गुरम्ही",भौवापार,ग्रामीण,4000,no road / elsewhere,4600,5500,,upto 5 m,18700,21100,19000,base,,,,,,550,140,117,96,460,129,104,86,400,79,63,53,0.040/0.100/0.200 ha,
basgaon,Bansgaon,03-08-2016,127,1127,"गिरधरपुर चौबे, तप्पा—गुरम्ही",भौवापार,ग्रामीण,4000,no road / elsewhere,4600,5500,,upto 5 m,18700,21100,19000,base,,,,,,550,140,117,96,460,129,104,86,400,79,63,53,0.040/0.100/0.200 ha,
basgaon,Bansgaon,03-08-2016,128,1128,"गिरधरपुर सोलंकी, तप्पा—गुरम्ही",भौवापार,ग्रामीण,1200,no road / elsewhere,1400,1600,,upto 5 m,18700,21100,19000,base,,,,,,160,119,99,83,140,108,89,73,120,65,54,45,0.040/0.100/0.200 ha,
basgaon,Bansgaon,03-08-2016,129,1129,"गुआर, तप्पा—गगहा",भौवापार,ग्रामीण,4000,no road / elsewhere,4600,5500,,upto 5 m,18700,21100,19000,base,,,,,,550,140,117,96,460,129,104,86,400,79,63,53,0.040/0.100/0.200 ha,
basgaon,Bansgaon,03-08-2016,130,1130,"गजपुर मुस्तकिल, तप्पा—रामपुर कोठा",भौवापार,ग्रामीण,4000,no road / elsewhere,4600,5500,9000,upto 5 m,18700,21100,19000,base,,,,,,550,140,117,96,460,129,104,86,400,79,63,53,0.040/0.100/0.200 ha,
basgaon,Bansgaon,03-08-2016,131,1131,"गजपुर एहतमाली, तप्पा—रामपुर कोठा",भौवापार,ग्रामीण,1200,no road / elsewhere,1400,1600,,upto 5 m,18700,21100,19000,base,,,,,,160,108,71,62,140,73,64,57,120,45,40,34,0.040/0.100/0.200 ha,agri: dist_b 108 (>link-pattern 83); verified at zoom
basgaon,Bansgaon,03-08-2016,132,1132,"गोबरईया, तप्पा—गगहा",भौवापार,ग्रामीण,3000,no road / elsewhere,4600,5500,6000,upto 5 m,22000,26400,23100,base,,600,116,96,80,550,140,117,96,460,129,104,86,300,79,63,53,0.040/0.100/0.200 ha,agri: other_a 300 with link_a 460; verified
basgaon,Bansgaon,03-08-2016,133,1133,"गंगा चक, तप्पा—गगहा",भौवापार,ग्रामीण,1200,no road / elsewhere,1400,1600,,upto 5 m,18700,21100,19000,base,,,,,,160,119,99,83,140,108,89,73,120,65,54,45,0.040/0.100/0.200 ha,
basgaon,Bansgaon,03-08-2016,134,1134,"गडही मुस्तकिल, तप्पा—गगहा",भौवापार,ग्रामीण,1200,no road / elsewhere,1400,1600,,upto 5 m,22000,26400,23100,base,,,,,,160,132,110,92,140,120,98,82,120,71,59,50,0.040/0.100/0.200 ha,
basgaon,Bansgaon,03-08-2016,135,1135,"गडही एहतमाली, तप्पा—गगहा",भौवापार,ग्रामीण,500,no road / elsewhere,1000,1100,,upto 5 m,18700,21100,19000,base,,,,,,120,92,79,68,100,82,71,64,50,50,44,38,0.040/0.100/0.200 ha,
basgaon,Bansgaon,03-08-2016,136,1136,"गोरखपुरवा, तप्पा—गगहा",भौवापार,ग्रामीण,1200,no road / elsewhere,1400,1600,,upto 5 m,18700,21100,19000,base,,,,,,160,119,99,83,140,108,89,73,120,65,54,45,0.040/0.100/0.200 ha,
basgaon,Bansgaon,03-08-2016,137,1137,"घेवरपार मुस्तकिल, तप्पा—मझवलिया",चिल्लूपार,ग्रामीण,1200,no road / elsewhere,1400,1600,,upto 5 m,18700,21100,19000,base,,,,,,160,119,99,83,140,108,89,73,120,65,54,45,0.040/0.100/0.200 ha,
basgaon,Bansgaon,03-08-2016,138,1138,"घेवरपार एहतमाली, तप्पा—मझवलिया",चिल्लूपार,ग्रामीण,1200,no road / elsewhere,1400,1600,,upto 5 m,18700,21100,19000,base,,,,,,160,83,71,62,140,73,64,57,120,45,40,34,0.040/0.100/0.200 ha,
basgaon,Bansgaon,03-08-2016,139,1139,"घोडसॉव, तप्पा— नर्रे",धुरियापार,ग्रामीण,1200,no road / elsewhere,1400,1600,,upto 5 m,18700,21100,19000,base,,,,,,160,119,99,83,140,108,89,73,120,65,54,45,0.040/0.100/0.200 ha,
basgaon,Bansgaon,03-08-2016,140,1140,"घनसही, तप्पा—कुशवासी",भौवापार,ग्रामीण,3000,no road / elsewhere,3700,4500,,upto 5 m,22000,26400,23100,base,,,,,,450,140,117,96,370,129,104,86,300,79,63,53,0.040/0.100/0.200 ha,
basgaon,Bansgaon,03-08-2016,141,1141,"घिसडी, तप्पा—रामपुर कोठा",भौवापार,ग्रामीण,500,no road / elsewhere,1000,1100,,upto 5 m,18700,21100,19000,base,,,,,,120,92,79,68,100,82,71,64,50,50,44,38,0.040/0.100/0.200 ha,
basgaon,Bansgaon,03-08-2016,142,1142,"चांडी, तप्पा—महसिन",उनवल,ग्रामीण,4000,no road / elsewhere,4600,5500,9000,upto 5 m,22000,26400,23100,base,,,,,,550,174,137,99,460,162,123,91,400,95,76,55,0.040/0.100/0.200 ha,
basgaon,Bansgaon,03-08-2016,143,1143,"चकमाली उर्फ विठुवा, तप्पा— नर्रे",धुरियापार,ग्रामीण,3000,no road / elsewhere,3700,4500,,upto 5 m,22000,26400,23100,base,,,,,,450,151,129,104,370,139,116,93,300,85,69,55,0.040/0.100/0.200 ha,
basgaon,Bansgaon,03-08-2016,144,1144,"चिमचा, तप्प—अठैसी",धुरियापार,ग्रामीण,1200,no road / elsewhere,1400,1600,,upto 5 m,22000,26400,23100,base,,,,,,160,132,110,92,140,120,98,82,120,71,59,50,0.040/0.100/0.200 ha,
basgaon,Bansgaon,03-08-2016,145,1145,"चकरामचन्दर, तप्पा—मजुरी",धुरियापार,ग्रामीण,1200,no road / elsewhere,1400,1600,,upto 5 m,18700,21100,19000,base,,,,,,160,119,99,83,140,108,89,73,120,65,54,45,0.040/0.100/0.200 ha,
basgaon,Bansgaon,03-08-2016,146,1146,"चकसुल्तानी, तप्पा—मजुरी",धुरियापार,ग्रामीण,5000,no road / elsewhere,7300,8300,9750,upto 5 m,28600,31680,28400,base,,975,236,149,115,830,242,152,118,730,217,137,106,500,132,83,66,0.040/0.100/0.200 ha,
basgaon,Bansgaon,03-08-2016,147,1147,"चकदनियाल, तप्पा— पचीसी",भौवापार,ग्रामीण,1200,no road / elsewhere,1400,1600,,upto 5 m,18700,21100,19000,base,,,,,,160,119,99,83,140,108,89,73,120,65,54,45,0.040/0.100/0.200 ha,
basgaon,Bansgaon,03-08-2016,148,1148,"चरपान खुद, तप्पा—कुशवार्सी",भौवापार,ग्रामीण,1200,no road / elsewhere,1400,1600,,upto 5 m,18700,21100,19000,base,,,,,,160,119,99,83,140,108,89,73,120,65,54,45,0.040/0.100/0.200 ha,
basgaon,Bansgaon,03-08-2016,149,1149,"चरपान बुजुर्ग, तप्पा—कुशवासी",भौवापार,ग्रामीण,1200,no road / elsewhere,1400,1600,,upto 5 m,18700,21100,19000,base,,,,,,160,119,99,83,140,108,89,73,120,65,54,45,0.040/0.100/0.200 ha,
basgaon,Bansgaon,03-08-2016,150,1150,"चन्दौली खुर्द, तप्पा—कुशवासी",भौवापार,ग्रामीण,1200,no road / elsewhere,1400,1600,,upto 5 m,18700,21100,19000,base,,,,,,160,119,99,83,140,108,89,73,120,65,54,45,0.040/0.100/0.200 ha,
basgaon,Bansgaon,03-08-2016,151,1151,"चेतनचक डोमरवार, तप्पा—कुशवासी",भौवापार,ग्रामीण,500,no road / elsewhere,1000,1100,,upto 5 m,18700,21100,19000,base,,,,,,120,92,79,68,100,82,71,64,50,50,44,38,0.040/0.100/0.200 ha,
basgaon,Bansgaon,03-08-2016,152,1152,"चन्दौली बुजुर्ग, तप्पा—कुशवासी",भौवापार,ग्रामीण,1200,no road / elsewhere,1400,1600,,upto 5 m,18700,21100,19000,base,,,,,,160,132,110,92,140,120,98,82,120,71,59,50,0.040/0.100/0.200 ha,
basgaon,Bansgaon,03-08-2016,153,1153,"चांदा, तप्पा—कुशवासी",भौवापार,ग्रामीण,500,no road / elsewhere,1000,1100,,upto 5 m,18700,21100,19000,base,,,,,,120,92,79,68,100,82,71,64,50,50,44,38,0.040/0.100/0.200 ha,
basgaon,Bansgaon,03-08-2016,154,1154,"चिउटहा मु0, तप्पा—गुरम्ही",भौवापार,ग्रामीण,1200,no road / elsewhere,1400,1600,,upto 5 m,18700,21100,19000,base,,,,,,160,119,99,83,140,108,89,73,120,65,54,45,0.040/0.100/0.200 ha,
basgaon,Bansgaon,03-08-2016,155,1155,"चिउटहा एह0, तप्पा—गुरम्ही",भौवापार,ग्रामीण,1200,no road / elsewhere,1400,1600,,upto 5 m,18700,21100,19000,base,,,,,,160,83,70,62,140,73,64,57,120,45,40,34,0.040/0.100/0.200 ha,agri: dist_c 70 (71 elsewhere); verified
basgaon,Bansgaon,03-08-2016,156,1156,"चंवरिया बुजुर्ग, तप्पा—गुरम्ही",भौवापार,ग्रामीण,4000,no road / elsewhere,5500,6600,6875,upto 5 m,28600,31700,28400,base,,687,139,113,92,660,140,117,96,550,129,104,86,400,79,63,53,0.040/0.100/0.200 ha,
basgaon,Bansgaon,03-08-2016,157,1157,"चंवरिया खुर्द, तप्पा—गुरम्ही",भौवापार,ग्रामीण,4000,no road / elsewhere,5500,6600,6875,upto 5 m,28600,31700,28400,base,,687,139,113,92,660,140,117,96,550,129,104,86,400,79,63,53,0.040/0.100/0.200 ha,
basgaon,Bansgaon,03-08-2016,158,1158,"चेतरी, तप्पा—रामपुर कोठा",भौवापार,ग्रामीण,500,no road / elsewhere,1000,1100,,upto 5 m,18700,21100,19000,base,,,,,,120,92,79,68,100,82,71,64,50,50,44,38,0.040/0.100/0.200 ha,
basgaon,Bansgaon,03-08-2016,159,1159,"चरवटा, तप्पा—रामपुर कोठा",भौवापार,ग्रामीण,500,no road / elsewhere,1000,1100,,upto 5 m,18700,21100,19000,base,,,,,,120,92,79,68,100,82,71,64,50,50,44,38,0.040/0.100/0.200 ha,
basgaon,Bansgaon,03-08-2016,160,1160,"चांदा, तप्पा—गुरम्ही",भौवापार,ग्रामीण,1200,no road / elsewhere,1400,1600,,upto 5 m,18700,21100,19000,base,,,,,,160,119,99,83,140,108,89,73,120,65,54,45,0.040/0.100/0.200 ha,
basgaon,Bansgaon,03-08-2016,161,1161,"चांडी, तप्पा—गुरम्ही",भौवापार,ग्रामीण,1200,no road / elsewhere,1400,1600,,upto 5 m,22000,26400,23100,base,,,,,,160,119,99,83,140,108,89,73,120,65,54,45,0.040/0.100/0.200 ha,
basgaon,Bansgaon,03-08-2016,162,0001,चौखण्डी बॉसगॉव,वार्ड नं0—10,अर्द्धनगरीय,4500,no road / elsewhere,5500,8000,10000,upto 5 m,28600,31700,28400,base,,,,,,800,130,117,96,550,129,104,86,450,79,63,53,0.040/0.100/0.200 ha,basic: semi-urban row: V-code 0001 breaks sequence (printed as such); category अर्द्धनगरीय | road: col5=वार्ड नं0–10 | agri: vcode 0001 ward row (वार्ड नं0-1); dist_b 130 unusual; as printed
basgaon,Bansgaon,03-08-2016,163,1162,"जोतगुटकी, तप्पा—महसिन",उनवल,ग्रामीण,500,no road / elsewhere,1000,1100,,upto 5 m,18700,21100,19000,base,,,,,,120,92,79,68,100,82,71,64,50,50,44,38,0.040/0.100/0.200 ha,
basgaon,Bansgaon,03-08-2016,164,1163,"जिगिना भियांव, तप्पा—महसिन",उनवल,ग्रामीण,3000,no road / elsewhere,3700,4500,,upto 5 m,22000,26400,23100,base,,,,,,450,140,117,96,370,129,104,86,300,79,63,53,0.040/0.100/0.200 ha,
basgaon,Bansgaon,03-08-2016,165,1164,"जारी, तप्पा—महसिन",उनवल,ग्रामीण,1200,no road / elsewhere,1400,1600,,upto 5 m,18700,21100,19000,base,,,,,,160,119,99,83,140,108,89,73,120,65,54,45,0.040/0.100/0.200 ha,
basgaon,Bansgaon,03-08-2016,166,1165,"जादोपाली, तप्पा—पाली",धुरियापार,ग्रामीण,1200,no road / elsewhere,1400,1600,,upto 5 m,18700,21100,19000,base,,,,,,160,119,99,83,140,108,89,73,120,65,54,45,0.040/0.100/0.200 ha,
basgaon,Bansgaon,03-08-2016,167,1166,"जंगल सरया बेलवरिया, तप्पा— गौर",धुरियापार,ग्रामीण,1200,no road / elsewhere,1400,1600,,upto 5 m,18700,21100,19000,base,,,,,,160,119,99,83,140,108,89,73,120,65,54,45,0.040/0.100/0.200 ha,
basgaon,Bansgaon,03-08-2016,168,1167,"जानीपुर, तप्पा—तीयर",धुरियापार,ग्रामीण,4000,no road / elsewhere,5000,6000,7000,upto 5 m,22000,26400,23100,base,,,,,,600,242,152,118,500,217,137,106,400,132,83,66,0.040/0.100/0.200 ha,
basgaon,Bansgaon,03-08-2016,169,1168,"जमदरा, तप्प—अठैसी",धुरियापार,ग्रामीण,3000,no road / elsewhere,3700,4500,,upto 5 m,22000,26400,23100,base,,,,,,450,140,117,96,370,129,104,86,300,79,63,55,0.040/0.100/0.200 ha,road: dotted line along row on scan (artifact? not a strike-out); values legible
basgaon,Bansgaon,03-08-2016,170,1169,"जमीन लौहरपुर, तप्पा—मजुरी",धुरियापार,ग्रामीण,4000,no road / elsewhere,5000,6000,6000,upto 5 m,22000,26400,23100,base,,,,,,600,151,129,104,500,139,104,93,400,85,69,58,0.040/0.100/0.200 ha,agri: link_c 104 (<114 pattern); verified
basgaon,Bansgaon,03-08-2016,171,1170,"जगदीशपुर, तप्पा— पचीसी",भौवापार,ग्रामीण,4000,no road / elsewhere,4600,5500,9000,upto 5 m,22000,26400,23100,base,,,,,,550,242,152,118,460,217,137,106,400,132,83,66,0.040/0.100/0.200 ha,
basgaon,Bansgaon,03-08-2016,172,1171,"जयन्तीपुर, तप्पा— पचीसी",भौवापार,ग्रामीण,4000,no road / elsewhere,4600,5500,9000,upto 5 m,22000,26400,23100,base,,,,,,550,140,117,96,460,129,104,86,400,79,63,55,0.040/0.100/0.200 ha,
basgaon,Bansgaon,03-08-2016,173,1172,"जमुनीजोत, तप्पा— पचीसी",भौवापार,ग्रामीण,3000,no road / elsewhere,3700,4500,,upto 5 m,22000,26400,23100,base,,,,,,450,140,117,96,370,129,104,86,300,79,63,55,0.040/0.100/0.200 ha,
basgaon,Bansgaon,03-08-2016,174,1173,"जगरनाथपुर, तप्पा—गुरम्ही",भौवापार,ग्रामीण,3000,no road / elsewhere,3700,4500,,upto 5 m,22000,26400,23100,base,,,,,,450,140,117,96,370,129,104,86,300,79,63,55,0.040/0.100/0.200 ha,
basgaon,Bansgaon,03-08-2016,175,1174,"जयापार, तप्पा—रामपुर कोठा",भौवापार,ग्रामीण,1200,no road / elsewhere,1400,1600,,upto 5 m,18700,21100,19000,base,,,,,,160,119,99,83,140,108,89,73,120,65,54,45,0.040/0.100/0.200 ha,
basgaon,Bansgaon,03-08-2016,176,1175,"जीवकर, तप्पा—गगहा",भौवापार,ग्रामीण,1200,no road / elsewhere,1400,1600,,upto 5 m,18700,21100,19000,base,,,,,,160,119,99,83,140,108,89,73,120,65,54,45,0.040/0.100/0.200 ha,
basgaon,Bansgaon,03-08-2016,177,1176,"जगदीशपुर, तप्पा—रामपुर कोठा",भौवापार,ग्रामीण,5000,no road / elsewhere,7300,8300,9750,upto 5 m,28600,31680,28400,base,,975,236,149,115,830,242,152,118,730,217,137,106,500,132,83,66,0.040/0.100/0.200 ha,
basgaon,Bansgaon,03-08-2016,178,1177,"जगदीशपुर, तप्पा— तीयर",भौवापार,ग्रामीण,1200,no road / elsewhere,1400,1600,,upto 5 m,18700,21100,19000,base,,,,,,160,132,110,92,140,120,98,82,120,71,59,50,0.040/0.100/0.200 ha,
basgaon,Bansgaon,03-08-2016,179,1178,"जगदीशपुर, तप्पा—गगहा",भौवापार,ग्रामीण,4000,no road / elsewhere,4600,5500,7500,upto 5 m,22000,26400,23100,base,,,,,,550,140,117,96,460,129,104,86,400,79,63,53,0.040/0.100/0.200 ha,
basgaon,Bansgaon,03-08-2016,180,1179,"झौहारी, तप्पा—रामपुर कोठा",भौवापार,ग्रामीण,500,no road / elsewhere,1000,1100,,upto 5 m,18700,21100,19000,base,,,,,,120,92,79,68,100,82,71,64,50,50,44,38,0.040/0.100/0.200 ha,
basgaon,Bansgaon,03-08-2016,181,1180,"झरना, तप्पा—रामपुर कोठा",भौवापार,ग्रामीण,3000,no road / elsewhere,3700,4500,,upto 5 m,22000,26400,23100,base,,,,,,450,140,117,96,370,129,104,86,300,79,63,53,0.040/0.100/0.200 ha,
basgaon,Bansgaon,03-08-2016,182,1181,"टेंगरी, तप्पा—तीयर",धुरियापार,ग्रामीण,1200,no road / elsewhere,1400,1600,,upto 5 m,18700,21100,19000,base,,,,,,160,132,110,92,140,120,98,82,120,71,59,50,0.040/0.100/0.200 ha,
basgaon,Bansgaon,03-08-2016,183,1182,"टड़वा, तप्पा—तीयर",धुरियापार,ग्रामीण,1200,no road / elsewhere,1400,1600,,upto 5 m,18700,21100,19000,base,,,,,,160,119,99,83,140,108,89,73,120,65,54,45,0.040/0.100/0.200 ha,
basgaon,Bansgaon,03-08-2016,184,1183,"टेंगरी, तप्पा—पाली",धुरियापार,ग्रामीण,3000,no road / elsewhere,3700,4500,7000,upto 5 m,18700,21100,19000,base,,,,,,450,140,117,96,370,129,104,86,300,79,63,53,0.040/0.100/0.200 ha,
basgaon,Bansgaon,03-08-2016,185,1184,"टेढतिघरा, तप्पा—पाली",धुरियापार,ग्रामीण,1200,no road / elsewhere,1400,1600,,upto 5 m,18700,21100,19000,base,,,,,,160,119,99,83,140,108,89,73,120,65,54,45,0.040/0.100/0.200 ha,
basgaon,Bansgaon,03-08-2016,186,1185,"टिकरी, तप्प—अठैसी",धुरियापार,ग्रामीण,4000,no road / elsewhere,5500,6600,6875,upto 5 m,28600,31680,28400,base,,687,139,113,92,660,140,117,96,550,129,104,86,400,79,63,53,0.040/0.100/0.200 ha,
basgaon,Bansgaon,03-08-2016,187,1186,"टेंगरखांवा, तप्पा—कुशवासी",भौवापार,ग्रामीण,500,no road / elsewhere,1000,1100,,upto 5 m,18700,21100,19000,base,,,,,,120,92,79,68,100,82,71,64,50,50,44,38,0.040/0.100/0.200 ha,
basgaon,Bansgaon,03-08-2016,188,1187,"टेम्हा, तप्पा—कुशवासी",भौवापार,ग्रामीण,3000,no road / elsewhere,5000,5500,8200,upto 5 m,22000,26400,23100,base,,,,,,550,119,99,83,500,108,89,73,300,65,54,45,0.040/0.100/0.200 ha,"agri: dist_a 550 with b-d 119/99/83, link_a 500, other_a 300; verified"
basgaon,Bansgaon,03-08-2016,189,1188,"टीकर, तप्पा—गुरम्ही",भौवापार,ग्रामीण,1200,no road / elsewhere,1400,1600,,upto 5 m,18700,21100,19000,base,,,,,,160,119,99,83,140,108,89,73,120,65,54,45,0.040/0.100/0.200 ha,
basgaon,Bansgaon,03-08-2016,190,1189,"टेकुआमाधो, तप्पा—गगहा",भौवापार,ग्रामीण,1200,no road / elsewhere,1400,1600,,upto 5 m,18700,21100,19000,base,,,,,,160,119,99,83,140,108,89,73,120,65,54,45,0.040/0.100/0.200 ha,
basgaon,Bansgaon,03-08-2016,191,1190,"टेकुआ दर्जी, तप्पा—गगहा",भौवापार,ग्रामीण,3000,no road / elsewhere,4000,4500,7000,upto 5 m,18700,21100,19000,base,,,,,,450,140,117,96,400,129,104,86,300,79,63,53,0.040/0.100/0.200 ha,agri: link_a 400 (370 pattern); verified
basgaon,Bansgaon,03-08-2016,192,1191,टेकुआ चतुर,भौवापार,ग्रामीण,3000,no road / elsewhere,3700,4500,,upto 5 m,18700,21100,19000,base,,,,,,450,140,117,96,370,129,104,86,300,79,63,53,0.040/0.100/0.200 ha,road: name printed without तप्पा
basgaon,Bansgaon,03-08-2016,193,1192,"टेम्हा, तप्पा—गगहा",भौवापार,ग्रामीण,4000,no road / elsewhere,5000,5500,8200,upto 5 m,18700,21100,19000,base,,820,139,113,92,550,140,117,96,500,129,104,86,400,79,63,53,0.040/0.100/0.200 ha,
basgaon,Bansgaon,03-08-2016,194,1193,"टेकुआवीर शाह, तप्पा—गगहा",भौवापार,ग्रामीण,1200,no road / elsewhere,1400,1600,,upto 5 m,18700,21100,19000,base,,,,,,160,119,99,83,140,108,89,73,120,65,54,45,0.040/0.100/0.200 ha,
basgaon,Bansgaon,03-08-2016,195,1194,"टिकुली बनारस, तप्पा—रामपुर कोठा",भौवापार,ग्रामीण,3000,no road / elsewhere,3700,4500,7000,upto 5 m,18700,21100,19000,base,,,,,,450,140,117,96,370,129,104,86,300,79,63,53,0.040/0.100/0.200 ha,
basgaon,Bansgaon,03-08-2016,196,1195,"ठठौली, तप्पा—गगहा",भौवापार,ग्रामीण,4000,no road / elsewhere,5000,5500,6200,upto 5 m,22000,26400,23100,base,,620,139,113,92,550,140,117,96,500,129,104,86,400,79,63,53,0.040/0.100/0.200 ha,
basgaon,Bansgaon,03-08-2016,197,1196,"डुमरडॉड, तप्पा—महसिन",उनवल,ग्रामीण,500,no road / elsewhere,1000,1100,,upto 5 m,18700,21100,19000,base,,,,,,120,92,79,68,100,82,71,64,50,50,44,38,0.040/0.100/0.200 ha,
basgaon,Bansgaon,03-08-2016,198,1197,"डॉडी रावत, तप्पा—महसिन",उनवल,ग्रामीण,1200,no road / elsewhere,1400,1600,,upto 5 m,18700,21100,19000,base,,,,,,160,119,99,83,140,108,89,73,120,65,54,45,0.040/0.100/0.200 ha,
basgaon,Bansgaon,03-08-2016,199,1198,"डडवा मनोहर, तप्पा—महसिन",उनवल,ग्रामीण,3000,no road / elsewhere,3700,4500,,upto 5 m,18700,21100,19000,base,,,,,,450,140,117,96,370,129,104,86,300,79,63,53,0.040/0.100/0.200 ha,
basgaon,Bansgaon,03-08-2016,200,1199,"डुमरी मु0शाहपुर, तप्पा—महसिन",उनवल,ग्रामीण,3000,no road / elsewhere,3700,4500,,upto 5 m,18700,21100,19000,base,,,,,,450,140,117,96,370,129,104,86,300,79,63,53,0.040/0.100/0.200 ha,
basgaon,Bansgaon,03-08-2016,201,1200,"डुमरी बाबू, तप्पा—महसिन",उनवल,ग्रामीण,4000,no road / elsewhere,4600,5500,,upto 5 m,22000,26400,23100,base,,,,,,550,140,117,96,460,129,104,86,400,79,63,53,0.040/0.100/0.200 ha,
basgaon,Bansgaon,03-08-2016,202,1201,"डेढुई कमालचक, तप्पा—पाली",धुरियापार,ग्रामीण,1200,no road / elsewhere,1400,1600,,upto 5 m,18700,21100,19000,base,,,,,,160,132,110,92,140,120,98,82,120,71,59,50,0.040/0.100/0.200 ha,
basgaon,Bansgaon,03-08-2016,203,1202,"डुमरी, तप्पा—तीयर",धुरियापार,ग्रामीण,4000,no road / elsewhere,5500,6600,7500,upto 5 m,22000,26400,23100,base,,850,139,113,92,660,140,117,96,550,129,104,86,400,79,63,53,0.040/0.100/0.200 ha,
basgaon,Bansgaon,03-08-2016,204,1203,"डेमुसा, तप्पा— नर्रे",धुरियापार,ग्रामीण,3000,no road / elsewhere,3700,4500,7000,upto 5 m,18700,21100,19000,base,,,,,,450,140,117,96,370,129,104,86,300,79,63,53,0.040/0.100/0.200 ha,
basgaon,Bansgaon,03-08-2016,205,1204,"डुमरी मंझरिया, तप्पा— नर्रे",धुरियापार,ग्रामीण,1200,no road / elsewhere,1400,1600,,upto 5 m,18700,21100,19000,base,,,,,,160,119,99,83,140,108,89,73,120,65,54,45,0.040/0.100/0.200 ha,
basgaon,Bansgaon,03-08-2016,206,1205,"डिहुलपार, तप्पा— नर्रे",धुरियापार,ग्रामीण,1200,no road / elsewhere,1400,1600,,upto 5 m,22000,26400,23100,base,,,,,,160,132,110,92,140,120,98,82,120,71,59,50,0.040/0.100/0.200 ha,
basgaon,Bansgaon,03-08-2016,207,1206,"डौसिहा, तप्पा—कुशवासी",भौवापार,ग्रामीण,1200,no road / elsewhere,1400,1600,,upto 5 m,18700,21100,19000,base,,,,,,160,119,99,83,140,108,89,73,120,65,54,45,0.040/0.100/0.200 ha,
basgaon,Bansgaon,03-08-2016,208,1207,"डवरपार, तप्पा—कुशवासी",भौवापार,ग्रामीण,6000,no road / elsewhere,7300,8300,9750,upto 5 m,28600,31680,28400,base,,975,236,149,115,830,242,152,118,730,217,137,106,600,132,83,66,0.040/0.100/0.200 ha,comm: shop_multi printed 31680 (other 28600-rate rows show 31700) - verified at zoom | agri: other_a 600 (500 in same-pattern rows); verified at 2.5x
basgaon,Bansgaon,03-08-2016,209,1208,"डोमडांड, तप्पा—कुशवासी",भौवापार,ग्रामीण,1200,no road / elsewhere,1400,1600,,upto 5 m,18700,21100,19000,base,,,,,,160,83,71,62,140,73,64,57,120,45,40,34,0.040/0.100/0.200 ha,
basgaon,Bansgaon,03-08-2016,210,1209,"डढिया खुर्द, तप्पा— पचीसी",भौवापार,ग्रामीण,4000,no road / elsewhere,4600,5500,9000,upto 5 m,22000,26400,23100,base,,,,,,550,140,117,96,460,129,104,86,400,79,63,53,0.040/0.100/0.200 ha,
basgaon,Bansgaon,03-08-2016,211,1210,"डढिया बुजुर्ग, तप्पा— पचीसी",भौवापार,ग्रामीण,4000,no road / elsewhere,4600,5500,9000,upto 5 m,22000,26400,23100,base,,,,,,550,140,117,96,460,129,104,86,400,79,63,53,0.040/0.100/0.200 ha,
basgaon,Bansgaon,03-08-2016,212,1211,"डुमरी, तप्पा—गगहा",भौवापार,ग्रामीण,4000,no road / elsewhere,5000,5500,6000,upto 5 m,22000,26400,23100,base,,600,139,113,92,550,140,117,96,500,129,104,86,400,79,63,53,0.040/0.100/0.200 ha,
basgaon,Bansgaon,03-08-2016,213,1212,"डांगीपार, तप्पा—रामपुर कोठा",भौवापार,ग्रामीण,3000,no road / elsewhere,3700,4500,,upto 5 m,18700,21100,19000,base,,,,,,450,140,117,96,370,129,104,86,300,79,63,53,0.040/0.100/0.200 ha,
basgaon,Bansgaon,03-08-2016,214,1213,"ढरसी, तप्प—अठैसी",धुरियापार,ग्रामीण,4000,no road / elsewhere,5500,6600,6875,upto 5 m,28600,31680,28400,base,,687,139,113,92,660,140,117,96,550,129,104,86,400,79,63,53,0.040/0.100/0.200 ha,road: dotted line along row on scan (artifact? not a strike-out); values legible | comm: shop_multi printed 31680 (other 28600-rate rows show 31700)
basgaon,Bansgaon,03-08-2016,215,1214,"ढखवा, तप्पा—गगहा",भौवापार,ग्रामीण,1200,no road / elsewhere,1400,1600,,upto 5 m,18700,21100,19000,base,,,,,,160,119,99,83,140,108,89,73,120,65,54,45,0.040/0.100/0.200 ha,
basgaon,Bansgaon,03-08-2016,216,1215,"ढेलहरा, तप्पा—कुशवासी",भौवापार,ग्रामीण,500,no road / elsewhere,1000,1100,,upto 5 m,18700,21100,19000,base,,,,,,120,92,79,68,100,82,71,64,50,50,44,38,0.040/0.100/0.200 ha,
basgaon,Bansgaon,03-08-2016,217,1216,"ढौली, तप्पा—गुरम्ही",भौवापार,ग्रामीण,500,no road / elsewhere,1000,1100,,upto 5 m,18700,21100,19000,base,,,,,,120,92,79,68,100,82,71,64,50,50,44,38,0.040/0.100/0.200 ha,
basgaon,Bansgaon,03-08-2016,218,1217,"ताल बडैला, तप्पा—महसिन",उनवल,ग्रामीण,1200,no road / elsewhere,1400,1600,,upto 5 m,18700,21100,19000,base,,,,,,160,83,71,62,140,73,64,57,120,45,40,34,0.040/0.100/0.200 ha,
basgaon,Bansgaon,03-08-2016,219,1218,"तीयर, तप्पा—तीयर",धुरियापार,ग्रामीण,4000,no road / elsewhere,4600,5500,,upto 5 m,22000,26400,23100,base,,,,,,550,140,117,99,460,129,104,86,400,79,63,53,0.040/0.100/0.200 ha,agri: dist_d 99; verified
basgaon,Bansgaon,03-08-2016,220,1219,"तिघरा पटवारी, तप्पा—पाली",धुरियापार,ग्रामीण,3000,no road / elsewhere,3700,4500,,upto 5 m,18700,21100,19000,base,,,,,,450,140,117,99,370,129,104,86,300,79,63,53,0.040/0.100/0.200 ha,agri: dist_d 99; verified
basgaon,Bansgaon,03-08-2016,221,1220,"तिघरा रुद्रमन, तप्पा—पाली",धुरियापार,ग्रामीण,3000,no road / elsewhere,3700,4500,,upto 5 m,18700,21100,19000,base,,,,,,450,140,117,99,370,129,104,86,300,79,63,53,0.040/0.100/0.200 ha,agri: dist_d 99; verified
basgaon,Bansgaon,03-08-2016,222,1221,"तेन्दुहानी, तप्पा— नर्रे",धुरियापार,ग्रामीण,1200,no road / elsewhere,1400,1600,,upto 5 m,18700,21100,19000,base,,,,,,160,119,99,83,140,108,89,73,120,65,54,45,0.040/0.100/0.200 ha,
basgaon,Bansgaon,03-08-2016,223,1222,"तेजुआपार, तप्पा— नर्रे",धुरियापार,ग्रामीण,1200,no road / elsewhere,1400,1600,,upto 5 m,18700,21100,19000,base,,,,,,160,119,99,83,140,108,89,73,120,65,54,45,0.040/0.100/0.200 ha,
basgaon,Bansgaon,03-08-2016,224,1223,"तालदेवेन्दा, तप्पा–मजुरी",धुरियापार,ग्रामीण,1200,no road / elsewhere,1400,1600,,upto 5 m,18700,21100,19000,base,,,,,,160,83,71,62,140,73,64,57,120,45,40,34,0.040/0.100/0.200 ha,
basgaon,Bansgaon,03-08-2016,225,1224,"ताल विजरा, तप्पा–कुशवासी",भौवापार,ग्रामीण,1200,no road / elsewhere,1400,1600,,upto 5 m,18700,21100,19000,base,,,,,,160,83,71,62,140,73,64,57,120,45,40,34,0.040/0.100/0.200 ha,
basgaon,Bansgaon,03-08-2016,226,1225,"ताल अभियार, तप्पा–कुशवासी",भौवापार,ग्रामीण,1200,no road / elsewhere,1400,1600,,upto 5 m,18700,21100,19000,base,,,,,,160,83,71,62,140,73,64,57,120,45,40,34,0.040/0.100/0.200 ha,
basgaon,Bansgaon,03-08-2016,227,1226,"ताल झिउरा, तप्पा–कुशवासी",भौवापार,ग्रामीण,1200,no road / elsewhere,1400,1600,,upto 5 m,18700,21100,19000,base,,,,,,160,83,71,62,140,73,64,57,120,45,40,34,0.040/0.100/0.200 ha,
basgaon,Bansgaon,03-08-2016,228,1227,"तिघरा खुर्द मु0, तप्पा– पचीसी",भौवापार,ग्रामीण,1200,no road / elsewhere,1400,1600,,upto 5 m,18700,21100,19000,base,,,,,,160,119,99,83,140,108,89,73,120,65,54,45,0.040/0.100/0.200 ha,
basgaon,Bansgaon,03-08-2016,229,1228,"तिघरा खु0एहतमाली, तप्पा– पचीसी",भौवापार,ग्रामीण,1200,no road / elsewhere,1400,1600,,upto 5 m,18700,21100,19000,base,,,,,,160,83,71,62,140,73,64,57,120,45,40,34,0.040/0.100/0.200 ha,
basgaon,Bansgaon,03-08-2016,230,1229,"तालदोहर, तप्पा–गुरम्ही",भौवापार,ग्रामीण,1200,no road / elsewhere,1400,1600,,upto 5 m,18700,21100,19000,base,,,,,,160,83,71,62,140,73,64,57,120,45,40,34,0.040/0.100/0.200 ha,
basgaon,Bansgaon,03-08-2016,231,1230,"तेनुआ, तप्पा–गुरम्ही",भौवापार,ग्रामीण,1200,no road / elsewhere,1400,1600,,upto 5 m,18700,21100,19000,base,,,,,,160,132,110,92,140,120,98,82,120,71,59,50,0.040/0.100/0.200 ha,
basgaon,Bansgaon,03-08-2016,232,1231,"तेवना, तप्पा–गुरम्ही",भौवापार,ग्रामीण,1200,no road / elsewhere,1400,1600,,upto 5 m,18700,21100,19000,base,,,,,,160,119,99,83,140,108,89,73,120,65,54,45,0.040/0.100/0.200 ha,
basgaon,Bansgaon,03-08-2016,233,1232,"तिघरा बुजुर्ग, तप्पा–गुरम्ही",भौवापार,ग्रामीण,1200,no road / elsewhere,1400,1600,,upto 5 m,18700,21100,19000,base,,,,,,160,119,99,83,140,108,89,73,120,65,54,45,0.040/0.100/0.200 ha,
basgaon,Bansgaon,03-08-2016,234,1233,"तालबरवे, तप्पा–गुरम्ही",भौवापार,ग्रामीण,1200,no road / elsewhere,1400,1600,,upto 5 m,18700,21100,19000,base,,,,,,160,83,71,62,140,73,64,57,120,45,40,34,0.040/0.100/0.200 ha,
basgaon,Bansgaon,03-08-2016,235,1234,"तालबडोही, तप्पा–गगहा",भौवापार,ग्रामीण,1200,no road / elsewhere,1400,1600,,upto 5 m,18700,21100,19000,base,,,,,,160,83,71,62,140,73,64,57,120,45,40,34,0.040/0.100/0.200 ha,
basgaon,Bansgaon,03-08-2016,236,1235,"तेजपुर, तप्पा–गगहा",भौवापार,ग्रामीण,1200,no road / elsewhere,1400,1600,,upto 5 m,18700,21100,19000,base,,,,,,160,119,99,83,140,108,89,73,120,65,54,45,0.040/0.100/0.200 ha,
basgaon,Bansgaon,03-08-2016,237,1236,"देवडार बाबू, तप्पा–महसिन",उनवल,ग्रामीण,4000,no road / elsewhere,4600,5500,9000,upto 5 m,18700,21100,19000,base,,,,,,550,151,129,104,460,139,116,93,400,85,69,58,0.040/0.100/0.200 ha,road: dotted line along row on scan (artifact? not a strike-out); values legible
basgaon,Bansgaon,03-08-2016,238,1237,"दोनखर, तप्पा–महसिन",उनवल,ग्रामीण,4500,no road / elsewhere,5500,6600,9000,upto 5 m,22000,26400,23100,base,,,,,,660,174,137,99,550,162,123,91,450,95,76,55,0.040/0.100/0.200 ha,
basgaon,Bansgaon,03-08-2016,239,1238,"देवडार खु0, तप्पा–महसिन",उनवल,ग्रामीण,4000,no road / elsewhere,4600,5500,,upto 5 m,18700,21100,19000,base,,,,,,550,151,129,104,460,139,116,93,400,85,69,58,0.040/0.100/0.200 ha,
basgaon,Bansgaon,03-08-2016,240,1239,"देवकली, तप्पा–तीयर",धुरियापार,ग्रामीण,3000,no road / elsewhere,3700,4500,7000,upto 5 m,22000,26400,23100,base,,,,,,450,140,117,96,370,129,104,86,300,79,63,53,0.040/0.100/0.200 ha,
basgaon,Bansgaon,03-08-2016,241,1240,"दुबौली, तप्पा–तीयर",धुरियापार,ग्रामीण,3000,no road / elsewhere,3700,4500,7000,upto 5 m,22000,26400,23100,base,,,,,,450,140,129,104,370,139,116,93,300,85,69,58,0.040/0.100/0.200 ha,agri: dist_b 140 < dist_c 129 pattern oddity (151 expected); verified at 2x
basgaon,Bansgaon,03-08-2016,242,1241,"दरसपुर, तप्पा–पाली",धुरियापार,ग्रामीण,1200,no road / elsewhere,1400,1600,,upto 5 m,18700,21100,19000,base,,,,,,160,119,99,83,140,108,89,73,120,65,54,45,0.040/0.100/0.200 ha,
basgaon,Bansgaon,03-08-2016,243,1242,"देवरिया, तप्पा–पाली",धुरियापार,ग्रामीण,1200,no road / elsewhere,1400,1600,,upto 5 m,18700,21100,19000,base,,,,,,160,119,99,83,140,108,89,73,120,65,54,45,0.040/0.100/0.200 ha,
basgaon,Bansgaon,03-08-2016,244,1243,"देवरिया, तप्पा–रामपुर कोठा",भौवापार,ग्रामीण,1200,no road / elsewhere,1400,1600,,upto 5 m,18700,21100,19000,base,,,,,,160,119,99,83,140,108,89,73,120,65,54,45,0.040/0.100/0.200 ha,
basgaon,Bansgaon,03-08-2016,245,1244,"देवकली बुजुर्ग, तप्पा–कुशवासी",भौवापार,ग्रामीण,1200,no road / elsewhere,1400,1600,,upto 5 m,18700,21100,19000,base,,,,,,160,119,99,83,140,108,89,73,120,65,54,45,0.040/0.100/0.200 ha,
basgaon,Bansgaon,03-08-2016,246,1245,"देवकली खुद, तप्पा–कुशवार्सी",भौवापार,ग्रामीण,1200,no road / elsewhere,1400,1600,,upto 5 m,18700,21100,19000,base,,,,,,160,119,99,83,140,108,89,73,120,65,54,45,0.040/0.100/0.200 ha,
basgaon,Bansgaon,03-08-2016,247,1246,"दार्हा खुर्द, तप्पा–कुशवासी",भौवापार,ग्रामीण,1200,no road / elsewhere,1400,1600,,upto 5 m,22000,26400,23100,base,,,,,,160,132,110,92,140,120,98,82,120,71,59,50,0.040/0.100/0.200 ha,
basgaon,Bansgaon,03-08-2016,248,1247,"दार्हा बुजुर्ग, तप्पा–कुशवासी",भौवापार,ग्रामीण,3000,no road / elsewhere,3700,4500,,upto 5 m,22000,26400,23100,base,,,,,,450,140,117,96,370,129,104,86,300,79,63,53,0.040/0.100/0.200 ha,
basgaon,Bansgaon,03-08-2016,249,1248,"देवडाड गोपालपुर, तप्पा–गुरम्ही",भौवापार,ग्रामीण,1200,no road / elsewhere,1400,1600,,upto 5 m,18700,21100,19000,base,,,,,,160,119,99,83,140,108,89,73,120,65,54,45,0.040/0.100/0.200 ha,
basgaon,Bansgaon,03-08-2016,250,1249,"देउरवीर, तप्पा–गुरम्ही",भौवापार,ग्रामीण,3000,no road / elsewhere,3700,4500,,upto 5 m,22000,26400,23100,base,,,,,,450,140,117,96,370,129,104,86,300,79,63,53,0.040/0.100/0.200 ha,
basgaon,Bansgaon,03-08-2016,251,1250,"दूदापार, तप्पा–गगहा",भौवापार,ग्रामीण,1200,no road / elsewhere,1400,1600,,upto 5 m,18700,21100,19000,base,,,,,,160,119,99,83,140,108,89,73,120,65,54,45,0.040/0.100/0.200 ha,
basgaon,Bansgaon,03-08-2016,252,1251,"देवकली, तप्पा–गगहा",भौवापार,ग्रामीण,3000,no road / elsewhere,3700,4500,,upto 5 m,22000,26400,23100,base,,,,,,450,140,117,96,370,129,104,86,300,79,63,53,0.040/0.100/0.200 ha,
basgaon,Bansgaon,03-08-2016,253,1252,"देवरिया, तप्पा–कुशवासी",भौवापार,ग्रामीण,4000,no road / elsewhere,5500,6600,6875,upto 5 m,28600,31700,28400,base,,687,139,113,92,660,140,117,96,550,129,104,86,400,79,63,53,0.040/0.100/0.200 ha,
basgaon,Bansgaon,03-08-2016,254,0002,दोनखर पूर्वी,वार्ड नं0 6,अर्द्धनगरीय,4500,no road / elsewhere,5500,8000,10000,upto 5 m,28600,31700,28400,base,,,,,,800,174,137,99,550,162,123,91,450,95,76,55,0.040/0.100/0.200 ha,road: col5=वार्ड नं0 6 | agri: ward वार्ड नं0 6
basgaon,Bansgaon,03-08-2016,255,0003,दोनखर पश्चिमी,वार्ड नं0 5,अर्द्धनगरीय,4500,no road / elsewhere,5500,8000,10000,upto 5 m,28600,31700,28400,base,,,,,,800,174,137,99,550,162,123,91,450,95,76,55,0.040/0.100/0.200 ha,road: col5=वार्ड नं0 5 | agri: ward वार्ड नं0 5
basgaon,Bansgaon,03-08-2016,256,0004,दक्षिणी टोला बॉसगॉव,वार्ड नं0 11,अर्द्धनगरीय,4500,no road / elsewhere,5500,8000,10000,upto 5 m,28600,31700,28400,base,,,,,,800,174,137,99,550,162,123,91,450,95,76,55,0.040/0.100/0.200 ha,road: col5=वार्ड नं0 11 | agri: ward वार्ड नं0 1
basgaon,Bansgaon,03-08-2016,257,1253,"धैबौली गहरवार, तप्पा–महसिन",उनवल,ग्रामीण,3000,no road / elsewhere,3700,4500,8000,upto 5 m,18700,21100,19000,base,,,,,,450,140,117,96,370,129,104,86,300,79,76,55,0.040/0.100/0.200 ha,agri: other_c 76 > pattern 63; verified
basgaon,Bansgaon,03-08-2016,258,1254,"धौसा, तप्पा–तीयर",धुरियापार,ग्रामीण,4000,no road / elsewhere,4600,5500,9000,upto 5 m,22000,26400,23100,base,,,,,,550,140,117,96,460,129,104,86,400,79,63,53,0.040/0.100/0.200 ha,
basgaon,Bansgaon,03-08-2016,259,1255,"धमक्कापुर, तप्पा–तीयर",धुरियापार,ग्रामीण,1200,no road / elsewhere,1400,1600,,upto 5 m,18700,21100,19000,base,,,,,,160,119,99,83,140,108,89,73,120,65,54,45,0.040/0.100/0.200 ha,
basgaon,Bansgaon,03-08-2016,260,1256,"धुसुना, तप्पा–पाली",धुरियापार,ग्रामीण,1200,no road / elsewhere,1400,1600,,upto 5 m,18700,21100,19000,base,,,,,,160,119,99,83,140,108,89,73,120,65,54,45,0.040/0.100/0.200 ha,road: dotted line along row on scan (artifact? not a strike-out); values legible
basgaon,Bansgaon,03-08-2016,261,1257,"धनौडा बुजुर्ग, तप्पा– पचीसी",भौवापार,ग्रामीण,3000,no road / elsewhere,3700,4500,7000,upto 5 m,22000,26400,23100,base,,,,,,450,151,129,104,370,139,116,93,300,85,69,58,0.040/0.100/0.200 ha,
basgaon,Bansgaon,03-08-2016,262,1258,"धनौडा खुर्द, तप्पा– पचीसी",भौवापार,ग्रामीण,3000,no road / elsewhere,3700,4500,7000,upto 5 m,22000,26400,23100,base,,,,,,450,151,129,104,370,139,116,93,300,85,69,58,0.040/0.100/0.200 ha,
basgaon,Bansgaon,03-08-2016,263,1259,"धस्का, तप्पा– पचीसी",भौवापार,ग्रामीण,4000,no road / elsewhere,4600,5500,9000,upto 5 m,22000,26400,23100,base,,,,,,550,140,117,96,460,129,104,86,400,79,63,53,0.040/0.100/0.200 ha,
basgaon,Bansgaon,03-08-2016,264,1260,"धस्की, तप्पा– पचीसी",भौवापार,ग्रामीण,4000,no road / elsewhere,4600,5500,9000,upto 5 m,22000,26400,23100,base,,,,,,550,140,117,96,460,129,104,86,400,79,63,53,0.040/0.100/0.200 ha,
basgaon,Bansgaon,03-08-2016,265,1261,"धस्की, तप्पा–कुशवासी",भौवापार,ग्रामीण,1200,no road / elsewhere,1400,1600,,upto 5 m,18700,21100,19000,base,,,,,,160,119,99,83,140,108,89,73,120,65,54,45,0.040/0.100/0.200 ha,
basgaon,Bansgaon,03-08-2016,266,1262,"नेंवास, तप्पा–महसिन",उनवल,ग्रामीण,4000,no road / elsewhere,4600,5500,9000,upto 5 m,18700,21100,19000,base,,,,,,550,151,129,104,460,139,116,93,400,85,69,58,0.040/0.100/0.200 ha,
basgaon,Bansgaon,03-08-2016,267,1263,"नेवरा, तप्पा–तीयर",धुरियापार,ग्रामीण,3000,no road / elsewhere,3700,4500,,upto 5 m,18700,21100,19000,base,,,,,,450,140,117,96,370,129,104,86,300,79,63,53,0.040/0.100/0.200 ha,
basgaon,Bansgaon,03-08-2016,268,1264,"नसीरपुर, तप्पा–पाली",धुरियापार,ग्रामीण,1200,no road / elsewhere,1400,1600,,upto 5 m,18700,21100,19000,base,,,,,,160,119,99,86,140,108,89,73,120,65,54,45,0.040/0.100/0.200 ha,agri: dist_d 86 (83 pattern); verified
basgaon,Bansgaon,03-08-2016,269,1265,"नौवाडीह खुर्द, तप्पा–तीयर",धुरियापार,ग्रामीण,3000,no road / elsewhere,3700,4500,,upto 5 m,18700,21100,19000,base,,,,,,450,151,129,104,370,139,116,93,300,85,69,58,0.040/0.100/0.200 ha,
basgaon,Bansgaon,03-08-2016,270,1266,"नौवाडीह बुजुर्ग, तप्पा–तीयर",धुरियापार,ग्रामीण,3000,no road / elsewhere,3700,4500,,upto 5 m,18700,21100,19000,base,,,,,,450,151,129,104,370,139,116,93,300,85,69,58,0.040/0.100/0.200 ha,
basgaon,Bansgaon,03-08-2016,271,1267,"नर्रे बुजुर्ग, तप्पा– नर्रे",धुरियापार,ग्रामीण,3000,no road / elsewhere,3700,4500,7000,upto 5 m,22000,26400,23100,base,,,,,,450,151,129,104,370,139,116,93,300,85,69,58,0.040/0.100/0.200 ha,
basgaon,Bansgaon,03-08-2016,272,1268,"नर्रे खुर्द, तप्पा– नर्रे",धुरियापार,ग्रामीण,3000,no road / elsewhere,3700,4500,,upto 5 m,22000,26400,23100,base,,,,,,450,151,129,104,370,139,116,93,300,85,69,58,0.040/0.100/0.200 ha,
basgaon,Bansgaon,03-08-2016,273,1269,"नाहा, तप्प–अठैसी",धुरियापार,ग्रामीण,3000,no road / elsewhere,3700,4500,,upto 5 m,22000,26400,23100,base,,,,,,450,151,129,104,370,139,116,93,300,85,69,58,0.040/0.100/0.200 ha,
basgaon,Bansgaon,03-08-2016,274,1270,"नगवा, तप्पा–रामपुर कोठा",भौवापार,ग्रामीण,3000,no road / elsewhere,3700,4500,,upto 5 m,22000,26400,23100,base,,,,,,450,151,129,104,370,139,116,93,300,85,69,58,0.040/0.100/0.200 ha,
basgaon,Bansgaon,03-08-2016,275,1271,"नाउरदेउर, तप्पा–कुशवासी",भौवापार,ग्रामीण,1200,no road / elsewhere,1400,1600,,upto 5 m,18700,21100,19000,base,,,,,,160,132,110,92,140,120,98,82,120,71,59,50,0.040/0.100/0.200 ha,
basgaon,Bansgaon,03-08-2016,276,1272,"नवापार, तप्पा–कुशवासी",भौवापार,ग्रामीण,1200,no road / elsewhere,1400,1600,,upto 5 m,18700,21100,19000,base,,,,,,160,119,99,83,140,108,89,73,120,65,52,45,0.040/0.100/0.200 ha,agri: other_c 52 (54 pattern); verified
basgaon,Bansgaon,03-08-2016,277,1273,"नैनिया, तप्पा–गुरम्ही",भौवापार,ग्रामीण,1200,no road / elsewhere,1400,1600,,upto 5 m,18700,21100,19000,base,,,,,,160,119,99,83,140,108,89,73,120,65,52,45,0.040/0.100/0.200 ha,agri: other_c 52; verified
basgaon,Bansgaon,03-08-2016,278,1274,"नीमडाड, तप्पा–गुरम्ही",भौवापार,ग्रामीण,1200,no road / elsewhere,1400,1600,,upto 5 m,18700,21100,19000,base,,,,,,160,119,99,83,140,108,89,73,120,65,52,45,0.040/0.100/0.200 ha,agri: other_c 52; verified
basgaon,Bansgaon,03-08-2016,279,1275,"नगवा, तप्पा–गगहा",भौवापार,ग्रामीण,3000,no road / elsewhere,3700,4500,7000,upto 5 m,22000,26400,23100,base,,,,,,450,140,117,96,370,129,104,86,300,79,63,53,0.040/0.100/0.200 ha,
basgaon,Bansgaon,03-08-2016,280,1276,"नगवा, तप्पा–कुशवासी",भौवापार,ग्रामीण,1200,no road / elsewhere,1400,1600,,upto 5 m,18700,21100,19000,base,,,,,,160,119,99,83,140,108,89,73,120,65,54,45,0.040/0.100/0.200 ha,
basgaon,Bansgaon,03-08-2016,281,1277,"नटकौली, तप्पा–गगहा",भौवापार,ग्रामीण,1200,no road / elsewhere,1400,1600,,upto 5 m,18700,21100,19000,base,,,,,,160,119,99,83,140,108,89,73,120,65,54,45,0.040/0.100/0.200 ha,
basgaon,Bansgaon,03-08-2016,282,1278,"नेवादा, तप्पा–गगहा",भौवापार,ग्रामीण,1200,no road / elsewhere,1400,1600,,upto 5 m,18700,21100,19000,base,,,,,,160,119,99,83,140,108,89,73,120,65,54,45,0.040/0.100/0.200 ha,
basgaon,Bansgaon,03-08-2016,283,1279,"नरसिंह डीह, तप्पा–गगहा",भौवापार,ग्रामीण,1200,no road / elsewhere,1400,1600,,upto 5 m,18700,21100,19000,base,,,,,,160,119,99,83,140,108,89,73,120,65,54,45,0.040/0.100/0.200 ha,
basgaon,Bansgaon,03-08-2016,284,1280,"नवाचक, तप्पा–गगहा",भौवापार,ग्रामीण,1200,no road / elsewhere,1400,1600,,upto 5 m,22000,26400,23100,base,,,,,,160,132,110,92,140,120,98,82,120,71,59,50,0.040/0.100/0.200 ha,road: dotted line along row on scan (artifact? not a strike-out); values legible
basgaon,Bansgaon,03-08-2016,285,1281,"नरौहा, तप्पा–गगहा",भौवापार,ग्रामीण,1200,no road / elsewhere,1400,1600,,upto 5 m,18700,21100,19000,base,,,,,,160,119,99,83,140,108,89,73,120,65,54,45,0.040/0.100/0.200 ha,
basgaon,Bansgaon,03-08-2016,286,1282,"पक्खनपुर, तप्पा–महसिन",उनवल,ग्रामीण,1200,no road / elsewhere,1400,1600,,upto 5 m,18700,21100,19000,base,,,,,,160,119,99,83,140,108,89,73,120,65,54,45,0.040/0.100/0.200 ha,
basgaon,Bansgaon,03-08-2016,287,1283,"पूर मुस्तकील, तप्पा–मझवलिया",चिल्लूपार,ग्रामीण,1200,no road / elsewhere,1400,1600,,upto 5 m,18700,21100,19000,base,,,,,,160,119,99,83,140,108,89,73,120,65,54,45,0.040/0.100/0.200 ha,
basgaon,Bansgaon,03-08-2016,288,1284,"पूर एहतमाली, तप्पा–मझवलिया",चिल्लूपार,ग्रामीण,1200,no road / elsewhere,1400,1600,,upto 5 m,18700,21100,19000,base,,,,,,160,83,71,62,140,73,64,57,120,45,40,34,0.040/0.100/0.200 ha,
basgaon,Bansgaon,03-08-2016,289,1285,"पकडी, तप्पा–बभनौली",धुरियापार,ग्रामीण,1200,no road / elsewhere,1400,1600,,upto 5 m,18700,21100,19000,base,,,,,,160,119,99,83,140,108,89,73,120,65,54,45,0.040/0.100/0.200 ha,
basgaon,Bansgaon,03-08-2016,290,1286,"पतरैठा, तप्पा–बभनौली",धुरियापार,ग्रामीण,1200,no road / elsewhere,1400,1600,,upto 5 m,18700,21100,19000,base,,,,,,160,119,99,83,140,108,89,73,120,65,54,45,0.040/0.100/0.200 ha,
basgaon,Bansgaon,03-08-2016,291,1287,"पिपरहठा, तप्पा–बभनौली",धुरियापार,ग्रामीण,1200,no road / elsewhere,1400,1600,,upto 5 m,18700,21100,19000,base,,,,,,160,119,99,83,140,108,89,73,120,65,54,45,0.040/0.100/0.200 ha,
basgaon,Bansgaon,03-08-2016,292,1288,"पचपेडवा, तप्पा–बभनौली",धुरियापार,ग्रामीण,1200,no road / elsewhere,1400,1600,,upto 5 m,18700,21100,19000,base,,,,,,160,119,99,83,140,108,89,73,120,65,54,45,0.040/0.100/0.200 ha,
basgaon,Bansgaon,03-08-2016,293,1289,"पिन्डूपार, तप्पा–पाली",धुरियापार,ग्रामीण,1200,no road / elsewhere,1400,1600,,upto 5 m,18700,21100,19000,base,,,,,,160,119,99,83,140,108,89,73,120,65,54,45,0.040/0.100/0.200 ha,
basgaon,Bansgaon,03-08-2016,294,1290,"परसिया , तप्पा–तीयर",धुरियापार,ग्रामीण,4000,no road / elsewhere,4600,5500,9000,upto 5 m,22000,26400,23100,base,,,,,,550,140,117,96,460,129,104,86,400,79,63,53,0.040/0.100/0.200 ha,
basgaon,Bansgaon,03-08-2016,295,1291,"पिपराडाडी, तप्पा– नर्रे",धुरियापार,ग्रामीण,1200,no road / elsewhere,1400,1600,,upto 5 m,18700,21100,19000,base,,,,,,160,119,99,83,140,108,89,73,120,65,54,45,0.040/0.100/0.200 ha,
basgaon,Bansgaon,03-08-2016,296,1292,"पालीखास, तप्पा–पाली",धुरियापार,ग्रामीण,3000,no road / elsewhere,3700,4500,7000,upto 5 m,22000,26400,23100,base,,,,,,450,140,117,96,370,129,104,86,300,79,63,53,0.040/0.100/0.200 ha,
basgaon,Bansgaon,03-08-2016,297,1293,"परसादीपुर उर्फ मिश्रौली, तप्पा–तीयर",धुरियापार,ग्रामीण,1200,no road / elsewhere,1400,1600,,upto 5 m,18700,21100,19000,base,,,,,,160,119,99,83,140,108,89,73,120,65,54,45,0.040/0.100/0.200 ha,
basgaon,Bansgaon,03-08-2016,298,1294,"पाल्हींपार, तप्पा–तीयर",धुरियापार,ग्रामीण,3000,no road / elsewhere,3700,4500,,upto 5 m,22000,26400,23100,base,,,,,,450,140,117,96,370,129,104,86,300,79,63,53,0.040/0.100/0.200 ha,
basgaon,Bansgaon,03-08-2016,299,1295,"पिपरपाती, तप्पा–पाली",धुरियापार,ग्रामीण,3000,no road / elsewhere,3700,4500,,upto 5 m,22000,26400,23100,base,,,,,,450,140,117,96,370,129,104,86,300,79,63,53,0.040/0.100/0.200 ha,
basgaon,Bansgaon,03-08-2016,300,1296,"पकडी दूबे, तप्पा–तीयर",धुरियापार,ग्रामीण,4000,no road / elsewhere,4600,5500,9000,upto 5 m,22000,26400,23100,base,,,,,,550,151,129,104,460,130,116,93,400,85,69,58,0.040/0.100/0.200 ha,
basgaon,Bansgaon,03-08-2016,301,1297,"परिहस्थी, तप्पा– नर्रे",धुरियापार,ग्रामीण,1200,no road / elsewhere,1400,1600,,upto 5 m,22000,26400,23100,base,,,,,,160,132,110,92,140,120,98,82,120,71,59,50,0.040/0.100/0.200 ha,
basgaon,Bansgaon,03-08-2016,302,1298,"पाण्डेयपार उर्फ डड़वा, तप्पा– नर्रे",धुरियापार,ग्रामीण,4000,no road / elsewhere,4600,5500,9000,upto 5 m,22000,26400,23100,base,,,,,,550,140,117,96,460,119,104,86,400,79,63,53,0.040/0.100/0.200 ha,
basgaon,Bansgaon,03-08-2016,303,1299,"पिछौरा, तप्प–अठैसी",धुरियापार,ग्रामीण,3000,no road / elsewhere,3700,4500,,upto 5 m,220000,264000,231000,base,,,,,,450,140,117,96,370,119,104,86,300,79,63,53,0.040/0.100/0.200 ha,comm: printed 220000/264000/231000 (10x neighbours; likely extra zero in source) - verified at zoom
basgaon,Bansgaon,03-08-2016,304,1300,"पाजूपार, तप्पा–मजुरी",धुरियापार,ग्रामीण,5000,no road / elsewhere,7300,8300,9750,upto 5 m,28600,31700,28400,base,,975,236,149,115,830,242,152,118,730,217,137,106,500,132,83,66,0.040/0.100/0.200 ha,
basgaon,Bansgaon,03-08-2016,305,1301,"पचीसी खास, तप्पा– पचीसी",भौवापार,ग्रामीण,3000,no road / elsewhere,3700,4500,,upto 5 m,22000,26400,23100,base,,,,,,450,140,117,96,370,119,104,93,300,79,63,53,0.040/0.100/0.200 ha,
basgaon,Bansgaon,03-08-2016,306,1302,"पैकौली, तप्पा–कुशवासी",भौवापार,ग्रामीण,3000,no road / elsewhere,4600,5500,6200,upto 5 m,22000,26400,23100,base,,620,139,113,92,550,140,117,96,460,129,104,86,300,79,63,53,0.040/0.100/0.200 ha,
basgaon,Bansgaon,03-08-2016,307,1303,"पिपरा मु0, तप्पा–गुरम्ही",भौवापार,ग्रामीण,1200,no road / elsewhere,1400,1600,,upto 5 m,18700,21100,19000,base,,,,,,160,119,99,83,140,108,89,73,120,65,54,45,0.040/0.100/0.200 ha,
basgaon,Bansgaon,03-08-2016,308,1304,"पलहपुर, तप्पा–गुरम्ही",भौवापार,ग्रामीण,4000,no road / elsewhere,4600,5500,,upto 5 m,22000,26400,23100,base,,,,,,550,140,117,96,460,129,104,86,400,79,63,53,0.040/0.100/0.200 ha,
basgaon,Bansgaon,03-08-2016,309,1305,"पडपुरवा, तप्पा–गुरम्ही",भौवापार,ग्रामीण,1200,no road / elsewhere,1400,1600,,upto 5 m,18700,21100,19000,base,,,,,,160,119,99,83,140,108,89,73,120,65,54,45,0.040/0.100/0.200 ha,
basgaon,Bansgaon,03-08-2016,310,1306,"पाण्डेयपार, तप्पा–गुरम्ही",भौवापार,ग्रामीण,5000,no road / elsewhere,7300,8300,9750,upto 5 m,28600,31700,28400,base,,975,236,149,115,830,242,152,118,730,217,137,106,500,132,83,66,0.040/0.100/0.200 ha,
basgaon,Bansgaon,03-08-2016,311,1307,"परेसापार, तप्पा–गुरम्ही",भौवापार,ग्रामीण,1200,no road / elsewhere,1400,1600,,upto 5 m,18700,21100,19000,base,,,,,,160,119,99,83,140,108,89,73,120,65,54,45,0.040/0.100/0.200 ha,
basgaon,Bansgaon,03-08-2016,312,1308,"पंचमा, तप्पा–गगहा",भौवापार,ग्रामीण,1200,no road / elsewhere,1400,1600,,upto 5 m,18700,21100,19000,base,,,,,,160,119,99,83,140,108,89,73,120,65,54,45,0.040/0.100/0.200 ha,
basgaon,Bansgaon,03-08-2016,313,1309,"पुरसौली, तप्पा–गगहा",भौवापार,ग्रामीण,3000,no road / elsewhere,3700,4500,7000,upto 5 m,18700,21100,19000,base,,,,,,450,140,117,96,370,129,104,89,300,79,63,53,0.040/0.100/0.200 ha,
basgaon,Bansgaon,03-08-2016,314,1310,"पसपुरवा, तप्पा–गगहा",भौवापार,ग्रामीण,4000,no road / elsewhere,5000,5500,6200,upto 5 m,28600,31700,28400,base,,620,139,113,92,550,151,129,104,500,139,116,93,400,85,69,58,0.040/0.100/0.200 ha,
basgaon,Bansgaon,03-08-2016,315,1311,"पिपरपाती, तप्पा–गगहा",भौवापार,ग्रामीण,1200,no road / elsewhere,1400,1600,,upto 5 m,18700,21100,19000,base,,,,,,160,119,99,83,140,108,89,73,120,65,54,45,0.040/0.100/0.200 ha,
basgaon,Bansgaon,03-08-2016,316,1312,"पकडी, तप्पा–गुरम्ही",भौवापार,ग्रामीण,1200,no road / elsewhere,1400,1600,,upto 5 m,18700,21100,19000,base,,,,,,160,119,99,83,140,108,89,73,120,65,54,45,0.040/0.100/0.200 ha,
basgaon,Bansgaon,03-08-2016,317,1313,"पकडपुरा, तप्पा–गगहा",भौवापार,ग्रामीण,1200,no road / elsewhere,1400,1600,,upto 5 m,18700,21100,19000,base,,,,,,160,119,99,83,140,108,89,73,120,65,54,45,0.040/0.100/0.200 ha,
basgaon,Bansgaon,03-08-2016,318,1314,"परासी, तप्पा–गगहा",भौवापार,ग्रामीण,3000,no road / elsewhere,3700,4500,,upto 5 m,22000,26400,23100,base,,,,,,450,140,117,96,370,129,104,73,300,79,63,53,0.040/0.100/0.200 ha,agri: link_d 73 atypical for this rate group (usually 86); as printed
basgaon,Bansgaon,03-08-2016,319,1315,"पिड़रही, तप्पा– नर्रे",धुरियापार,ग्रामीण,1200,no road / elsewhere,1400,1600,,upto 5 m,18700,21100,19000,base,,,,,,160,119,99,83,140,108,89,73,120,65,54,45,0.040/0.100/0.200 ha,
basgaon,Bansgaon,03-08-2016,320,1316,"फुलहर खुर्द, तप्पा–महसिन",उनवल,ग्रामीण,1200,no road / elsewhere,1400,1600,,upto 5 m,22000,26400,23100,base,,,,,,160,132,110,92,140,120,98,82,120,71,59,50,0.040/0.100/0.200 ha,
basgaon,Bansgaon,03-08-2016,321,1317,"फुलहर बु0, तप्पा–महसिन",उनवल,ग्रामीण,1200,no road / elsewhere,1400,1600,,upto 5 m,22000,26400,23100,base,,,,,,160,132,110,92,140,120,98,82,120,71,59,50,0.040/0.100/0.200 ha,
basgaon,Bansgaon,03-08-2016,322,1318,"फुलपुर, तप्पा– गौर",धुरियापार,ग्रामीण,1200,no road / elsewhere,1400,1600,,upto 5 m,18700,21100,19000,base,,,,,,160,119,99,83,140,108,89,73,120,65,54,45,0.040/0.100/0.200 ha,
basgaon,Bansgaon,03-08-2016,323,1319,"बैदौली बाबु, तप्पा–महसिन",उनवल,ग्रामीण,4000,no road / elsewhere,3700,4500,8000,upto 5 m,22000,26400,23100,base,,,,,,450,151,129,104,370,139,116,93,400,85,69,58,0.040/0.100/0.200 ha,
basgaon,Bansgaon,03-08-2016,324,1320,"बरपार पाण्डेय, तप्पा–महसिन",उनवल,ग्रामीण,1200,no road / elsewhere,1400,1600,,upto 5 m,18700,21100,19000,base,,,,,,160,119,99,83,140,108,116,73,120,65,54,45,0.040/0.100/0.200 ha,agri: link_c 116 > link_b 108 (usually 89); as printed
basgaon,Bansgaon,03-08-2016,325,1321,"बसौली खु0, तप्पा–महसिन",उनवल,ग्रामीण,3000,no road / elsewhere,3700,4500,,upto 5 m,18700,21100,19000,base,,,,,,450,151,129,104,370,139,116,93,300,85,69,58,0.040/0.100/0.200 ha,
basgaon,Bansgaon,03-08-2016,326,1322,"बसौली बुजुर्ग, तप्पा–महसिन",उनवल,ग्रामीण,3000,no road / elsewhere,3700,4500,,upto 5 m,18700,21100,19000,base,,,,,,450,151,129,104,370,139,116,93,300,85,69,58,0.040/0.100/0.200 ha,
basgaon,Bansgaon,03-08-2016,327,1323,"बघराई, तप्पा–महसिन",उनवल,ग्रामीण,4000,no road / elsewhere,4600,5500,9000,upto 5 m,22000,26400,23100,base,,,,,,550,140,117,96,460,129,104,86,400,79,63,53,0.040/0.100/0.200 ha,
basgaon,Bansgaon,03-08-2016,328,1324,"बेदौली पल्टन सिंह, तप्पा–महसिन",उनवल,ग्रामीण,4000,no road / elsewhere,5500,6600,9000,upto 5 m,22000,26400,23100,base,,,,,,660,174,137,99,550,162,123,91,400,95,76,55,0.040/0.100/0.200 ha,
basgaon,Bansgaon,03-08-2016,329,1325,"बहीडाडी, तप्पा–महसिन",उनवल,ग्रामीण,4500,no road / elsewhere,5500,5500,8000,upto 5 m,22000,26400,23100,base,,,,,,550,174,137,99,550,130,116,91,450,79,69,55,0.040/0.100/0.200 ha,road: r2to5 = r5to9 = 5500 as printed (verified zoom)
basgaon,Bansgaon,03-08-2016,330,1326,"बैदौली मोहन सिंह, तप्पा–महसिन",उनवल,ग्रामीण,3000,no road / elsewhere,3700,4500,7000,upto 5 m,18700,21100,19000,base,,,,,,450,140,117,96,370,129,104,86,300,79,63,53,0.040/0.100/0.200 ha,road: dotted line along row on scan (artifact? not a strike-out); values legible
basgaon,Bansgaon,03-08-2016,331,1327,"बेनवापार, तप्पा–महसिन",उनवल,ग्रामीण,1200,no road / elsewhere,1400,1600,,upto 5 m,18700,21100,19000,base,,,,,,160,119,99,83,140,108,89,73,120,65,54,45,0.040/0.100/0.200 ha,
basgaon,Bansgaon,03-08-2016,332,1328,"बरडीहा, तप्पा–महसिन",उनवल,ग्रामीण,3000,no road / elsewhere,3700,4500,,upto 5 m,22000,26400,23100,base,,,,,,450,174,137,99,370,162,119,91,300,95,76,55,0.040/0.100/0.200 ha,
basgaon,Bansgaon,03-08-2016,333,1329,"बडावन, तप्पा–महसिन",उनवल,ग्रामीण,4500,no road / elsewhere,5500,6600,9000,upto 5 m,22000,26400,23100,base,,,,,,660,174,137,99,550,162,123,91,450,95,76,55,0.040/0.100/0.200 ha,
basgaon,Bansgaon,03-08-2016,334,1330,"बकुलहा, तप्पा–महसिन",उनवल,ग्रामीण,4000,no road / elsewhere,4600,5500,,upto 5 m,18700,21100,19000,base,,,,,,550,151,129,104,460,139,116,93,400,85,69,58,0.040/0.100/0.200 ha,
basgaon,Bansgaon,03-08-2016,335,1331,"बलुआ उर्फ गोपालपुर, तप्पा–महसिन",उनवल,ग्रामीण,4500,no road / elsewhere,5500,6500,8500,upto 5 m,22000,26400,23100,base,,,,,,650,174,137,99,550,162,123,91,450,95,76,55,0.040/0.100/0.200 ha,
basgaon,Bansgaon,03-08-2016,336,1332,"बिजुलिया, तप्पा–महसिन",उनवल,ग्रामीण,500,no road / elsewhere,1000,1100,,upto 5 m,18700,21100,19000,base,,,,,,120,92,79,68,100,82,71,64,50,50,44,38,0.040/0.100/0.200 ha,basic: unusually low rate 500 (clearly printed)
basgaon,Bansgaon,03-08-2016,337,1333,"बरपरवा, तप्पा–बभनौली",धुरियापार,ग्रामीण,1200,no road / elsewhere,1400,1600,,upto 5 m,18700,21100,19000,base,,,,,,160,119,99,83,140,108,89,73,120,65,54,45,0.040/0.100/0.200 ha,
basgaon,Bansgaon,03-08-2016,338,1334,"बलिया, तप्पा–तीयर",धुरियापार,ग्रामीण,1200,no road / elsewhere,1400,1600,,upto 5 m,18700,21100,19000,base,,,,,,160,119,99,83,140,108,89,73,120,65,54,45,0.040/0.100/0.200 ha,
basgaon,Bansgaon,03-08-2016,339,1335,"बाढा बुजुर्ग, तप्पा– गौर",धुरियापार,ग्रामीण,1200,no road / elsewhere,1400,1600,,upto 5 m,18700,21100,19000,base,,,,,,160,119,99,83,140,108,89,73,120,65,54,45,0.040/0.100/0.200 ha,
basgaon,Bansgaon,03-08-2016,340,1336,"बासीपार, तप्पा–तीयर",धुरियापार,ग्रामीण,4000,no road / elsewhere,4600,5500,9000,upto 5 m,22000,26400,23100,base,,,,,,550,140,117,96,460,129,104,86,400,79,63,53,0.040/0.100/0.200 ha,
basgaon,Bansgaon,03-08-2016,341,1337,"बहोरवा, तप्पा–पाली",धुरियापार,ग्रामीण,1200,no road / elsewhere,1400,1600,,upto 5 m,18700,21100,19000,base,,,,,,160,119,99,83,140,108,89,73,120,65,54,45,0.040/0.100/0.200 ha,
basgaon,Bansgaon,03-08-2016,342,1338,"बरडीहा, तप्पा–तीयर",धुरियापार,ग्रामीण,1200,no road / elsewhere,1400,1600,,upto 5 m,22000,26400,23100,base,,,,,,160,132,110,92,140,120,98,82,120,71,59,50,0.040/0.100/0.200 ha,
basgaon,Bansgaon,03-08-2016,343,1339,"बनियापार, तप्पा–तीयर",धुरियापार,ग्रामीण,3000,no road / elsewhere,3700,4500,,upto 5 m,22000,26400,23100,base,,,,,,450,140,117,96,370,129,104,86,300,79,63,53,0.040/0.100/0.200 ha,
basgaon,Bansgaon,03-08-2016,344,1340,"बनपुरवा, तप्पा– नर्रे",धुरियापार,ग्रामीण,3000,no road / elsewhere,3700,4500,,upto 5 m,18700,21100,19000,base,,,,,,450,140,117,96,370,129,104,86,300,79,63,53,0.040/0.100/0.200 ha,
basgaon,Bansgaon,03-08-2016,345,1341,"विशुनपुरा, तप्पा– नर्रे",धुरियापार,ग्रामीण,3000,no road / elsewhere,3700,4500,,upto 5 m,18700,21100,19000,base,,,,,,450,140,117,96,370,129,104,86,300,79,63,53,0.040/0.100/0.200 ha,
basgaon,Bansgaon,03-08-2016,346,1342,"वेला, तप्पा– नर्रे",धुरियापार,ग्रामीण,1200,no road / elsewhere,1400,1600,,upto 5 m,18700,21100,19000,base,,,,,,160,132,110,92,140,120,98,82,120,71,59,50,0.040/0.100/0.200 ha,
basgaon,Bansgaon,03-08-2016,347,1343,"बेलावीरभान, तप्पा– नर्रे",धुरियापार,ग्रामीण,3000,no road / elsewhere,3700,4500,,upto 5 m,22000,26400,23100,base,,,,,,450,151,129,104,370,137,116,93,300,85,69,58,0.040/0.100/0.200 ha,
basgaon,Bansgaon,03-08-2016,348,1344,"बाउपार, तप्पा– गगहा",धुरियापार,ग्रामीण,1200,no road / elsewhere,1400,1600,,upto 5 m,18700,21100,19000,base,,,,,,160,119,99,83,140,108,89,73,120,65,54,45,0.040/0.100/0.200 ha,
basgaon,Bansgaon,03-08-2016,349,1345,"बेलादार, तप्प–अठैसी",धुरियापार,ग्रामीण,3000,no road / elsewhere,3700,4500,,upto 5 m,22000,26400,23100,base,,,,,,450,140,117,96,370,129,104,86,300,79,63,53,0.040/0.100/0.200 ha,
basgaon,Bansgaon,03-08-2016,350,1346,"बिरुआ, तप्पा– पचीसी",भौवापार,ग्रामीण,1200,no road / elsewhere,1400,1600,,upto 5 m,22000,26400,23100,base,,,,,,160,132,110,92,140,120,98,82,120,71,59,50,0.040/0.100/0.200 ha,
basgaon,Bansgaon,03-08-2016,351,1347,"बैदौली, तप्पा– पचीसी",भौवापार,ग्रामीण,1200,no road / elsewhere,1400,1600,,upto 5 m,18700,21100,19000,base,,,,,,160,119,99,83,140,108,89,73,120,65,54,45,0.040/0.100/0.200 ha,
basgaon,Bansgaon,03-08-2016,352,1348,"विशुनपुर, तप्पा– पचीसी",भौवापार,ग्रामीण,3000,no road / elsewhere,3700,4500,,upto 5 m,22000,26400,23100,base,,,,,,450,140,117,96,370,129,104,86,300,79,63,53,0.040/0.100/0.200 ha,
basgaon,Bansgaon,03-08-2016,353,1349,"विनयकटारी, तप्पा–कुशवासी",भौवापार,ग्रामीण,3000,no road / elsewhere,1400,1600,3200,upto 5 m,18700,21100,19000,base,,,,,,160,119,99,83,140,108,89,73,300,65,54,45,0.040/0.100/0.200 ha,agri: other_a 300 > link_a 140 (usually 120); as printed
basgaon,Bansgaon,03-08-2016,354,1350,"बेनुआ टीकर, तप्पा–कुशवासी",भौवापार,ग्रामीण,1200,no road / elsewhere,1400,1600,,upto 5 m,18700,21100,19000,base,,,,,,160,119,99,83,140,108,89,73,120,65,54,45,0.040/0.100/0.200 ha,
basgaon,Bansgaon,03-08-2016,355,1351,"बरईपार नं0 48, तप्पा–कुशवासी",भौवापार,ग्रामीण,1200,no road / elsewhere,1400,1600,,upto 5 m,18700,21100,19000,base,,,,,,160,119,99,83,140,108,89,73,120,65,54,45,0.040/0.100/0.200 ha,
basgaon,Bansgaon,03-08-2016,356,1352,"वारीडीहा, तप्पा–कुशवासी",भौवापार,ग्रामीण,1200,no road / elsewhere,1400,1600,,upto 5 m,22000,26400,23100,base,,,,,,160,119,99,83,140,108,89,73,120,65,54,45,0.040/0.100/0.200 ha,
basgaon,Bansgaon,03-08-2016,357,1353,"बेलीपार, तप्पा–कुशवासी",भौवापार,ग्रामीण,6000,no road / elsewhere,7300,8000,9750,upto 5 m,28600,31700,28400,base,,975,236,149,115,800,140,117,96,730,129,104,86,600,79,63,55,0.040/0.100/0.200 ha,
basgaon,Bansgaon,03-08-2016,358,1354,"बरईपार नं0 44, तप्पा–कुशवासी",भौवापार,ग्रामीण,6000,no road / elsewhere,7300,8000,9750,upto 5 m,28600,31700,28400,base,,975,236,149,115,800,242,152,118,730,217,137,106,600,132,83,66,0.040/0.100/0.200 ha,
basgaon,Bansgaon,03-08-2016,359,1355,"विस्टौली बुजुर्ग, तप्पा–कुशवासी",भौवापार,ग्रामीण,4000,no road / elsewhere,5500,6600,6875,upto 5 m,28600,31700,28400,base,,687,236,149,115,660,242,152,118,550,217,137,106,400,132,83,66,0.040/0.100/0.200 ha,
basgaon,Bansgaon,03-08-2016,360,1356,"विस्टौली खुर्द, तप्पा–कुशवासी",भौवापार,ग्रामीण,4000,no road / elsewhere,5500,6600,6875,upto 5 m,28600,31700,28400,base,,687,236,149,115,660,242,152,118,550,217,137,106,400,132,83,66,0.040/0.100/0.200 ha,
basgaon,Bansgaon,03-08-2016,361,1357,"बेला मुस्तकील, तप्पा–कुशवासी",भौवापार,ग्रामीण,3000,no road / elsewhere,3700,4500,,upto 5 m,22000,26400,23100,base,,,,,,450,140,117,96,370,129,104,86,300,79,63,53,0.040/0.100/0.200 ha,
basgaon,Bansgaon,03-08-2016,362,1358,"वेला एहतमाली, तप्पा–कुशवासी",भौवापार,ग्रामीण,1200,no road / elsewhere,1400,1600,,upto 5 m,18700,21100,19000,base,,,,,,160,119,99,83,140,108,89,73,120,65,54,45,0.040/0.100/0.200 ha,
basgaon,Bansgaon,03-08-2016,363,1359,"बारीगांव, तप्पा–गुरम्ही",भौवापार,ग्रामीण,1200,no road / elsewhere,1400,1600,,upto 5 m,18700,21100,19000,base,,,,,,160,119,99,83,140,108,89,73,120,65,54,45,0.040/0.100/0.200 ha,
basgaon,Bansgaon,03-08-2016,364,1360,"वस्तुपार, तप्पा–गुरम्ही",भौवापार,ग्रामीण,4000,no road / elsewhere,4600,5500,8000,upto 5 m,18700,21100,19000,base,,,,,,550,151,129,104,460,139,116,93,400,85,69,58,0.040/0.100/0.200 ha,
basgaon,Bansgaon,03-08-2016,365,1361,"बलुआ बुजुर्ग, तप्पा– पचीसी",भौवापार,ग्रामीण,5000,no road / elsewhere,7300,8000,9750,upto 5 m,28600,31700,28400,base,,975,236,149,115,800,242,152,92,730,217,137,106,500,132,83,66,0.040/0.100/0.200 ha,agri: dist_d 92 (usually 118 with this group); as printed
basgaon,Bansgaon,03-08-2016,366,1362,"बलुआ खुर्द, तप्पा– पचीसी",भौवापार,ग्रामीण,5000,no road / elsewhere,7300,8000,9750,upto 5 m,28600,31700,28400,base,,975,236,149,115,800,242,152,92,730,217,137,106,500,132,83,66,0.040/0.100/0.200 ha,agri: dist_d 92 (usually 118 with this group); as printed
basgaon,Bansgaon,03-08-2016,367,1363,"बैदौली, तप्पा–गुरम्ही",भौवापार,ग्रामीण,4000,no road / elsewhere,5500,6600,6875,upto 5 m,28600,31700,28400,base,,687,139,113,92,660,140,117,96,550,129,104,89,400,79,63,53,0.040/0.100/0.200 ha,
basgaon,Bansgaon,03-08-2016,368,1364,"वडिहारी, तप्पा–गगहा",भौवापार,ग्रामीण,3000,no road / elsewhere,3700,4500,,upto 5 m,18700,21100,19000,base,,,,,,450,140,117,96,370,129,104,86,300,79,63,53,0.040/0.100/0.200 ha,
basgaon,Bansgaon,03-08-2016,369,1365,"बासगगहा, तप्पा–गगहा",भौवापार,ग्रामीण,1200,no road / elsewhere,1400,1600,,upto 5 m,18700,21100,19000,base,,,,,,160,119,99,83,140,108,89,73,120,65,54,45,0.040/0.100/0.200 ha,
basgaon,Bansgaon,03-08-2016,370,1366,"बनकटी, तप्पा–गगहा",भौवापार,ग्रामीण,4000,no road / elsewhere,5000,5500,6200,upto 5 m,22000,26400,23100,base,,620,139,113,92,550,140,117,96,500,129,104,86,400,79,63,53,0.040/0.100/0.200 ha,
basgaon,Bansgaon,03-08-2016,371,1367,"वधमौवा, तप्पा–गगहा",भौवापार,ग्रामीण,4000,no road / elsewhere,5000,5500,6200,upto 5 m,22000,26400,23100,base,,620,139,113,92,550,140,117,96,500,129,104,86,400,79,63,53,0.040/0.100/0.200 ha,
basgaon,Bansgaon,03-08-2016,372,1368,"विस्करपुर, तप्पा–गगहा",भौवापार,ग्रामीण,1200,no road / elsewhere,1400,1600,,upto 5 m,18700,21100,19000,base,,,,,,160,119,99,83,140,108,89,73,120,65,54,45,0.040/0.100/0.200 ha,
basgaon,Bansgaon,03-08-2016,373,1369,"वासूडीहा, तप्पा–रामपुर कोठा",भौवापार,ग्रामीण,3000,no road / elsewhere,3700,4500,7000,upto 5 m,18700,21100,19000,base,,,,,,450,140,117,96,370,129,104,86,300,79,63,53,0.040/0.100/0.200 ha,
basgaon,Bansgaon,03-08-2016,374,1370,"बन्धवा, तप्पा–रामपुर कोठा",भौवापार,ग्रामीण,3000,no road / elsewhere,3700,4500,,upto 5 m,18700,21100,19000,base,,,,,,450,140,117,96,370,129,104,86,300,79,63,53,0.040/0.100/0.200 ha,
basgaon,Bansgaon,03-08-2016,375,1371,"वांसपार, तप्पा–रामपुर कोठा",भौवापार,ग्रामीण,3000,no road / elsewhere,3700,4500,7000,upto 5 m,18700,21100,19000,base,,,,,,450,140,117,96,370,129,104,86,300,79,63,53,0.040/0.100/0.200 ha,
basgaon,Bansgaon,03-08-2016,376,1372,"बनकटी, तप्पा–रामपुर कोठा",भौवापार,ग्रामीण,1200,no road / elsewhere,1400,1600,,upto 5 m,18700,21100,19000,base,,,,,,160,119,99,83,140,108,89,73,120,65,54,45,0.040/0.100/0.200 ha,
basgaon,Bansgaon,03-08-2016,377,1373,"बेलवा सहाय, तप्पा–रामपुर कोठा",भौवापार,ग्रामीण,1200,no road / elsewhere,1400,1600,,upto 5 m,18700,21100,19000,base,,,,,,160,119,99,83,140,108,89,73,120,65,54,45,0.040/0.100/0.200 ha,
basgaon,Bansgaon,03-08-2016,378,1374,"बेलकुर, तप्पा–गगहा",भौवापार,ग्रामीण,1200,no road / elsewhere,1400,1600,,upto 5 m,18700,21100,19000,base,,,,,,160,119,99,83,140,108,89,73,120,65,54,45,0.040/0.100/0.200 ha,
basgaon,Bansgaon,03-08-2016,379,1375,"विछिया, तप्पा–गगहा",भौवापार,ग्रामीण,1200,no road / elsewhere,1400,1600,,upto 5 m,18700,21100,19000,base,,,,,,160,119,99,83,140,108,89,73,120,65,54,45,0.040/0.100/0.200 ha,
basgaon,Bansgaon,03-08-2016,380,1376,"वभनौली, तप्पा–गगहा",भौवापार,ग्रामीण,1200,no road / elsewhere,1400,1600,,upto 5 m,18700,21100,19000,base,,,,,,160,119,99,83,140,108,89,73,120,65,54,45,0.040/0.100/0.200 ha,
basgaon,Bansgaon,03-08-2016,381,1377,"बरैनी, तप्पा–गगहा",भौवापार,ग्रामीण,1200,no road / elsewhere,1400,1600,,upto 5 m,18700,21100,19000,base,,,,,,160,119,99,83,140,108,89,73,120,65,54,45,0.040/0.100/0.200 ha,
basgaon,Bansgaon,03-08-2016,382,1378,"बोड़ारी, तप्पा–गगहा",भौवापार,ग्रामीण,1200,no road / elsewhere,1400,1600,,upto 5 m,18700,21100,19000,base,,,,,,160,119,99,83,140,108,89,73,120,65,54,45,0.040/0.100/0.200 ha,
basgaon,Bansgaon,03-08-2016,383,0005,बहीडांड़ी बैलरी,वार्ड नं0 1,अर्द्धनगरीय,4500,no road / elsewhere,5500,8000,10000,upto 5 m,28600,31700,28400,base,,,,,,800,174,137,99,550,162,123,91,450,95,98,55,0.040/0.100/0.200 ha,agri: other_c 98 > other_b 95 (likely 76); as printed; category अर्द्धनगरीय
basgaon,Bansgaon,03-08-2016,384,0006,बड़ावन लमोहिया,वार्ड नं0 2,अर्द्धनगरीय,4500,no road / elsewhere,5500,8000,10000,upto 5 m,28600,31700,28400,base,,,,,,800,174,137,99,550,162,123,91,450,95,98,55,0.040/0.100/0.200 ha,agri: other_c 98 > other_b 95 (likely 76); as printed
basgaon,Bansgaon,03-08-2016,385,0007,बड़ावन पश्चिमी,वार्ड नं0 4,अर्द्धनगरीय,4500,no road / elsewhere,5500,8000,10000,upto 5 m,28600,31700,28400,base,,,,,,800,174,137,99,550,162,123,91,450,95,98,55,0.040/0.100/0.200 ha,agri: other_c 98 > other_b 95 (likely 76); as printed
basgaon,Bansgaon,03-08-2016,386,0008,बॉसगॉव उत्तरी,वार्ड नं0 8,अर्द्धनगरीय,4500,no road / elsewhere,5500,8000,10000,upto 5 m,28600,31700,28400,base,,,,,,800,130,117,96,550,129,104,86,450,79,63,53,0.040/0.100/0.200 ha,
basgaon,Bansgaon,03-08-2016,387,0009,बयालिस पट्टी बॉसगॉव,वार्ड नं0 12,अर्द्धनगरीय,4500,no road / elsewhere,5500,8000,10000,upto 5 m,28600,31700,28400,base,,,,,,800,130,117,96,550,129,104,86,450,79,63,53,0.040/0.100/0.200 ha,
basgaon,Bansgaon,03-08-2016,388,1379,"भुसवल बु0, तप्पा–महसिन",उनवल,ग्रामीण,1200,no road / elsewhere,1400,1600,,upto 5 m,18700,21100,19000,base,,,,,,160,119,99,83,140,108,89,73,120,65,54,45,0.040/0.100/0.200 ha,
basgaon,Bansgaon,03-08-2016,389,1380,"भुसवल खु0, तप्पा–महसिन",उनवल,ग्रामीण,1200,no road / elsewhere,1400,1600,,upto 5 m,18700,21100,19000,base,,,,,,160,119,99,83,140,108,89,73,120,65,54,45,0.040/0.100/0.200 ha,
basgaon,Bansgaon,03-08-2016,390,1381,"भैरोपुर, तप्पा–महसिन",उनवल,ग्रामीण,3000,no road / elsewhere,3700,4500,,upto 5 m,22000,26400,23100,base,,,,,,450,151,129,104,370,139,116,93,300,85,69,58,0.040/0.100/0.200 ha,
basgaon,Bansgaon,03-08-2016,391,1382,"भैसा हरिहर, तप्पा–महसिन",उनवल,ग्रामीण,3000,no road / elsewhere,3700,4500,8000,upto 5 m,18700,21100,19000,base,,,,,,450,140,117,96,370,129,104,89,300,79,63,53,0.040/0.100/0.200 ha,
basgaon,Bansgaon,03-08-2016,392,1383,"भिटखोरी, तप्पा–महसिन",उनवल,ग्रामीण,3000,no road / elsewhere,3700,4500,,upto 5 m,28600,31700,28380,base,,,,,,450,140,117,96,370,129,104,89,300,79,63,53,0.040/0.100/0.200 ha,comm: office printed 28380 (tier elsewhere 28400); clearly legible
basgaon,Bansgaon,03-08-2016,393,1384,"भरवलिया बाबु, तप्पा–महसिन",उनवल,ग्रामीण,1200,no road / elsewhere,1400,1600,,upto 5 m,18700,21100,19000,base,,,,,,160,119,99,76,140,108,89,73,120,65,54,45,0.040/0.100/0.200 ha,
basgaon,Bansgaon,03-08-2016,394,1385,"भभौरा, तप्पा–बभनौली",धुरियापार,ग्रामीण,1200,no road / elsewhere,1400,1600,,upto 5 m,18700,21100,19000,base,,,,,,160,119,99,76,140,108,89,73,120,65,54,45,0.040/0.100/0.200 ha,
basgaon,Bansgaon,03-08-2016,395,1386,"भीटी, तप्पा–बभनौली",धुरियापार,ग्रामीण,1200,no road / elsewhere,1400,1600,,upto 5 m,18700,21100,19000,base,,,,,,160,119,99,76,140,108,89,73,120,65,54,45,0.040/0.100/0.200 ha,
basgaon,Bansgaon,03-08-2016,396,1387,"भीटी तिवारी, तप्पा–पाली",धुरियापार,ग्रामीण,3000,no road / elsewhere,3700,4500,7000,upto 5 m,18700,21100,19000,base,,,,,,450,140,117,96,370,129,104,86,300,79,63,53,0.040/0.100/0.200 ha,
basgaon,Bansgaon,03-08-2016,397,1388,"भीता, तप्पा–पाली",धुरियापार,ग्रामीण,1200,no road / elsewhere,1400,1600,,upto 5 m,18700,21100,19000,base,,,,,,160,119,99,83,140,108,89,73,120,65,54,45,0.040/0.100/0.200 ha,
basgaon,Bansgaon,03-08-2016,398,1389,"भैसा रानी, तप्पा–पाली",धुरियापार,ग्रामीण,3000,no road / elsewhere,3700,4500,6000,upto 5 m,18700,21100,19000,base,,600,139,113,92,450,140,117,96,370,129,104,86,300,79,63,53,0.040/0.100/0.200 ha,
basgaon,Bansgaon,03-08-2016,399,1390,"भगता, तप्पा– गौर",धुरियापार,ग्रामीण,1200,no road / elsewhere,4600,5500,,upto 5 m,18700,21100,19000,base,,,,,,550,119,99,83,460,108,89,75,120,65,54,45,0.040/0.100/0.200 ha,
basgaon,Bansgaon,03-08-2016,400,1391,"भरवलिया, तप्पा–तीयर",धुरियापार,ग्रामीण,1200,no road / elsewhere,1400,1600,,upto 5 m,18700,21100,19000,base,,,,,,160,119,99,83,140,108,89,75,120,65,54,45,0.040/0.100/0.200 ha,
basgaon,Bansgaon,03-08-2016,401,1392,"भितरी, तप्पा–तीयर",धुरियापार,ग्रामीण,3000,no road / elsewhere,3700,4500,7000,upto 5 m,22000,26400,23100,base,,,,,,450,140,117,96,370,129,104,86,300,79,63,53,0.040/0.100/0.200 ha,
basgaon,Bansgaon,03-08-2016,402,1393,"भैसही बुजुर्ग, तप्पा–पाली",धुरियापार,ग्रामीण,3000,no road / elsewhere,3700,4500,,upto 5 m,22000,26400,23100,base,,,,,,450,140,117,96,370,129,104,86,300,79,63,53,0.040/0.100/0.200 ha,
basgaon,Bansgaon,03-08-2016,403,1394,"भैसही खुर्द, तप्पा–पाली",धुरियापार,ग्रामीण,3000,no road / elsewhere,3700,4500,,upto 5 m,22000,26400,23100,base,,,,,,450,140,117,96,370,129,104,86,300,79,63,53,0.040/0.100/0.200 ha,
basgaon,Bansgaon,03-08-2016,404,1395,"भवन पोखर, तप्पा–तीयर",धुरियापार,ग्रामीण,4000,no road / elsewhere,4600,5500,9000,upto 5 m,22000,26400,23100,base,,,,,,550,140,117,96,460,129,104,86,400,79,63,53,0.040/0.100/0.200 ha,
basgaon,Bansgaon,03-08-2016,405,1396,"भिटहा, तप्पा– पचीसी",भौवापार,ग्रामीण,4000,no road / elsewhere,5500,6600,9000,upto 5 m,22000,26400,23100,base,,900,139,113,92,660,140,117,96,550,129,104,86,400,79,63,53,0.040/0.100/0.200 ha,
basgaon,Bansgaon,03-08-2016,406,1397,"भरवल, तप्पा–कुशवासी",भौवापार,ग्रामीण,4000,no road / elsewhere,5500,6600,6875,upto 5 m,28600,31700,28400,base,,687,139,113,92,660,140,117,96,550,129,104,86,400,79,63,53,0.040/0.100/0.200 ha,
basgaon,Bansgaon,03-08-2016,407,1398,"भस्मा, तप्पा–कुशवासी",भौवापार,ग्रामीण,1200,no road / elsewhere,1400,1600,,upto 5 m,18700,21100,19000,base,,,,,,160,119,99,83,140,108,89,73,120,65,54,45,0.040/0.100/0.200 ha,
basgaon,Bansgaon,03-08-2016,408,1399,"भिटहा, तप्पा–कुशवासी",भौवापार,ग्रामीण,4000,no road / elsewhere,5500,6600,6875,upto 5 m,28600,31700,28400,base,,687,139,113,92,660,140,117,96,550,129,104,86,400,79,63,53,0.040/0.100/0.200 ha,
basgaon,Bansgaon,03-08-2016,409,1400,"भीटी, तप्पा–कुशवासी",भौवापार,ग्रामीण,4000,no road / elsewhere,5500,6600,6875,upto 5 m,28600,31700,28400,base,,687,139,113,92,660,140,117,96,550,129,104,86,400,79,63,53,0.040/0.100/0.200 ha,
basgaon,Bansgaon,03-08-2016,410,1401,"भटास, तप्पा– पचीसी",भौवापार,ग्रामीण,4000,no road / elsewhere,4600,5500,9000,upto 5 m,22000,26400,23100,base,,,,,,550,242,152,118,460,217,137,106,400,132,83,66,0.040/0.100/0.200 ha,
basgaon,Bansgaon,03-08-2016,411,1402,"भटकौली, तप्पा–गगहा",भौवापार,ग्रामीण,1200,no road / elsewhere,1400,1600,,upto 5 m,18700,21100,19000,base,,,,,,160,119,99,83,140,108,89,73,120,65,54,45,0.040/0.100/0.200 ha,
basgaon,Bansgaon,03-08-2016,412,1403,"भलुआन, तप्पा–रामपुर कोठा",भौवापार,ग्रामीण,5000,no road / elsewhere,7300,8000,9750,upto 5 m,28600,31700,28400,base,,975,236,149,115,800,140,117,96,730,129,104,86,500,79,63,53,0.040/0.100/0.200 ha,
basgaon,Bansgaon,03-08-2016,413,1404,"भाटपार, तप्पा–रामपुर कोठा",भौवापार,ग्रामीण,1200,no road / elsewhere,1400,1600,,upto 5 m,18700,21100,19000,base,,,,,,160,119,99,83,140,108,89,73,120,65,54,45,0.040/0.100/0.200 ha,
basgaon,Bansgaon,03-08-2016,414,1405,"भगडा, तप्पा–गुरम्ही",भौवापार,ग्रामीण,1200,no road / elsewhere,1400,1600,,upto 5 m,18700,21100,19000,base,,,,,,160,119,99,83,140,108,89,73,120,65,54,45,0.040/0.100/0.200 ha,
basgaon,Bansgaon,03-08-2016,415,1406,"भैसहा बुजुर्ग, तप्पा–गगहा",भौवापार,ग्रामीण,1200,no road / elsewhere,1400,1600,,upto 5 m,18700,21100,19000,base,,,,,,160,119,99,83,140,108,89,73,120,65,54,45,0.040/0.100/0.200 ha,
basgaon,Bansgaon,03-08-2016,416,1407,"भैसहा खुर्द, तप्पा–गगहा",भौवापार,ग्रामीण,1200,no road / elsewhere,1400,1600,,upto 5 m,18700,21100,19000,base,,,,,,160,119,99,83,140,108,89,73,120,65,54,45,0.040/0.100/0.200 ha,
basgaon,Bansgaon,03-08-2016,417,1408,"भेडी, तप्पा–गगहा",भौवापार,ग्रामीण,1200,no road / elsewhere,1400,1600,,upto 5 m,18700,21100,19000,base,,,,,,160,119,99,83,140,108,89,73,120,65,54,45,0.040/0.100/0.200 ha,
basgaon,Bansgaon,03-08-2016,418,1409,"भरवलिया, तप्पा–गगहा",भौवापार,ग्रामीण,4000,no road / elsewhere,1400,1600,,upto 5 m,28600,31700,28400,base,,,,,,160,140,117,96,140,129,104,86,400,79,63,53,0.040/0.100/0.200 ha,agri: other_a 400 > dist_a 160 and link_a 140 (mixed rate groups); as printed
basgaon,Bansgaon,03-08-2016,419,1410,"भटौरा, तप्पा– नर्रे",धुरियापार,ग्रामीण,1200,no road / elsewhere,1400,1600,,upto 5 m,18700,21100,19000,base,,,,,,160,119,99,83,140,108,89,73,120,65,54,45,0.040/0.100/0.200 ha,
basgaon,Bansgaon,03-08-2016,420,1411,"महसिन खास, तप्पा–महसिन",उनवल,ग्रामीण,4000,no road / elsewhere,4600,5500,9000,upto 5 m,18700,21100,19000,base,,,,,,550,151,129,104,460,139,116,93,400,85,69,58,0.040/0.100/0.200 ha,
basgaon,Bansgaon,03-08-2016,421,1412,"मसहापार, तप्पा–महसिन",उनवल,ग्रामीण,1200,no road / elsewhere,1400,1600,,upto 5 m,18700,21100,19000,base,,,,,,160,119,99,83,140,108,89,73,120,65,54,45,0.040/0.100/0.200 ha,
basgaon,Bansgaon,03-08-2016,422,1413,"महुआपार, तप्पा–महसिन",उनवल,ग्रामीण,4000,no road / elsewhere,4600,5500,,upto 5 m,22000,26400,23100,base,,,,,,550,140,117,96,460,129,104,86,400,79,63,53,0.040/0.100/0.200 ha,
basgaon,Bansgaon,03-08-2016,423,1414,"मिश्रौलिया, तप्पा–महसिन",उनवल,ग्रामीण,3000,no road / elsewhere,3700,4500,,upto 5 m,18700,21100,19000,base,,,,,,450,140,117,96,370,129,104,86,300,79,63,53,0.040/0.100/0.200 ha,
basgaon,Bansgaon,03-08-2016,424,1415,"मंझगांवा, तप्पा–महसिन",उनवल,ग्रामीण,3000,no road / elsewhere,3700,4500,,upto 5 m,18700,21100,19000,base,,,,,,450,140,117,96,370,129,104,86,300,79,63,53,0.040/0.100/0.200 ha,
basgaon,Bansgaon,03-08-2016,425,1416,"मरवटिया, तप्पा–महसिन",उनवल,ग्रामीण,4000,no road / elsewhere,5500,6600,,upto 5 m,22000,26400,23100,base,,,,,,660,174,137,99,550,162,123,91,400,95,76,55,0.040/0.100/0.200 ha,
basgaon,Bansgaon,03-08-2016,426,1417,"मितानपुर खुर्द, तप्पा– नर्रे",धुरियापार,ग्रामीण,1200,no road / elsewhere,1400,1600,,upto 5 m,18700,21100,19000,base,,,,,,160,119,99,83,140,108,89,73,120,65,54,45,0.040/0.100/0.200 ha,
basgaon,Bansgaon,03-08-2016,427,1418,"मठिया, तप्पा–बभनौली",धुरियापार,ग्रामीण,1200,no road / elsewhere,1400,1600,,upto 5 m,18700,21100,19000,base,,,,,,160,119,99,83,140,108,89,73,120,65,54,45,0.040/0.100/0.200 ha,
basgaon,Bansgaon,03-08-2016,428,1419,"महिलवार, तप्पा–पाली",धुरियापार,ग्रामीण,1200,no road / elsewhere,1400,1600,,upto 5 m,18700,21100,19000,base,,,,,,160,119,99,83,140,108,89,73,120,65,54,45,0.040/0.100/0.200 ha,
basgaon,Bansgaon,03-08-2016,429,1420,"मठिया, तप्पा–तीयर",धुरियापार,ग्रामीण,1200,no road / elsewhere,1400,1600,,upto 5 m,18700,21100,19000,base,,,,,,160,119,99,83,140,108,89,73,120,65,54,45,0.040/0.100/0.200 ha,
basgaon,Bansgaon,03-08-2016,430,1421,"मुसैला, तप्पा– नर्रे",धुरियापार,ग्रामीण,3000,no road / elsewhere,3700,4500,,upto 5 m,18700,21100,19000,base,,,,,,450,140,117,96,370,129,104,86,300,79,63,53,0.040/0.100/0.200 ha,
basgaon,Bansgaon,03-08-2016,431,1422,"मुसैली, तप्पा– नर्रे",धुरियापार,ग्रामीण,3000,no road / elsewhere,3700,4500,,upto 5 m,18700,21100,19000,base,,,,,,450,140,117,96,370,129,104,86,300,79,63,53,0.040/0.100/0.200 ha,
basgaon,Bansgaon,03-08-2016,432,1423,"मटिहनिया, तप्पा–तीयर",धुरियापार,ग्रामीण,1200,no road / elsewhere,1400,1600,,upto 5 m,18700,21100,19000,base,,,,,,160,119,99,83,140,108,89,73,120,65,54,45,0.040/0.100/0.200 ha,
basgaon,Bansgaon,03-08-2016,433,1424,"मंझरिया, तप्पा–पाली",धुरियापार,ग्रामीण,1200,no road / elsewhere,1400,1600,,upto 5 m,18700,21100,19000,base,,,,,,160,119,99,83,140,108,89,73,120,65,54,45,0.040/0.100/0.200 ha,
basgaon,Bansgaon,03-08-2016,434,1425,"मउ खुर्द, तप्पा–पाली",धुरियापार,ग्रामीण,1200,no road / elsewhere,1400,1600,,upto 5 m,18700,21100,19000,base,,,,,,160,119,99,83,140,108,89,73,120,65,54,45,0.040/0.100/0.200 ha,
basgaon,Bansgaon,03-08-2016,435,1426,"मउ बुजुर्ग, तप्पा–पाली",धुरियापार,ग्रामीण,1200,no road / elsewhere,1400,1600,,upto 5 m,18700,21100,19000,base,,,,,,160,119,99,83,140,108,89,73,120,65,54,45,0.040/0.100/0.200 ha,
basgaon,Bansgaon,03-08-2016,436,1427,"महथा, तप्पा–पाली",धुरियापार,ग्रामीण,3000,no road / elsewhere,3700,4500,,upto 5 m,22000,26400,23100,base,,,,,,450,140,117,96,370,129,104,86,300,79,63,53,0.040/0.100/0.200 ha,
basgaon,Bansgaon,03-08-2016,437,1428,"महुजा, तप्पा–तीयर",धुरियापार,ग्रामीण,3000,no road / elsewhere,3700,4500,,upto 5 m,22000,26400,23100,base,,,,,,450,140,117,96,370,129,104,86,300,79,63,53,0.040/0.100/0.200 ha,
basgaon,Bansgaon,03-08-2016,438,1429,"मितानपुर बुजुर्ग, तप्पा– नर्रे",धुरियापार,ग्रामीण,1200,no road / elsewhere,1400,1600,,upto 5 m,18700,21100,19000,base,,,,,,160,119,99,83,140,108,89,73,120,65,54,45,0.040/0.100/0.200 ha,
basgaon,Bansgaon,03-08-2016,439,1430,"मानोकिशुनपुर, तप्पा– नर्रे",धुरियापार,ग्रामीण,3000,no road / elsewhere,3700,4500,,upto 5 m,18700,21100,19000,base,,,,,,450,140,117,96,370,129,104,86,300,79,63,53,0.040/0.100/0.200 ha,
basgaon,Bansgaon,03-08-2016,440,1431,"मेहदरॉव, तप्पा– नर्रे",धुरियापार,ग्रामीण,3000,no road / elsewhere,3700,4500,,upto 5 m,18700,21100,19000,base,,,,,,450,140,117,96,370,129,104,86,300,79,63,53,0.040/0.100/0.200 ha,
basgaon,Bansgaon,03-08-2016,441,1432,"मलउन, तप्पा– नर्रे",धुरियापार,ग्रामीण,1200,no road / elsewhere,1400,1600,,upto 5 m,18700,21100,19000,base,,,,,,160,119,99,83,140,108,89,73,120,65,54,45,0.040/0.100/0.200 ha,
basgaon,Bansgaon,03-08-2016,442,1433,"मठधर्मसेन, तप्पा– नर्रे",धुरियापार,ग्रामीण,1200,no road / elsewhere,1400,1600,,upto 5 m,18700,21100,19000,base,,,,,,160,119,99,83,140,108,89,73,120,65,54,45,0.040/0.100/0.200 ha,
basgaon,Bansgaon,03-08-2016,443,1434,"महुराई, तप्प–अठैसी",धुरियापार,ग्रामीण,4000,no road / elsewhere,5500,6600,6875,upto 5 m,28600,31700,28400,base,,687,139,113,92,660,140,117,96,550,129,104,86,400,79,63,53,0.040/0.100/0.200 ha,
basgaon,Bansgaon,03-08-2016,444,1435,"मजुरीखास, तप्पा–मजुरी",धुरियापार,ग्रामीण,4000,no road / elsewhere,5000,5500,6000,upto 5 m,18700,21100,19000,base,,600,139,113,92,550,151,129,104,500,139,116,93,400,85,69,53,0.040/0.100/0.200 ha,
basgaon,Bansgaon,03-08-2016,445,1436,"मिश्रौली, तप्पा–मजुरी",धुरियापार,ग्रामीण,1200,no road / elsewhere,1400,1600,,upto 5 m,22000,26400,23100,base,,,,,,160,132,110,92,140,120,98,82,120,71,59,50,0.040/0.100/0.200 ha,
basgaon,Bansgaon,03-08-2016,446,1437,"महाडीह, तप्पा– पचीसी",भौवापार,ग्रामीण,4000,no road / elsewhere,4600,5500,9000,upto 5 m,22000,26400,23100,base,,,,,,550,140,117,96,460,129,104,86,400,79,63,53,0.040/0.100/0.200 ha,
basgaon,Bansgaon,03-08-2016,447,1438,"मेहरौली, तप्पा–कुशवासी",भौवापार,ग्रामीण,4000,no road / elsewhere,5500,6600,6875,upto 5 m,28600,31700,28400,base,,687,139,113,92,660,140,117,96,550,129,104,86,400,79,63,53,0.040/0.100/0.200 ha,
basgaon,Bansgaon,03-08-2016,448,1439,"मलांव मुस्तकील, तप्पा–कुशवासी",भौवापार,ग्रामीण,3000,no road / elsewhere,3700,4500,,upto 5 m,22000,26400,23100,base,,,,,,450,151,129,104,370,139,116,93,300,85,69,58,0.040/0.100/0.200 ha,
basgaon,Bansgaon,03-08-2016,449,1440,"मलाव एहतमाली , तप्पा–कुशवासी",भौवापार,ग्रामीण,1200,no road / elsewhere,1400,1600,,upto 5 m,18700,21100,19000,base,,,,,,160,83,71,62,140,73,64,57,120,45,40,34,0.040/0.100/0.200 ha,
basgaon,Bansgaon,03-08-2016,450,1441,"मलौली मु0, तप्पा–गुरम्ही",भौवापार,ग्रामीण,1200,no road / elsewhere,1400,1600,,upto 5 m,18700,21100,19000,base,,,,,,160,119,99,83,140,108,89,73,120,65,54,45,0.040/0.100/0.200 ha,
basgaon,Bansgaon,03-08-2016,451,1442,"मलौली एहतमाली, तप्पा–गुरम्ही",भौवापार,ग्रामीण,1200,no road / elsewhere,1400,1600,,upto 5 m,18700,21100,19000,base,,,,,,160,83,71,62,140,73,64,57,120,45,40,34,0.040/0.100/0.200 ha,
basgaon,Bansgaon,03-08-2016,452,1443,"माहोपार, तप्पा–गुरम्ही",भौवापार,ग्रामीण,4000,no road / elsewhere,4600,5500,8000,upto 5 m,18700,21100,19000,base,,,,,,550,140,117,96,460,129,104,86,400,79,63,53,0.040/0.100/0.200 ha,
basgaon,Bansgaon,03-08-2016,453,1444,"मराछी, तप्पा–गुरम्ही",भौवापार,ग्रामीण,1200,no road / elsewhere,1400,1600,,upto 5 m,18700,21100,19000,base,,,,,,160,119,99,83,140,108,89,73,120,65,54,45,0.040/0.100/0.200 ha,
basgaon,Bansgaon,03-08-2016,454,1445,"मिश्रौली, तप्पा– पचीसी",भौवापार,ग्रामीण,5000,no road / elsewhere,7300,8000,9750,upto 5 m,28600,31680,28380,base,,975,236,149,115,800,242,152,118,730,217,137,106,500,132,83,66,0.040/0.100/0.200 ha,comm: shop_multi printed 31680 and office 28380 (tier elsewhere 31700/28400); verified at zoom
basgaon,Bansgaon,03-08-2016,455,1446,"महुजा, तप्पा– पचीसी",भौवापार,ग्रामीण,4000,no road / elsewhere,4600,5500,9000,upto 5 m,22000,26400,23100,base,,,,,,550,242,152,118,460,217,137,106,400,132,83,66,0.040/0.100/0.200 ha,
basgaon,Bansgaon,03-08-2016,456,1447,"मोहनापार, तप्पा–गगहा",भौवापार,ग्रामीण,1200,no road / elsewhere,1400,1600,,upto 5 m,18700,21100,19000,base,,,,,,160,119,99,79,140,108,89,73,120,65,54,45,0.040/0.100/0.200 ha,
basgaon,Bansgaon,03-08-2016,457,1448,"मेहदिया, तप्पा–गगहा",भौवापार,ग्रामीण,4000,no road / elsewhere,5500,6000,8500,upto 5 m,18700,21100,19000,base,,850,236,149,115,600,126,107,86,550,116,96,77,400,79,63,53,0.040/0.100/0.200 ha,
basgaon,Bansgaon,03-08-2016,458,1449,"मसान पाकड, तप्पा–रामपुर कोठा",भौवापार,ग्रामीण,3000,no road / elsewhere,3700,4500,,upto 5 m,18700,21100,19000,base,,,,,,450,140,117,96,370,129,104,86,300,79,63,53,0.040/0.100/0.200 ha,
basgaon,Bansgaon,03-08-2016,459,1450,"माहोपार, तप्पा–रामपुर कोठा",भौवापार,ग्रामीण,4000,no road / elsewhere,4600,5500,8000,upto 5 m,18700,21100,19000,base,,,,,,550,140,117,96,460,129,104,86,400,79,63,53,0.040/0.100/0.200 ha,
basgaon,Bansgaon,03-08-2016,460,1451,"मंझवा, तप्पा–गुरम्ही",भौवापार,ग्रामीण,1200,no road / elsewhere,1400,1600,,upto 5 m,18700,21100,19000,base,,,,,,160,132,110,92,140,120,98,82,120,71,59,50,0.040/0.100/0.200 ha,
basgaon,Bansgaon,03-08-2016,461,1452,"महराजपुर खुर्द, तप्पा–गगहा",भौवापार,ग्रामीण,1200,no road / elsewhere,1400,1600,,upto 5 m,18700,21100,19000,base,,,,,,160,119,99,83,140,108,89,73,120,65,54,45,0.040/0.100/0.200 ha,
basgaon,Bansgaon,03-08-2016,462,1453,"मैनसीर, तप्पा–गगहा",भौवापार,ग्रामीण,1200,no road / elsewhere,1400,1600,,upto 5 m,18700,21100,19000,base,,,,,,160,119,99,83,140,108,89,73,120,65,54,45,0.040/0.100/0.200 ha,
basgaon,Bansgaon,03-08-2016,463,1454,"महाराजपुर खानमल, तप्पा–गगहा",भौवापार,ग्रामीण,1200,no road / elsewhere,1400,1600,,upto 5 m,18700,21100,19000,base,,,,,,160,119,99,83,140,108,89,73,120,65,54,45,0.040/0.100/0.200 ha,
basgaon,Bansgaon,03-08-2016,464,1455,"महराजपुर बुजुर्ग, तप्पा–गगहा",भौवापार,ग्रामीण,1200,no road / elsewhere,1400,1600,,upto 5 m,18700,21100,19000,base,,,,,,160,119,99,83,140,108,89,73,120,65,54,45,0.040/0.100/0.200 ha,
basgaon,Bansgaon,03-08-2016,465,1456,"मैनपट्टी, तप्पा–गगहा",भौवापार,ग्रामीण,1200,no road / elsewhere,1400,1600,,upto 5 m,18700,21100,19000,base,,,,,,160,119,99,83,140,108,89,73,120,65,54,45,0.040/0.100/0.200 ha,
basgaon,Bansgaon,03-08-2016,466,1457,"महालजलकर, तप्पा–कुशवासी",भौवापार,ग्रामीण,1200,no road / elsewhere,1400,1600,,upto 5 m,18700,21100,19000,base,,,,,,160,119,99,83,140,108,89,73,120,65,54,45,0.040/0.100/0.200 ha,
basgaon,Bansgaon,03-08-2016,467,0010,मरवटिया उत्तरी,वार्ड नं0 7,अर्द्धनगरीय,4500,no road / elsewhere,5500,8000,10000,upto 5 m,28600,31700,28400,base,,,,,,800,174,137,99,550,162,123,91,450,95,76,55,0.040/0.100/0.200 ha,
basgaon,Bansgaon,03-08-2016,468,0011,मरवटिया मध्य,वार्ड नं0 3,अर्द्धनगरीय,4500,no road / elsewhere,5500,8000,10000,upto 5 m,28600,31700,28400,base,,,,,,800,174,137,99,550,162,123,91,450,95,76,55,0.040/0.100/0.200 ha,
basgaon,Bansgaon,03-08-2016,469,0012,मरवटिया दक्षिणी,वार्ड नं0 9,अर्द्धनगरीय,4500,no road / elsewhere,5500,8000,10000,upto 5 m,28600,31700,28400,base,,,,,,800,174,137,99,550,162,123,91,450,95,76,55,0.040/0.100/0.200 ha,
basgaon,Bansgaon,03-08-2016,470,1458,"रतनपुर राजा, तप्पा–महसिन",उनवल,ग्रामीण,1200,no road / elsewhere,1400,1600,,upto 5 m,18700,21100,19000,base,,,,,,160,119,99,83,140,108,89,73,120,65,54,45,0.040/0.100/0.200 ha,
basgaon,Bansgaon,03-08-2016,471,1459,"रियाँव मुस्तकील, तप्पा–मझवलियां",चिल्लूपार,ग्रामीण,1200,no road / elsewhere,1400,1600,,upto 5 m,18700,21100,19000,base,,,,,,160,119,99,83,140,108,89,73,120,65,54,45,0.040/0.100/0.200 ha,
basgaon,Bansgaon,03-08-2016,472,1460,"रियाँव एहतमाली, तप्पा–मझवलिया",चिल्लूपार,ग्रामीण,1200,no road / elsewhere,1400,1600,,upto 5 m,18700,21100,19000,base,,,,,,160,83,71,62,140,73,64,57,120,45,40,34,0.040/0.100/0.200 ha,
basgaon,Bansgaon,03-08-2016,473,1461,"रानीपुर, तप्पा–मझवलिया",चिल्लूपार,ग्रामीण,1200,no road / elsewhere,1400,1600,,upto 5 m,18700,21100,19000,base,,,,,,160,119,99,83,140,108,89,73,120,65,54,45,0.040/0.100/0.200 ha,
basgaon,Bansgaon,03-08-2016,474,1462,"रामपुर, तप्पा– नर्रे",धुरियापार,ग्रामीण,1200,no road / elsewhere,1400,1600,,upto 5 m,18700,21100,19000,base,,,,,,160,119,99,83,140,108,89,73,120,65,54,45,0.040/0.100/0.200 ha,
basgaon,Bansgaon,03-08-2016,475,1463,"राजगढ, तप्पा– नर्रे",धुरियापार,ग्रामीण,3000,no road / elsewhere,3700,4500,7000,upto 5 m,22000,26400,23100,base,,,,,,450,151,129,104,370,139,116,93,300,85,69,58,0.040/0.100/0.200 ha,
basgaon,Bansgaon,03-08-2016,476,1464,"राउतपार, तप्प–अठैसी",धुरियापार,ग्रामीण,5000,no road / elsewhere,7300,7500,9750,upto 5 m,28600,31700,28400,base,,975,236,149,115,750,242,152,118,730,217,137,106,500,132,83,66,0.040/0.100/0.200 ha,
basgaon,Bansgaon,03-08-2016,477,1465,"रामनगर, तप्पा– नर्रे",धुरियापार,ग्रामीण,1200,no road / elsewhere,1400,1600,,upto 5 m,18700,21100,19000,base,,,,,,160,242,152,118,140,217,137,93,120,132,83,66,0.040/0.100/0.200 ha,"agri: b > a in dist/link/other (a from 160/140/120 group, b-d from 242/217/132 group); as printed"
basgaon,Bansgaon,03-08-2016,478,1466,"रानीपुर, तप्पा– पचीसी",भौवापार,ग्रामीण,4500,no road / elsewhere,7300,8000,975,upto 5 m,28600,31700,28400,base,,975,236,149,115,800,119,99,83,730,108,89,73,450,65,54,45,0.040/0.100/0.200 ha,road: r9to12 printed as 975 (likely 9750 misprint; kept as printed)
basgaon,Bansgaon,03-08-2016,479,1467,"रुद्राईनपुर उफ मझगाँवा, तप्पा–कुशवासी",भौवापार,ग्रामीण,1200,no road / elsewhere,1400,1600,,upto 5 m,18700,21100,19000,base,,,,,,160,242,152,118,140,217,137,93,120,132,83,66,0.040/0.100/0.200 ha,agri: b > a in dist/link/other (mixed groups); as printed
basgaon,Bansgaon,03-08-2016,480,1468,"रेवडाडीह, तप्पा–गुरम्ही",भौवापार,ग्रामीण,500,no road / elsewhere,1000,1100,,upto 5 m,18700,21100,19000,base,,,,,,120,92,79,68,100,82,71,64,50,50,44,38,0.040/0.100/0.200 ha,
basgaon,Bansgaon,03-08-2016,481,1469,"राजगढ, तप्पा–गुरम्ही",भौवापार,ग्रामीण,1200,no road / elsewhere,1400,1600,,upto 5 m,18700,21100,19000,base,,,,,,160,119,99,83,140,108,89,73,120,65,54,45,0.040/0.100/0.200 ha,
basgaon,Bansgaon,03-08-2016,482,1470,"रानीपार, तप्पा–गगहा",भौवापार,ग्रामीण,1200,no road / elsewhere,1400,1600,,upto 5 m,18700,21100,19000,base,,,,,,160,119,99,83,140,108,89,73,120,65,54,45,0.040/0.100/0.200 ha,
basgaon,Bansgaon,03-08-2016,483,1471,"रजनौली, तप्पा–गगहा",भौवापार,ग्रामीण,1200,no road / elsewhere,1400,1600,,upto 5 m,18700,21100,19000,base,,,,,,160,119,99,83,140,108,89,73,120,65,54,45,0.040/0.100/0.200 ha,
basgaon,Bansgaon,03-08-2016,484,1472,"रघुनाथपुर, तप्पा–गगहा",भौवापार,ग्रामीण,1200,no road / elsewhere,1400,1600,,upto 5 m,18700,21100,19000,base,,,,,,160,119,99,83,140,108,89,73,120,65,54,45,0.040/0.100/0.200 ha,
basgaon,Bansgaon,03-08-2016,485,1473,"राजपुर, तप्पा–गगहा",भौवापार,ग्रामीण,3000,no road / elsewhere,3700,4500,,upto 5 m,18700,21100,19000,base,,,,,,450,119,99,83,370,108,89,73,300,65,54,45,0.040/0.100/0.200 ha,
basgaon,Bansgaon,03-08-2016,486,1474,"राउतपार, तप्पा–रामपुर कोठा",भौवापार,ग्रामीण,500,no road / elsewhere,1000,1100,,upto 5 m,18700,21100,19000,base,,,,,,120,92,79,68,100,82,71,64,50,50,44,38,0.040/0.100/0.200 ha,
basgaon,Bansgaon,03-08-2016,487,1475,"रामपुर, तप्पा–रामपुर कोठा",भौवापार,ग्रामीण,1200,no road / elsewhere,1400,1600,,upto 5 m,18700,21100,19000,base,,,,,,160,83,71,62,140,73,64,57,120,45,40,34,0.040/0.100/0.200 ha,
basgaon,Bansgaon,03-08-2016,488,1476,"राईपुर मुस्तकील, तप्पा–गगहा",भौवापार,ग्रामीण,1200,no road / elsewhere,1400,1600,,upto 5 m,18700,21100,19000,base,,,,,,160,119,99,83,140,108,89,73,120,65,54,45,0.040/0.100/0.200 ha,
basgaon,Bansgaon,03-08-2016,489,1477,"रामनगर तप्पा तियर, तप्पा– नर्रे",धुरियापार,ग्रामीण,4000,no road / elsewhere,4600,5500,,upto 5 m,18700,21100,19000,base,,,,,,550,119,99,83,460,108,89,73,400,65,54,45,0.040/0.100/0.200 ha,
basgaon,Bansgaon,03-08-2016,490,1478,"राईपुर एहतमाली, तप्पा–गगहा",भौवापार,ग्रामीण,1200,no road / elsewhere,1400,1600,,upto 5 m,18700,21100,19000,base,,,,,,160,100,71,62,140,75,64,57,120,45,40,34,0.040/0.100/0.200 ha,
basgaon,Bansgaon,03-08-2016,491,1479,"रकहट मुस्तकिल, तप्पा–गगहा",भौवापार,ग्रामीण,3000,no road / elsewhere,1400,1600,,upto 5 m,18700,21100,19000,base,,,,,,160,140,117,96,140,129,104,86,300,79,63,53,0.040/0.100/0.200 ha,agri: other_a 300 > dist_a 160 and link_a 140; as printed
basgaon,Bansgaon,03-08-2016,492,1480,"रकहट एहतमाली, तप्पा–गगहा",भौवापार,ग्रामीण,1200,no road / elsewhere,1400,1600,,upto 5 m,18700,21100,19000,base,,,,,,160,100,71,62,140,75,64,57,120,45,40,34,0.040/0.100/0.200 ha,
basgaon,Bansgaon,03-08-2016,493,1481,"रामपुर, तप्पा– पचीसी",भौवापार,ग्रामीण,1200,no road / elsewhere,1400,1600,,upto 5 m,18700,21100,19000,base,,,,,,160,119,99,83,140,108,89,73,120,65,54,45,0.040/0.100/0.200 ha,
basgaon,Bansgaon,03-08-2016,494,1482,"रामतारा, तप्पा– पचीसी",भौवापार,ग्रामीण,1200,no road / elsewhere,1400,1600,,upto 5 m,18700,21100,19000,base,,,,,,160,119,99,83,140,108,89,73,120,65,54,45,0.040/0.100/0.200 ha,
basgaon,Bansgaon,03-08-2016,495,1483,"लालपुर, तप्पा–महसिन",उनवल,ग्रामीण,1200,no road / elsewhere,1400,1600,,upto 5 m,18700,21100,19000,base,,,,,,160,119,99,83,140,108,89,73,120,65,54,45,0.040/0.100/0.200 ha,
basgaon,Bansgaon,03-08-2016,496,1484,"लाहीडाडी, तप्पा–महसिन",उनवल,ग्रामीण,4000,no road / elsewhere,5500,6600,,upto 5 m,22000,26400,23100,base,,,,,,660,140,117,96,550,129,104,86,400,79,63,53,0.040/0.100/0.200 ha,
basgaon,Bansgaon,03-08-2016,497,1485,"लक्ष्मीपुर, तप्पा–बभनौली",धुरियापार,ग्रामीण,1200,no road / elsewhere,1400,1600,,upto 5 m,18700,21100,19000,base,,,,,,160,119,99,83,140,108,89,73,120,65,54,45,0.040/0.100/0.200 ha,
basgaon,Bansgaon,03-08-2016,498,1486,"लंकुडी निस्फी बाबु, तप्पा–तीयर",धुरियापार,ग्रामीण,1200,no road / elsewhere,1400,1600,,upto 5 m,18700,21100,19000,base,,,,,,160,119,99,83,140,108,89,73,120,65,54,45,0.040/0.100/0.200 ha,
basgaon,Bansgaon,03-08-2016,499,1487,"लकुडी निस्फी राय, तप्पा–तीयर",धुरियापार,ग्रामीण,1200,no road / elsewhere,1400,1600,,upto 5 m,18700,21100,19000,base,,,,,,160,119,99,83,140,108,89,73,120,65,54,45,0.040/0.100/0.200 ha,
basgaon,Bansgaon,03-08-2016,500,1488,"लेडूआवारी बुजुर्ग, तप्पा–पाली",धुरियापार,ग्रामीण,3000,no road / elsewhere,3700,4500,7000,upto 5 m,22000,26400,23100,base,,,,,,450,140,117,96,370,129,104,86,300,79,63,53,0.040/0.100/0.200 ha,
basgaon,Bansgaon,03-08-2016,501,1489,"लेडुआवारी खुर्द, तप्पा–पाली",धुरियापार,ग्रामीण,3000,no road / elsewhere,3700,4500,,upto 5 m,22000,26400,23100,base,,,,,,450,140,117,96,370,108,104,86,300,79,63,53,0.040/0.100/0.200 ha,agri: link_b 108 (usually 129 in this group); as printed
basgaon,Bansgaon,03-08-2016,502,1490,"लाहीडाडी खुर्द, तप्पा–तीयर",धुरियापार,ग्रामीण,1200,no road / elsewhere,1400,1600,,upto 5 m,18700,21100,19000,base,,,,,,160,119,99,83,140,108,89,73,120,65,54,45,0.040/0.100/0.200 ha,
basgaon,Bansgaon,03-08-2016,503,1491,"लाहीडाडी बुजुर्ग, तप्पा–तीयर",धुरियापार,ग्रामीण,1200,no road / elsewhere,1400,1600,,upto 5 m,18700,21100,19000,base,,,,,,160,119,99,83,140,108,89,73,120,65,54,45,0.040/0.100/0.200 ha,
basgaon,Bansgaon,03-08-2016,504,1492,"लगुनही, तप्पा– नर्रे",धुरियापार,ग्रामीण,1200,no road / elsewhere,1400,1600,,upto 5 m,18700,21100,19000,base,,,,,,160,119,99,83,140,108,89,73,120,65,54,45,0.040/0.100/0.200 ha,
basgaon,Bansgaon,03-08-2016,505,1493,"लखईडीह खुर्द, तप्पा–गगहा",भौवापार,ग्रामीण,1200,no road / elsewhere,1400,1600,,upto 5 m,18700,21100,19000,base,,,,,,160,119,99,83,140,108,89,73,120,65,54,45,0.040/0.100/0.200 ha,
basgaon,Bansgaon,03-08-2016,506,1494,"लखईडीह बुजुर्ग, तप्पा–गगहा",भौवापार,ग्रामीण,1200,no road / elsewhere,1400,1600,,upto 5 m,18700,21100,19000,base,,,,,,160,119,99,83,140,108,89,73,120,65,54,45,0.040/0.100/0.200 ha,
basgaon,Bansgaon,03-08-2016,507,1495,"लखनापार, तप्पा–गगहा",भौवापार,ग्रामीण,1200,no road / elsewhere,1400,1600,,upto 5 m,18700,21100,19000,base,,,,,,160,119,99,83,140,108,89,73,120,65,54,45,0.040/0.100/0.200 ha,
basgaon,Bansgaon,03-08-2016,508,1496,"लखनौरा, तप्पा–गगहा",भौवापार,ग्रामीण,1200,no road / elsewhere,1400,1600,,upto 5 m,18700,21100,19000,base,,,,,,160,119,99,83,140,108,89,73,120,65,54,45,0.040/0.100/0.200 ha,
basgaon,Bansgaon,03-08-2016,509,1497,"सरसोपार, तप्पा–महसिन",उनवल,ग्रामीण,1200,no road / elsewhere,1400,1600,,upto 5 m,18700,21100,19000,base,,,,,,160,119,99,83,140,108,89,73,120,65,54,45,0.040/0.100/0.200 ha,
basgaon,Bansgaon,03-08-2016,510,1498,"शहरीडाँड, तप्पा–महसिन",उनवल,ग्रामीण,4000,no road / elsewhere,4600,5500,,upto 5 m,18700,21100,19000,base,,,,,,550,140,117,96,460,129,104,86,400,79,63,53,0.040/0.100/0.200 ha,
basgaon,Bansgaon,03-08-2016,511,1499,"साँवर, तप्पा–महसिन",उनवल,ग्रामीण,1200,no road / elsewhere,1400,1600,,upto 5 m,18700,21100,19000,base,,,,,,160,119,99,83,140,108,89,73,120,65,54,45,0.040/0.100/0.200 ha,
basgaon,Bansgaon,03-08-2016,512,1500,"साईताल, तप्पा–महसिन",उनवल,ग्रामीण,4000,no road / elsewhere,4600,5500,9000,upto 5 m,22000,26400,23100,base,,900,,,,550,140,117,96,460,129,104,86,400,79,63,53,0.040/0.100/0.200 ha,agri: nh_a 900 printed but nh_b–nh_d are dashes; as printed
basgaon,Bansgaon,03-08-2016,513,1501,"शाहपुर कवरा उर्फ बांसगांव,",उनवल,ग्रामीण,4500,no road / elsewhere,5500,6600,9000,upto 5 m,22000,26400,23100,base,,,,,,660,140,117,96,550,129,104,86,450,79,63,53,0.040/0.100/0.200 ha,
basgaon,Bansgaon,03-08-2016,514,1502,"सियरहा, तप्पा–महसिन",उनवल,ग्रामीण,1200,no road / elsewhere,1400,1600,,upto 5 m,18700,21100,19000,base,,,,,,160,119,99,83,140,108,89,73,120,65,54,45,0.040/0.100/0.200 ha,
basgaon,Bansgaon,03-08-2016,515,1503,"सहुआकोल मुस्तकिल, तप्पा–मझवलिया",चिल्लूपार,ग्रामीण,1200,no road / elsewhere,1400,1600,,upto 5 m,18700,21100,19000,base,,,,,,160,119,99,83,140,108,89,73,120,65,54,45,0.040/0.100/0.200 ha,
basgaon,Bansgaon,03-08-2016,516,1504,"सहुआकोल एहतमाली, तप्पा–मझवलिया",चिल्लूपार,ग्रामीण,1200,no road / elsewhere,1400,1600,,upto 5 m,18700,21100,19000,base,,,,,,160,83,71,62,140,73,64,57,120,45,40,34,0.040/0.100/0.200 ha,
basgaon,Bansgaon,03-08-2016,517,1505,"सिसवा उर्फ शिउवा, तप्पा–बभनौली",धुरियापार,ग्रामीण,1200,no road / elsewhere,1400,1600,,upto 5 m,18700,21100,19000,base,,,,,,160,119,99,83,140,108,89,73,120,65,54,45,0.040/0.100/0.200 ha,
basgaon,Bansgaon,03-08-2016,518,1506,"सुअरहा, तप्पा–बभनौली",धुरियापार,ग्रामीण,1200,no road / elsewhere,1400,1600,,upto 5 m,18700,21100,19000,base,,,,,,160,119,99,83,140,108,89,73,120,65,54,45,0.040/0.100/0.200 ha,
basgaon,Bansgaon,03-08-2016,519,1507,"सखरुआ, तप्पा–बभनौली",धुरियापार,ग्रामीण,1200,no road / elsewhere,1400,1600,,upto 5 m,18700,21100,19000,base,,,,,,160,119,99,83,140,108,89,73,120,65,54,45,0.040/0.100/0.200 ha,
basgaon,Bansgaon,03-08-2016,520,1508,"सजीवन, तप्पा–पाली",धुरियापार,ग्रामीण,1200,no road / elsewhere,1400,1600,,upto 5 m,18700,21100,19000,base,,,,,,160,119,99,83,140,108,89,73,120,65,54,45,0.040/0.100/0.200 ha,
basgaon,Bansgaon,03-08-2016,521,1509,"सिंगहा, तप्पा–तीयर",धुरियापार,ग्रामीण,3000,no road / elsewhere,3700,4500,,upto 5 m,22000,26400,23100,base,,,,,,450,140,117,96,370,129,104,86,300,79,63,53,0.040/0.100/0.200 ha,
basgaon,Bansgaon,03-08-2016,522,1510,"सहदोडाड, तप्पा–तीयर",धुरियापार,ग्रामीण,3000,no road / elsewhere,3700,4500,,upto 5 m,22000,26400,23100,base,,,,,,450,140,117,96,370,129,104,86,300,79,63,53,0.040/0.100/0.200 ha,
basgaon,Bansgaon,03-08-2016,523,1511,"सिरसिया, तप्पा–पाली",धुरियापार,ग्रामीण,1200,no road / elsewhere,1400,1600,,upto 5 m,18700,21100,19000,base,,,,,,160,119,99,83,140,108,89,73,120,65,54,45,0.040/0.100/0.200 ha,
basgaon,Bansgaon,03-08-2016,524,1512,"सोहराडीह, तप्पा–तीयर",धुरियापार,ग्रामीण,1200,no road / elsewhere,1400,1600,,upto 5 m,18700,21100,19000,base,,,,,,160,119,99,83,140,108,89,73,120,65,54,45,0.040/0.100/0.200 ha,
basgaon,Bansgaon,03-08-2016,525,1513,"सलारपुर, तप्पा– नर्रे",धुरियापार,ग्रामीण,3000,no road / elsewhere,3700,4500,,upto 5 m,22000,26400,23100,base,,,,,,450,140,117,96,370,129,104,86,300,79,63,53,0.040/0.100/0.200 ha,
basgaon,Bansgaon,03-08-2016,526,1514,"शिवराजपुर, तप्पा– नर्रे",धुरियापार,ग्रामीण,3000,no road / elsewhere,3700,4500,,upto 5 m,22000,26400,23100,base,,,,,,450,151,129,104,370,139,118,93,300,85,69,58,0.040/0.100/0.200 ha,
basgaon,Bansgaon,03-08-2016,527,1515,"सीयर बुजुर्ग, तप्पा– नर्रे",धुरियापार,ग्रामीण,1200,no road / elsewhere,1400,1600,,upto 5 m,22000,26400,23100,base,,,,,,160,132,110,92,140,120,98,82,120,71,59,50,0.040/0.100/0.200 ha,
basgaon,Bansgaon,03-08-2016,528,1516,"सीयर खुर्द, तप्पा– नर्रे",धुरियापार,ग्रामीण,1200,no road / elsewhere,1400,1600,,upto 5 m,22000,26400,23100,base,,,,,,160,132,110,92,140,120,98,82,120,71,59,50,0.040/0.100/0.200 ha,
basgaon,Bansgaon,03-08-2016,529,1517,"ससना, तप्पा– नर्रे",धुरियापार,ग्रामीण,1200,no road / elsewhere,1400,1600,,upto 5 m,18700,21100,19000,base,,,,,,160,119,99,83,140,108,89,73,120,65,54,45,0.040/0.100/0.200 ha,
basgaon,Bansgaon,03-08-2016,530,1518,"सकरी, तप्पा– नर्रे",धुरियापार,ग्रामीण,3000,no road / elsewhere,3700,4500,,upto 5 m,22000,26400,23100,base,,,,,,450,140,117,96,370,129,104,86,300,79,63,53,0.040/0.100/0.200 ha,
basgaon,Bansgaon,03-08-2016,531,1519,"सोनईचा, तप्पा– नर्रे",धुरियापार,ग्रामीण,3000,no road / elsewhere,3700,4500,7000,upto 5 m,22000,26400,23100,base,,,,,,450,151,129,104,370,139,118,93,300,85,69,58,0.040/0.100/0.200 ha,
basgaon,Bansgaon,03-08-2016,532,1520,"सरदहा, तप्पा– नर्रे",धुरियापार,ग्रामीण,1200,no road / elsewhere,1400,1600,,upto 5 m,18700,21100,19000,base,,,,,,160,119,99,83,140,108,89,73,120,65,54,45,0.040/0.100/0.200 ha,
basgaon,Bansgaon,03-08-2016,533,1521,"सिहाईजपार, तप्पा– नर्रे",धुरियापार,ग्रामीण,3000,no road / elsewhere,3700,4500,7000,upto 5 m,22000,26400,23100,base,,,,,,450,151,129,104,370,139,118,93,300,85,69,58,0.040/0.100/0.200 ha,
basgaon,Bansgaon,03-08-2016,534,1522,"सियरी गहना, तप्पा– पचीसी",भौवापार,ग्रामीण,4000,no road / elsewhere,4600,5500,9000,upto 5 m,22000,26400,23100,base,,,,,,550,140,117,96,460,129,100,86,400,79,58,53,0.040/0.100/0.200 ha,
basgaon,Bansgaon,03-08-2016,535,1523,"सोनाई खुर्द एह0, तप्पा–गुरम्ही",भौवापार,ग्रामीण,500,no road / elsewhere,1000,1100,,upto 5 m,18700,21100,19000,base,,,,,,120,92,79,68,100,82,71,64,50,50,44,38,0.040/0.100/0.200 ha,
basgaon,Bansgaon,03-08-2016,536,1524,"सीयर, तप्पा–कुशवासी",भौवापार,ग्रामीण,4000,no road / elsewhere,5500,6600,6875,upto 5 m,28600,31700,28400,base,,687,139,113,92,660,140,117,96,550,129,104,86,400,79,63,53,0.040/0.100/0.200 ha,
basgaon,Bansgaon,03-08-2016,537,1525,"सुअडडा, तप्पा–कुशवासी",भौवापार,ग्रामीण,1200,no road / elsewhere,1400,1600,,upto 5 m,18700,21100,19000,base,,,,,,160,119,99,83,140,108,89,73,120,65,54,45,0.040/0.100/0.200 ha,
basgaon,Bansgaon,03-08-2016,538,1526,"सोकहना, तप्पा–कुशवासी",भौवापार,ग्रामीण,1200,no road / elsewhere,1400,1600,,upto 5 m,18700,21100,19000,base,,,,,,160,119,99,83,140,108,89,73,120,65,54,45,0.040/0.100/0.200 ha,
basgaon,Bansgaon,03-08-2016,539,1527,"सीयर, तप्पा–रामपुर कोठा",भौवापार,ग्रामीण,1200,no road / elsewhere,1400,1600,,upto 5 m,18700,21100,19000,base,,,,,,160,132,110,92,140,120,98,82,120,71,59,50,0.040/0.100/0.200 ha,
basgaon,Bansgaon,03-08-2016,540,1528,"सेनुआपार, तप्पा–गगहा",भौवापार,ग्रामीण,4000,no road / elsewhere,5500,6600,6875,upto 5 m,28600,31700,28400,base,,687,139,113,92,660,140,117,96,550,129,104,86,400,79,63,53,0.040/0.100/0.200 ha,
basgaon,Bansgaon,03-08-2016,541,1529,"सोनाई बुजुग, तप्पा–गुरम्ही",भौवापार,ग्रामीण,500,no road / elsewhere,1000,1100,,upto 5 m,18700,21100,19000,base,,,,,,120,92,79,68,100,82,71,64,50,50,44,38,0.040/0.100/0.200 ha,
basgaon,Bansgaon,03-08-2016,542,1530,"शहरिया, तप्पा–गुरम्ही",भौवापार,ग्रामीण,1200,no road / elsewhere,1400,1600,,upto 5 m,18700,21100,19000,base,,,,,,160,83,71,62,140,73,64,57,120,45,40,34,0.040/0.100/0.200 ha,
basgaon,Bansgaon,03-08-2016,543,1531,"सोहगौरा, तप्पा–गुरम्ही",भौवापार,ग्रामीण,1200,no road / elsewhere,1400,1600,,upto 5 m,18700,21100,19000,base,,,,,,160,83,71,62,140,73,64,57,120,45,40,34,0.040/0.100/0.200 ha,
basgaon,Bansgaon,03-08-2016,544,1532,"सोनवरसा, तप्पा–गुरम्ही",भौवापार,ग्रामीण,1200,no road / elsewhere,1400,1600,,upto 5 m,18700,21100,19000,base,,,,,,160,119,99,83,140,108,89,73,120,65,54,45,0.040/0.100/0.200 ha,
basgaon,Bansgaon,03-08-2016,545,1533,"सुमही, तप्पा–गुरम्ही",भौवापार,ग्रामीण,1200,no road / elsewhere,1400,1600,,upto 5 m,18700,21100,19000,base,,,,,,160,119,99,83,140,108,89,73,120,65,54,45,0.040/0.100/0.200 ha,
basgaon,Bansgaon,03-08-2016,546,1534,"साँड, तप्पा–गुरम्ही",भौवापार,ग्रामीण,1200,no road / elsewhere,1400,1600,,upto 5 m,18700,21100,19000,base,,,,,,160,83,71,62,140,73,64,57,120,45,40,34,0.040/0.100/0.200 ha,
basgaon,Bansgaon,03-08-2016,547,1535,"सेहरुआ, तप्पा–गगहा",भौवापार,ग्रामीण,1200,no road / elsewhere,1400,1600,,upto 5 m,18700,21100,19000,base,,,,,,160,119,99,83,140,108,89,73,120,65,54,45,0.040/0.100/0.200 ha,
basgaon,Bansgaon,03-08-2016,548,1536,"सिसायल, तप्पा–रामपुर कोठा",भौवापार,ग्रामीण,1200,no road / elsewhere,1400,1600,,upto 5 m,18700,21100,19000,base,,,,,,160,119,99,83,140,108,89,73,120,65,54,45,0.040/0.100/0.200 ha,
basgaon,Bansgaon,03-08-2016,549,1537,"सीयर मु0, तप्पा–रामपुर कोठा",भौवापार,ग्रामीण,1200,no road / elsewhere,1400,1600,,upto 5 m,18700,21100,19000,base,,,,,,160,119,99,83,140,108,89,73,120,65,54,45,0.040/0.100/0.200 ha,
basgaon,Bansgaon,03-08-2016,550,1538,"सीयर एह0, तप्पा–रामपुर कोठा",भौवापार,ग्रामीण,1200,no road / elsewhere,1400,1600,,upto 5 m,18700,21100,19000,base,,,,,,160,83,71,62,140,73,64,57,120,45,40,34,0.040/0.100/0.200 ha,
basgaon,Bansgaon,03-08-2016,551,1539,"सेनुआपार, तप्पा–कुशवासी",भौवापार,ग्रामीण,1200,no road / elsewhere,1400,1600,,upto 5 m,18700,21100,19000,base,,,,,,160,119,99,83,140,108,89,73,120,65,54,45,0.040/0.100/0.200 ha,
basgaon,Bansgaon,03-08-2016,552,1540,"हटवार, तप्पा–महसिन",उनवल,ग्रामीण,4000,no road / elsewhere,1400,1600,3200,upto 5 m,18700,21100,19000,base,,,,,,160,151,129,104,140,139,116,93,400,85,69,58,0.040/0.100/0.200 ha,agri: other_a 400 > dist_a 160 and link_a 140; as printed
basgaon,Bansgaon,03-08-2016,553,1541,"हरिजनपुर, तप्पा–बभनौली",धुरियापार,ग्रामीण,1200,no road / elsewhere,1400,1600,,upto 5 m,18700,21100,19000,base,,,,,,160,119,99,83,140,108,89,73,120,65,54,45,0.040/0.100/0.200 ha,
basgaon,Bansgaon,03-08-2016,554,1542,"हरौली, तप्पा–तीयर",धुरियापार,ग्रामीण,1200,no road / elsewhere,1400,1600,,upto 5 m,18700,21100,19000,base,,,,,,160,119,99,83,140,108,89,73,120,65,54,45,0.040/0.100/0.200 ha,
basgaon,Bansgaon,03-08-2016,555,1543,"हरिगना, तप्पा–पाली",धुरियापार,ग्रामीण,1200,no road / elsewhere,1400,1600,,upto 5 m,22000,26400,23100,base,,,,,,160,132,110,92,140,120,98,82,120,71,59,50,0.040/0.100/0.200 ha,
basgaon,Bansgaon,03-08-2016,556,1544,"हरिखोरा, तप्पा– नर्रे",धुरियापार,ग्रामीण,3000,no road / elsewhere,3700,4500,,upto 5 m,22000,26400,23100,base,,,,,,450,140,117,96,370,129,104,86,300,79,63,53,0.040/0.100/0.200 ha,
basgaon,Bansgaon,03-08-2016,557,1545,"हडहाभार, तप्पा– नर्रे",धुरियापार,ग्रामीण,1200,no road / elsewhere,1400,1600,,upto 5 m,18700,21100,19000,base,,,,,,160,119,99,83,140,108,89,73,120,65,54,45,0.040/0.100/0.200 ha,
basgaon,Bansgaon,03-08-2016,558,1546,"हाटा बुजुर्ग, तप्पा–मजुरी",धुरियापार,ग्रामीण,5000,no road / elsewhere,7300,8000,9750,upto 5 m,28600,31700,28400,base,,975,236,149,115,800,242,152,118,730,217,137,106,500,132,83,66,0.040/0.100/0.200 ha,
basgaon,Bansgaon,03-08-2016,559,1547,"हाटा, तप्पा–कुशवासी",भौवापार,ग्रामीण,4000,no road / elsewhere,5500,6600,6875,upto 5 m,28600,31700,28400,base,,687,139,113,92,660,242,152,118,550,129,104,86,400,79,63,53,0.040/0.100/0.200 ha,
basgaon,Bansgaon,03-08-2016,560,1548,"हरदिया, तप्पा–कुशवासी",भौवापार,ग्रामीण,4000,no road / elsewhere,5500,6600,6875,upto 5 m,28600,31700,28400,base,,687,139,113,92,660,140,117,96,550,129,104,86,400,79,63,53,0.040/0.100/0.200 ha,
basgaon,Bansgaon,03-08-2016,561,1549,"हरैया, तप्पा–गुरम्ही",भौवापार,ग्रामीण,1200,no road / elsewhere,1400,1600,,upto 5 m,18700,21100,19000,base,,,,,,160,119,99,83,140,108,89,73,120,65,54,45,0.040/0.100/0.200 ha,
basgaon,Bansgaon,03-08-2016,562,1550,"हरपुर, तप्पा–गुरम्ही",भौवापार,ग्रामीण,1200,no road / elsewhere,1400,1600,,upto 5 m,18700,21100,19000,base,,,,,,160,119,99,83,140,108,89,73,120,65,54,45,0.040/0.100/0.200 ha,
basgaon,Bansgaon,03-08-2016,563,1551,"हटवा, तप्पा–गगहा",भौवापार,ग्रामीण,4000,no road / elsewhere,5000,6000,6200,upto 5 m,22000,26400,23100,base,,620,139,113,92,600,140,117,96,500,129,104,86,400,79,63,53,0.040/0.100/0.200 ha,
basgaon,Bansgaon,03-08-2016,564,1552,"हरीयर सीयर खुर्द, तप्पा–गगहा",भौवापार,ग्रामीण,4000,no road / elsewhere,4600,5500,7000,upto 5 m,22000,26400,23100,base,,750,139,113,92,550,140,117,96,460,129,104,86,400,79,63,53,0.040/0.100/0.200 ha,
basgaon,Bansgaon,03-08-2016,565,1553,"हरियर सीयर खुर्द किता–2, तप्पा–गगहा",भौवापार,ग्रामीण,4000,no road / elsewhere,4600,5500,,upto 5 m,22000,26400,23100,base,,,,,,550,140,117,96,460,129,104,86,400,79,63,53,0.040/0.100/0.200 ha,
basgaon,Bansgaon,03-08-2016,566,1554,"हरियर सीयर किता कला, तप्पा–गगहा",भौवापार,ग्रामीण,4000,no road / elsewhere,5000,6000,6200,upto 5 m,22000,26400,23100,base,,620,139,113,92,600,140,117,96,500,129,104,86,400,79,63,53,0.040/0.100/0.200 ha,
basgaon,Bansgaon,03-08-2016,567,1555,"हरियर सीयर बुजुर्ग, तप्पा–गगहा",भौवापार,ग्रामीण,4000,no road / elsewhere,4600,5500,,upto 5 m,22000,26400,23100,base,,,,,,550,140,117,96,460,129,104,86,400,79,63,53,0.040/0.100/0.200 ha,basic: serial 567 has handwritten overmark
basgaon,Bansgaon,03-08-2016,568,1556,"पिपरा एहतमाली, तप्पा–गुरम्ही",भौवापार,ग्रामीण,1200,no road / elsewhere,1400,1600,,upto 5 m,22000,26400,23100,base,,,,,,160,108,71,62,140,73,64,57,120,45,40,34,0.040/0.100/0.200 ha,agri: dist_b 108 (usually 83 in this group); as printed
basgaon,Bansgaon,03-08-2016,569,1557,"कुसहा, तप्पा– गुरम्ही",भौवापार,ग्रामीण,1200,no road / elsewhere,1400,1600,,upto 5 m,22000,26400,23100,base,,,,,,160,119,99,83,140,108,67,73,120,65,54,45,0.040/0.100/0.200 ha,agri: link_c 67 < link_d 73 (usually 89); as printed
basgaon,Bansgaon,03-08-2016,570,1558,"भरवलिया, तप्पा– गुरम्ही",भौवापार,ग्रामीण,1200,no road / elsewhere,1400,1600,,upto 5 m,18700,21100,19000,base,,,,,,160,119,99,76,140,108,89,73,120,65,54,50,0.040/0.100/0.200 ha,
basgaon,Bansgaon,03-08-2016,571,1559,"चन्दर ए0, तप्पा– गुरम्ही",भौवापार,ग्रामीण,500,no road / elsewhere,1000,1100,,upto 5 m,18700,21100,19000,base,,,,,,80,83,71,61,60,74,64,58,50,65,54,45,0.040/0.100/0.200 ha,comm: category column prints भौवापार (a place name) instead of ग्रामीण/अर्द्धनगरीय | agri: b > a in dist/link/other (a=80/60/50); as printed
basgaon,Bansgaon,03-08-2016,572,1560,"सुरवनिया, तप्पा– महसिन",उनवल,ग्रामीण,1200,no road / elsewhere,1400,1600,,upto 5 m,18700,21100,19000,base,,,,,,160,119,99,83,140,108,67,74,120,65,54,45,0.040/0.100/0.200 ha,basic: vcode last digit hand-corrected on scan (read 1560) | comm: category column prints उनवल (a place name) instead of ग्रामीण/अर्द्धनगरीय | agri: link_c 67 < link_d 74; name clipped at cell edge (likely महसिन); as printed
khajni,Khajni,03-08-2016,1,1001,अकोलही,उनवल,ग्रामीण,1500,upto 2 m,2000,2100,0,2-5 m,20000,24000,19000,base,,,,,,210,153,114,69,200,139,104,62,150,87,66,38,0.040/0.100/0.200 ha,
khajni,Khajni,03-08-2016,2,1002,अतर सिंगरी,उनवल,ग्रामीण,1500,upto 2 m,2000,2100,0,2-5 m,20000,24000,19000,base,,,,,,210,153,114,69,200,139,104,62,150,87,66,38,0.040/0.100/0.200 ha,
khajni,Khajni,03-08-2016,3,1003,अतरौरा,उनवल,ग्रामीण,1500,upto 2 m,2000,2100,0,2-5 m,20000,24000,19000,base,,,,,,210,153,114,69,200,139,104,62,150,87,66,38,0.040/0.100/0.200 ha,
khajni,Khajni,03-08-2016,4,1004,अमरइया,उनवल,ग्रामीण,1500,upto 2 m,2000,2100,0,2-5 m,20000,24000,19000,base,,,,,,210,153,114,69,200,139,104,62,150,87,66,38,0.040/0.100/0.200 ha,
khajni,Khajni,03-08-2016,5,1005,अमवा उर्फ कपारपोखर,उनवल,ग्रामीण,1500,upto 2 m,2000,2100,0,2-5 m,20000,24000,19000,base,,,,,,210,153,114,69,200,139,104,62,150,87,66,38,0.040/0.100/0.200 ha,
khajni,Khajni,03-08-2016,6,1006,अवरारूप,उनवल,ग्रामीण,1500,upto 2 m,2000,2100,0,2-5 m,20000,24000,19000,base,,,,,,210,153,114,69,200,139,104,62,150,87,66,38,0.040/0.100/0.200 ha,
khajni,Khajni,03-08-2016,7,1007,अछिअहवा,उनवल,ग्रामीण,1500,upto 2 m,2000,2100,0,2-5 m,20000,24000,19000,base,,,,,,210,153,114,69,200,139,104,62,150,87,66,38,0.040/0.100/0.200 ha,
khajni,Khajni,03-08-2016,8,1008,अहिरौली,उनवल,ग्रामीण,1500,upto 2 m,2000,2100,0,2-5 m,20000,24000,19000,base,,,,,,210,153,114,69,200,139,104,62,150,87,66,38,0.040/0.100/0.200 ha,
khajni,Khajni,03-08-2016,9,1009,अहमदपुर,उनवल,ग्रामीण,1500,upto 2 m,2000,2100,0,2-5 m,20000,24000,19000,base,,,,,,210,153,114,69,200,139,104,62,150,87,66,38,0.040/0.100/0.200 ha,
khajni,Khajni,03-08-2016,10,1010,आराजी महुआपार,उनवल,ग्रामीण,1500,upto 2 m,2000,2100,0,2-5 m,20000,24000,19000,base,,,,,,210,153,114,69,200,139,104,62,150,87,66,38,0.040/0.100/0.200 ha,
khajni,Khajni,03-08-2016,11,1011,आलापार,उनवल,ग्रामीण,1500,upto 2 m,2000,2100,0,2-5 m,20000,24000,19000,base,,,,,,210,153,114,69,200,139,104,62,150,87,66,38,0.040/0.100/0.200 ha,
khajni,Khajni,03-08-2016,12,1012,आशापार,उनवल,ग्रामीण,2600,upto 2 m,3500,3700,0,2-5 m,20000,24000,19000,base,,,,,,370,169,131,69,350,150,112,62,260,95,73,42,0.040/0.100/0.200 ha,
khajni,Khajni,03-08-2016,13,1013,औजी,उनवल,ग्रामीण,3300,upto 2 m,4600,4900,5000,2-5 m,26000,30000,25000,base,,,,,,490,169,131,69,460,150,112,62,330,95,73,42,0.040/0.100/0.200 ha,
khajni,Khajni,03-08-2016,14,1014,औराई,उनवल,ग्रामीण,1500,upto 2 m,2200,2100,0,2-5 m,20000,24000,19000,base,,,,,,210,153,114,69,200,139,104,62,150,87,66,38,0.040/0.100/0.200 ha,road: r5to9<r2to5 as printed
khajni,Khajni,03-08-2016,15,1015,अजमत,धुरियापार,ग्रामीण,4500,upto 2 m,6000,6200,0,2-5 m,26000,30000,25000,base,,,,,,620,169,131,69,600,150,112,62,450,95,73,42,0.040/0.100/0.200 ha,
khajni,Khajni,03-08-2016,16,1016,अनरूदपुर,धुरियापार,ग्रामीण,1500,upto 2 m,2000,2100,0,2-5 m,20000,24000,19000,base,,,,,,210,153,114,69,200,139,104,62,150,87,66,38,0.040/0.100/0.200 ha,
khajni,Khajni,03-08-2016,17,1017,अभौली,धुरियापार,ग्रामीण,1500,upto 2 m,2000,2300,0,2-5 m,20000,24000,19000,base,,,,,,210,153,114,69,200,139,104,62,150,87,66,38,0.040/0.100/0.200 ha,
khajni,Khajni,03-08-2016,18,1018,अमानाबाद तप्पा–बेलघाट,धुरियापार,ग्रामीण,1500,upto 2 m,2000,2100,0,2-5 m,20000,24000,19000,base,,,,,,210,153,114,69,200,139,104,62,150,87,66,38,0.040/0.100/0.200 ha,
khajni,Khajni,03-08-2016,19,1019,अलावलपुर,धुरियापार,ग्रामीण,1500,upto 2 m,2000,2100,0,2-5 m,20000,24000,19000,base,,,,,,210,153,114,69,200,139,104,62,150,87,66,38,0.040/0.100/0.200 ha,
khajni,Khajni,03-08-2016,20,1020,अलावलपुर तप्पा–नकौड़ी,धुरियापार,ग्रामीण,1500,upto 2 m,2000,2100,0,2-5 m,20000,24000,19000,base,,,,,,210,153,114,69,200,139,104,62,150,87,66,38,0.040/0.100/0.200 ha,
khajni,Khajni,03-08-2016,21,1021,अटिसा,धुरियापार,ग्रामीण,1500,upto 2 m,2000,2100,0,2-5 m,20000,24000,19000,base,,,,,,210,153,114,69,200,139,104,62,150,87,66,38,0.040/0.100/0.200 ha,
khajni,Khajni,03-08-2016,22,1022,अहिरौली खुर्द,धुरियापार,ग्रामीण,3100,upto 2 m,4600,4600,0,2-5 m,26000,30000,25000,base,,,,,,460,169,131,69,430,150,112,62,310,95,73,42,0.040/0.100/0.200 ha,
khajni,Khajni,03-08-2016,23,1023,अहिरौली बुजुर्ग,धुरियापार,ग्रामीण,3100,upto 2 m,4600,4600,0,2-5 m,26000,30000,25000,base,,,,,,460,169,131,69,430,150,112,62,310,95,73,42,0.040/0.100/0.200 ha,
khajni,Khajni,03-08-2016,24,1024,असिलाभार,धुरियापार,ग्रामीण,3100,upto 2 m,4600,4900,0,2-5 m,26000,30000,25000,base,,,,,,490,169,131,69,460,150,112,62,330,95,73,42,0.040/0.100/0.200 ha,
khajni,Khajni,03-08-2016,25,1025,असौजी,धुरियापार,ग्रामीण,3100,upto 2 m,4600,4900,0,2-5 m,26000,30000,25000,base,,,,,,490,169,131,69,460,150,112,62,330,95,73,42,0.040/0.100/0.200 ha,
khajni,Khajni,03-08-2016,26,1026,आराजी हर्रैडाड खुर्द,धुरियापार,ग्रामीण,1500,upto 2 m,2000,2100,0,2-5 m,20000,24000,19000,base,,,,,,210,153,114,69,200,139,104,62,150,87,66,38,0.040/0.100/0.200 ha,
khajni,Khajni,03-08-2016,27,1027,आराजी हर्रैडाड बुजुर्ग,धुरियापार,ग्रामीण,1500,upto 2 m,2000,2100,0,2-5 m,20000,24000,19000,base,,,,,,210,153,114,69,200,139,104,62,150,87,66,38,0.040/0.100/0.200 ha,
khajni,Khajni,03-08-2016,28,1028,ओनापार,धुरियापार,ग्रामीण,3100,upto 2 m,4600,4900,0,2-5 m,26000,30000,25000,base,,,,,,490,169,131,69,460,150,112,62,330,95,73,42,0.040/0.100/0.200 ha,
khajni,Khajni,03-08-2016,29,1029,अलीपकड़ी,हसनपुर मगहर,ग्रामीण,1500,upto 2 m,2200,2100,0,2-5 m,20000,24000,19000,base,,,,,,210,153,114,69,200,139,104,62,150,87,66,38,0.040/0.100/0.200 ha,road: r5to9<r2to5 as printed
khajni,Khajni,03-08-2016,30,1030,इटौरा,उनवल,ग्रामीण,1500,upto 2 m,2000,2100,0,2-5 m,20000,24000,19000,base,,,,,,210,153,114,69,200,139,104,62,150,87,66,38,0.040/0.100/0.200 ha,
khajni,Khajni,03-08-2016,31,1031,इन्नाडीह,उनवल,ग्रामीण,1500,upto 2 m,2000,2100,2100,2-5 m,20000,24000,19000,base,,,,,,210,153,114,69,200,139,104,62,150,87,66,38,0.040/0.100/0.200 ha,road: r9to12 printed 2100 equals r5to9 (other rows have 0)
khajni,Khajni,03-08-2016,32,1032,इसरौली,उनवल,ग्रामीण,4500,upto 2 m,6000,6200,0,2-5 m,26000,30000,25000,base,,,,,,620,169,131,69,600,150,112,62,450,95,73,42,0.040/0.100/0.200 ha,
khajni,Khajni,03-08-2016,33,1033,इन्दुपुर खुर्द,धुरियापार,ग्रामीण,1500,upto 2 m,2000,2100,0,2-5 m,20000,24000,19000,base,,,,,,210,153,114,69,200,139,104,62,150,87,66,38,0.040/0.100/0.200 ha,
khajni,Khajni,03-08-2016,34,1034,इन्दुपुर बुजुर्ग,धुरियापार,ग्रामीण,1500,upto 2 m,2000,2100,0,2-5 m,20000,24000,19000,base,,,,,,210,153,114,69,200,139,104,62,150,87,66,38,0.040/0.100/0.200 ha,
khajni,Khajni,03-08-2016,35,1035,इन्द्रापार खुर्द,धुरियापार,ग्रामीण,3100,upto 2 m,4600,4900,0,2-5 m,26000,30000,25000,base,,,,,,490,169,131,69,460,150,112,62,330,95,73,42,0.040/0.100/0.200 ha,
khajni,Khajni,03-08-2016,36,1036,इन्द्रापार बुजुर्ग,धुरियापार,ग्रामीण,3100,upto 2 m,4600,4900,0,2-5 m,26000,30000,25000,base,,,,,,490,169,131,69,460,150,112,62,330,95,73,42,0.040/0.100/0.200 ha,
khajni,Khajni,03-08-2016,37,1037,इनायतचक,धुरियापार,ग्रामीण,1500,upto 2 m,2000,2100,0,2-5 m,20000,24000,19000,base,,,,,,210,153,114,69,200,139,104,62,150,87,66,38,0.040/0.100/0.200 ha,
khajni,Khajni,03-08-2016,38,1038,इन्नाडीह,धुरियापार,ग्रामीण,4500,upto 2 m,6000,6200,0,2-5 m,26000,30000,25000,base,,,,,,620,169,131,69,600,150,112,62,450,95,73,42,0.040/0.100/0.200 ha,agri: vcode hand-corrected on scan (printed code overwritten; corrected value = 1000+serial)
khajni,Khajni,03-08-2016,39,1039,इमलीडीह,धुरियापार,ग्रामीण,1500,upto 2 m,2000,2100,0,2-5 m,20000,24000,19000,base,,,,,,210,153,114,69,200,139,104,62,150,87,66,38,0.040/0.100/0.200 ha,agri: vcode hand-corrected on scan (printed code overwritten; corrected value = 1000+serial)
khajni,Khajni,03-08-2016,40,1040,इमलीडीह खुर्द,धुरियापार,ग्रामीण,7900,upto 2 m,10500,11000,12000,2-5 m,26000,30000,25000,base,,,,,,1100,200,165,83,1050,179,150,74,790,115,95,48,0.040/0.100/0.200 ha,agri: vcode hand-corrected on scan (printed code overwritten; corrected value = 1000+serial)
khajni,Khajni,03-08-2016,41,1041,इमलीडीह बुजुर्ग,धुरियापार,ग्रामीण,7900,upto 2 m,10500,11000,12000,2-5 m,26000,30000,25000,base,,,,,,1100,200,165,83,1050,179,150,74,790,115,95,48,0.040/0.100/0.200 ha,agri: vcode hand-corrected on scan (printed code overwritten; corrected value = 1000+serial)
khajni,Khajni,03-08-2016,42,1042,उनौला खास,उनवल,ग्रामीण,1500,upto 2 m,2000,2100,0,2-5 m,20000,24000,19000,base,,,,,,210,153,114,69,200,139,104,62,150,87,66,38,0.040/0.100/0.200 ha,agri: vcode hand-corrected on scan (printed code overwritten; corrected value = 1000+serial)
khajni,Khajni,03-08-2016,43,1043,उफरौली,उनवल,ग्रामीण,1500,upto 2 m,2000,2100,0,2-5 m,20000,24000,19000,base,,,,,,210,153,114,69,200,139,104,62,150,87,66,38,0.040/0.100/0.200 ha,agri: vcode hand-corrected on scan (printed code overwritten; corrected value = 1000+serial)
khajni,Khajni,03-08-2016,44,1044,उरूवा,उनवल,ग्रामीण,3100,upto 2 m,4300,4600,0,2-5 m,20000,24000,19000,base,,,,,,460,169,131,69,430,150,112,62,310,95,73,42,0.040/0.100/0.200 ha,agri: vcode hand-corrected on scan (printed code overwritten; corrected value = 1000+serial)
khajni,Khajni,03-08-2016,45,1045,उसरापार,उनवल,ग्रामीण,3100,upto 2 m,4300,4600,0,2-5 m,20000,24000,19000,base,,,,,,460,169,131,69,430,150,112,62,310,95,73,42,0.040/0.100/0.200 ha,agri: vcode hand-corrected on scan (printed code overwritten; corrected value = 1000+serial)
khajni,Khajni,03-08-2016,46,1046,उसवा,उनवल,ग्रामीण,3100,upto 2 m,4300,4600,0,2-5 m,20000,24000,19000,base,,,,,,460,169,131,69,430,150,112,62,310,95,73,42,0.040/0.100/0.200 ha,agri: vcode hand-corrected on scan (printed code overwritten; corrected value = 1000+serial)
khajni,Khajni,03-08-2016,47,1047,उल्था खुर्द,धुरियापार,ग्रामीण,3100,upto 2 m,4300,4600,0,2-5 m,20000,24000,19000,base,,,,,,460,169,131,69,430,150,112,62,310,95,73,42,0.040/0.100/0.200 ha,agri: vcode hand-corrected on scan (printed code overwritten; corrected value = 1000+serial)
khajni,Khajni,03-08-2016,48,1048,उल्था बुजुर्ग,धुरियापार,ग्रामीण,3100,upto 2 m,4300,4600,0,2-5 m,20000,24000,19000,base,,,,,,460,169,131,69,430,150,112,62,310,95,73,42,0.040/0.100/0.200 ha,agri: vcode hand-corrected on scan (printed code overwritten; corrected value = 1000+serial)
khajni,Khajni,03-08-2016,49,1049,उसड़ी उर्फ रघुनाथपुर,धुरियापार,ग्रामीण,1500,upto 2 m,2000,2100,0,2-5 m,20000,24000,19000,base,,,,,,210,153,114,69,200,139,104,62,150,87,66,38,0.040/0.100/0.200 ha,agri: vcode hand-corrected on scan (printed code overwritten; corrected value = 1000+serial)
khajni,Khajni,03-08-2016,50,1050,उसरैन,धुरियापार,ग्रामीण,6300,upto 2 m,8600,9200,12000,2-5 m,26000,30000,25000,base,,,,,,9200,169,131,69,860,150,112,62,630,95,73,42,0.040/0.100/0.200 ha,agri: vcode hand-corrected on scan (printed code overwritten; corrected value = 1000+serial); dist_a printed 9200 (out of pattern vs 860 link_a; possibly 920) - check
khajni,Khajni,03-08-2016,51,1051,उसरीखास,धुरियापार,ग्रामीण,1500,upto 2 m,2000,2100,0,2-5 m,20000,24000,19000,base,,,,,,210,153,114,69,200,139,104,62,150,87,66,38,0.040/0.100/0.200 ha,agri: vcode hand-corrected on scan (printed code overwritten; corrected value = 1000+serial)
khajni,Khajni,03-08-2016,52,1052,एकमा,उनवल,ग्रामीण,3100,upto 2 m,4300,4600,0,2-5 m,20000,24000,19000,base,,,,,,460,169,131,69,430,150,112,62,310,95,73,42,0.040/0.100/0.200 ha,agri: vcode hand-corrected on scan (printed code overwritten; corrected value = 1000+serial)
khajni,Khajni,03-08-2016,53,1053,एकडंगा,धुरियापार,ग्रामीण,1500,upto 2 m,2000,2100,0,2-5 m,20000,24000,19000,base,,,,,,210,153,114,69,200,139,104,62,150,87,66,38,0.040/0.100/0.200 ha,agri: vcode hand-corrected on scan (printed code overwritten; corrected value = 1000+serial)
khajni,Khajni,03-08-2016,54,1054,एकौना खुर्द,धुरियापार,ग्रामीण,2600,upto 2 m,3500,3700,0,2-5 m,26000,30000,25000,base,,,,,,370,169,131,69,350,150,112,62,260,95,73,42,0.040/0.100/0.200 ha,agri: vcode hand-corrected on scan (printed code overwritten; corrected value = 1000+serial)
khajni,Khajni,03-08-2016,55,1055,एकौना बुजुर्ग,धुरियापार,ग्रामीण,2600,upto 2 m,3500,3700,0,2-5 m,20000,24000,19000,base,,,,,,370,169,131,69,350,150,112,62,260,95,73,42,0.040/0.100/0.200 ha,agri: vcode hand-corrected on scan (printed code overwritten; corrected value = 1000+serial)
khajni,Khajni,03-08-2016,56,1056,ऐनवा,हसनपुर मगहर,ग्रामीण,1500,upto 2 m,2000,2100,0,2-5 m,26000,30000,25000,base,,,,,,210,153,114,69,200,139,104,62,150,87,66,38,0.040/0.100/0.200 ha,basic: rate 1500 is handwritten in the cell (replaces print) | agri: vcode hand-corrected on scan (printed code overwritten; corrected value = 1000+serial)
khajni,Khajni,03-08-2016,57,1057,कुवरपार,उनवल,ग्रामीण,1500,upto 2 m,2000,2100,0,2-5 m,20000,24000,19000,base,,,,,,210,153,114,69,200,139,104,62,150,87,66,38,0.040/0.100/0.200 ha,agri: vcode hand-corrected on scan (printed code overwritten; corrected value = 1000+serial)
khajni,Khajni,03-08-2016,58,1058,कुआ बुजुर्ग,उनवल,ग्रामीण,2600,upto 2 m,3500,3700,0,2-5 m,20000,24000,19000,base,,,,,,370,169,131,69,350,150,112,62,260,95,73,42,0.040/0.100/0.200 ha,agri: vcode hand-corrected on scan (printed code overwritten; corrected value = 1000+serial)
khajni,Khajni,03-08-2016,59,1059,कुई कोल,उनवल,ग्रामीण,1500,upto 2 m,2000,2100,0,2-5 m,20000,24000,19000,base,,,,,,210,153,114,69,200,139,104,62,150,87,66,38,0.040/0.100/0.200 ha,agri: vcode hand-corrected on scan (printed code overwritten; corrected value = 1000+serial)
khajni,Khajni,03-08-2016,60,1060,कुड़वा,उनवल,ग्रामीण,1500,upto 2 m,2000,2100,0,2-5 m,20000,24000,19000,base,,,,,,210,153,114,69,200,139,104,62,150,87,66,38,0.040/0.100/0.200 ha,agri: vcode hand-corrected on scan (printed code overwritten; corrected value = 1000+serial)
khajni,Khajni,03-08-2016,61,1061,कुडा बुजुर्ग,उनवल,ग्रामीण,1500,upto 2 m,2000,2100,0,2-5 m,20000,24000,19000,base,,,,,,210,153,114,69,200,139,104,62,150,87,66,38,0.040/0.100/0.200 ha,agri: vcode hand-corrected on scan (printed code overwritten; corrected value = 1000+serial)
khajni,Khajni,03-08-2016,62,1062,कुड़ाभरत,उनवल,ग्रामीण,1500,upto 2 m,2000,2100,0,2-5 m,20000,24000,19000,base,,,,,,210,153,114,69,200,139,104,62,150,87,66,38,0.040/0.100/0.200 ha,agri: vcode hand-corrected on scan (printed code overwritten; corrected value = 1000+serial)
khajni,Khajni,03-08-2016,63,1063,कुआ खुर्द,उनवल,ग्रामीण,2600,upto 2 m,3500,3700,0,2-5 m,20000,24000,19000,base,,,,,,370,169,131,69,350,150,112,62,260,95,73,42,0.040/0.100/0.200 ha,agri: vcode hand-corrected on scan (printed code overwritten; corrected value = 1000+serial)
khajni,Khajni,03-08-2016,64,1064,केवटली,उनवल,ग्रामीण,2600,upto 2 m,4300,4600,0,2-5 m,20000,24000,19000,base,,,,,,460,169,131,69,430,150,112,62,310,95,73,42,0.040/0.100/0.200 ha,agri: vcode hand-corrected on scan (printed code overwritten; corrected value = 1000+serial)
khajni,Khajni,03-08-2016,65,1065,कैथवलिया शुक्ल,उनवल,ग्रामीण,2600,upto 2 m,3500,3700,0,2-5 m,20000,24000,19000,base,,,,,,370,169,131,69,350,150,112,62,260,95,73,42,0.040/0.100/0.200 ha,agri: vcode hand-corrected on scan (printed code overwritten; corrected value = 1000+serial)
khajni,Khajni,03-08-2016,66,1066,कैथवलिया हरख सिंह,उनवल,ग्रामीण,2600,upto 2 m,3800,3700,0,2-5 m,20000,24000,19000,base,,,,,,370,169,131,69,350,150,112,62,260,95,73,42,0.040/0.100/0.200 ha,road: r5to9<r2to5 as printed | agri: vcode hand-corrected on scan (printed code overwritten; corrected value = 1000+serial)
khajni,Khajni,03-08-2016,67,1067,कैराडीह,उनवल,ग्रामीण,1400,upto 2 m,2000,2100,0,2-5 m,20000,24000,19000,base,,,,,,210,153,114,69,200,139,104,62,150,87,66,38,0.040/0.100/0.200 ha,basic: printed 1400 (below the usual 1500 minimum) - verified at zoom | agri: vcode hand-corrected on scan (printed code overwritten; corrected value = 1000+serial)
khajni,Khajni,03-08-2016,68,1068,कटघर,उनवल,ग्रामीण,7900,upto 2 m,10500,11000,12000,2-5 m,20000,30000,25000,base,,,,,,1100,200,165,83,1050,179,150,74,790,115,95,48,0.040/0.100/0.200 ha,comm: shop_single_land 20000 lower than usual pattern with 30000/25000; as printed | agri: vcode hand-corrected on scan (printed code overwritten; corrected value = 1000+serial)
khajni,Khajni,03-08-2016,69,1069,कटया तप्पा–बनकटा,उनवल,ग्रामीण,1500,upto 2 m,2000,2100,0,2-5 m,20000,24000,19000,base,,,,,,210,153,114,69,200,139,104,62,150,87,66,38,0.040/0.100/0.200 ha,agri: vcode hand-corrected on scan (printed code overwritten; corrected value = 1000+serial)
khajni,Khajni,03-08-2016,70,1070,कटया तप्पा–हवेली,उनवल,ग्रामीण,3100,upto 2 m,4300,4600,0,2-5 m,20000,24000,19000,base,,,,,,460,169,131,69,430,150,112,62,310,95,73,42,0.040/0.100/0.200 ha,agri: vcode hand-corrected on scan (printed code overwritten; corrected value = 1000+serial)
khajni,Khajni,03-08-2016,71,1071,कटवर,उनवल,ग्रामीण,1500,upto 2 m,4600,4900,5000,2-5 m,24000,30000,25000,base,,,,,,490,169,131,69,460,150,112,62,330,95,73,42,0.040/0.100/0.200 ha,basic: printed 1500; handwritten '3300' with tick in right margin next to this row | comm: shop_single_land 24000 unusual (pattern 26000/30000/25000); as printed | agri: vcode hand-corrected on scan (printed code overwritten; corrected value = 1000+serial)
khajni,Khajni,03-08-2016,72,1072,कठैचा विन्दन,उनवल,ग्रामीण,1500,upto 2 m,4600,5400,5600,2-5 m,20000,24000,19000,base,,,,,,490,169,131,69,460,150,112,62,330,95,73,42,0.040/0.100/0.200 ha,road: r9to12 digit overwritten in scan (read 5600) | agri: vcode hand-corrected on scan (printed code overwritten; corrected value = 1000+serial)
khajni,Khajni,03-08-2016,73,1073,कठैची,उनवल,ग्रामीण,1500,upto 2 m,2300,2100,0,2-5 m,20000,24000,19000,base,,,,,,210,153,114,69,200,139,104,62,150,87,66,38,0.040/0.100/0.200 ha,road: r5to9<r2to5 as printed | agri: vcode hand-corrected on scan (printed code overwritten; corrected value = 1000+serial)
khajni,Khajni,03-08-2016,74,1074,कठौता,उनवल,ग्रामीण,1500,upto 2 m,2300,2100,0,2-5 m,20000,24000,19000,base,,,,,,210,153,114,69,200,139,104,62,150,87,66,38,0.040/0.100/0.200 ha,road: r5to9<r2to5 as printed | agri: vcode hand-corrected on scan (printed code overwritten; corrected value = 1000+serial)
khajni,Khajni,03-08-2016,75,1075,कन्हौली,उनवल,ग्रामीण,3300,upto 2 m,4600,4900,0,2-5 m,20000,24000,19000,base,,,,,,490,169,131,69,460,150,112,62,330,95,73,42,0.040/0.100/0.200 ha,agri: vcode hand-corrected on scan (printed code overwritten; corrected value = 1000+serial)
khajni,Khajni,03-08-2016,76,1076,करैला बारी,उनवल,ग्रामीण,1500,upto 2 m,2300,2100,0,2-5 m,20000,24000,19000,base,,,,,,210,153,114,69,200,139,104,62,150,87,66,38,0.040/0.100/0.200 ha,road: r5to9<r2to5 as printed | agri: vcode hand-corrected on scan (printed code overwritten; corrected value = 1000+serial)
khajni,Khajni,03-08-2016,77,1077,करनपुरा,उनवल,ग्रामीण,1500,upto 2 m,2300,2100,0,2-5 m,20000,24000,19000,base,,,,,,210,153,114,69,200,139,104,62,150,87,66,38,0.040/0.100/0.200 ha,road: r5to9<r2to5 as printed | agri: vcode hand-corrected on scan (printed code overwritten; corrected value = 1000+serial)
khajni,Khajni,03-08-2016,78,1078,करमदेवा खुर्द,उनवल,ग्रामीण,3100,upto 2 m,4300,4600,0,2-5 m,20000,24000,19000,base,,,,,,460,169,131,69,430,150,112,62,310,95,73,42,0.040/0.100/0.200 ha,agri: vcode hand-corrected on scan (printed code overwritten; corrected value = 1000+serial)
khajni,Khajni,03-08-2016,79,1079,करमदेवा बुजुर्ग,उनवल,ग्रामीण,3100,upto 2 m,4300,4600,0,2-5 m,20000,24000,19000,base,,,,,,460,169,131,69,430,150,112,62,310,95,73,42,0.040/0.100/0.200 ha,agri: vcode hand-corrected on scan (printed code overwritten; corrected value = 1000+serial)
khajni,Khajni,03-08-2016,80,1080,करमाखोर,उनवल,ग्रामीण,4400,upto 2 m,6000,6200,0,2-5 m,20000,24000,19000,base,,,,,,620,169,131,69,600,150,112,62,450,95,73,42,0.040/0.100/0.200 ha,agri: vcode hand-corrected on scan (printed code overwritten; corrected value = 1000+serial)
khajni,Khajni,03-08-2016,81,1081,कलवारी माफी,उनवल,ग्रामीण,1400,upto 2 m,2000,2100,0,2-5 m,20000,24000,19000,base,,,,,,210,153,114,69,200,139,104,62,150,87,66,38,0.040/0.100/0.200 ha,basic: printed 1400 (below the usual 1500 minimum) | agri: vcode hand-corrected on scan (printed code overwritten; corrected value = 1000+serial)
khajni,Khajni,03-08-2016,82,1082,कसिहरा,उनवल,ग्रामीण,3100,upto 2 m,4300,4600,0,2-5 m,20000,24000,19000,base,,,,,,460,169,131,69,430,150,112,62,310,95,73,42,0.040/0.100/0.200 ha,agri: vcode hand-corrected on scan (printed code overwritten; corrected value = 1000+serial)
khajni,Khajni,03-08-2016,83,1083,कसबा संग्रामपुर,उनवल,ग्रामीण,6300,upto 2 m,8600,10000,10200,2-5 m,26000,24000,25000,base,,,,,,9200,169,131,69,860,150,112,62,630,95,73,42,0.040/0.100/0.200 ha,road: r9to12 second digit overwritten in scan (read 10200) | comm: shop_multi 24000 unusual (pattern 26000/30000/25000); as printed | agri: vcode hand-corrected on scan (printed code overwritten; corrected value = 1000+serial); dist_a printed 9200 (out of pattern vs 860 link_a; possibly 920) - check
khajni,Khajni,03-08-2016,84,1084,कासिमपुर जिगनी,उनवल,ग्रामीण,1500,upto 2 m,2000,2100,0,2-5 m,20000,24000,19000,base,,,,,,210,153,114,69,200,139,104,62,150,87,66,38,0.040/0.100/0.200 ha,agri: vcode hand-corrected on scan (printed code overwritten; corrected value = 1000+serial)
khajni,Khajni,03-08-2016,85,1085,कोठा,उनवल,ग्रामीण,1500,upto 2 m,2000,2100,0,2-5 m,20000,24000,19000,base,,,,,,210,153,114,69,200,139,104,62,150,87,66,38,0.040/0.100/0.200 ha,agri: vcode hand-corrected on scan (printed code overwritten; corrected value = 1000+serial)
khajni,Khajni,03-08-2016,86,1086,कोल,उनवल,ग्रामीण,1500,upto 2 m,2000,2100,0,2-5 m,20000,24000,19000,base,,,,,,210,153,114,69,200,139,104,62,150,87,66,38,0.040/0.100/0.200 ha,agri: vcode hand-corrected on scan (printed code overwritten; corrected value = 1000+serial)
khajni,Khajni,03-08-2016,87,1087,कोढ़ियाडाड़,उनवल,ग्रामीण,1500,upto 2 m,2000,2100,0,2-5 m,20000,24000,19000,base,,,,,,210,153,114,69,200,139,104,62,150,87,66,38,0.040/0.100/0.200 ha,agri: vcode hand-corrected on scan (printed code overwritten; corrected value = 1000+serial)
khajni,Khajni,03-08-2016,88,1088,कोहटा घुरहू,उनवल,ग्रामीण,3100,upto 2 m,4600,4600,0,2-5 m,20000,24000,19000,base,,,,,,460,169,131,69,430,150,112,62,310,95,73,42,0.040/0.100/0.200 ha,agri: vcode hand-corrected on scan (printed code overwritten; corrected value = 1000+serial)
khajni,Khajni,03-08-2016,89,1089,कोहटा रूप,उनवल,ग्रामीण,3100,upto 2 m,4600,4600,0,2-5 m,20000,24000,19000,base,,,,,,460,169,131,69,430,150,112,62,310,87,66,42,0.040/0.100/0.200 ha,agri: vcode hand-corrected on scan (printed code overwritten; corrected value = 1000+serial); unusual combination of values as printed
khajni,Khajni,03-08-2016,90,1090,किठिउरी,उनवल,ग्रामीण,1500,upto 2 m,2000,2100,0,2-5 m,20000,24000,19000,base,,,,,,210,153,114,69,200,139,104,62,150,87,66,38,0.040/0.100/0.200 ha,agri: vcode hand-corrected on scan (printed code overwritten; corrected value = 1000+serial)
khajni,Khajni,03-08-2016,91,1091,कुआं तप्पा–बेलघाट,धुरियापार,ग्रामीण,1500,upto 2 m,2000,2100,0,2-5 m,20000,24000,19000,base,,,,,,210,153,114,69,200,139,104,62,150,87,66,38,0.040/0.100/0.200 ha,agri: vcode hand-corrected on scan (printed code overwritten; corrected value = 1000+serial)
khajni,Khajni,03-08-2016,92,1092,कुई खुर्द,धुरियापार,ग्रामीण,6300,upto 2 m,8600,10000,10200,2-5 m,26000,30000,25000,base,,,,,,9200,169,131,69,860,150,112,62,630,95,73,42,0.040/0.100/0.200 ha,road: r9to12 second digit overwritten in scan (read 10200) | agri: vcode hand-corrected on scan (printed code overwritten; corrected value = 1000+serial); dist_a printed 9200 (out of pattern vs 860 link_a; possibly 920) - check
khajni,Khajni,03-08-2016,93,1093,कुई बुजुर्ग,धुरियापार,ग्रामीण,6300,upto 2 m,8600,10000,10200,2-5 m,26000,30000,25000,base,,,,,,9200,169,131,69,860,150,112,62,630,95,73,42,0.040/0.100/0.200 ha,road: r9to12 second digit overwritten in scan (read 10200) | agri: vcode hand-corrected on scan (printed code overwritten; corrected value = 1000+serial); dist_a printed 9200 (out of pattern vs 860 link_a; possibly 920) - check
khajni,Khajni,03-08-2016,94,1094,कुड़हा,धुरियापार,ग्रामीण,1500,upto 2 m,2000,2100,0,2-5 m,20000,24000,19000,base,,,,,,210,153,114,69,200,139,104,62,150,87,66,38,0.040/0.100/0.200 ha,agri: vcode hand-corrected on scan (printed code overwritten; corrected value = 1000+serial)
khajni,Khajni,03-08-2016,95,1095,कुरहरी,धुरियापार,ग्रामीण,1500,upto 2 m,2000,2100,0,2-5 m,20000,24000,19000,base,,,,,,210,153,114,69,200,139,104,62,150,87,66,38,0.040/0.100/0.200 ha,agri: vcode hand-corrected on scan (printed code overwritten; corrected value = 1000+serial)
khajni,Khajni,03-08-2016,96,1096,कुरी बाजार,धुरियापार,ग्रामीण,6300,upto 2 m,9500,10000,0,2-5 m,26000,30000,25000,base,,,,,,9200,169,131,69,860,150,112,62,630,95,73,42,0.040/0.100/0.200 ha,agri: vcode hand-corrected on scan (printed code overwritten; corrected value = 1000+serial); dist_a printed 9200 (out of pattern vs 860 link_a; possibly 920) - check
khajni,Khajni,03-08-2016,97,1097,कुसमौली,धुरियापार,ग्रामीण,1500,upto 2 m,2000,2100,0,2-5 m,20000,24000,19000,base,,,,,,210,153,114,69,200,139,104,62,150,87,66,38,0.040/0.100/0.200 ha,agri: vcode hand-corrected on scan (printed code overwritten; corrected value = 1000+serial)
khajni,Khajni,03-08-2016,98,1098,केराडीह,धुरियापार,ग्रामीण,1500,upto 2 m,2000,2100,0,2-5 m,20000,24000,19000,base,,,,,,210,153,114,69,200,139,104,62,150,28,24,19,0.040/0.100/0.200 ha,agri: vcode hand-corrected on scan (printed code overwritten; corrected value = 1000+serial)
khajni,Khajni,03-08-2016,99,1099,केवलाचक,धुरियापार,ग्रामीण,1500,upto 2 m,2000,2100,0,2-5 m,20000,24000,19000,base,,,,,,210,153,114,69,200,139,104,62,150,87,66,38,0.040/0.100/0.200 ha,agri: vcode hand-corrected on scan (printed code overwritten; corrected value = 1000+serial)
khajni,Khajni,03-08-2016,100,1100,केशोपुर,धुरियापार,ग्रामीण,1500,upto 2 m,2000,2100,0,2-5 m,20000,24000,19000,base,,,,,,210,153,114,69,200,139,104,62,150,87,66,38,0.040/0.100/0.200 ha,agri: vcode hand-corrected on scan (printed code overwritten; corrected value = 1000+serial)
khajni,Khajni,03-08-2016,101,1101,कैथी बुजुर्ग,धुरियापार,ग्रामीण,1500,upto 2 m,2000,2100,0,2-5 m,20000,24000,19000,base,,,,,,210,153,114,69,200,139,104,62,150,87,66,38,0.040/0.100/0.200 ha,agri: vcode hand-corrected on scan (printed code overwritten; corrected value = 1000+serial)
khajni,Khajni,03-08-2016,102,1102,कटका,धुरियापार,ग्रामीण,3100,upto 2 m,4300,4600,0,2-5 m,20000,24000,19000,base,,,,,,460,169,131,69,430,150,112,62,310,95,73,42,0.040/0.100/0.200 ha,agri: vcode hand-corrected on scan (printed code overwritten; corrected value = 1000+serial)
khajni,Khajni,03-08-2016,103,1103,कटघरा,धुरियापार,ग्रामीण,1500,upto 2 m,2000,2100,0,2-5 m,20000,24000,19000,base,,,,,,210,153,114,69,200,139,104,62,150,87,66,38,0.040/0.100/0.200 ha,agri: vcode hand-corrected on scan (printed code overwritten; corrected value = 1000+serial)
khajni,Khajni,03-08-2016,104,1104,कटया एहतमाली,धुरियापार,ग्रामीण,1500,upto 2 m,2000,2100,0,2-5 m,20000,24000,19000,base,,,,,,210,153,114,69,200,139,104,62,150,28,24,19,0.040/0.100/0.200 ha,agri: vcode hand-corrected on scan (printed code overwritten; corrected value = 1000+serial)
khajni,Khajni,03-08-2016,105,1105,कटया मुस्तकिल,धुरियापार,ग्रामीण,3100,upto 2 m,4300,4600,0,2-5 m,20000,24000,19000,base,,,,,,460,169,131,69,430,150,112,62,310,95,73,42,0.040/0.100/0.200 ha,agri: vcode hand-corrected on scan (printed code overwritten; corrected value = 1000+serial)
khajni,Khajni,03-08-2016,106,1106,कटहा बाबू,धुरियापार,ग्रामीण,1500,upto 2 m,2000,2100,0,2-5 m,20000,24000,19000,base,,,,,,210,153,114,69,200,139,104,62,150,87,66,38,0.040/0.100/0.200 ha,agri: vcode hand-corrected on scan (printed code overwritten; corrected value = 1000+serial)
khajni,Khajni,03-08-2016,107,1107,करमेहटा,धुरियापार,ग्रामीण,3100,upto 2 m,4300,4600,0,2-5 m,20000,24000,19000,base,,,,,,460,169,131,69,430,150,112,62,310,95,73,42,0.040/0.100/0.200 ha,agri: vcode hand-corrected on scan (printed code overwritten; corrected value = 1000+serial)
khajni,Khajni,03-08-2016,108,1108,कविलासपुर,धुरियापार,ग्रामीण,1500,upto 2 m,2000,2100,0,2-5 m,20000,24000,19000,base,,,,,,210,153,114,69,200,139,104,62,150,87,66,38,0.040/0.100/0.200 ha,agri: vcode hand-corrected on scan (printed code overwritten; corrected value = 1000+serial)
khajni,Khajni,03-08-2016,109,1109,कास्त त्रिफला,धुरियापार,ग्रामीण,1500,upto 2 m,2000,2100,0,2-5 m,20000,24000,19000,base,,,,,,210,153,114,69,200,139,104,62,150,87,66,38,0.040/0.100/0.200 ha,agri: vcode hand-corrected on scan (printed code overwritten; corrected value = 1000+serial)
khajni,Khajni,03-08-2016,110,1110,कास्त सुखदेव,धुरियापार,ग्रामीण,1500,upto 2 m,2000,2100,0,2-5 m,20000,24000,19000,base,,,,,,210,153,114,69,200,139,104,62,150,87,66,38,0.040/0.100/0.200 ha,agri: vcode hand-corrected on scan (printed code overwritten; corrected value = 1000+serial)
khajni,Khajni,03-08-2016,111,1111,कास्तदेउर,धुरियापार,ग्रामीण,1500,upto 2 m,2000,2100,0,2-5 m,20000,24000,19000,base,,,,,,210,153,114,69,200,139,104,62,150,87,66,38,0.040/0.100/0.200 ha,agri: vcode hand-corrected on scan (printed code overwritten; corrected value = 1000+serial)
khajni,Khajni,03-08-2016,112,1112,कास्तनेवरा,धुरियापार,ग्रामीण,1500,upto 2 m,2000,2100,0,2-5 m,20000,24000,19000,base,,,,,,210,153,114,69,200,139,104,62,150,87,66,38,0.040/0.100/0.200 ha,agri: vcode hand-corrected on scan (printed code overwritten; corrected value = 1000+serial)
khajni,Khajni,03-08-2016,113,1113,कास्तभोज जोखन,धुरियापार,ग्रामीण,1500,upto 2 m,2000,2100,0,2-5 m,20000,24000,19000,base,,,,,,210,153,114,69,200,139,104,62,150,87,66,38,0.040/0.100/0.200 ha,agri: vcode hand-corrected on scan (printed code overwritten; corrected value = 1000+serial)
khajni,Khajni,03-08-2016,114,1114,कास्तमितई तिवारी,धुरियापार,ग्रामीण,1400,upto 2 m,2000,2100,0,2-5 m,20000,24000,19000,base,,,,,,210,153,114,69,200,139,104,62,150,95,73,38,0.040/0.100/0.200 ha,basic: printed 1400 (below the usual 1500 minimum) | agri: vcode hand-corrected on scan (printed code overwritten; corrected value = 1000+serial); unusual combination of values as printed
khajni,Khajni,03-08-2016,115,1115,कोटवा,धुरियापार,ग्रामीण,1500,upto 2 m,3500,3700,0,2-5 m,20000,24000,19000,base,,,,,,370,169,131,69,350,150,112,62,260,95,73,42,0.040/0.100/0.200 ha,agri: vcode hand-corrected on scan (printed code overwritten; corrected value = 1000+serial)
khajni,Khajni,03-08-2016,116,1116,कोनी खुर्द,धुरियापार,ग्रामीण,3300,upto 2 m,4600,4900,0,2-5 m,20000,24000,19000,base,,,,,,490,169,131,69,460,150,112,62,330,95,73,42,0.040/0.100/0.200 ha,agri: vcode hand-corrected on scan (printed code overwritten; corrected value = 1000+serial)
khajni,Khajni,03-08-2016,117,1117,कोनी बुजुर्ग,धुरियापार,ग्रामीण,3100,upto 2 m,4600,4900,0,2-5 m,20000,24000,19000,base,,,,,,490,169,131,69,460,150,112,62,330,95,73,42,0.040/0.100/0.200 ha,agri: vcode hand-corrected on scan (printed code overwritten; corrected value = 1000+serial)
khajni,Khajni,03-08-2016,118,1118,कोटिया उर्फ गिरधरपुर,धुरियापार,ग्रामीण,1500,upto 2 m,2000,2100,0,2-5 m,20000,24000,19000,base,,,,,,210,153,114,69,200,139,104,62,150,87,66,38,0.040/0.100/0.200 ha,agri: vcode hand-corrected on scan (printed code overwritten; corrected value = 1000+serial)
khajni,Khajni,03-08-2016,119,1119,कोटिया विशुनी,धुरियापार,ग्रामीण,1500,upto 2 m,2000,2100,0,2-5 m,20000,24000,19000,base,,,,,,210,153,114,69,200,139,104,62,150,87,66,38,0.040/0.100/0.200 ha,agri: vcode hand-corrected on scan (printed code overwritten; corrected value = 1000+serial)
khajni,Khajni,03-08-2016,120,1120,कोटिया कोलाहल,धुरियापार,ग्रामीण,1500,upto 2 m,2000,2100,0,2-5 m,20000,24000,19000,base,,,,,,210,153,114,69,200,139,104,62,150,87,66,38,0.040/0.100/0.200 ha,agri: vcode hand-corrected on scan (printed code overwritten; corrected value = 1000+serial)
khajni,Khajni,03-08-2016,121,1121,कोटिया पटटी,धुरियापार,ग्रामीण,1500,upto 2 m,2000,2100,0,2-5 m,20000,24000,19000,base,,,,,,210,153,114,69,200,139,104,62,150,87,66,38,0.040/0.100/0.200 ha,agri: vcode hand-corrected on scan (printed code overwritten; corrected value = 1000+serial)
khajni,Khajni,03-08-2016,122,1122,किन्नूभार,धुरियापार,ग्रामीण,1500,upto 2 m,2000,2100,0,2-5 m,20000,24000,19000,base,,,,,,210,153,114,69,200,139,104,62,150,87,66,38,0.040/0.100/0.200 ha,agri: vcode hand-corrected on scan (printed code overwritten; corrected value = 1000+serial)
khajni,Khajni,03-08-2016,123,1123,खड़ौहा,उनवल,ग्रामीण,1500,upto 2 m,2000,2100,0,2-5 m,20000,24000,19000,base,,,,,,210,153,114,69,200,139,104,62,150,87,66,38,0.040/0.100/0.200 ha,agri: vcode hand-corrected on scan (printed code overwritten; corrected value = 1000+serial)
khajni,Khajni,03-08-2016,124,1124,खड़हादेउर,उनवल,ग्रामीण,1500,upto 2 m,2000,2100,0,2-5 m,20000,24000,19000,base,,,,,,210,153,114,69,200,139,104,62,150,87,66,38,0.040/0.100/0.200 ha,agri: vcode hand-corrected on scan (printed code overwritten; corrected value = 1000+serial)
khajni,Khajni,03-08-2016,125,1125,खरकोन,उनवल,ग्रामीण,1500,upto 2 m,2000,2100,0,2-5 m,20000,24000,19000,base,,,,,,210,153,114,69,200,139,104,62,150,87,66,38,0.040/0.100/0.200 ha,agri: vcode hand-corrected on scan (printed code overwritten; corrected value = 1000+serial)
khajni,Khajni,03-08-2016,126,1126,खरफर,उनवल,ग्रामीण,1500,upto 2 m,2000,2100,0,2-5 m,20000,24000,19000,base,,,,,,210,153,114,69,200,139,104,62,150,87,66,38,0.040/0.100/0.200 ha,agri: vcode hand-corrected on scan (printed code overwritten; corrected value = 1000+serial)
khajni,Khajni,03-08-2016,127,1127,खरहरी तप्पा–महसीन,उनवल,ग्रामीण,1500,upto 2 m,2000,2100,0,2-5 m,20000,24000,19000,base,,,,,,210,153,114,69,200,139,104,62,150,87,66,38,0.040/0.100/0.200 ha,agri: vcode hand-corrected on scan (printed code overwritten; corrected value = 1000+serial)
khajni,Khajni,03-08-2016,128,1128,खरहरी तप्पा–हवेली,उनवल,ग्रामीण,1500,upto 2 m,2000,2100,0,2-5 m,20000,24000,19000,base,,,,,,210,153,114,69,200,139,104,62,150,87,66,38,0.040/0.100/0.200 ha,agri: vcode hand-corrected on scan (printed code overwritten; corrected value = 1000+serial)
khajni,Khajni,03-08-2016,129,1129,खुटभार,उनवल,ग्रामीण,7900,upto 2 m,10500,11000,12000,2-5 m,26000,30000,25000,base,,,,,,1100,200,165,83,1050,179,150,74,790,115,95,48,0.040/0.100/0.200 ha,agri: vcode hand-corrected on scan (printed code overwritten; corrected value = 1000+serial)
khajni,Khajni,03-08-2016,130,1130,खुटहना,उनवल,ग्रामीण,3300,upto 2 m,4600,4900,0,2-5 m,20000,24000,19000,base,,,,,,490,169,131,69,460,150,112,62,330,95,73,42,0.040/0.100/0.200 ha,agri: vcode hand-corrected on scan (printed code overwritten; corrected value = 1000+serial)
khajni,Khajni,03-08-2016,131,1131,खैराटी,उनवल,ग्रामीण,1500,upto 2 m,2000,2100,0,2-5 m,20000,24000,19000,base,,,,,,210,153,114,69,200,139,104,62,150,87,66,38,0.040/0.100/0.200 ha,agri: vcode hand-corrected on scan (printed code overwritten; corrected value = 1000+serial)
khajni,Khajni,03-08-2016,132,1132,खैरी,उनवल,ग्रामीण,1500,upto 2 m,2000,2100,0,2-5 m,20000,24000,19000,base,,,,,,210,153,114,69,200,139,104,62,150,87,66,38,0.040/0.100/0.200 ha,agri: vcode hand-corrected on scan (printed code overwritten; corrected value = 1000+serial)
khajni,Khajni,03-08-2016,133,1133,खरसरदेउर,धुरियापार,ग्रामीण,1500,upto 2 m,2000,2100,0,2-5 m,20000,24000,19000,base,,,,,,210,153,114,69,200,139,104,62,150,87,66,38,0.040/0.100/0.200 ha,agri: vcode hand-corrected on scan (printed code overwritten; corrected value = 1000+serial)
khajni,Khajni,03-08-2016,134,1134,खलिया,धुरियापार,ग्रामीण,1500,upto 2 m,2000,2100,0,2-5 m,20000,24000,19000,base,,,,,,210,153,114,69,200,139,104,62,150,28,24,19,0.040/0.100/0.200 ha,agri: vcode hand-corrected on scan (printed code overwritten; corrected value = 1000+serial)
khajni,Khajni,03-08-2016,135,1135,खैराटी तप्पा–बेलघाट,धुरियापार,ग्रामीण,1500,upto 2 m,2000,2100,0,2-5 m,20000,24000,19000,base,,,,,,210,153,114,69,200,139,104,62,150,28,24,19,0.040/0.100/0.200 ha,agri: vcode hand-corrected on scan (printed code overwritten; corrected value = 1000+serial)
khajni,Khajni,03-08-2016,136,1136,खाखर,धुरियापार,ग्रामीण,1500,upto 2 m,2000,2100,0,2-5 m,20000,24000,19000,base,,,,,,210,153,114,69,200,139,104,62,150,87,66,38,0.040/0.100/0.200 ha,agri: vcode hand-corrected on scan (printed code overwritten; corrected value = 1000+serial)
khajni,Khajni,03-08-2016,137,1137,खान्सेचक,धुरियापार,ग्रामीण,1500,upto 2 m,2000,2100,0,2-5 m,20000,24000,19000,base,,,,,,210,153,114,69,200,139,104,62,150,28,24,19,0.040/0.100/0.200 ha,agri: vcode hand-corrected on scan (printed code overwritten; corrected value = 1000+serial)
khajni,Khajni,03-08-2016,138,1138,खजुरी,हसनपुर मगहर,ग्रामीण,1500,upto 2 m,6000,6200,0,2-5 m,26000,30000,25000,base,,,,,,620,169,131,69,600,150,112,62,450,87,66,38,0.040/0.100/0.200 ha,agri: vcode hand-corrected on scan (printed code overwritten; corrected value = 1000+serial); unusual combination of values as printed
khajni,Khajni,03-08-2016,139,1139,गजारी,उनवल,ग्रामीण,4500,upto 2 m,4300,4600,0,2-5 m,20000,24000,19000,base,,,,,,460,169,131,69,430,150,112,62,310,95,73,42,0.040/0.100/0.200 ha,agri: vcode hand-corrected on scan (printed code overwritten; corrected value = 1000+serial)
khajni,Khajni,03-08-2016,140,1140,गठुआखोर,उनवल,ग्रामीण,3100,upto 2 m,2000,2100,0,2-5 m,20000,24000,19000,base,,,,,,210,153,114,69,200,139,104,62,150,87,66,38,0.040/0.100/0.200 ha,agri: vcode hand-corrected on scan (printed code overwritten; corrected value = 1000+serial)
khajni,Khajni,03-08-2016,141,1141,गडैना,उनवल,ग्रामीण,1500,upto 2 m,2000,2100,0,2-5 m,20000,24000,19000,base,,,,,,210,153,114,69,200,139,104,62,150,87,66,38,0.040/0.100/0.200 ha,agri: vcode hand-corrected on scan (printed code overwritten; corrected value = 1000+serial)
khajni,Khajni,03-08-2016,142,1142,गुलउर,उनवल,ग्रामीण,1500,upto 2 m,2000,2100,0,2-5 m,20000,24000,19000,base,,,,,,210,153,114,69,200,139,104,62,150,87,66,38,0.040/0.100/0.200 ha,agri: vcode hand-corrected on scan (printed code overwritten; corrected value = 1000+serial)
khajni,Khajni,03-08-2016,143,1143,गहना,उनवल,ग्रामीण,3300,upto 2 m,4600,4900,0,2-5 m,20000,24000,19000,base,,,,,,490,169,131,69,460,150,112,62,330,95,73,42,0.040/0.100/0.200 ha,agri: vcode hand-corrected on scan (printed code overwritten; corrected value = 1000+serial)
khajni,Khajni,03-08-2016,144,1144,गाजर जगदीश,उनवल,ग्रामीण,3100,upto 2 m,4300,5000,0,2-5 m,20000,24000,19000,base,,,,,,460,169,131,69,430,150,112,62,310,95,73,42,0.040/0.100/0.200 ha,agri: vcode hand-corrected on scan (printed code overwritten; corrected value = 1000+serial)
khajni,Khajni,03-08-2016,145,1145,गाजर वंशमन,उनवल,ग्रामीण,1500,upto 2 m,2000,2100,0,2-5 m,20000,24000,19000,base,,,,,,210,153,114,69,200,139,104,62,150,87,66,38,0.040/0.100/0.200 ha,agri: vcode hand-corrected on scan (printed code overwritten; corrected value = 1000+serial)
khajni,Khajni,03-08-2016,146,1146,गाजर नरसिंह,उनवल,ग्रामीण,1500,upto 2 m,2000,2100,0,2-5 m,20000,24000,19000,base,,,,,,210,153,114,69,200,139,104,62,150,87,66,38,0.040/0.100/0.200 ha,agri: vcode hand-corrected on scan (printed code overwritten; corrected value = 1000+serial)
khajni,Khajni,03-08-2016,147,1147,गाहीपार,उनवल,ग्रामीण,1500,upto 2 m,2000,2100,0,2-5 m,20000,24000,19000,base,,,,,,210,153,114,69,200,139,104,62,150,87,66,38,0.040/0.100/0.200 ha,agri: vcode hand-corrected on scan (printed code overwritten; corrected value = 1000+serial)
khajni,Khajni,03-08-2016,148,1148,गोन्दा,उनवल,ग्रामीण,1500,upto 2 m,2000,2100,0,2-5 m,20000,24000,19000,base,,,,,,210,153,114,69,200,139,104,62,150,87,66,38,0.040/0.100/0.200 ha,agri: vcode hand-corrected on scan (printed code overwritten; corrected value = 1000+serial)
khajni,Khajni,03-08-2016,149,1149,गोनहा,उनवल,ग्रामीण,1500,upto 2 m,2000,2100,0,2-5 m,20000,24000,19000,base,,,,,,210,153,114,69,200,139,104,62,150,87,66,38,0.040/0.100/0.200 ha,agri: vcode hand-corrected on scan (printed code overwritten; corrected value = 1000+serial)
khajni,Khajni,03-08-2016,150,1150,गोपालपुर,उनवल,ग्रामीण,1500,upto 2 m,2000,2100,0,2-5 m,20000,24000,19000,base,,,,,,210,153,114,69,200,139,104,62,150,87,66,38,0.040/0.100/0.200 ha,agri: vcode hand-corrected on scan (printed code overwritten; corrected value = 1000+serial)
khajni,Khajni,03-08-2016,151,1151,गोपीपुर,उनवल,ग्रामीण,1500,upto 2 m,2000,2100,0,2-5 m,20000,24000,19000,base,,,,,,210,153,114,69,200,139,104,62,150,87,66,38,0.040/0.100/0.200 ha,agri: vcode hand-corrected on scan (printed code overwritten; corrected value = 1000+serial)
khajni,Khajni,03-08-2016,152,1152,गोरसैरा,उनवल,ग्रामीण,1500,upto 2 m,2000,2100,0,2-5 m,20000,24000,19000,base,,,,,,210,153,114,69,200,139,104,62,150,87,66,38,0.040/0.100/0.200 ha,agri: vcode hand-corrected on scan (printed code overwritten; corrected value = 1000+serial)
khajni,Khajni,03-08-2016,153,1153,गौर्रा,उनवल,ग्रामीण,1500,upto 2 m,2000,2100,2200,2-5 m,20000,24000,19000,base,,,,,,210,153,114,69,200,139,104,62,150,87,66,38,0.040/0.100/0.200 ha,agri: vcode hand-corrected on scan (printed code overwritten; corrected value = 1000+serial)
khajni,Khajni,03-08-2016,154,1154,गोविन्द चक उर्फ नकहा,उनवल,ग्रामीण,1500,upto 2 m,2000,2100,0,2-5 m,20000,24000,19000,base,,,,,,210,153,114,69,200,139,104,62,150,87,66,38,0.040/0.100/0.200 ha,agri: vcode hand-corrected on scan (printed code overwritten; corrected value = 1000+serial)
khajni,Khajni,03-08-2016,155,1155,गोहली बसन्त,उनवल,ग्रामीण,1500,upto 2 m,2000,2100,0,2-5 m,20000,24000,19000,base,,,,,,210,153,114,69,200,139,104,62,150,87,66,38,0.040/0.100/0.200 ha,agri: vcode hand-corrected on scan (printed code overwritten; corrected value = 1000+serial)
khajni,Khajni,03-08-2016,156,1156,गोहली सीतल,उनवल,ग्रामीण,3100,upto 2 m,4600,4600,0,2-5 m,20000,24000,19000,base,,,,,,460,169,131,69,430,150,112,62,310,95,73,42,0.040/0.100/0.200 ha,agri: vcode hand-corrected on scan (printed code overwritten; corrected value = 1000+serial)
khajni,Khajni,03-08-2016,157,1157,गोसाईपुर तप्पा–बनकटा,उनवल,ग्रामीण,1500,upto 2 m,2000,2100,0,2-5 m,20000,24000,19000,base,,,,,,210,153,114,69,200,139,104,62,150,87,66,38,0.040/0.100/0.200 ha,agri: vcode hand-corrected on scan (printed code overwritten; corrected value = 1000+serial)
khajni,Khajni,03-08-2016,158,1158,गौरापार,उनवल,ग्रामीण,4500,upto 2 m,6000,6200,0,2-5 m,20000,24000,19000,base,,,,,,620,169,131,69,600,139,104,62,450,95,73,42,0.040/0.100/0.200 ha,agri: vcode hand-corrected on scan (printed code overwritten; corrected value = 1000+serial); unusual combination of values as printed
khajni,Khajni,03-08-2016,159,1159,गौरी खुर्द/बुजुर्ग,उनवल,ग्रामीण,3100,upto 2 m,4300,4600,0,2-5 m,20000,24000,19000,base,,,,,,460,169,131,69,430,150,112,62,310,95,73,42,0.040/0.100/0.200 ha,agri: vcode hand-corrected on scan (printed code overwritten; corrected value = 1000+serial)
khajni,Khajni,03-08-2016,160,1160,गनेशपुर तप्पा–नकौड़ी,धुरियापार,ग्रामीण,1500,upto 2 m,2000,2100,0,2-5 m,20000,24000,19000,base,,,,,,210,153,114,69,200,139,104,62,150,87,66,38,0.040/0.100/0.200 ha,agri: vcode hand-corrected on scan (printed code overwritten; corrected value = 1000+serial)
khajni,Khajni,03-08-2016,161,1161,गनेशपुर तप्पा–भदार,धुरियापार,ग्रामीण,1500,upto 2 m,2000,2100,0,2-5 m,20000,24000,19000,base,,,,,,210,153,114,69,200,139,104,62,150,87,66,38,0.040/0.100/0.200 ha,agri: vcode hand-corrected on scan (printed code overwritten; corrected value = 1000+serial)
khajni,Khajni,03-08-2016,162,1162,गुलरहा,धुरियापार,ग्रामीण,1500,upto 2 m,2000,2100,0,2-5 m,20000,24000,19000,base,,,,,,210,153,114,69,200,139,104,62,150,87,66,38,0.040/0.100/0.200 ha,agri: vcode hand-corrected on scan (printed code overwritten; corrected value = 1000+serial)
khajni,Khajni,03-08-2016,163,1163,गुवारी,धुरियापार,ग्रामीण,4400,upto 2 m,6000,6600,0,2-5 m,20000,24000,19000,base,,,,,,660,153,114,69,600,139,104,62,450,87,66,38,0.040/0.100/0.200 ha,agri: vcode hand-corrected on scan (printed code overwritten; corrected value = 1000+serial); dist_a 660 with dist_b 153 (unusual combination) as printed
khajni,Khajni,03-08-2016,164,1164,गाइबेला,धुरियापार,ग्रामीण,1500,upto 2 m,2000,2100,0,2-5 m,20000,24000,19000,base,,,,,,210,153,114,69,200,139,104,62,150,87,66,38,0.040/0.100/0.200 ha,agri: vcode hand-corrected on scan (printed code overwritten; corrected value = 1000+serial)
khajni,Khajni,03-08-2016,165,1165,गोधना,धुरियापार,ग्रामीण,1500,upto 2 m,2200,2100,0,2-5 m,20000,24000,19000,base,,,,,,210,153,114,69,200,139,104,62,150,87,66,38,0.040/0.100/0.200 ha,road: r5to9<r2to5 as printed | agri: vcode hand-corrected on scan (printed code overwritten; corrected value = 1000+serial)
khajni,Khajni,03-08-2016,166,1166,गोपलापुर,धुरियापार,ग्रामीण,3100,upto 2 m,4300,4600,0,2-5 m,20000,24000,19000,base,,,,,,460,169,131,69,430,150,112,62,310,95,73,42,0.040/0.100/0.200 ha,agri: vcode hand-corrected on scan (printed code overwritten; corrected value = 1000+serial)
khajni,Khajni,03-08-2016,167,1167,गेपलापुर तप्पा परसी,धुरियापार,ग्रामीण,3100,upto 2 m,4300,4600,0,2-5 m,20000,24000,19000,base,,,,,,460,169,131,69,430,150,112,62,310,95,73,42,0.040/0.100/0.200 ha,agri: vcode hand-corrected on scan (printed code overwritten; corrected value = 1000+serial)
khajni,Khajni,03-08-2016,168,1168,गोबडौर,धुरियापार,ग्रामीण,1500,upto 2 m,2000,2100,0,2-5 m,20000,24000,19000,base,,,,,,210,153,114,69,200,139,104,62,150,87,66,38,0.040/0.100/0.200 ha,agri: vcode hand-corrected on scan (printed code overwritten; corrected value = 1000+serial)
khajni,Khajni,03-08-2016,169,1169,गोविन्दपुर,धुरियापार,ग्रामीण,3100,upto 2 m,4300,4600,0,2-5 m,20000,24000,19000,base,,,,,,460,169,131,69,430,150,112,62,310,95,73,42,0.040/0.100/0.200 ha,agri: vcode hand-corrected on scan (printed code overwritten; corrected value = 1000+serial)
khajni,Khajni,03-08-2016,170,1170,गोसाईपुर तप्पा वेलघाट,धुरियापार,ग्रामीण,1500,upto 2 m,2000,2100,0,2-5 m,20000,24000,19000,base,,,,,,210,153,114,69,200,139,104,62,150,87,66,38,0.040/0.100/0.200 ha,agri: vcode hand-corrected on scan (printed code overwritten; corrected value = 1000+serial)
khajni,Khajni,03-08-2016,171,1171,गौरगंज,धुरियापार,ग्रामीण,3100,upto 2 m,4300,4600,0,2-5 m,20000,24000,19000,base,,,,,,460,169,131,69,430,150,112,62,310,95,73,42,0.040/0.100/0.200 ha,agri: vcode hand-corrected on scan (printed code overwritten; corrected value = 1000+serial)
khajni,Khajni,03-08-2016,172,1172,गंगटही,हसनपुर मगहर,ग्रामीण,1500,upto 2 m,2000,2100,0,2-5 m,20000,24000,19000,base,,,,,,210,153,114,69,200,139,104,62,150,87,66,38,0.040/0.100/0.200 ha,agri: vcode hand-corrected on scan (printed code overwritten; corrected value = 1000+serial)
khajni,Khajni,03-08-2016,173,1173,गेपाल देवरियर,हसनपुर मगहर,ग्रामीण,1500,upto 2 m,2000,2100,0,2-5 m,20000,24000,19000,base,,,,,,210,153,114,69,200,139,104,62,150,87,66,38,0.040/0.100/0.200 ha,agri: vcode hand-corrected on scan (printed code overwritten; corrected value = 1000+serial)
khajni,Khajni,03-08-2016,174,1174,गिदहा,हसनपुर मगहर,ग्रामीण,2600,upto 2 m,3500,3700,0,2-5 m,20000,24000,19000,base,,,,,,370,169,131,69,350,150,112,62,260,95,73,42,0.040/0.100/0.200 ha,basic: rate printed in italic (different typeface from neighbours) | agri: vcode hand-corrected on scan (printed code overwritten; corrected value = 1000+serial)
khajni,Khajni,03-08-2016,175,1175,घइसरा,उनवल,ग्रामीण,1500,upto 2 m,2000,2100,0,2-5 m,20000,24000,19000,base,,,,,,210,153,114,69,200,139,104,62,150,87,66,38,0.040/0.100/0.200 ha,agri: vcode hand-corrected on scan (printed code overwritten; corrected value = 1000+serial)
khajni,Khajni,03-08-2016,176,1176,धमउर,उनवल,ग्रामीण,3100,upto 2 m,4300,4600,0,2-5 m,20000,24000,19000,base,,,,,,460,169,131,69,430,150,112,62,310,95,73,42,0.040/0.100/0.200 ha,basic: name printed with ध (sits in घ alphabetical run; possibly घमउर) | agri: vcode hand-corrected on scan (printed code overwritten; corrected value = 1000+serial)
khajni,Khajni,03-08-2016,177,1177,घरसरिया,उनवल,ग्रामीण,1500,upto 2 m,2000,2100,0,2-5 m,20000,24000,19000,base,,,,,,210,153,114,69,200,139,104,62,150,87,66,38,0.040/0.100/0.200 ha,agri: vcode hand-corrected on scan (printed code overwritten; corrected value = 1000+serial)
khajni,Khajni,03-08-2016,178,1178,घोडसारी,उनवल,ग्रामीण,3100,upto 2 m,4300,4600,0,2-5 m,20000,24000,19000,base,,,,,,460,169,131,69,430,150,112,62,310,95,73,42,0.040/0.100/0.200 ha,agri: vcode hand-corrected on scan (printed code overwritten; corrected value = 1000+serial)
khajni,Khajni,03-08-2016,179,1179,घेरवा,धुरियापार,ग्रामीण,1500,upto 2 m,2000,2100,0,2-5 m,20000,24000,19000,base,,,,,,210,153,114,69,200,139,104,62,150,28,24,19,0.040/0.100/0.200 ha,agri: vcode hand-corrected on scan (printed code overwritten; corrected value = 1000+serial)
khajni,Khajni,03-08-2016,180,1180,घुरमुलही,हसनपुर मगहर,ग्रामीण,1500,upto 2 m,2000,2300,0,2-5 m,20000,24000,19000,base,,,,,,210,153,114,69,200,139,104,62,150,87,66,38,0.040/0.100/0.200 ha,agri: vcode hand-corrected on scan (printed code overwritten; corrected value = 1000+serial)
khajni,Khajni,03-08-2016,181,1181,चइतरा,उनवल,ग्रामीण,1500,upto 2 m,2000,2100,0,2-5 m,20000,24000,19000,base,,,,,,210,153,114,69,200,139,104,62,150,87,66,38,0.040/0.100/0.200 ha,agri: vcode hand-corrected on scan (printed code overwritten; corrected value = 1000+serial)
khajni,Khajni,03-08-2016,182,1182,चकनकदह,उनवल,ग्रामीण,3100,upto 2 m,4300,4600,0,2-5 m,20000,24000,19000,base,,,,,,460,169,131,69,430,150,112,62,310,95,73,42,0.040/0.100/0.200 ha,agri: vcode hand-corrected on scan (printed code overwritten; corrected value = 1000+serial)
khajni,Khajni,03-08-2016,183,1183,चकबैदपुरवा उर्फ मठिया,उनवल,ग्रामीण,1500,upto 2 m,2000,2100,0,2-5 m,20000,24000,19000,base,,,,,,210,153,114,69,200,139,104,62,150,87,66,38,0.040/0.100/0.200 ha,agri: vcode hand-corrected on scan (printed code overwritten; corrected value = 1000+serial)
khajni,Khajni,03-08-2016,184,1184,चकबन्गला,उनवल,ग्रामीण,1500,upto 2 m,2000,2100,0,2-5 m,20000,24000,19000,base,,,,,,210,153,114,69,200,139,104,62,150,87,66,38,0.040/0.100/0.200 ha,agri: vcode hand-corrected on scan (printed code overwritten; corrected value = 1000+serial)
khajni,Khajni,03-08-2016,185,1185,चकराजपुर,उनवल,ग्रामीण,1500,upto 2 m,2000,2100,0,2-5 m,20000,24000,19000,base,,,,,,210,153,114,69,200,139,104,62,150,87,66,38,0.040/0.100/0.200 ha,agri: vcode hand-corrected on scan (printed code overwritten; corrected value = 1000+serial)
khajni,Khajni,03-08-2016,186,1186,चचउली,उनवल,ग्रामीण,1500,upto 2 m,2000,2100,0,2-5 m,20000,24000,19000,base,,,,,,210,153,114,69,200,139,104,62,150,87,66,38,0.040/0.100/0.200 ha,agri: vcode hand-corrected on scan (printed code overwritten; corrected value = 1000+serial)
khajni,Khajni,03-08-2016,187,1187,चतुरबन्दुआरी,उनवल,ग्रामीण,3300,upto 2 m,4600,4900,5000,2-5 m,20000,24000,19000,base,,,,,,490,169,131,69,460,150,112,62,330,95,73,42,0.040/0.100/0.200 ha,agri: vcode hand-corrected on scan (printed code overwritten; corrected value = 1000+serial)
khajni,Khajni,03-08-2016,188,1188,चन्दलहा,उनवल,ग्रामीण,3100,upto 2 m,4300,4600,0,2-5 m,20000,24000,19000,base,,,,,,460,169,131,69,430,150,112,62,310,95,73,42,0.040/0.100/0.200 ha,agri: vcode hand-corrected on scan (printed code overwritten; corrected value = 1000+serial)
khajni,Khajni,03-08-2016,189,1189,चनहर,उनवल,ग्रामीण,3100,upto 2 m,4300,4600,0,2-5 m,20000,24000,19000,base,,,,,,460,169,131,69,430,150,112,62,310,95,73,42,0.040/0.100/0.200 ha,agri: vcode hand-corrected on scan (printed code overwritten; corrected value = 1000+serial)
khajni,Khajni,03-08-2016,190,1190,चरकहा,उनवल,ग्रामीण,1500,upto 2 m,2000,2100,0,2-5 m,20000,24000,19000,base,,,,,,210,153,114,69,200,139,104,62,150,87,66,38,0.040/0.100/0.200 ha,agri: vcode hand-corrected on scan (printed code overwritten; corrected value = 1000+serial)
khajni,Khajni,03-08-2016,191,1191,चरनाद,उनवल,ग्रामीण,1500,upto 2 m,2000,2100,0,2-5 m,20000,24000,19000,base,,,,,,210,153,114,69,200,139,104,62,150,87,66,38,0.040/0.100/0.200 ha,agri: vcode hand-corrected on scan (printed code overwritten; corrected value = 1000+serial)
khajni,Khajni,03-08-2016,192,1192,चौबरिया,उनवल,ग्रामीण,1500,upto 2 m,2000,2100,0,2-5 m,20000,24000,19000,base,,,,,,210,153,114,69,200,139,104,62,150,87,66,38,0.040/0.100/0.200 ha,agri: vcode hand-corrected on scan (printed code overwritten; corrected value = 1000+serial)
khajni,Khajni,03-08-2016,193,1193,चॉचपार,उनवल,ग्रामीण,1500,upto 2 m,2000,2100,0,2-5 m,20000,24000,19000,base,,,,,,210,153,114,69,200,139,104,62,150,87,66,38,0.040/0.100/0.200 ha,agri: vcode hand-corrected on scan (printed code overwritten; corrected value = 1000+serial)
khajni,Khajni,03-08-2016,194,1194,चिलौना,उनवल,ग्रामीण,1500,upto 2 m,2000,2100,0,2-5 m,20000,24000,19000,base,,,,,,210,153,114,69,200,139,104,62,150,87,66,38,0.040/0.100/0.200 ha,agri: vcode hand-corrected on scan (printed code overwritten; corrected value = 1000+serial)
khajni,Khajni,03-08-2016,195,1195,चिहारी उर्फ काछी,उनवल,ग्रामीण,1500,upto 2 m,2000,2100,0,2-5 m,20000,24000,19000,base,,,,,,210,153,114,69,200,139,104,62,150,87,66,38,0.040/0.100/0.200 ha,agri: vcode hand-corrected on scan (printed code overwritten; corrected value = 1000+serial)
khajni,Khajni,03-08-2016,196,1196,चक इनायत,धुरियापार,ग्रामीण,1500,upto 2 m,2000,2100,0,2-5 m,20000,24000,19000,base,,,,,,210,153,114,69,200,139,104,62,150,87,66,38,0.040/0.100/0.200 ha,agri: vcode hand-corrected on scan (printed code overwritten; corrected value = 1000+serial)
khajni,Khajni,03-08-2016,197,1197,चकखानजहॉ,धुरियापार,ग्रामीण,1500,upto 2 m,2000,2100,0,2-5 m,20000,24000,19000,base,,,,,,210,153,114,69,200,139,104,62,150,87,66,38,0.040/0.100/0.200 ha,agri: vcode hand-corrected on scan (printed code overwritten; corrected value = 1000+serial)
khajni,Khajni,03-08-2016,198,1198,चकखानमोहम्मद,धुरियापार,ग्रामीण,1500,upto 2 m,2000,2100,0,2-5 m,20000,24000,19000,base,,,,,,210,153,114,69,200,139,104,62,150,87,66,38,0.040/0.100/0.200 ha,agri: vcode hand-corrected on scan (printed code overwritten; corrected value = 1000+serial)
khajni,Khajni,03-08-2016,199,1199,चकनूरवाफ,धुरियापार,ग्रामीण,1500,upto 2 m,2000,2100,0,2-5 m,20000,24000,19000,base,,,,,,210,153,114,69,200,139,104,62,150,87,66,38,0.040/0.100/0.200 ha,agri: vcode hand-corrected on scan (printed code overwritten; corrected value = 1000+serial)
khajni,Khajni,03-08-2016,200,1200,चकफरीद,धुरियापार,ग्रामीण,1500,upto 2 m,2000,2100,0,2-5 m,20000,24000,19000,base,,,,,,210,153,114,69,200,139,104,62,150,87,66,38,0.040/0.100/0.200 ha,agri: vcode hand-corrected on scan (printed code overwritten; corrected value = 1000+serial)
khajni,Khajni,03-08-2016,201,1201,चकभोला,धुरियापार,ग्रामीण,1500,upto 2 m,2000,2100,0,2-5 m,20000,24000,19000,base,,,,,,210,153,114,69,200,139,104,62,150,87,66,38,0.040/0.100/0.200 ha,agri: vcode hand-corrected on scan (printed code overwritten; corrected value = 1000+serial)
khajni,Khajni,03-08-2016,202,1202,चकराधवदास,धुरियापार,ग्रामीण,1500,upto 2 m,2000,2100,0,2-5 m,20000,24000,19000,base,,,,,,210,153,114,69,200,139,104,62,150,87,66,38,0.040/0.100/0.200 ha,agri: vcode hand-corrected on scan (printed code overwritten; corrected value = 1000+serial)
khajni,Khajni,03-08-2016,203,1203,चपरहट,धुरियापार,ग्रामीण,1500,upto 2 m,2000,2100,0,2-5 m,20000,24000,19000,base,,,,,,210,153,114,69,200,139,104,62,150,87,66,38,0.040/0.100/0.200 ha,agri: vcode hand-corrected on scan (printed code overwritten; corrected value = 1000+serial)
khajni,Khajni,03-08-2016,204,1204,चकिया,धुरियापार,ग्रामीण,1500,upto 2 m,4600,4900,0,2-5 m,20000,24000,19000,base,,,,,,490,169,131,69,460,150,112,62,330,95,73,42,0.040/0.100/0.200 ha,agri: vcode hand-corrected on scan (printed code overwritten; corrected value = 1000+serial)
khajni,Khajni,03-08-2016,205,1205,चोरभारी,धुरियापार,ग्रामीण,1500,upto 2 m,2000,2100,0,2-5 m,20000,24000,19000,base,,,,,,210,153,114,69,200,139,104,62,150,87,66,38,0.040/0.100/0.200 ha,agri: vcode hand-corrected on scan (printed code overwritten; corrected value = 1000+serial)
khajni,Khajni,03-08-2016,206,1206,चौकडी,धुरियापार,ग्रामीण,1500,upto 2 m,2000,2100,0,2-5 m,20000,24000,19000,base,,,,,,210,153,114,69,200,139,104,62,150,87,66,38,0.040/0.100/0.200 ha,agri: vcode hand-corrected on scan (printed code overwritten; corrected value = 1000+serial)
khajni,Khajni,03-08-2016,207,1207,चौतरापटटी तप्पा बेलघाट,धुरियापार,ग्रामीण,1500,upto 2 m,2000,2100,0,2-5 m,20000,24000,19000,base,,,,,,210,153,114,69,200,139,104,62,150,87,66,38,0.040/0.100/0.200 ha,agri: vcode hand-corrected on scan (printed code overwritten; corrected value = 1000+serial)
khajni,Khajni,03-08-2016,208,1208,चौतरा बाबू,धुरियापार,ग्रामीण,1500,upto 2 m,2000,2100,0,2-5 m,20000,24000,19000,base,,,,,,210,153,114,69,200,139,104,62,150,28,24,19,0.040/0.100/0.200 ha,agri: vcode hand-corrected on scan (printed code overwritten; corrected value = 1000+serial)
khajni,Khajni,03-08-2016,209,1209,चौतरा तिवारी,धुरियापार,ग्रामीण,1500,upto 2 m,2000,2100,0,2-5 m,20000,24000,19000,base,,,,,,210,153,114,69,200,139,104,62,150,87,66,38,0.040/0.100/0.200 ha,agri: vcode hand-corrected on scan (printed code overwritten; corrected value = 1000+serial)
khajni,Khajni,03-08-2016,210,1210,चौडिया मसांन,धुरियापार,ग्रामीण,1500,upto 2 m,2000,2100,0,2-5 m,20000,24000,19000,base,,,,,,210,153,114,69,200,139,104,62,150,87,66,38,0.040/0.100/0.200 ha,agri: vcode hand-corrected on scan (printed code overwritten; corrected value = 1000+serial)
khajni,Khajni,03-08-2016,211,1211,चॉदपार तप्पा भदार,धुरियापार,ग्रामीण,1500,upto 2 m,2000,2100,0,2-5 m,20000,24000,19000,base,,,,,,210,153,114,69,200,139,104,62,150,87,66,38,0.040/0.100/0.200 ha,agri: vcode hand-corrected on scan (printed code overwritten; corrected value = 1000+serial)
khajni,Khajni,03-08-2016,212,1212,चौतरवा,हसनपुर मगहर,ग्रामीण,1500,upto 2 m,2000,2100,0,2-5 m,20000,24000,19000,base,,,,,,210,153,114,69,200,139,104,62,150,87,66,38,0.040/0.100/0.200 ha,agri: vcode hand-corrected on scan (printed code overwritten; corrected value = 1000+serial)
khajni,Khajni,03-08-2016,213,1213,छेंदी डडवा,उनवल,ग्रामीण,3100,upto 2 m,4300,4600,0,2-5 m,20000,24000,19000,base,,,,,,460,169,131,69,430,150,112,62,310,95,73,42,0.040/0.100/0.200 ha,agri: vcode hand-corrected on scan (printed code overwritten; corrected value = 1000+serial)
khajni,Khajni,03-08-2016,214,1214,छताई,उनवल,ग्रामीण,1500,upto 2 m,2000,2100,2100,2-5 m,20000,24000,19000,base,,,,,,210,153,114,69,200,139,104,62,150,87,66,38,0.040/0.100/0.200 ha,agri: vcode hand-corrected on scan (printed code overwritten; corrected value = 1000+serial)
khajni,Khajni,03-08-2016,215,1215,छपिया,उनवल,ग्रामीण,1500,upto 2 m,2000,2100,0,2-5 m,20000,24000,19000,base,,,,,,210,153,114,69,200,139,104,62,150,87,66,38,0.040/0.100/0.200 ha,agri: vcode hand-corrected on scan (printed code overwritten; corrected value = 1000+serial)
khajni,Khajni,03-08-2016,216,1216,छातापार,उनवल,ग्रामीण,1500,upto 2 m,2000,2100,0,2-5 m,20000,24000,19000,base,,,,,,210,153,114,69,200,139,104,62,150,87,66,38,0.040/0.100/0.200 ha,agri: vcode hand-corrected on scan (printed code overwritten; corrected value = 1000+serial)
khajni,Khajni,03-08-2016,217,1217,छपरा,धुरियापार,ग्रामीण,1500,upto 2 m,2000,2100,0,2-5 m,20000,24000,19000,base,,,,,,210,153,114,69,200,139,104,62,150,87,66,38,0.040/0.100/0.200 ha,agri: vcode hand-corrected on scan (printed code overwritten; corrected value = 1000+serial)
khajni,Khajni,03-08-2016,218,1218,छतियारी,धुरियापार,ग्रामीण,1500,upto 2 m,2000,2100,0,2-5 m,20000,24000,19000,base,,,,,,210,153,114,69,200,139,104,62,150,87,66,38,0.040/0.100/0.200 ha,agri: vcode hand-corrected on scan (printed code overwritten; corrected value = 1000+serial)
khajni,Khajni,03-08-2016,219,1219,छितौना,धुरियापार,ग्रामीण,1500,upto 2 m,2000,2100,0,2-5 m,20000,24000,19000,base,,,,,,210,153,114,69,200,139,104,62,150,87,66,38,0.040/0.100/0.200 ha,agri: vcode hand-corrected on scan (printed code overwritten; corrected value = 1000+serial)
khajni,Khajni,03-08-2016,220,1220,छितौनी खुर्द,धुरियापार,ग्रामीण,1500,upto 2 m,4300,4600,0,2-5 m,20000,24000,19000,base,,,,,,460,169,131,69,430,150,112,62,310,95,73,42,0.040/0.100/0.200 ha,agri: vcode hand-corrected on scan (printed code overwritten; corrected value = 1000+serial)
khajni,Khajni,03-08-2016,221,1221,छितौनी बुजुर्ग,धुरियापार,ग्रामीण,1500,upto 2 m,4300,4600,0,2-5 m,20000,24000,19000,base,,,,,,460,169,131,69,430,150,112,62,310,95,73,42,0.040/0.100/0.200 ha,agri: vcode hand-corrected on scan (printed code overwritten; corrected value = 1000+serial)
khajni,Khajni,03-08-2016,222,1222,छितौनीभीम,धुरियापार,ग्रामीण,1500,upto 2 m,2000,2100,0,2-5 m,20000,24000,19000,base,,,,,,210,153,114,69,200,139,104,62,150,87,66,38,0.040/0.100/0.200 ha,agri: vcode hand-corrected on scan (printed code overwritten; corrected value = 1000+serial)
khajni,Khajni,03-08-2016,223,1223,छपिया तप्पा खजुरी,हसनपुर मगहर,ग्रामीण,1500,upto 2 m,2000,2100,0,2-5 m,20000,24000,19000,base,,,,,,210,153,114,69,200,139,104,62,150,87,66,38,0.040/0.100/0.200 ha,agri: vcode hand-corrected on scan (printed code overwritten; corrected value = 1000+serial)
khajni,Khajni,03-08-2016,224,1224,जगदीषपुर तप्पा महसीन,उनवल,ग्रामीण,1500,upto 2 m,2000,2100,0,2-5 m,20000,24000,19000,base,,,,,,210,153,114,69,200,139,104,62,150,87,66,38,0.040/0.100/0.200 ha,agri: vcode hand-corrected on scan (printed code overwritten; corrected value = 1000+serial)
khajni,Khajni,03-08-2016,225,1225,जगन्नाथपुर,उनवल,ग्रामीण,1500,upto 2 m,2000,2100,0,2-5 m,20000,24000,19000,base,,,,,,210,153,114,69,200,139,104,62,150,87,66,38,0.040/0.100/0.200 ha,agri: vcode hand-corrected on scan (printed code overwritten; corrected value = 1000+serial)
khajni,Khajni,03-08-2016,226,1226,जमौली खुर्द,उनवल,ग्रामीण,1500,upto 2 m,2000,2100,0,2-5 m,20000,24000,19000,base,,,,,,210,153,114,69,200,139,104,62,150,87,66,38,0.040/0.100/0.200 ha,agri: vcode hand-corrected on scan (printed code overwritten; corrected value = 1000+serial)
khajni,Khajni,03-08-2016,227,1227,जमौली बुजुर्ग,उनवल,ग्रामीण,1500,upto 2 m,2000,2100,0,2-5 m,20000,24000,19000,base,,,,,,210,153,114,69,200,139,104,62,150,87,66,38,0.040/0.100/0.200 ha,agri: vcode hand-corrected on scan (printed code overwritten; corrected value = 1000+serial)
khajni,Khajni,03-08-2016,228,1228,जैपालपार,उनवल,ग्रामीण,3100,upto 2 m,4300,4600,0,2-5 m,20000,24000,19000,base,,,,,,460,169,131,69,430,150,112,62,310,95,73,42,0.040/0.100/0.200 ha,agri: vcode hand-corrected on scan (printed code overwritten; corrected value = 1000+serial)
khajni,Khajni,03-08-2016,229,1229,जैसर,उनवल,ग्रामीण,1500,upto 2 m,2000,2100,0,2-5 m,20000,24000,19000,base,,,,,,210,153,114,69,200,139,104,62,150,87,66,38,0.040/0.100/0.200 ha,agri: vcode hand-corrected on scan (printed code overwritten; corrected value = 1000+serial)
khajni,Khajni,03-08-2016,230,1230,जाखा,उनवल,ग्रामीण,1500,upto 2 m,2000,2100,0,2-5 m,20000,24000,19000,base,,,,,,210,153,114,69,200,139,104,62,150,87,66,38,0.040/0.100/0.200 ha,agri: vcode hand-corrected on scan (printed code overwritten; corrected value = 1000+serial)
khajni,Khajni,03-08-2016,231,1231,जिगिना बाबू,उनवल,ग्रामीण,1500,upto 2 m,2000,2100,0,2-5 m,20000,24000,19000,base,,,,,,210,153,114,69,200,139,104,62,150,87,66,38,0.040/0.100/0.200 ha,agri: vcode hand-corrected on scan (printed code overwritten; corrected value = 1000+serial)
khajni,Khajni,03-08-2016,232,1232,जिगिना तिवारी,उनवल,ग्रामीण,1500,upto 2 m,2000,2100,0,2-5 m,20000,24000,19000,base,,,,,,210,153,114,69,200,139,104,62,150,87,66,38,0.040/0.100/0.200 ha,agri: vcode hand-corrected on scan (printed code overwritten; corrected value = 1000+serial)
khajni,Khajni,03-08-2016,233,1233,जग्गाकोल,धुरियापार,ग्रामीण,1500,upto 2 m,2000,2100,0,2-5 m,20000,24000,19000,base,,,,,,210,153,114,69,200,139,104,62,150,87,66,38,0.040/0.100/0.200 ha,agri: vcode hand-corrected on scan (printed code overwritten; corrected value = 1000+serial)
khajni,Khajni,03-08-2016,234,1234,जगदीशपुर उर्फ पाण्डेयपुर,धुरियापार,ग्रामीण,3100,upto 2 m,4300,4600,0,2-5 m,20000,24000,19000,base,,,,,,460,169,131,69,430,150,112,62,310,95,73,42,0.040/0.100/0.200 ha,agri: vcode hand-corrected on scan (printed code overwritten; corrected value = 1000+serial)
khajni,Khajni,03-08-2016,235,1235,जगरन्नाथपुर तप्पा नकौडी,धुरियापार,ग्रामीण,3300,upto 2 m,4600,5400,0,2-5 m,20000,24000,19000,base,,,,,,490,169,131,69,460,150,112,62,330,95,73,42,0.040/0.100/0.200 ha,agri: vcode hand-corrected on scan (printed code overwritten; corrected value = 1000+serial)
khajni,Khajni,03-08-2016,236,1236,जगरन्नाथपुर तप्पा शाहपुर,धुरियापार,ग्रामीण,1500,upto 2 m,2000,2100,0,2-5 m,20000,24000,19000,base,,,,,,210,153,114,69,200,139,104,62,150,87,66,38,0.040/0.100/0.200 ha,agri: vcode hand-corrected on scan (printed code overwritten; corrected value = 1000+serial)
khajni,Khajni,03-08-2016,237,1237,जदवापुर,धुरियापार,ग्रामीण,1500,upto 2 m,2000,2100,0,2-5 m,20000,24000,19000,base,,,,,,210,153,114,69,200,139,104,62,150,87,66,38,0.040/0.100/0.200 ha,agri: vcode hand-corrected on scan (printed code overwritten; corrected value = 1000+serial)
khajni,Khajni,03-08-2016,238,1238,जददूपटटी,धुरियापार,ग्रामीण,7900,upto 2 m,10500,11000,12000,2-5 m,20000,24000,19000,base,,,,,,1100,200,165,83,1050,179,150,74,790,115,95,48,0.040/0.100/0.200 ha,agri: vcode hand-corrected on scan (printed code overwritten; corrected value = 1000+serial)
khajni,Khajni,03-08-2016,239,1239,जमीन कैथी,धुरियापार,ग्रामीण,1500,upto 2 m,2000,2100,0,2-5 m,20000,24000,19000,base,,,,,,210,153,114,69,200,139,104,62,150,87,66,38,0.040/0.100/0.200 ha,agri: vcode hand-corrected on scan (printed code overwritten; corrected value = 1000+serial)
khajni,Khajni,03-08-2016,240,1240,जमीनगोडौर,धुरियापार,ग्रामीण,1500,upto 2 m,2000,2100,0,2-5 m,20000,24000,19000,base,,,,,,210,153,114,69,200,139,104,62,150,87,66,38,0.040/0.100/0.200 ha,agri: vcode hand-corrected on scan (printed code overwritten; corrected value = 1000+serial)
khajni,Khajni,03-08-2016,241,1241,जमीनविशुनपुर,धुरियापार,ग्रामीण,1500,upto 2 m,2000,2100,0,2-5 m,20000,24000,19000,base,,,,,,210,153,114,69,200,139,104,62,150,87,66,38,0.040/0.100/0.200 ha,agri: vcode hand-corrected on scan (printed code overwritten; corrected value = 1000+serial)
khajni,Khajni,03-08-2016,242,1242,जूटीपुर,धुरियापार,ग्रामीण,1500,upto 2 m,2000,2100,0,2-5 m,20000,24000,19000,base,,,,,,210,153,114,69,200,139,104,62,150,87,66,38,0.040/0.100/0.200 ha,agri: vcode hand-corrected on scan (printed code overwritten; corrected value = 1000+serial)
khajni,Khajni,03-08-2016,243,1243,जहोराबाद,धुरियापार,ग्रामीण,1500,upto 2 m,2000,2100,2200,2-5 m,20000,24000,19000,base,,,,,,210,153,114,69,200,139,104,62,150,87,66,38,0.040/0.100/0.200 ha,agri: vcode hand-corrected on scan (printed code overwritten; corrected value = 1000+serial)
khajni,Khajni,03-08-2016,244,1244,जैती तप्पा बेलघाट,धुरियापार,ग्रामीण,3100,upto 2 m,4300,4600,0,2-5 m,20000,24000,19000,base,,,,,,460,169,131,69,430,150,112,62,310,95,73,42,0.040/0.100/0.200 ha,agri: vcode hand-corrected on scan (printed code overwritten; corrected value = 1000+serial)
khajni,Khajni,03-08-2016,245,1245,जैती तप्पा भदार,धुरियापार,ग्रामीण,1500,upto 2 m,2000,2100,0,2-5 m,20000,24000,19000,base,,,,,,210,153,114,69,200,139,104,62,150,87,66,38,0.040/0.100/0.200 ha,agri: vcode hand-corrected on scan (printed code overwritten; corrected value = 1000+serial)
khajni,Khajni,03-08-2016,246,1246,जितवारपुर एहतमाली,धुरियापार,ग्रामीण,1500,upto 2 m,2000,2100,0,2-5 m,20000,24000,19000,base,,,,,,210,153,114,69,200,139,104,62,150,28,24,19,0.040/0.100/0.200 ha,agri: other_b..d 28/24/19 (low) as printed; vcode handwritten over printed code
khajni,Khajni,03-08-2016,247,1247,जितवारपुर मुस्तकिल,धुरियापार,ग्रामीण,1500,upto 2 m,2000,2100,0,2-5 m,20000,24000,19000,base,,,,,,210,153,114,69,200,139,104,62,150,87,66,38,0.040/0.100/0.200 ha,agri: vcode handwritten over printed code
khajni,Khajni,03-08-2016,248,1248,जिगनिया मुस्तकिल,धुरियापार,ग्रामीण,3100,upto 2 m,4300,4600,0,2-5 m,20000,24000,19000,base,,,,,,460,169,131,69,430,150,112,62,310,95,73,42,0.040/0.100/0.200 ha,agri: vcode handwritten over printed code
khajni,Khajni,03-08-2016,249,1249,जिगिनियाडाड,धुरियापार,ग्रामीण,1500,upto 2 m,2000,2100,0,2-5 m,20000,24000,19000,base,,,,,,210,153,114,69,200,139,104,62,150,87,66,38,0.040/0.100/0.200 ha,agri: vcode handwritten over printed code
khajni,Khajni,03-08-2016,250,1250,जलालाबाद,हसनपुर मगहर,ग्रामीण,1500,upto 2 m,2000,2100,0,2-5 m,20000,24000,19000,base,,,,,,210,153,114,69,200,139,104,62,150,87,66,38,0.040/0.100/0.200 ha,agri: vcode handwritten over printed code
khajni,Khajni,03-08-2016,251,1251,जिगिना,हसनपुर मगहर,ग्रामीण,1500,upto 2 m,2000,2100,0,2-5 m,20000,24000,19000,base,,,,,,210,153,114,69,200,139,104,62,150,87,66,38,0.040/0.100/0.200 ha,agri: vcode handwritten over printed code
khajni,Khajni,03-08-2016,252,1252,झरकटहा,उनवल,ग्रामीण,4400,upto 2 m,6000,6200,0,2-5 m,20000,24000,19000,base,,,,,,620,169,131,69,600,150,112,62,450,95,73,42,0.040/0.100/0.200 ha,agri: vcode handwritten over printed code
khajni,Khajni,03-08-2016,253,1253,झुडिया तप्पा बनकटा,उनवल,ग्रामीण,1500,upto 2 m,2000,2100,0,2-5 m,20000,24000,19000,base,,,,,,210,153,114,69,200,139,104,62,150,87,66,38,0.040/0.100/0.200 ha,agri: vcode handwritten over printed code
khajni,Khajni,03-08-2016,254,1254,झुडिया तप्पा हवेली,उनवल,ग्रामीण,3100,upto 2 m,4300,4600,0,2-5 m,20000,24000,19000,base,,,,,,460,169,131,69,430,150,112,62,310,95,73,42,0.040/0.100/0.200 ha,agri: vcode handwritten over printed code
khajni,Khajni,03-08-2016,255,1255,झई,धुरियापार,ग्रामीण,1500,upto 2 m,2000,2100,0,2-5 m,20000,24000,19000,base,,,,,,210,153,114,69,200,139,104,62,150,87,66,38,0.040/0.100/0.200 ha,agri: vcode handwritten over printed code
khajni,Khajni,03-08-2016,256,1256,झझवा,धुरियापार,ग्रामीण,1500,upto 2 m,4600,4900,0,2-5 m,26000,30000,25000,base,,,,,,490,169,131,69,460,150,112,62,330,95,73,42,0.040/0.100/0.200 ha,agri: vcode handwritten over printed code
khajni,Khajni,03-08-2016,257,1257,झौवा खुर्द,धुरियापार,ग्रामीण,1500,upto 2 m,2000,2100,0,2-5 m,20000,24000,19000,base,,,,,,210,153,114,69,200,139,104,62,150,87,66,38,0.040/0.100/0.200 ha,agri: vcode handwritten over printed code
khajni,Khajni,03-08-2016,258,1258,झौवा बुजुर्ग,धुरियापार,ग्रामीण,1500,upto 2 m,2000,2100,0,2-5 m,20000,24000,19000,base,,,,,,210,153,114,69,200,139,104,62,150,87,66,38,0.040/0.100/0.200 ha,agri: vcode handwritten over printed code
khajni,Khajni,03-08-2016,259,1259,झिनखिनी,धुरियापार,ग्रामीण,1500,upto 2 m,2000,2100,0,2-5 m,20000,24000,19000,base,,,,,,210,153,114,69,200,139,104,62,150,87,66,38,0.040/0.100/0.200 ha,agri: vcode handwritten over printed code
khajni,Khajni,03-08-2016,260,1260,झकही,हसनपुर मगहर,ग्रामीण,1500,upto 2 m,2200,2100,0,2-5 m,20000,24000,19000,base,,,,,,210,153,114,69,200,139,104,62,150,87,66,38,0.040/0.100/0.200 ha,road: r5to9<r2to5 as printed | agri: vcode handwritten over printed code
khajni,Khajni,03-08-2016,261,1261,टेकवार,उनवल,ग्रामीण,6300,upto 2 m,9500,9200,9200,2-5 m,20000,30000,25000,base,,,,,,9200,169,131,69,860,150,112,62,630,95,73,42,0.040/0.100/0.200 ha,road: r5to9<r2to5 as printed | comm: unusual combination as printed (land 20000 with shop 30000/office 25000); verified at zoom | agri: dist_a 9200 as printed (other villages in same group 620-1100; likely 920?); vcode handwritten over printed code
khajni,Khajni,03-08-2016,262,1262,टेगंरी,उनवल,ग्रामीण,1500,upto 2 m,2000,2100,0,2-5 m,20000,24000,19000,base,,,,,,210,153,114,69,200,139,104,62,150,87,66,38,0.040/0.100/0.200 ha,agri: vcode handwritten over printed code
khajni,Khajni,03-08-2016,263,1263,टिकरिया दिगर,उनवल,ग्रामीण,1500,upto 2 m,2000,2100,0,2-5 m,20000,24000,19000,base,,,,,,210,153,114,69,200,139,104,62,150,87,66,38,0.040/0.100/0.200 ha,agri: vcode handwritten over printed code
khajni,Khajni,03-08-2016,264,1264,टिकरियानाथ सिंह,उनवल,ग्रामीण,1500,upto 2 m,2000,2100,0,2-5 m,20000,24000,19000,base,,,,,,210,153,114,69,200,139,104,62,150,87,66,38,0.040/0.100/0.200 ha,agri: vcode handwritten over printed code
khajni,Khajni,03-08-2016,265,1265,ठिकापुर,धुरियापार,ग्रामीण,1500,upto 2 m,2000,2100,0,2-5 m,20000,24000,19000,base,,,,,,210,153,114,69,200,139,104,62,150,28,24,19,0.040/0.100/0.200 ha,agri: other_b..d 28/24/19 (low) as printed; vcode handwritten over printed code
khajni,Khajni,03-08-2016,266,1266,टिकुलियाडाड,धुरियापार,ग्रामीण,3300,upto 2 m,4600,4900,0,2-5 m,26000,30000,25000,base,,,,,,490,169,131,69,460,150,112,62,330,95,73,42,0.040/0.100/0.200 ha,agri: vcode handwritten over printed code
khajni,Khajni,03-08-2016,267,1267,टिकरी खुर्द,धुरियापार,ग्रामीण,1500,upto 2 m,2000,2100,0,2-5 m,20000,24000,19000,base,,,,,,210,153,114,69,200,139,104,62,150,87,66,38,0.040/0.100/0.200 ha,agri: vcode handwritten over printed code
khajni,Khajni,03-08-2016,268,1268,टिकरी बुजुर्ग,धुरियापार,ग्रामीण,1500,upto 2 m,2000,2100,0,2-5 m,20000,24000,19000,base,,,,,,210,153,114,69,200,139,104,62,150,87,66,38,0.040/0.100/0.200 ha,agri: vcode handwritten over printed code
khajni,Khajni,03-08-2016,269,1269,टडवा,हसनपुर मगहर,ग्रामीण,1500,upto 2 m,2000,2100,0,2-5 m,20000,24000,19000,base,,,,,,210,153,114,69,200,139,104,62,150,87,66,38,0.040/0.100/0.200 ha,agri: vcode handwritten over printed code
khajni,Khajni,03-08-2016,270,1270,ठेगंहा,उनवल,ग्रामीण,1500,upto 2 m,2000,2100,0,2-5 m,20000,24000,19000,base,,,,,,210,153,114,69,200,139,104,62,150,87,66,38,0.040/0.100/0.200 ha,agri: vcode handwritten over printed code
khajni,Khajni,03-08-2016,271,1271,ठठउर,उनवल,ग्रामीण,1500,upto 2 m,2000,2100,0,2-5 m,20000,24000,19000,base,,,,,,210,153,114,69,200,139,104,62,150,87,66,38,0.040/0.100/0.200 ha,agri: vcode handwritten over printed code
khajni,Khajni,03-08-2016,272,1272,ठाती,धुरियापार,ग्रामीण,1500,upto 2 m,2000,2100,0,2-5 m,20000,24000,19000,base,,,,,,210,153,114,69,200,139,104,62,150,87,66,38,0.040/0.100/0.200 ha,agri: vcode handwritten over printed code
khajni,Khajni,03-08-2016,273,1273,डुमरैला,उनवल,ग्रामीण,1500,upto 2 m,2000,2100,0,2-5 m,20000,24000,19000,base,,,,,,210,153,114,69,200,139,104,62,150,87,66,38,0.040/0.100/0.200 ha,agri: vcode handwritten over printed code
khajni,Khajni,03-08-2016,274,1274,डडवा,उनवल,ग्रामीण,1500,upto 2 m,2000,2100,0,2-5 m,20000,24000,19000,base,,,,,,210,153,114,69,200,139,104,62,150,87,66,38,0.040/0.100/0.200 ha,agri: vcode handwritten over printed code
khajni,Khajni,03-08-2016,275,1275,डडवा तप्पा बनकटा,उनवल,ग्रामीण,1500,upto 2 m,2000,2100,0,2-5 m,20000,24000,19000,base,,,,,,210,153,114,69,200,139,104,62,150,87,66,38,0.040/0.100/0.200 ha,agri: vcode handwritten over printed code
khajni,Khajni,03-08-2016,276,1276,डडवा रामचन्दर,उनवल,ग्रामीण,3100,upto 2 m,4300,4600,0,2-5 m,20000,24000,19000,base,,,,,,460,169,131,69,430,150,112,62,310,95,73,42,0.040/0.100/0.200 ha,agri: vcode handwritten over printed code
khajni,Khajni,03-08-2016,277,1277,डडवा चतुर,उनवल,ग्रामीण,1500,upto 2 m,2000,2100,0,2-5 m,20000,24000,19000,base,,,,,,210,153,114,69,200,139,104,62,150,87,66,38,0.040/0.100/0.200 ha,agri: vcode handwritten over printed code
khajni,Khajni,03-08-2016,278,1278,डोडो,उनवल,ग्रामीण,4500,upto 2 m,6000,6800,0,2-5 m,26000,24000,25000,base,,,,,,620,169,131,69,600,150,112,62,450,95,73,42,0.040/0.100/0.200 ha,comm: unusual combination as printed (land 26000 with shop 24000/office 25000); verified at zoom | agri: vcode handwritten over printed code
khajni,Khajni,03-08-2016,279,1279,डोमरघाट,उनवल,ग्रामीण,1500,upto 2 m,2000,2100,0,2-5 m,20000,24000,19000,base,,,,,,210,153,114,69,200,139,104,62,150,87,66,38,0.040/0.100/0.200 ha,agri: vcode handwritten over printed code
khajni,Khajni,03-08-2016,280,1280,डोहरिया प्राणनाथ,उनवल,ग्रामीण,3300,upto 2 m,4600,5400,5600,2-5 m,20000,24000,19000,base,,,,,,490,169,131,69,460,150,112,62,330,95,73,42,0.040/0.100/0.200 ha,road: r9to12 overwritten/blotted (5?00); best reading 5600 | agri: vcode handwritten over printed code
khajni,Khajni,03-08-2016,281,1281,डोहरिया बरगाह,उनवल,ग्रामीण,1500,upto 2 m,2000,2100,0,2-5 m,20000,24000,19000,base,,,,,,210,153,114,69,200,139,104,62,150,87,66,38,0.040/0.100/0.200 ha,agri: vcode handwritten over printed code
khajni,Khajni,03-08-2016,282,1282,डोहरिया बास देव,उनवल,ग्रामीण,1500,upto 2 m,2000,2100,0,2-5 m,20000,24000,19000,base,,,,,,210,153,114,69,200,139,104,62,150,87,66,38,0.040/0.100/0.200 ha,agri: vcode handwritten over printed code
khajni,Khajni,03-08-2016,283,1283,डिग्गा,उनवल,ग्रामीण,1500,upto 2 m,2000,2100,0,2-5 m,20000,24000,19000,base,,,,,,210,153,114,69,200,139,104,62,150,87,66,38,0.040/0.100/0.200 ha,agri: vcode handwritten over printed code
khajni,Khajni,03-08-2016,284,1284,डिग्घी,उनवल,ग्रामीण,1500,upto 2 m,2000,2100,0,2-5 m,20000,24000,19000,base,,,,,,210,153,114,69,200,139,104,62,150,87,66,38,0.040/0.100/0.200 ha,agri: vcode handwritten over printed code
khajni,Khajni,03-08-2016,285,1285,डागीपार,उनवल,ग्रामीण,1500,upto 2 m,2000,2100,0,2-5 m,20000,24000,19000,base,,,,,,210,153,114,69,200,139,104,62,150,87,66,38,0.040/0.100/0.200 ha,agri: vcode handwritten over printed code
khajni,Khajni,03-08-2016,286,1286,डेहराटिकर,धुरियापार,ग्रामीण,3100,upto 2 m,4300,4600,0,2-5 m,26000,30000,25000,base,,,,,,460,169,131,69,430,150,112,62,310,95,73,42,0.040/0.100/0.200 ha,agri: vcode handwritten over printed code
khajni,Khajni,03-08-2016,287,1287,डकही,धुरियापार,ग्रामीण,1500,upto 2 m,2000,2100,0,2-5 m,20000,24000,19000,base,,,,,,210,153,114,69,200,139,104,62,150,87,66,38,0.040/0.100/0.200 ha,agri: vcode handwritten over printed code
khajni,Khajni,03-08-2016,288,1288,डडिहत,धुरियापार,ग्रामीण,1500,upto 2 m,2000,2100,0,2-5 m,20000,24000,19000,base,,,,,,210,153,114,69,200,139,104,62,150,87,66,38,0.040/0.100/0.200 ha,agri: vcode handwritten over printed code
khajni,Khajni,03-08-2016,289,1289,डोमरिया,धुरियापार,ग्रामीण,1500,upto 2 m,2000,2100,0,2-5 m,20000,24000,19000,base,,,,,,210,153,114,69,200,139,104,62,150,87,66,38,0.040/0.100/0.200 ha,agri: vcode handwritten over printed code
khajni,Khajni,03-08-2016,290,1290,डोहरिया,धुरियापार,ग्रामीण,1500,upto 2 m,2000,2100,0,2-5 m,20000,24000,19000,base,,,,,,210,153,114,69,200,139,104,62,150,87,66,38,0.040/0.100/0.200 ha,agri: vcode handwritten over printed code
khajni,Khajni,03-08-2016,291,1291,डिगुरपुर,धुरियापार,ग्रामीण,1500,upto 2 m,2000,2100,0,2-5 m,20000,24000,19000,base,,,,,,210,153,114,69,200,139,104,62,150,87,66,38,0.040/0.100/0.200 ha,agri: vcode handwritten over printed code
khajni,Khajni,03-08-2016,292,1292,ढढौना,उनवल,ग्रामीण,1500,upto 2 m,2000,2100,0,2-5 m,20000,24000,19000,base,,,,,,210,153,114,69,200,139,104,62,150,87,66,38,0.040/0.100/0.200 ha,agri: vcode handwritten over printed code
khajni,Khajni,03-08-2016,293,1293,ढंढिया डीह,उनवल,ग्रामीण,1500,upto 2 m,2000,2100,0,2-5 m,20000,24000,19000,base,,,,,,210,153,114,69,200,139,104,62,150,87,66,38,0.040/0.100/0.200 ha,agri: vcode handwritten over printed code
khajni,Khajni,03-08-2016,294,1294,ढोढई,उनवल,ग्रामीण,1500,upto 2 m,2000,2100,0,2-5 m,20000,24000,19000,base,,,,,,210,153,114,69,200,139,104,62,150,87,66,38,0.040/0.100/0.200 ha,agri: vcode handwritten over printed code
khajni,Khajni,03-08-2016,295,1295,ढेकुनाथ,धुरियापार,ग्रामीण,1500,upto 2 m,2000,2100,0,2-5 m,20000,24000,19000,base,,,,,,210,153,114,69,200,139,104,62,150,95,73,42,0.040/0.100/0.200 ha,agri: other_b..d 95/73/42 with other_a 150 (unusual mix) as printed; vcode handwritten over printed code
khajni,Khajni,03-08-2016,296,1296,ढेबरा बुजुर्ग,धुरियापार,ग्रामीण,3100,upto 2 m,4300,4600,0,2-5 m,26000,30000,25000,base,,,,,,460,169,131,69,430,150,112,62,310,95,73,42,0.040/0.100/0.200 ha,agri: vcode handwritten over printed code
khajni,Khajni,03-08-2016,297,1297,ढेबराखुर्द,धुरियापार,ग्रामीण,3100,upto 2 m,4300,4600,0,2-5 m,26000,30000,25000,base,,,,,,460,169,131,69,430,150,112,62,310,95,73,42,0.040/0.100/0.200 ha,agri: vcode handwritten over printed code
khajni,Khajni,03-08-2016,298,1298,ढखवा,धुरियापार,ग्रामीण,2600,upto 2 m,3500,3700,0,2-5 m,20000,24000,19000,base,,,,,,370,169,131,69,350,150,112,62,260,95,73,42,0.040/0.100/0.200 ha,agri: vcode handwritten over printed code
khajni,Khajni,03-08-2016,299,1299,ढबिया,धुरियापार,ग्रामीण,2600,upto 2 m,3500,3700,0,2-5 m,20000,24000,19000,base,,,,,,370,169,131,69,350,150,112,62,260,95,73,42,0.040/0.100/0.200 ha,agri: vcode handwritten over printed code
khajni,Khajni,03-08-2016,300,1300,ढोढईपार,धुरियापार,ग्रामीण,1500,upto 2 m,2000,2100,0,2-5 m,20000,24000,19000,base,,,,,,210,153,114,69,200,139,104,62,150,87,66,38,0.040/0.100/0.200 ha,agri: vcode handwritten over printed code
khajni,Khajni,03-08-2016,301,1301,तडसर,उनवल,ग्रामीण,1500,upto 2 m,2000,2100,0,2-5 m,20000,24000,19000,base,,,,,,210,153,114,69,200,139,104,62,150,87,66,38,0.040/0.100/0.200 ha,agri: vcode handwritten over printed code
khajni,Khajni,03-08-2016,302,1302,तुर्कवलिया तप्पा हवेली,उनवल,ग्रामीण,1500,upto 2 m,2000,2100,0,2-5 m,20000,24000,19000,base,,,,,,210,153,114,69,200,139,104,62,150,87,66,38,0.040/0.100/0.200 ha,agri: vcode handwritten over printed code
khajni,Khajni,03-08-2016,303,1303,तुलसी ओझा,उनवल,ग्रामीण,1500,upto 2 m,2000,2100,0,2-5 m,20000,24000,19000,base,,,,,,210,153,114,69,200,139,104,62,150,87,66,38,0.040/0.100/0.200 ha,agri: vcode handwritten over printed code
khajni,Khajni,03-08-2016,304,1304,तुलसी पाण्डेय,उनवल,ग्रामीण,1500,upto 2 m,2000,2100,0,2-5 m,20000,24000,19000,base,,,,,,210,153,114,69,200,139,104,62,150,87,66,38,0.040/0.100/0.200 ha,agri: vcode handwritten over printed code
khajni,Khajni,03-08-2016,305,1305,तुलसी रतन,उनवल,ग्रामीण,1500,upto 2 m,2000,2100,0,2-5 m,20000,24000,19000,base,,,,,,210,153,114,69,200,139,104,62,150,87,66,38,0.040/0.100/0.200 ha,agri: vcode handwritten over printed code
khajni,Khajni,03-08-2016,306,1306,तेतरिया,उनवल,ग्रामीण,1500,upto 2 m,2000,2100,0,2-5 m,20000,24000,19000,base,,,,,,210,153,114,69,200,139,104,62,150,87,66,38,0.040/0.100/0.200 ha,agri: vcode handwritten over printed code
khajni,Khajni,03-08-2016,307,1307,तेनुआ उर्फ तुलसी,उनवल,ग्रामीण,1500,upto 2 m,2000,2100,0,2-5 m,20000,24000,19000,base,,,,,,210,153,114,69,200,139,104,62,150,87,66,38,0.040/0.100/0.200 ha,agri: vcode handwritten over printed code
khajni,Khajni,03-08-2016,308,1308,तमा,उनवल,ग्रामीण,1500,upto 2 m,2000,2100,0,2-5 m,20000,24000,19000,base,,,,,,210,153,114,69,200,139,104,62,150,87,66,38,0.040/0.100/0.200 ha,agri: vcode handwritten over printed code
khajni,Khajni,03-08-2016,309,1309,तफलकपुर,धुरियापार,ग्रामीण,1500,upto 2 m,2000,2100,0,2-5 m,20000,24000,19000,base,,,,,,210,153,114,69,200,139,104,62,150,87,66,38,0.040/0.100/0.200 ha,agri: vcode handwritten over printed code
khajni,Khajni,03-08-2016,310,1310,तुर्कवलिया,धुरियापार,ग्रामीण,1500,upto 2 m,2000,2100,0,2-5 m,20000,24000,19000,base,,,,,,210,153,114,69,200,139,104,62,150,196,66,38,0.040/0.100/0.200 ha,agri: other_b 196 > other_a 150 as printed (likely 87?); vcode handwritten over printed code
khajni,Khajni,03-08-2016,311,1311,तेलिया भार,धुरियापार,ग्रामीण,4500,upto 2 m,6000,6200,0,2-5 m,20000,24000,19000,base,,,,,,620,169,131,69,600,150,112,62,450,95,73,42,0.040/0.100/0.200 ha,agri: vcode handwritten over printed code
khajni,Khajni,03-08-2016,312,1312,तेलियाभार उर्फ विशुनपुर,धुरियापार,ग्रामीण,1500,upto 2 m,2000,2100,0,2-5 m,20000,24000,19000,base,,,,,,210,153,114,69,200,139,104,62,150,87,66,38,0.040/0.100/0.200 ha,agri: vcode handwritten over printed code
khajni,Khajni,03-08-2016,313,1313,तारखोप,धुरियापार,ग्रामीण,1500,upto 2 m,2000,2100,0,2-5 m,20000,24000,19000,base,,,,,,210,153,114,69,200,139,104,62,150,87,66,38,0.040/0.100/0.200 ha,agri: vcode handwritten over printed code
khajni,Khajni,03-08-2016,314,1314,तिघरा,धुरियापार,ग्रामीण,1500,upto 2 m,2000,2100,0,2-5 m,20000,24000,19000,base,,,,,,210,153,114,69,200,139,104,62,150,87,66,38,0.040/0.100/0.200 ha,agri: vcode handwritten over printed code
khajni,Khajni,03-08-2016,315,1315,तिवारीपुर,धुरियापार,ग्रामीण,1500,upto 2 m,2000,2100,0,2-5 m,20000,24000,19000,base,,,,,,210,153,114,69,200,139,104,62,150,87,66,38,0.040/0.100/0.200 ha,agri: vcode handwritten over printed code
khajni,Khajni,03-08-2016,316,1316,तिवारीपुर तप्पा बेलघाट,धुरियापार,ग्रामीण,1500,upto 2 m,2000,2100,0,2-5 m,20000,24000,19000,base,,,,,,210,153,114,69,200,139,104,62,150,87,66,38,0.040/0.100/0.200 ha,agri: vcode handwritten over printed code
khajni,Khajni,03-08-2016,317,1317,त्रिलोकपुर,धुरियापार,ग्रामीण,1500,upto 2 m,2000,2100,0,2-5 m,20000,24000,19000,base,,,,,,210,153,114,69,200,139,104,62,150,87,66,38,0.040/0.100/0.200 ha,agri: vcode handwritten over printed code
khajni,Khajni,03-08-2016,318,1318,तुर्कवलिया,हसनपुर मगहर,ग्रामीण,1500,upto 2 m,4300,4600,0,2-5 m,20000,24000,19000,base,,,,,,460,169,131,69,430,150,112,62,310,95,73,42,0.040/0.100/0.200 ha,agri: vcode handwritten over printed code
khajni,Khajni,03-08-2016,319,1319,दुघरा,उनवल,ग्रामीण,3100,upto 2 m,10500,11000,0,2-5 m,26000,30000,25000,base,,,,,,1100,200,165,83,1050,179,150,74,790,115,95,48,0.040/0.100/0.200 ha,agri: vcode handwritten over printed code
khajni,Khajni,03-08-2016,320,1320,देवघटा,उनवल,ग्रामीण,7900,upto 2 m,2000,2100,0,2-5 m,20000,24000,19000,base,,,,,,210,153,114,69,200,139,104,62,150,87,66,38,0.040/0.100/0.200 ha,agri: vcode handwritten over printed code
khajni,Khajni,03-08-2016,321,1321,देवनाथपुर,उनवल,ग्रामीण,1500,upto 2 m,2000,2100,0,2-5 m,20000,24000,19000,base,,,,,,210,153,114,69,200,139,104,62,150,87,66,38,0.040/0.100/0.200 ha,agri: vcode handwritten over printed code
khajni,Khajni,03-08-2016,322,1322,देवराडतुला,उनवल,ग्रामीण,1500,upto 2 m,2000,2100,0,2-5 m,20000,24000,19000,base,,,,,,210,153,114,69,200,139,104,62,150,87,66,38,0.040/0.100/0.200 ha,agri: vcode handwritten over printed code
khajni,Khajni,03-08-2016,323,1323,देवरिया,उनवल,ग्रामीण,1500,upto 2 m,2000,2100,0,2-5 m,20000,24000,19000,base,,,,,,210,153,114,69,200,139,104,62,150,87,66,38,0.040/0.100/0.200 ha,agri: vcode handwritten over printed code
khajni,Khajni,03-08-2016,324,1324,दिलमनपुर,धुरियापार,ग्रामीण,1500,upto 2 m,2000,2100,0,2-5 m,20000,24000,19000,base,,,,,,210,153,114,69,200,139,104,62,150,87,66,38,0.040/0.100/0.200 ha,agri: vcode handwritten over printed code
khajni,Khajni,03-08-2016,325,1325,दुधकुन्डा,धुरियापार,ग्रामीण,1500,upto 2 m,2000,2100,0,2-5 m,20000,24000,19000,base,,,,,,210,153,114,69,200,139,104,62,150,87,66,38,0.040/0.100/0.200 ha,agri: vcode handwritten over printed code
khajni,Khajni,03-08-2016,326,1326,दुबौली,धुरियापार,ग्रामीण,1500,upto 2 m,2000,2100,0,2-5 m,20000,24000,19000,base,,,,,,210,153,114,69,200,139,104,62,150,87,66,38,0.040/0.100/0.200 ha,agri: vcode handwritten over printed code
khajni,Khajni,03-08-2016,327,1327,देवडार,धुरियापार,ग्रामीण,7900,upto 2 m,10500,11000,12000,2-5 m,26000,30000,25000,base,,,,,,1100,200,165,83,1050,179,150,74,790,115,95,48,0.040/0.100/0.200 ha,agri: vcode handwritten over printed code
khajni,Khajni,03-08-2016,328,1328,ददौरा,धुरियापार,ग्रामीण,1500,upto 2 m,2000,2100,0,2-5 m,20000,24000,19000,base,,,,,,210,153,114,69,200,139,104,62,150,87,66,38,0.040/0.100/0.200 ha,agri: vcode handwritten over printed code
khajni,Khajni,03-08-2016,329,1329,दाउदचक,धुरियापार,ग्रामीण,1500,upto 2 m,2000,2100,0,2-5 m,20000,24000,19000,base,,,,,,210,153,114,69,200,139,104,62,150,87,66,38,0.040/0.100/0.200 ha,agri: vcode handwritten over printed code
khajni,Khajni,03-08-2016,330,1330,देवकली,हसनपुर मगहर,ग्रामीण,1500,upto 2 m,2000,2100,0,2-5 m,20000,24000,19000,base,,,,,,210,153,114,69,200,139,104,62,150,87,66,38,0.040/0.100/0.200 ha,agri: vcode handwritten over printed code
khajni,Khajni,03-08-2016,331,1331,धनईपुर,उनवल,ग्रामीण,1500,upto 2 m,2000,2100,0,2-5 m,20000,24000,19000,base,,,,,,210,153,114,69,200,139,104,62,150,87,66,38,0.040/0.100/0.200 ha,agri: vcode handwritten over printed code
khajni,Khajni,03-08-2016,332,1332,धनौजी,उनवल,ग्रामीण,1500,upto 2 m,2000,2100,0,2-5 m,20000,24000,19000,base,,,,,,210,153,114,69,200,139,104,62,150,87,66,38,0.040/0.100/0.200 ha,agri: vcode handwritten over printed code
khajni,Khajni,03-08-2016,333,1333,धुवहॉ,उनवल,ग्रामीण,3300,upto 2 m,4600,4900,0,2-5 m,20000,24000,19000,base,,,,,,490,169,131,69,460,150,112,62,330,95,73,42,0.040/0.100/0.200 ha,agri: vcode handwritten over printed code
khajni,Khajni,03-08-2016,334,1334,धाधूपार,उनवल,ग्रामीण,1500,upto 2 m,2000,2100,0,2-5 m,20000,24000,19000,base,,,,,,210,153,114,69,200,139,104,62,150,87,66,38,0.040/0.100/0.200 ha,agri: vcode handwritten over printed code
khajni,Khajni,03-08-2016,335,1335,धोबौली,उनवल,ग्रामीण,2600,upto 2 m,3500,3700,0,2-5 m,20000,24000,19000,base,,,,,,370,169,131,69,350,150,112,62,260,95,73,42,0.040/0.100/0.200 ha,agri: vcode handwritten over printed code
khajni,Khajni,03-08-2016,336,1336,धोबौली उर्फ धकरौली,उनवल,ग्रामीण,1500,upto 2 m,2000,2100,0,2-5 m,20000,24000,19000,base,,,,,,210,153,114,69,200,139,104,62,150,87,66,38,0.040/0.100/0.200 ha,agri: vcode handwritten over printed code
khajni,Khajni,03-08-2016,337,1337,धन्नूजोत,धुरियापार,ग्रामीण,1500,upto 2 m,2000,2100,0,2-5 m,20000,24000,19000,base,,,,,,210,153,114,69,200,139,104,62,150,87,66,38,0.040/0.100/0.200 ha,agri: vcode handwritten over printed code
khajni,Khajni,03-08-2016,338,1338,धनौजी तप्पा उसरी,धुरियापार,ग्रामीण,3300,upto 2 m,4600,4900,5000,2-5 m,26000,30000,25000,base,,,,,,490,169,131,69,460,150,112,62,330,95,73,42,0.040/0.100/0.200 ha,agri: vcode handwritten over printed code
khajni,Khajni,03-08-2016,339,1339,धमचिया,धुरियापार,ग्रामीण,1500,upto 2 m,2000,2100,0,2-5 m,20000,24000,19000,base,,,,,,210,153,114,69,200,139,104,62,150,87,66,38,0.040/0.100/0.200 ha,agri: vcode handwritten over printed code
khajni,Khajni,03-08-2016,340,1340,धुनियापार,धुरियापार,ग्रामीण,1500,upto 2 m,2000,2100,0,2-5 m,20000,24000,19000,base,,,,,,210,153,114,69,200,139,104,62,150,87,66,38,0.040/0.100/0.200 ha,agri: vcode handwritten over printed code
khajni,Khajni,03-08-2016,341,1341,धुरियाडीह,धुरियापार,ग्रामीण,1500,upto 2 m,2000,2100,0,2-5 m,20000,24000,19000,base,,,,,,210,153,114,69,200,139,104,62,150,87,66,38,0.040/0.100/0.200 ha,agri: vcode handwritten over printed code
khajni,Khajni,03-08-2016,342,1342,धोबौली,धुरियापार,ग्रामीण,1500,upto 2 m,2000,2100,0,2-5 m,20000,24000,19000,base,,,,,,210,153,114,69,200,139,104,62,150,87,66,38,0.040/0.100/0.200 ha,agri: vcode handwritten over printed code
khajni,Khajni,03-08-2016,343,1343,नटिनी,उनवल,ग्रामीण,1500,upto 2 m,2000,2100,0,2-5 m,20000,24000,19000,base,,,,,,210,153,114,69,200,139,104,62,150,87,66,38,0.040/0.100/0.200 ha,agri: vcode handwritten over printed code
khajni,Khajni,03-08-2016,344,1344,नहरदेवा,उनवल,ग्रामीण,1500,upto 2 m,2000,2100,0,2-5 m,20000,24000,19000,base,,,,,,210,153,114,69,200,139,104,62,150,87,66,38,0.040/0.100/0.200 ha,agri: vcode handwritten over printed code
khajni,Khajni,03-08-2016,345,1345,नेउसा,उनवल,ग्रामीण,1500,upto 2 m,2000,2100,0,2-5 m,20000,24000,19000,base,,,,,,210,153,114,69,200,139,104,62,150,87,66,38,0.040/0.100/0.200 ha,agri: vcode handwritten over printed code
khajni,Khajni,03-08-2016,346,1346,नैपुरा,उनवल,ग्रामीण,1500,upto 2 m,2000,2100,0,2-5 m,20000,24000,19000,base,,,,,,210,153,114,69,200,139,104,62,150,87,66,38,0.040/0.100/0.200 ha,agri: vcode handwritten over printed code
khajni,Khajni,03-08-2016,347,1347,नकौडी तप्पा नकौडी,धुरियापार,ग्रामीण,1500,upto 2 m,2000,2100,0,2-5 m,20000,24000,19000,base,,,,,,210,153,114,69,200,139,104,62,150,87,66,38,0.040/0.100/0.200 ha,agri: vcode handwritten over printed code
khajni,Khajni,03-08-2016,348,1348,नकौडी तप्पा बेलघाट,धुरियापार,ग्रामीण,1500,upto 2 m,2000,2100,0,2-5 m,20000,24000,19000,base,,,,,,210,153,114,69,200,139,104,62,150,87,66,38,0.040/0.100/0.200 ha,agri: vcode handwritten over printed code
khajni,Khajni,03-08-2016,349,1349,नगवा,धुरियापार,ग्रामीण,1500,upto 2 m,2000,2100,0,2-5 m,20000,24000,19000,base,,,,,,210,153,114,69,200,139,104,62,150,87,66,38,0.040/0.100/0.200 ha,agri: vcode handwritten over printed code
khajni,Khajni,03-08-2016,350,1350,नगहरा,धुरियापार,ग्रामीण,1500,upto 2 m,2000,2100,0,2-5 m,20000,24000,19000,base,,,,,,210,153,114,69,200,139,104,62,150,87,66,38,0.040/0.100/0.200 ha,agri: vcode handwritten over printed code
khajni,Khajni,03-08-2016,351,1351,नरगडा जग्गासिंह,धुरियापार,ग्रामीण,1500,upto 2 m,2000,2100,0,2-5 m,20000,24000,19000,base,,,,,,210,153,114,69,200,139,104,62,150,28,24,19,0.040/0.100/0.200 ha,agri: other_b..d 28/24/19 (low) as printed; vcode handwritten over printed code
khajni,Khajni,03-08-2016,352,1352,नरगडा शिवदत्त सिंह,धुरियापार,ग्रामीण,1500,upto 2 m,2000,2100,0,2-5 m,20000,24000,19000,base,,,,,,210,153,114,69,200,139,104,62,150,28,24,19,0.040/0.100/0.200 ha,agri: other_b..d 28/24/19 (low) as printed; vcode handwritten over printed code
khajni,Khajni,03-08-2016,353,1353,नराइचपार,धुरियापार,ग्रामीण,3300,upto 2 m,4600,4900,0,2-5 m,20000,24000,19000,base,,,,,,490,169,131,69,460,150,112,62,330,95,73,42,0.040/0.100/0.200 ha,agri: vcode handwritten over printed code
khajni,Khajni,03-08-2016,354,1354,नरायनपुरभटट,धुरियापार,ग्रामीण,1500,upto 2 m,2000,2100,0,2-5 m,20000,24000,19000,base,,,,,,210,153,114,69,200,139,104,62,150,87,66,38,0.040/0.100/0.200 ha,agri: vcode handwritten over printed code
khajni,Khajni,03-08-2016,355,1355,नरायनपुर मुस्तकील,धुरियापार,ग्रामीण,1500,upto 2 m,4600,4600,0,2-5 m,20000,24000,19000,base,,,,,,460,169,131,69,430,150,112,62,310,95,73,42,0.040/0.100/0.200 ha,agri: vcode handwritten over printed code
khajni,Khajni,03-08-2016,356,1356,नरायनपुर तप्पा शाहपुर,धुरियापार,ग्रामीण,1500,upto 2 m,4300,4600,0,2-5 m,20000,24000,19000,base,,,,,,460,169,131,69,430,150,112,62,310,95,73,42,0.040/0.100/0.200 ha,agri: vcode handwritten over printed code
khajni,Khajni,03-08-2016,357,1357,नरायनपुर एहतमाली,धुरियापार,ग्रामीण,1500,upto 2 m,2000,2100,0,2-5 m,20000,24000,19000,base,,,,,,210,153,114,69,200,139,104,62,150,87,66,38,0.040/0.100/0.200 ha,agri: vcode handwritten over printed code
khajni,Khajni,03-08-2016,358,1358,नेवराखास,धुरियापार,ग्रामीण,1500,upto 2 m,4300,4600,0,2-5 m,20000,24000,19000,base,,,,,,460,169,131,69,430,150,112,62,310,95,73,42,0.040/0.100/0.200 ha,agri: vcode handwritten over printed code
khajni,Khajni,03-08-2016,359,1359,नैठी,धुरियापार,ग्रामीण,1500,upto 2 m,2000,2100,0,2-5 m,20000,24000,19000,base,,,,,,210,153,114,69,200,139,104,62,150,87,66,38,0.040/0.100/0.200 ha,agri: vcode handwritten over printed code
khajni,Khajni,03-08-2016,360,1360,नेउसा उर्फ नेवासमाफी,हसनपुर मगहर,ग्रामीण,2600,upto 2 m,3500,3700,0,2-5 m,20000,24000,19000,base,,,,,,370,169,131,69,350,150,112,62,260,95,73,42,0.040/0.100/0.200 ha,agri: vcode handwritten over printed code
khajni,Khajni,03-08-2016,361,1361,पकडी दामोदर,उनवल,ग्रामीण,1500,upto 2 m,2000,2100,0,2-5 m,20000,24000,19000,base,,,,,,210,153,114,69,200,139,104,62,150,87,66,38,0.040/0.100/0.200 ha,agri: vcode handwritten over printed code
khajni,Khajni,03-08-2016,362,1362,पगार,उनवल,ग्रामीण,3100,upto 2 m,4300,4600,0,2-5 m,20000,24000,19000,base,,,,,,460,169,131,69,430,150,112,62,310,95,73,42,0.040/0.100/0.200 ha,agri: vcode handwritten over printed code
khajni,Khajni,03-08-2016,363,1363,परईडाड,उनवल,ग्रामीण,1500,upto 2 m,2000,2100,0,2-5 m,20000,24000,19000,base,,,,,,210,153,114,69,200,139,104,62,150,87,66,38,0.040/0.100/0.200 ha,agri: vcode handwritten over printed code
khajni,Khajni,03-08-2016,364,1364,परसिया,उनवल,ग्रामीण,3100,upto 2 m,4300,4600,0,2-5 m,20000,24000,19000,base,,,,,,460,169,131,69,430,150,112,62,310,95,73,42,0.040/0.100/0.200 ha,comm: V-code printed with stray mark before it (-1364) | agri: vcode handwritten over printed code
khajni,Khajni,03-08-2016,365,1365,परसौनी,उनवल,ग्रामीण,1500,upto 2 m,2000,2100,0,2-5 m,20000,24000,19000,base,,,,,,210,153,114,69,200,139,104,62,150,87,66,38,0.040/0.100/0.200 ha,agri: vcode handwritten over printed code
khajni,Khajni,03-08-2016,366,1366,पल्हईपार बाबू,उनवल,ग्रामीण,3300,upto 2 m,4600,4900,5000,2-5 m,20000,24000,19000,base,,,,,,490,169,131,69,460,150,112,62,330,95,73,42,0.040/0.100/0.200 ha,agri: vcode handwritten over printed code
khajni,Khajni,03-08-2016,367,1367,पल्हईपार हरनहियॉ,उनवल,ग्रामीण,4500,upto 2 m,6000,6200,6300,2-5 m,20000,24000,19000,base,,,,,,620,169,131,69,600,150,112,62,450,95,73,42,0.040/0.100/0.200 ha,agri: vcode handwritten over printed code
khajni,Khajni,03-08-2016,368,1368,पडियापार,उनवल,ग्रामीण,4500,upto 2 m,6000,6200,6300,2-5 m,20000,24000,19000,base,,,,,,620,169,131,69,600,150,112,62,450,95,73,42,0.040/0.100/0.200 ha,agri: vcode handwritten over printed code
khajni,Khajni,03-08-2016,369,1369,पुरासपार,उनवल,ग्रामीण,1500,upto 2 m,2000,2100,0,2-5 m,20000,24000,19000,base,,,,,,210,153,114,69,200,139,104,62,150,87,66,38,0.040/0.100/0.200 ha,agri: vcode handwritten over printed code
khajni,Khajni,03-08-2016,370,1370,पैसा,उनवल,ग्रामीण,4500,upto 2 m,6000,6800,0,2-5 m,20000,24000,19000,base,,,,,,620,169,131,69,600,150,112,62,450,95,73,42,0.040/0.100/0.200 ha,road: r5to9 printed 6800 clearly (unusual step vs 6200 pattern) | agri: vcode handwritten over printed code
khajni,Khajni,03-08-2016,371,1371,पाकडघाट,उनवल,ग्रामीण,1500,upto 2 m,2000,2100,0,2-5 m,20000,24000,19000,base,,,,,,210,153,114,69,200,139,104,62,150,87,66,38,0.040/0.100/0.200 ha,agri: vcode handwritten over printed code
khajni,Khajni,03-08-2016,372,1372,पानापार,उनवल,ग्रामीण,3300,upto 2 m,4600,4900,0,2-5 m,26000,30000,25000,base,,,,,,490,169,131,69,460,150,112,62,330,95,73,42,0.040/0.100/0.200 ha,agri: vcode handwritten over printed code
khajni,Khajni,03-08-2016,373,1373,पिपरा,उनवल,ग्रामीण,3300,upto 2 m,4600,4900,0,2-5 m,20000,24000,19000,base,,,,,,490,169,131,69,460,150,112,62,330,95,73,42,0.040/0.100/0.200 ha,agri: vcode handwritten over printed code
khajni,Khajni,03-08-2016,374,1374,पिपरागंगा,उनवल,ग्रामीण,1500,upto 2 m,2000,2100,0,2-5 m,20000,24000,19000,base,,,,,,210,153,114,69,200,139,104,62,150,87,66,38,0.040/0.100/0.200 ha,agri: vcode handwritten over printed code
khajni,Khajni,03-08-2016,375,1375,पिपराबनवारी,उनवल,ग्रामीण,1500,upto 2 m,2000,2100,0,2-5 m,20000,24000,19000,base,,,,,,210,153,114,69,200,139,104,62,150,87,66,38,0.040/0.100/0.200 ha,agri: vcode handwritten over printed code
khajni,Khajni,03-08-2016,376,1376,पिडिया,उनवल,ग्रामीण,4500,upto 2 m,6000,6200,6300,2-5 m,20000,24000,19000,base,,,,,,620,169,131,69,600,150,112,62,450,95,73,42,0.040/0.100/0.200 ha,agri: vcode handwritten over printed code
khajni,Khajni,03-08-2016,377,1377,पचहॉ,धुरियापार,ग्रामीण,1500,upto 2 m,2000,2100,0,2-5 m,20000,24000,19000,base,,,,,,210,153,114,69,200,139,104,62,150,87,66,38,0.040/0.100/0.200 ha,agri: vcode handwritten over printed code
khajni,Khajni,03-08-2016,378,1378,पटखौली तप्पा परसी,धुरियापार,ग्रामीण,3100,upto 2 m,4300,4600,0,2-5 m,20000,24000,19000,base,,,,,,460,169,131,69,430,150,112,62,310,95,73,42,0.040/0.100/0.200 ha,agri: vcode handwritten over printed code
khajni,Khajni,03-08-2016,379,1379,पटखौली तप्पा शाहपुर,धुरियापार,ग्रामीण,1500,upto 2 m,2000,2100,0,2-5 m,20000,24000,19000,base,,,,,,210,153,114,69,200,139,104,62,150,87,66,38,0.040/0.100/0.200 ha,agri: vcode handwritten over printed code
khajni,Khajni,03-08-2016,380,1380,पडरी,धुरियापार,ग्रामीण,1500,upto 2 m,2000,2100,0,2-5 m,20000,24000,19000,base,,,,,,210,153,114,69,200,139,104,62,150,87,66,38,0.040/0.100/0.200 ha,agri: vcode handwritten over printed code
khajni,Khajni,03-08-2016,381,1381,पडौली,धुरियापार,ग्रामीण,1500,upto 2 m,2000,2100,0,2-5 m,20000,24000,19000,base,,,,,,210,153,114,69,200,139,104,62,150,87,66,38,0.040/0.100/0.200 ha,agri: vcode handwritten over printed code
khajni,Khajni,03-08-2016,382,1382,पथरहा मिश्र,धुरियापार,ग्रामीण,1500,upto 2 m,2000,2100,0,2-5 m,20000,24000,19000,base,,,,,,210,153,114,69,200,139,104,62,150,28,24,19,0.040/0.100/0.200 ha,agri: other_b..d 28/24/19 (low) as printed; vcode handwritten over printed code
khajni,Khajni,03-08-2016,383,1383,पथरहा बाबू,धुरियापार,ग्रामीण,1500,upto 2 m,2000,2100,0,2-5 m,20000,24000,19000,base,,,,,,210,153,114,69,200,139,104,62,150,87,66,38,0.040/0.100/0.200 ha,agri: vcode handwritten over printed code
khajni,Khajni,03-08-2016,384,1384,परसादीपुर,धुरियापार,ग्रामीण,1500,upto 2 m,2000,2100,0,2-5 m,20000,24000,19000,base,,,,,,210,153,114,69,200,139,104,62,150,87,66,38,0.040/0.100/0.200 ha,agri: vcode handwritten over printed code
khajni,Khajni,03-08-2016,385,1385,परसीखास,धुरियापार,ग्रामीण,1500,upto 2 m,2000,2100,0,2-5 m,20000,24000,19000,base,,,,,,210,153,114,69,200,139,104,62,150,87,66,38,0.040/0.100/0.200 ha,agri: vcode handwritten over printed code
khajni,Khajni,03-08-2016,386,1386,पल्टूपुर,धुरियापार,ग्रामीण,1500,upto 2 m,2000,2100,0,2-5 m,20000,24000,19000,base,,,,,,210,153,114,69,200,139,104,62,150,87,66,38,0.040/0.100/0.200 ha,agri: vcode handwritten over printed code
khajni,Khajni,03-08-2016,387,1387,पतिसा,धुरियापार,ग्रामीण,1500,upto 2 m,2000,2100,0,2-5 m,20000,24000,19000,base,,,,,,210,153,114,69,200,139,104,62,150,87,66,38,0.040/0.100/0.200 ha,agri: vcode handwritten over printed code
khajni,Khajni,03-08-2016,388,1388,पुरनहा तप्पा बेलघाट,धुरियापार,ग्रामीण,1500,upto 2 m,2000,2100,0,2-5 m,20000,24000,19000,base,,,,,,210,153,114,69,200,139,104,62,150,87,66,38,0.040/0.100/0.200 ha,agri: vcode handwritten over printed code
khajni,Khajni,03-08-2016,389,1389,पुरवा तप्पा कुरमौट,धुरियापार,ग्रामीण,1500,upto 2 m,2000,2100,0,2-5 m,20000,24000,19000,base,,,,,,210,153,114,69,200,139,104,62,150,87,66,38,0.040/0.100/0.200 ha,agri: vcode handwritten over printed code
khajni,Khajni,03-08-2016,390,1390,पुरवा तप्पा बेलघाट,धुरियापार,ग्रामीण,1500,upto 2 m,2000,2100,0,2-5 m,20000,24000,19000,base,,,,,,210,153,114,69,200,139,104,62,150,87,66,38,0.040/0.100/0.200 ha,agri: vcode handwritten over printed code
khajni,Khajni,03-08-2016,391,1391,पिडरा,धुरियापार,ग्रामीण,1500,upto 2 m,2000,2100,0,2-5 m,20000,24000,19000,base,,,,,,210,153,114,69,200,139,104,62,150,87,66,38,0.040/0.100/0.200 ha,agri: vcode handwritten over printed code
khajni,Khajni,03-08-2016,392,1392,पिडरी,धुरियापार,ग्रामीण,1500,upto 2 m,3500,3700,0,2-5 m,20000,24000,19000,base,,,,,,370,169,131,69,350,150,112,62,260,95,73,42,0.040/0.100/0.200 ha,agri: vcode handwritten over printed code
khajni,Khajni,03-08-2016,393,1393,पिताम्बरपुर,धुरियापार,ग्रामीण,1500,upto 2 m,2000,2100,2100,2-5 m,20000,24000,19000,base,,,,,,210,153,114,69,200,139,104,62,150,87,66,38,0.040/0.100/0.200 ha,road: r9to12 printed 2100 (equal to r5to9) | agri: vcode handwritten over printed code
khajni,Khajni,03-08-2016,394,1394,पिपरहा,धुरियापार,ग्रामीण,1500,upto 2 m,2000,2100,0,2-5 m,20000,24000,19000,base,,,,,,210,153,114,69,200,139,104,62,150,87,66,38,0.040/0.100/0.200 ha,agri: vcode handwritten over printed code
khajni,Khajni,03-08-2016,395,1395,पिपरसण्डी,धुरियापार,ग्रामीण,4500,upto 2 m,6000,6200,0,2-5 m,26000,30000,25000,base,,,,,,620,169,131,69,600,150,112,62,450,95,73,42,0.040/0.100/0.200 ha,agri: vcode handwritten over printed code
khajni,Khajni,03-08-2016,396,1396,पिपरा खुर्द बुजुर्ग,धुरियापार,ग्रामीण,3300,upto 2 m,4600,4900,5000,2-5 m,26000,30000,25000,base,,,,,,490,169,131,69,460,150,112,62,330,95,73,42,0.040/0.100/0.200 ha,agri: vcode handwritten over printed code
khajni,Khajni,03-08-2016,397,1397,पिपरानेम,धुरियापार,ग्रामीण,2600,upto 2 m,3500,3700,0,2-5 m,20000,24000,19000,base,,,,,,370,169,131,69,350,150,112,62,260,95,73,42,0.040/0.100/0.200 ha,agri: vcode handwritten over printed code
khajni,Khajni,03-08-2016,398,1398,पिपरी,धुरियापार,ग्रामीण,2600,upto 2 m,3500,3700,0,2-5 m,20000,24000,19000,base,,,,,,370,169,131,69,350,150,112,62,260,95,73,42,0.040/0.100/0.200 ha,agri: vcode handwritten over printed code
khajni,Khajni,03-08-2016,399,1399,पचौरी,हसनपुर मगहर,ग्रामीण,3300,upto 2 m,4600,4900,0,2-5 m,20000,24000,19000,base,,,,,,490,169,131,69,460,150,112,62,330,95,73,42,0.040/0.100/0.200 ha,agri: vcode handwritten over printed code
khajni,Khajni,03-08-2016,400,1400,पोखरा,हसनपुर मगहर,ग्रामीण,1500,upto 2 m,2000,2100,0,2-5 m,20000,24000,19000,base,,,,,,210,153,114,69,200,139,104,62,150,87,66,38,0.040/0.100/0.200 ha,agri: vcode handwritten over printed code
khajni,Khajni,03-08-2016,401,1401,पिपराहेमा,हसनपुर मगहर,ग्रामीण,1500,upto 2 m,2000,2100,0,2-5 m,20000,24000,19000,base,,,,,,210,153,114,69,200,139,104,62,150,87,66,38,0.040/0.100/0.200 ha,agri: vcode handwritten over printed code
khajni,Khajni,03-08-2016,402,1402,फरसाडाड,उनवल,ग्रामीण,1500,upto 2 m,2000,2100,0,2-5 m,20000,24000,19000,base,,,,,,210,153,114,69,200,139,104,62,150,87,66,38,0.040/0.100/0.200 ha,agri: vcode handwritten over printed code
khajni,Khajni,03-08-2016,403,1403,फत्तेहपुर,धुरियापार,ग्रामीण,1500,upto 2 m,2000,2100,0,2-5 m,20000,24000,19000,base,,,,,,210,153,114,69,200,139,104,62,150,87,66,38,0.040/0.100/0.200 ha,agri: vcode handwritten over printed code
khajni,Khajni,03-08-2016,404,1404,फरेन्दिया खुर्द,धुरियापार,ग्रामीण,3300,upto 2 m,4600,4900,0,2-5 m,20000,24000,19000,base,,,,,,490,169,131,69,460,150,112,62,330,95,73,42,0.040/0.100/0.200 ha,agri: vcode handwritten over printed code
khajni,Khajni,03-08-2016,405,1405,फरेन्दिया बुजुर्ग,धुरियापार,ग्रामीण,3300,upto 2 m,4600,4900,0,2-5 m,20000,24000,19000,base,,,,,,490,169,131,69,460,150,112,62,330,95,73,42,0.040/0.100/0.200 ha,agri: vcode handwritten over printed code
khajni,Khajni,03-08-2016,406,1406,बकुची,उनवल,ग्रामीण,1500,upto 2 m,2000,2100,0,2-5 m,20000,24000,19000,base,,,,,,210,153,114,69,200,139,104,62,150,87,66,38,0.040/0.100/0.200 ha,agri: vcode handwritten over printed code
khajni,Khajni,03-08-2016,407,1407,बघैला तप्पा महसीन,उनवल,ग्रामीण,3100,upto 2 m,4300,4900,0,2-5 m,20000,24000,19000,base,,,,,,460,169,131,69,430,150,112,62,310,95,73,42,0.040/0.100/0.200 ha,agri: vcode handwritten over printed code
khajni,Khajni,03-08-2016,408,1408,बघौडा,उनवल,ग्रामीण,1500,upto 2 m,2000,2100,0,2-5 m,20000,24000,19000,base,,,,,,210,153,114,69,200,139,104,62,150,87,66,38,0.040/0.100/0.200 ha,agri: vcode handwritten over printed code
khajni,Khajni,03-08-2016,409,1409,वढनी,उनवल,ग्रामीण,6300,upto 2 m,8600,10000,10200,2-5 m,20000,24000,19000,base,,,,,,9200,169,131,69,860,150,112,62,630,95,73,42,0.040/0.100/0.200 ha,road: r9to12 first two digits overstruck/bold in scan; best reading 10200 | agri: dist_a 9200 as printed (likely 920?); vcode handwritten over printed code
khajni,Khajni,03-08-2016,410,1410,बढैपुरवा,उनवल,ग्रामीण,3300,upto 2 m,4600,4900,5000,2-5 m,20000,24000,19000,base,,,,,,490,169,131,69,460,150,112,62,330,95,73,42,0.040/0.100/0.200 ha,agri: vcode handwritten over printed code
khajni,Khajni,03-08-2016,411,1411,बदरा,उनवल,ग्रामीण,1500,upto 2 m,2000,2100,0,2-5 m,20000,24000,19000,base,,,,,,210,153,114,69,200,139,104,62,150,87,66,38,0.040/0.100/0.200 ha,agri: vcode handwritten over printed code
khajni,Khajni,03-08-2016,412,1412,बदरा तप्पा बनकटा,उनवल,ग्रामीण,1500,upto 2 m,2000,2100,0,2-5 m,20000,24000,19000,base,,,,,,210,153,114,69,200,139,104,62,150,87,66,38,0.040/0.100/0.200 ha,agri: vcode handwritten over printed code
khajni,Khajni,03-08-2016,413,1413,बनहैता,उनवल,ग्रामीण,1500,upto 2 m,2000,2100,0,2-5 m,20000,24000,19000,base,,,,,,210,153,114,69,200,139,104,62,150,87,66,38,0.040/0.100/0.200 ha,agri: vcode handwritten over printed code
khajni,Khajni,03-08-2016,414,1414,बभना,उनवल,ग्रामीण,3100,upto 2 m,4300,4600,0,2-5 m,20000,24000,19000,base,,,,,,460,169,131,69,430,150,112,62,310,95,73,42,0.040/0.100/0.200 ha,agri: vcode handwritten over printed code
khajni,Khajni,03-08-2016,415,1415,बरईपार,उनवल,ग्रामीण,1500,upto 2 m,2000,2100,0,2-5 m,20000,24000,19000,base,,,,,,210,153,114,69,200,139,104,62,150,87,66,38,0.040/0.100/0.200 ha,agri: vcode handwritten over printed code
khajni,Khajni,03-08-2016,416,1416,बरगदवा,उनवल,ग्रामीण,1500,upto 2 m,2000,2100,0,2-5 m,20000,24000,19000,base,,,,,,210,153,114,69,200,139,104,62,150,87,66,38,0.040/0.100/0.200 ha,agri: vcode handwritten over printed code
khajni,Khajni,03-08-2016,417,1417,बरपारबरगाह,उनवल,ग्रामीण,1500,upto 2 m,2000,2100,0,2-5 m,20000,24000,19000,base,,,,,,210,153,114,69,200,139,104,62,150,87,66,38,0.040/0.100/0.200 ha,agri: vcode handwritten over printed code
khajni,Khajni,03-08-2016,418,1418,बरी,उनवल,ग्रामीण,3300,upto 2 m,4600,4900,5000,2-5 m,20000,24000,19000,base,,,,,,490,169,131,69,460,150,112,62,330,95,73,42,0.040/0.100/0.200 ha,agri: vcode handwritten over printed code
khajni,Khajni,03-08-2016,419,1419,बरी बन्दुआरी,उनवल,ग्रामीण,7900,upto 2 m,10500,11000,12000,2-5 m,20000,24000,25000,base,,,,,,1100,200,165,83,1050,179,150,74,790,115,95,48,0.040/0.100/0.200 ha,comm: unusual pattern (office 25000 with land 20000/shop 24000) - as printed | agri: vcode handwritten over printed code
khajni,Khajni,03-08-2016,420,1420,बल्लोचक,उनवल,ग्रामीण,1500,upto 2 m,2000,2100,0,2-5 m,20000,24000,19000,base,,,,,,210,153,114,69,200,139,104,62,150,87,66,38,0.040/0.100/0.200 ha,agri: vcode handwritten over printed code
khajni,Khajni,03-08-2016,421,1421,बनियापार,उनवल,ग्रामीण,1500,upto 2 m,2000,2100,0,2-5 m,20000,24000,19000,base,,,,,,210,153,114,69,200,139,104,62,150,87,66,38,0.040/0.100/0.200 ha,agri: vcode handwritten over printed code
khajni,Khajni,03-08-2016,422,1422,बसियाखोर,उनवल,ग्रामीण,3300,upto 2 m,4600,4900,0,2-5 m,20000,24000,19000,base,,,,,,490,169,131,69,460,150,112,62,330,95,73,42,0.040/0.100/0.200 ha,agri: vcode handwritten over printed code
khajni,Khajni,03-08-2016,423,1423,बुढौरा,उनवल,ग्रामीण,1500,upto 2 m,2000,2100,0,2-5 m,20000,24000,19000,base,,,,,,210,153,114,69,200,139,104,62,150,87,66,38,0.040/0.100/0.200 ha,agri: vcode handwritten over printed code
khajni,Khajni,03-08-2016,424,1424,बहुरीपार खुर्द,उनवल,ग्रामीण,4500,upto 2 m,6000,6200,6300,2-5 m,26000,24000,25000,base,,,,,,620,169,131,69,600,150,112,62,450,95,73,42,0.040/0.100/0.200 ha,comm: shop 24000 lower than usual 30000 for 26000/25000 row - as printed | agri: vcode handwritten over printed code
khajni,Khajni,03-08-2016,425,1425,बहुरीपार बुजुर्ग,उनवल,ग्रामीण,4500,upto 2 m,6000,6200,6300,2-5 m,26000,24000,25000,base,,,,,,620,169,131,69,600,150,112,62,450,95,73,42,0.040/0.100/0.200 ha,comm: shop 24000 lower than usual 30000 for 26000/25000 row - as printed | agri: vcode handwritten over printed code
khajni,Khajni,03-08-2016,426,1426,बसडीला,उनवल,ग्रामीण,3300,upto 2 m,4600,4900,0,2-5 m,20000,24000,19000,base,,,,,,490,169,131,69,460,150,112,62,330,95,73,42,0.040/0.100/0.200 ha,agri: vcode handwritten over printed code
khajni,Khajni,03-08-2016,427,1427,बसडिलिया,उनवल,ग्रामीण,1500,upto 2 m,2000,2100,0,2-5 m,20000,24000,19000,base,,,,,,210,153,114,69,200,139,104,62,150,87,66,38,0.040/0.100/0.200 ha,agri: vcode handwritten over printed code
khajni,Khajni,03-08-2016,428,1428,बेनी,उनवल,ग्रामीण,1500,upto 2 m,2000,2100,0,2-5 m,20000,24000,19000,base,,,,,,210,153,114,69,200,139,104,62,150,87,66,38,0.040/0.100/0.200 ha,agri: vcode handwritten over printed code
khajni,Khajni,03-08-2016,429,1429,वरूकागाड,उनवल,ग्रामीण,1500,upto 2 m,2000,2100,0,2-5 m,20000,24000,19000,base,,,,,,210,153,114,69,200,139,104,62,150,87,66,38,0.040/0.100/0.200 ha,agri: vcode handwritten over printed code
khajni,Khajni,03-08-2016,430,1430,बेलडाड,उनवल,ग्रामीण,1500,upto 2 m,2000,2100,0,2-5 m,20000,24000,19000,base,,,,,,210,153,114,69,200,139,104,62,150,87,66,38,0.040/0.100/0.200 ha,agri: vcode handwritten over printed code
khajni,Khajni,03-08-2016,431,1431,बेलभदराचक,उनवल,ग्रामीण,1500,upto 2 m,2000,2100,0,2-5 m,20000,24000,19000,base,,,,,,210,153,114,69,200,139,104,62,150,95,66,38,0.040/0.100/0.200 ha,agri: other_b 95 with other_c 66 (unusual) as printed; vcode handwritten over printed code
khajni,Khajni,03-08-2016,432,1432,बेलूडीहा,उनवल,ग्रामीण,2600,upto 2 m,3500,3700,0,2-5 m,20000,24000,19000,base,,,,,,370,169,131,69,350,150,112,62,260,95,73,42,0.040/0.100/0.200 ha,agri: vcode handwritten over printed code
khajni,Khajni,03-08-2016,433,1433,बगंलापाण्डेय,उनवल,ग्रामीण,1500,upto 2 m,2000,2100,0,2-5 m,20000,24000,19000,base,,,,,,210,153,114,69,200,139,104,62,150,87,66,38,0.040/0.100/0.200 ha,basic: name: dot over ग (बगंला) may be a speck | agri: vcode handwritten over printed code
khajni,Khajni,03-08-2016,434,1434,बागेवाह,उनवल,ग्रामीण,2600,upto 2 m,6000,6200,6300,2-5 m,20000,24000,19000,base,,,,,,620,169,131,69,600,150,112,62,450,95,73,42,0.040/0.100/0.200 ha,agri: vcode handwritten over printed code
khajni,Khajni,03-08-2016,435,1435,बाभनभैसा,उनवल,ग्रामीण,1500,upto 2 m,2000,2100,0,2-5 m,20000,24000,19000,base,,,,,,210,153,114,69,200,139,104,62,150,87,66,38,0.040/0.100/0.200 ha,agri: vcode handwritten over printed code
khajni,Khajni,03-08-2016,436,1436,बारीगाव,उनवल,ग्रामीण,3300,upto 2 m,4600,4900,0,2-5 m,20000,24000,19000,base,,,,,,490,153,114,69,460,139,104,62,330,87,66,38,0.040/0.100/0.200 ha,agri: mixed row: dist_a 490/link_a 460/other_a 330 with low b-d values as printed; vcode handwritten over printed code
khajni,Khajni,03-08-2016,437,1437,वासपार,उनवल,ग्रामीण,1500,upto 2 m,2000,2300,0,2-5 m,20000,24000,19000,base,,,,,,210,153,114,69,200,139,104,62,150,87,66,38,0.040/0.100/0.200 ha,road: r5to9 printed 2300 clearly (pattern elsewhere 2100) | agri: vcode handwritten over printed code
khajni,Khajni,03-08-2016,438,1438,बीकूभैसा,उनवल,ग्रामीण,1500,upto 2 m,2000,2100,0,2-5 m,20000,24000,19000,base,,,,,,210,153,114,69,200,139,104,62,150,87,66,38,0.040/0.100/0.200 ha,agri: vcode handwritten over printed code
khajni,Khajni,03-08-2016,439,1439,बस्तिया,उनवल,ग्रामीण,7900,upto 2 m,10500,11000,0,2-5 m,26000,24000,25000,base,,,,,,1100,200,165,83,1050,179,150,74,790,115,95,48,0.040/0.100/0.200 ha,comm: shop 24000 lower than usual 30000 for 26000/25000 row - as printed | agri: vcode handwritten over printed code
khajni,Khajni,03-08-2016,440,1440,बिनौका,उनवल,ग्रामीण,1500,upto 2 m,2000,2300,0,2-5 m,20000,24000,19000,base,,,,,,210,153,114,69,200,139,104,62,150,87,66,38,0.040/0.100/0.200 ha,road: r5to9 printed 2300 (pattern elsewhere 2100) | agri: vcode handwritten over printed code
khajni,Khajni,03-08-2016,441,1441,बिहारी खुर्द,उनवल,ग्रामीण,1500,upto 2 m,2000,2100,0,2-5 m,20000,24000,19000,base,,,,,,210,153,114,69,200,139,104,62,150,87,66,38,0.040/0.100/0.200 ha,agri: vcode handwritten over printed code
khajni,Khajni,03-08-2016,442,1442,बिहारी बुजुर्ग,उनवल,ग्रामीण,1500,upto 2 m,2000,2100,0,2-5 m,20000,24000,19000,base,,,,,,210,153,114,69,200,139,104,62,150,87,66,38,0.040/0.100/0.200 ha,agri: vcode handwritten over printed code
khajni,Khajni,03-08-2016,443,1443,बघउर,धुरियापार,ग्रामीण,1500,upto 2 m,2000,2100,0,2-5 m,20000,24000,19000,base,,,,,,210,153,114,69,200,139,104,62,150,87,66,38,0.040/0.100/0.200 ha,agri: vcode handwritten over printed code
khajni,Khajni,03-08-2016,444,1444,बघैला तप्पा बेलघाट,धुरियापार,ग्रामीण,1500,upto 2 m,2000,2100,0,2-5 m,20000,24000,19000,base,,,,,,210,153,114,69,200,139,104,62,150,87,66,38,0.040/0.100/0.200 ha,agri: vcode handwritten over printed code
khajni,Khajni,03-08-2016,445,1445,बघाड,धुरियापार,ग्रामीण,1500,upto 2 m,2000,2100,0,2-5 m,20000,24000,19000,base,,,,,,210,153,114,69,200,139,104,62,150,87,66,38,0.040/0.100/0.200 ha,agri: vcode handwritten over printed code
khajni,Khajni,03-08-2016,446,1446,बढैपुरवा,धुरियापार,ग्रामीण,3300,upto 2 m,4600,4900,0,2-5 m,20000,24000,19000,base,,,,,,460,169,131,69,430,150,112,62,310,95,73,42,0.040/0.100/0.200 ha,agri: vcode handwritten over printed code
khajni,Khajni,03-08-2016,447,1447,बढयाडाड तप्पा बेलघाट,धुरियापार,ग्रामीण,1500,upto 2 m,2200,2100,0,2-5 m,20000,24000,19000,base,,,,,,210,153,114,69,200,139,104,62,150,87,66,38,0.040/0.100/0.200 ha,road: r2to5 printed 2200 clearly > r5to9 2100 (decreasing; likely misprint for 2000) | agri: vcode handwritten over printed code
khajni,Khajni,03-08-2016,448,1448,बरीबन्दुआरी,धुरियापार,ग्रामीण,1500,upto 2 m,2000,2100,0,2-5 m,20000,24000,19000,base,,,,,,210,153,114,69,200,139,104,62,150,87,66,38,0.040/0.100/0.200 ha,agri: vcode handwritten over printed code
khajni,Khajni,03-08-2016,449,1449,बनकट,धुरियापार,ग्रामीण,1500,upto 2 m,2000,2100,0,2-5 m,20000,24000,19000,base,,,,,,210,153,114,69,200,139,104,62,150,87,66,38,0.040/0.100/0.200 ha,agri: vcode handwritten over printed code
khajni,Khajni,03-08-2016,450,1450,बनकटी खुर्द,धुरियापार,ग्रामीण,6300,upto 2 m,8600,9200,9200,2-5 m,26000,30000,25000,base,,,,,,9200,169,131,69,860,150,112,62,630,95,73,42,0.040/0.100/0.200 ha,agri: dist_a 9200 as printed (likely 920?); vcode handwritten over printed code
khajni,Khajni,03-08-2016,451,1451,बनकटी बुजुर्ग,धुरियापार,ग्रामीण,6300,upto 2 m,8600,9200,9200,2-5 m,26000,30000,25000,base,,,,,,9200,169,131,69,860,150,112,62,630,95,73,42,0.040/0.100/0.200 ha,agri: dist_a 9200 as printed (likely 920?); vcode handwritten over printed code
khajni,Khajni,03-08-2016,452,1452,बभनपुरा,धुरियापार,ग्रामीण,1500,upto 2 m,2000,2100,0,2-5 m,20000,24000,19000,base,,,,,,210,153,114,69,200,139,104,62,150,87,66,38,0.040/0.100/0.200 ha,agri: vcode handwritten over printed code
khajni,Khajni,03-08-2016,453,1453,बभनपुरा तप्पा उसरी,धुरियापार,ग्रामीण,1500,upto 2 m,2000,2100,0,2-5 m,20000,24000,19000,base,,,,,,210,153,114,69,200,139,104,62,150,87,66,38,0.040/0.100/0.200 ha,agri: vcode handwritten over printed code
khajni,Khajni,03-08-2016,454,1454,बभनौली तप्पा बभनौली,धुरियापार,ग्रामीण,3100,upto 2 m,4300,4900,0,2-5 m,26000,27000,25000,base,,,,,,460,169,131,69,430,150,112,62,310,95,73,42,0.040/0.100/0.200 ha,comm: shop 27000 (unusual value) - as printed | agri: vcode handwritten over printed code
khajni,Khajni,03-08-2016,455,1455,बभनौली तप्पा बेलघाट,धुरियापार,ग्रामीण,2600,upto 2 m,3500,3700,0,2-5 m,20000,24000,19000,base,,,,,,370,169,131,69,350,150,112,62,260,95,73,42,0.040/0.100/0.200 ha,agri: vcode handwritten over printed code
khajni,Khajni,03-08-2016,456,1456,बरपरवा,धुरियापार,ग्रामीण,2600,upto 2 m,3500,3700,0,2-5 m,20000,24000,19000,base,,,,,,370,169,131,69,350,150,112,62,260,95,73,42,0.040/0.100/0.200 ha,agri: vcode handwritten over printed code
khajni,Khajni,03-08-2016,457,1457,बरपरवाबाबू एहतमाली,धुरियापार,ग्रामीण,1500,upto 2 m,2000,2100,0,2-5 m,20000,24000,19000,base,,,,,,210,153,114,69,200,139,104,62,150,87,66,38,0.040/0.100/0.200 ha,agri: vcode handwritten over printed code
khajni,Khajni,03-08-2016,458,1458,बरपरवा बाबू मुस्तकिल,धुरियापार,ग्रामीण,1500,upto 2 m,2000,2100,0,2-5 m,20000,24000,19000,base,,,,,,210,153,114,69,200,139,104,62,150,87,66,38,0.040/0.100/0.200 ha,agri: vcode handwritten over printed code
khajni,Khajni,03-08-2016,459,1459,बरपार,धुरियापार,ग्रामीण,1500,upto 2 m,2000,2100,0,2-5 m,20000,24000,19000,base,,,,,,210,153,114,69,200,139,104,62,150,87,66,38,0.040/0.100/0.200 ha,agri: vcode handwritten over printed code
khajni,Khajni,03-08-2016,460,1460,बरला,धुरियापार,ग्रामीण,1500,upto 2 m,2000,2100,0,2-5 m,20000,24000,19000,base,,,,,,210,153,114,69,200,139,104,62,150,87,66,38,0.040/0.100/0.200 ha,agri: vcode handwritten over printed code
khajni,Khajni,03-08-2016,461,1461,बरोली,धुरियापार,ग्रामीण,1500,upto 2 m,2000,2100,0,2-5 m,20000,24000,19000,base,,,,,,210,153,114,69,200,139,104,62,150,87,66,38,0.040/0.100/0.200 ha,agri: vcode handwritten over printed code
khajni,Khajni,03-08-2016,462,1462,बलुआ उर्फ बलुसड,धुरियापार,ग्रामीण,3300,upto 2 m,4600,5400,5600,2-5 m,20000,30000,25000,base,,,,,,490,169,131,69,460,150,112,62,330,95,73,42,0.040/0.100/0.200 ha,road: r9to12 third digit overstruck (6 over another digit); best reading 5600 | comm: land 20000 with shop 30000/office 25000 - as printed | agri: vcode handwritten over printed code
khajni,Khajni,03-08-2016,463,1463,बलुआ उर्फ कुरमौठ,धुरियापार,ग्रामीण,1500,upto 2 m,2000,2100,0,2-5 m,20000,24000,19000,base,,,,,,210,153,114,69,200,139,104,62,150,87,66,38,0.040/0.100/0.200 ha,agri: vcode handwritten over printed code
khajni,Khajni,03-08-2016,464,1464,बलुआ भवानी बक्स सिंह,धुरियापार,ग्रामीण,3300,upto 2 m,4600,4900,0,2-5 m,26000,30000,25000,base,,,,,,490,169,131,69,460,150,112,62,330,95,73,42,0.040/0.100/0.200 ha,agri: vcode handwritten over printed code
khajni,Khajni,03-08-2016,465,1465,बडिहारी,धुरियापार,ग्रामीण,1500,upto 2 m,2000,2100,0,2-5 m,20000,24000,19000,base,,,,,,210,153,114,69,200,139,104,62,150,87,66,38,0.040/0.100/0.200 ha,agri: vcode handwritten over printed code
khajni,Khajni,03-08-2016,466,1466,बुधनापार खुर्द,धुरियापार,ग्रामीण,1500,upto 2 m,2000,2100,0,2-5 m,20000,24000,19000,base,,,,,,210,153,114,69,200,139,104,62,150,87,66,38,0.040/0.100/0.200 ha,"agri: vcode printed 1406, pen stroke makes 1466"
khajni,Khajni,03-08-2016,467,1467,बुधनापार बुजुर्ग,धुरियापार,ग्रामीण,1500,upto 2 m,2000,2100,0,2-5 m,20000,24000,19000,base,,,,,,210,153,114,69,200,139,104,62,150,87,66,38,0.040/0.100/0.200 ha,"agri: vcode printed 1407, pen stroke makes 1467"
khajni,Khajni,03-08-2016,468,1468,बुलाकीचक,धुरियापार,ग्रामीण,1500,upto 2 m,2000,2100,0,2-5 m,20000,24000,19000,base,,,,,,210,153,114,69,200,139,104,62,150,87,66,38,0.040/0.100/0.200 ha,"agri: vcode printed 1408, pen stroke makes 1468"
khajni,Khajni,03-08-2016,469,1469,बहादुरपुर खुर्द,धुरियापार,ग्रामीण,2600,upto 2 m,3500,3700,0,2-5 m,20000,24000,19000,base,,,,,,370,169,131,69,350,150,112,62,260,95,73,42,0.040/0.100/0.200 ha,"agri: vcode printed 1409, pen stroke makes 1469"
khajni,Khajni,03-08-2016,470,1470,बहादुरपुर बुजुर्ग,धुरियापार,ग्रामीण,2600,upto 2 m,3500,3700,0,2-5 m,20000,24000,19000,base,,,,,,370,169,131,69,350,150,112,62,260,95,73,42,0.040/0.100/0.200 ha,agri: vcode handwritten over printed code
khajni,Khajni,03-08-2016,471,1471,बसन्तपुर,धुरियापार,ग्रामीण,1500,upto 2 m,2000,2100,0,2-5 m,20000,24000,19000,base,,,,,,210,153,114,69,200,139,104,62,150,87,66,38,0.040/0.100/0.200 ha,agri: vcode handwritten over printed code
khajni,Khajni,03-08-2016,472,1472,बसही एहतमाली,धुरियापार,ग्रामीण,1500,upto 2 m,2000,2100,0,2-5 m,20000,24000,19000,base,,,,,,210,153,114,69,200,139,104,62,150,28,24,19,0.040/0.100/0.200 ha,agri: other_b..d 28/24/19 (low) as printed; vcode handwritten over printed code
khajni,Khajni,03-08-2016,473,1473,बसही मुस्तकिल,धुरियापार,ग्रामीण,1500,upto 2 m,2000,2100,0,2-5 m,20000,24000,19000,base,,,,,,210,153,114,69,200,139,104,62,150,87,66,38,0.040/0.100/0.200 ha,agri: vcode handwritten over printed code
khajni,Khajni,03-08-2016,474,1474,बेलीकुण्ड,धुरियापार,ग्रामीण,1500,upto 2 m,2000,2100,0,2-5 m,20000,24000,19000,base,,,,,,210,153,114,69,200,139,104,62,150,87,66,38,0.040/0.100/0.200 ha,agri: vcode handwritten over printed code
khajni,Khajni,03-08-2016,475,1475,बेलीखुर्द एहतमाली,धुरियापार,ग्रामीण,1500,upto 2 m,2000,2100,0,2-5 m,20000,24000,19000,base,,,,,,210,153,114,69,200,139,104,62,150,28,24,19,0.040/0.100/0.200 ha,agri: vcode handwritten over printed code; other_b/c/d 28/24/19 printed (peers 87/66/38)
khajni,Khajni,03-08-2016,476,1476,बेलीखुर्द मुस्तकिल,धुरियापार,ग्रामीण,3100,upto 2 m,4300,4600,0,2-5 m,20000,24000,19000,base,,,,,,460,169,131,69,430,150,112,62,310,95,73,42,0.040/0.100/0.200 ha,agri: vcode handwritten over printed code
khajni,Khajni,03-08-2016,477,1477,बेनी उर्फ विशुनपुर,धुरियापार,ग्रामीण,1500,upto 2 m,2000,2100,0,2-5 m,20000,24000,19000,base,,,,,,210,153,114,69,200,139,104,62,150,87,66,38,0.040/0.100/0.200 ha,agri: vcode handwritten over printed code
khajni,Khajni,03-08-2016,478,1478,बेलदारीपुर तप्पा शाहपुर,धुरियापार,ग्रामीण,1500,upto 2 m,2000,2100,0,2-5 m,20000,24000,19000,base,,,,,,210,153,114,69,200,139,104,62,150,87,66,38,0.040/0.100/0.200 ha,agri: vcode handwritten over printed code
khajni,Khajni,03-08-2016,479,1479,बेलदारीपुर तप्पा बभनौली,धुरियापार,ग्रामीण,1500,upto 2 m,2000,2100,0,2-5 m,20000,24000,19000,base,,,,,,210,153,114,69,200,139,104,62,150,87,66,38,0.040/0.100/0.200 ha,agri: vcode handwritten over printed code
khajni,Khajni,03-08-2016,480,1480,बेलघाट,धुरियापार,ग्रामीण,6300,upto 2 m,8600,9200,0,2-5 m,26000,30000,25000,base,,,,,,9200,169,131,69,860,150,112,62,630,95,73,42,0.040/0.100/0.200 ha,agri: vcode handwritten over printed code; dist_a 9200 as printed (likely 920; link_a 860)
khajni,Khajni,03-08-2016,481,1481,बेलपार,धुरियापार,ग्रामीण,1500,upto 2 m,2000,2100,0,2-5 m,20000,24000,19000,base,,,,,,210,153,114,69,200,139,104,62,150,87,66,38,0.040/0.100/0.200 ha,agri: vcode handwritten over printed code
khajni,Khajni,03-08-2016,482,1482,बलवा तिलकराम,धुरियापार,ग्रामीण,1500,upto 2 m,2000,2100,0,2-5 m,20000,24000,19000,base,,,,,,210,153,114,69,200,139,104,62,150,87,66,38,0.040/0.100/0.200 ha,agri: vcode handwritten over printed code
khajni,Khajni,03-08-2016,483,1483,बेलवाडाडी तप्पा बेलघाट,धुरियापार,ग्रामीण,1500,upto 2 m,2000,2100,0,2-5 m,20000,24000,19000,base,,,,,,210,153,114,69,200,139,104,62,150,87,66,38,0.040/0.100/0.200 ha,agri: vcode handwritten over printed code
khajni,Khajni,03-08-2016,484,1484,बेलसडी खुर्द,धुरियापार,ग्रामीण,1500,upto 2 m,2000,2100,0,2-5 m,20000,24000,19000,base,,,,,,210,153,114,69,200,139,104,62,150,87,66,38,0.040/0.100/0.200 ha,agri: vcode handwritten over printed code
khajni,Khajni,03-08-2016,485,1485,बेलसडी बुजुर्ग,धुरियापार,ग्रामीण,1500,upto 2 m,2000,2100,0,2-5 m,20000,24000,19000,base,,,,,,210,153,114,69,200,139,104,62,150,87,66,38,0.040/0.100/0.200 ha,agri: vcode handwritten over printed code
khajni,Khajni,03-08-2016,486,1486,बेला,धुरियापार,ग्रामीण,2600,upto 2 m,3500,3700,0,2-5 m,20000,24000,19000,base,,,,,,370,169,131,69,350,150,112,62,260,95,73,42,0.040/0.100/0.200 ha,agri: vcode handwritten over printed code
khajni,Khajni,03-08-2016,487,1487,बेलाखुद्र,धुरियापार,ग्रामीण,2600,upto 2 m,3500,3700,0,2-5 m,20000,24000,19000,base,,,,,,370,169,131,69,350,150,112,62,260,95,73,42,0.040/0.100/0.200 ha,agri: vcode handwritten over printed code
khajni,Khajni,03-08-2016,488,1488,बेला बुजुर्ग,धुरियापार,ग्रामीण,2600,upto 2 m,3500,3700,0,2-5 m,20000,24000,19000,base,,,,,,370,169,131,69,350,150,112,62,260,95,73,42,0.040/0.100/0.200 ha,agri: vcode handwritten over printed code
khajni,Khajni,03-08-2016,489,1489,बेसहनी,धुरियापार,ग्रामीण,3300,upto 2 m,4600,4900,0,2-5 m,26000,30000,25000,base,,,,,,490,169,131,69,460,150,112,62,330,95,73,42,0.040/0.100/0.200 ha,agri: vcode handwritten over printed code
khajni,Khajni,03-08-2016,490,1490,बैजन्था,धुरियापार,ग्रामीण,3300,upto 2 m,4600,4900,0,2-5 m,20000,24000,19000,base,,,,,,490,169,131,69,460,150,112,62,330,95,73,42,0.040/0.100/0.200 ha,agri: vcode handwritten over printed code
khajni,Khajni,03-08-2016,491,1491,ब्रम्हदेवा,धुरियापार,ग्रामीण,1500,upto 2 m,2000,2100,0,2-5 m,20000,24000,19000,base,,,,,,210,153,114,69,200,139,104,62,150,87,66,38,0.040/0.100/0.200 ha,agri: vcode handwritten over printed code
khajni,Khajni,03-08-2016,492,1492,बैरिया,धुरियापार,ग्रामीण,1500,upto 2 m,2000,2100,0,2-5 m,20000,24000,19000,base,,,,,,210,153,114,69,200,139,104,62,150,87,66,38,0.040/0.100/0.200 ha,agri: vcode handwritten over printed code
khajni,Khajni,03-08-2016,493,1493,ब्रहमसारी,धुरियापार,ग्रामीण,1500,upto 2 m,2000,2100,0,2-5 m,20000,24000,19000,base,,,,,,210,153,114,69,200,139,104,62,150,87,66,38,0.040/0.100/0.200 ha,agri: vcode handwritten over printed code
khajni,Khajni,03-08-2016,494,1494,बाघाकुण्डा,धुरियापार,ग्रामीण,1500,upto 2 m,2000,2100,0,2-5 m,20000,24000,19000,base,,,,,,210,153,114,69,200,139,104,62,150,28,24,19,0.040/0.100/0.200 ha,agri: vcode handwritten over printed code; other_b/c/d 28/24/19 printed
khajni,Khajni,03-08-2016,495,1495,बंजरिया,धुरियापार,ग्रामीण,3300,upto 2 m,4600,4900,0,2-5 m,20000,24000,19000,base,,,,,,490,169,131,69,460,150,112,62,330,95,73,42,0.040/0.100/0.200 ha,agri: vcode handwritten over printed code
khajni,Khajni,03-08-2016,496,1496,बारीपुर खुर्द/बुजुर्ग,धुरियापार,ग्रामीण,3100,upto 2 m,4300,4600,0,2-5 m,20000,24000,19000,base,,,,,,460,169,131,69,430,150,112,62,310,95,73,42,0.040/0.100/0.200 ha,agri: vcode handwritten over printed code
khajni,Khajni,03-08-2016,497,1497,बालाचक,धुरियापार,ग्रामीण,1500,upto 2 m,2000,2100,0,2-5 m,20000,24000,19000,base,,,,,,210,153,114,69,200,139,104,62,150,87,66,38,0.040/0.100/0.200 ha,agri: vcode handwritten over printed code
khajni,Khajni,03-08-2016,498,1498,बौरडीह,धुरियापार,ग्रामीण,1500,upto 2 m,4600,4900,0,2-5 m,20000,24000,19000,base,,,,,,490,169,131,69,460,150,112,62,330,95,73,42,0.040/0.100/0.200 ha,agri: vcode handwritten over printed code
khajni,Khajni,03-08-2016,499,1499,बकुलही,हसनपुर मगहर,ग्रामीण,1500,upto 2 m,2000,2100,0,2-5 m,20000,24000,19000,base,,,,,,210,153,114,69,200,139,104,62,150,87,66,38,0.040/0.100/0.200 ha,agri: vcode handwritten over printed code
khajni,Khajni,03-08-2016,500,1500,बडहरा,हसनपुर मगहर,ग्रामीण,1500,upto 2 m,2000,2100,0,2-5 m,20000,24000,19000,base,,,,,,210,153,114,69,200,139,104,62,150,87,66,38,0.040/0.100/0.200 ha,agri: vcode handwritten over printed code
khajni,Khajni,03-08-2016,501,1501,भटौली,उनवल,ग्रामीण,6300,upto 2 m,8600,9200,9200,2-5 m,26000,30000,25000,base,,,,,,9200,169,131,69,860,150,112,62,630,95,73,42,0.040/0.100/0.200 ha,agri: vcode handwritten over printed code; dist_a 9200 as printed (likely 920; link_a 860)
khajni,Khajni,03-08-2016,502,1502,भरवलिया,उनवल,ग्रामीण,1500,upto 2 m,2200,2100,0,2-5 m,20000,24000,19000,base,,,,,,210,153,114,69,200,139,104,62,150,87,66,38,0.040/0.100/0.200 ha,"road: r2to5 printed 2200 > r5to9 2100 (decreasing, as printed) | agri: vcode handwritten over printed code"
khajni,Khajni,03-08-2016,503,1503,भरोहिया चौबे,उनवल,ग्रामीण,1500,upto 2 m,2200,2100,0,2-5 m,20000,24000,19000,base,,,,,,210,153,114,69,200,139,104,62,150,87,66,38,0.040/0.100/0.200 ha,"road: r2to5 printed 2200 > r5to9 2100 (decreasing, as printed) | agri: vcode handwritten over printed code"
khajni,Khajni,03-08-2016,504,1504,भरोहिया,उनवल,ग्रामीण,6300,upto 2 m,8600,9200,9200,2-5 m,26000,30000,25000,base,,,,,,9200,169,131,69,860,150,112,62,630,95,73,42,0.040/0.100/0.200 ha,agri: vcode handwritten over printed code; dist_a 9200 as printed (likely 920; link_a 860)
khajni,Khajni,03-08-2016,505,1505,भलुआन,उनवल,ग्रामीण,1500,upto 2 m,2000,2100,0,2-5 m,20000,24000,19000,base,,,,,,210,153,114,69,200,139,104,62,150,87,66,38,0.040/0.100/0.200 ha,agri: vcode handwritten over printed code
khajni,Khajni,03-08-2016,506,1506,भटियारी,उनवल,ग्रामीण,3100,upto 2 m,4300,4600,0,2-5 m,20000,24000,19000,base,,,,,,460,169,131,69,430,150,112,62,310,95,73,42,0.040/0.100/0.200 ha,agri: vcode handwritten over printed code
khajni,Khajni,03-08-2016,507,1507,भेउसा उर्फ बनकटा,उनवल,ग्रामीण,3300,upto 2 m,4600,4900,0,2-5 m,20000,24000,19000,base,,,,,,490,169,131,69,460,150,112,62,330,95,73,42,0.040/0.100/0.200 ha,agri: vcode handwritten over printed code
khajni,Khajni,03-08-2016,508,1508,भैसानाथू,उनवल,ग्रामीण,6300,upto 2 m,8600,9200,9200,2-5 m,26000,30000,25000,base,,,,,,9200,169,131,69,860,150,112,62,630,95,73,42,0.040/0.100/0.200 ha,agri: vcode handwritten over printed code; dist_a 9200 as printed (likely 920; link_a 860)
khajni,Khajni,03-08-2016,509,1509,भाटपार,उनवल,ग्रामीण,3100,upto 2 m,4300,4600,5000,2-5 m,20000,24000,19000,base,,,,,,460,169,131,69,430,150,112,62,310,95,73,42,0.040/0.100/0.200 ha,agri: vcode handwritten over printed code
khajni,Khajni,03-08-2016,510,1510,भिउरा खरगराम,उनवल,ग्रामीण,3300,upto 2 m,4600,4900,5000,2-5 m,20000,24000,19000,base,,,,,,490,169,131,69,460,150,112,62,330,95,73,42,0.040/0.100/0.200 ha,agri: vcode handwritten over printed code
khajni,Khajni,03-08-2016,511,1511,भिउरी,उनवल,ग्रामीण,3300,upto 2 m,4600,4900,5000,2-5 m,20000,24000,19000,base,,,,,,490,169,131,69,460,150,112,62,330,95,73,42,0.040/0.100/0.200 ha,agri: vcode handwritten over printed code
khajni,Khajni,03-08-2016,512,1512,भिटनी,उनवल,ग्रामीण,6300,upto 2 m,8600,9200,0,2-5 m,20000,24000,19000,base,,,,,,9200,169,131,69,860,150,112,62,630,95,73,42,0.040/0.100/0.200 ha,agri: vcode handwritten over printed code; dist_a 9200 as printed (likely 920; link_a 860)
khajni,Khajni,03-08-2016,513,1513,भिटहा,उनवल,ग्रामीण,2600,upto 2 m,3500,3700,3800,2-5 m,20000,24000,19000,base,,,,,,370,169,131,69,350,150,112,62,260,95,73,42,0.040/0.100/0.200 ha,agri: vcode handwritten over printed code
khajni,Khajni,03-08-2016,514,1514,भिटहा कुँवर,उनवल,ग्रामीण,1500,upto 2 m,2000,2100,0,2-5 m,20000,24000,19000,base,,,,,,210,153,114,69,200,139,104,62,150,87,66,38,0.040/0.100/0.200 ha,agri: vcode handwritten over printed code
khajni,Khajni,03-08-2016,515,1515,भिटहा पाण्डेय,उनवल,ग्रामीण,1500,upto 2 m,2000,2100,0,2-5 m,20000,24000,19000,base,,,,,,210,153,114,69,200,139,104,62,150,87,66,38,0.040/0.100/0.200 ha,agri: vcode handwritten over printed code
khajni,Khajni,03-08-2016,516,1516,भगवानचक,धुरियापार,ग्रामीण,1500,upto 2 m,2000,2100,0,2-5 m,20000,24000,19000,base,,,,,,210,153,114,69,200,139,104,62,150,87,66,38,0.040/0.100/0.200 ha,agri: vcode handwritten over printed code
khajni,Khajni,03-08-2016,517,1517,भटपुरवा,धुरियापार,ग्रामीण,3100,upto 2 m,4300,4600,0,2-5 m,20000,24000,19000,base,,,,,,460,169,131,69,430,150,112,62,310,95,73,42,0.040/0.100/0.200 ha,agri: vcode handwritten over printed code
khajni,Khajni,03-08-2016,518,1518,भटपुरवा तप्पा–उसरी,धुरियापार,ग्रामीण,3100,upto 2 m,4300,4600,0,2-5 m,20000,24000,19000,base,,,,,,460,169,131,69,430,150,112,62,310,95,73,42,0.040/0.100/0.200 ha,agri: vcode handwritten over printed code
khajni,Khajni,03-08-2016,519,1519,भटौली खुर्द,धुरियापार,ग्रामीण,1500,upto 2 m,2000,2100,0,2-5 m,20000,24000,19000,base,,,,,,210,153,114,69,200,139,104,62,150,87,66,38,0.040/0.100/0.200 ha,agri: vcode handwritten over printed code
khajni,Khajni,03-08-2016,520,1520,भटौली बुजुर्ग,धुरियापार,ग्रामीण,1500,upto 2 m,2000,2100,0,2-5 m,20000,24000,19000,base,,,,,,210,153,114,69,200,139,104,62,150,87,66,38,0.040/0.100/0.200 ha,agri: vcode handwritten over printed code
khajni,Khajni,03-08-2016,521,1521,भदारखास,धुरियापार,ग्रामीण,7900,upto 2 m,10500,11000,0,2-5 m,26000,24000,25000,base,,,,,,1100,200,165,83,1050,179,150,74,790,115,95,48,0.040/0.100/0.200 ha,comm: shop 24000 lower than usual 30000 for 26000/25000 row - as printed | agri: vcode handwritten over printed code
khajni,Khajni,03-08-2016,522,1522,भभया,धुरियापार,ग्रामीण,2600,upto 2 m,3500,3700,0,2-5 m,20000,24000,19000,base,,,,,,370,169,131,69,350,150,112,62,260,95,73,42,0.040/0.100/0.200 ha,agri: vcode handwritten over printed code
khajni,Khajni,03-08-2016,523,1523,भरथरी,धुरियापार,ग्रामीण,1500,upto 2 m,2000,2100,0,2-5 m,20000,24000,19000,base,,,,,,210,153,114,69,200,139,104,62,150,87,66,38,0.040/0.100/0.200 ha,agri: vcode handwritten over printed code
khajni,Khajni,03-08-2016,524,1524,भरवलीकरन,धुरियापार,ग्रामीण,1500,upto 2 m,2000,2100,0,2-5 m,20000,24000,19000,base,,,,,,210,153,114,69,200,139,104,62,150,87,66,38,0.040/0.100/0.200 ha,agri: vcode handwritten over printed code
khajni,Khajni,03-08-2016,525,1525,भरवलिया खुर्द,धुरियापार,ग्रामीण,1500,upto 2 m,2000,2100,0,2-5 m,20000,24000,19000,base,,,,,,210,153,114,69,200,139,104,62,150,87,66,38,0.040/0.100/0.200 ha,agri: vcode handwritten over printed code
khajni,Khajni,03-08-2016,526,1526,भरवलिया बुजुर्ग,धुरियापार,ग्रामीण,1500,upto 2 m,2000,2100,0,2-5 m,20000,24000,19000,base,,,,,,210,153,114,69,200,139,104,62,150,87,66,38,0.040/0.100/0.200 ha,agri: vcode handwritten over printed code
khajni,Khajni,03-08-2016,527,1527,भरसी,धुरियापार,ग्रामीण,1500,upto 2 m,2000,2100,0,2-5 m,20000,24000,19000,base,,,,,,210,153,114,69,200,139,104,62,150,87,66,38,0.040/0.100/0.200 ha,agri: vcode handwritten over printed code
khajni,Khajni,03-08-2016,528,1528,भरौली,धुरियापार,ग्रामीण,1500,upto 2 m,2000,2100,0,2-5 m,20000,24000,19000,base,,,,,,210,153,114,69,200,139,104,62,150,28,66,38,0.040/0.100/0.200 ha,agri: vcode handwritten over printed code; other_b=28 printed (peers 87); other_b<other_c
khajni,Khajni,03-08-2016,529,1529,भवानीगढ़,धुरियापार,ग्रामीण,3300,upto 2 m,4600,5400,0,2-5 m,20000,24000,19000,base,,,,,,490,169,131,69,460,150,112,62,330,95,73,42,0.040/0.100/0.200 ha,agri: vcode handwritten over printed code
khajni,Khajni,03-08-2016,530,1530,भूलनचक,धुरियापार,ग्रामीण,1500,upto 2 m,2000,2100,0,2-5 m,20000,24000,19000,base,,,,,,210,153,114,69,200,139,104,62,150,28,24,19,0.040/0.100/0.200 ha,agri: vcode handwritten over printed code; other_b/c/d 28/24/19 printed
khajni,Khajni,03-08-2016,531,1531,भेड़ाचक,धुरियापार,ग्रामीण,1500,upto 2 m,2000,2100,0,2-5 m,20000,24000,19000,base,,,,,,210,153,114,69,200,139,104,62,150,87,66,38,0.040/0.100/0.200 ha,agri: vcode handwritten over printed code
khajni,Khajni,03-08-2016,532,1532,भाट मंझरिया,धुरियापार,ग्रामीण,1500,upto 2 m,2000,2100,0,2-5 m,20000,24000,19000,base,,,,,,210,153,114,69,200,139,104,62,150,87,66,38,0.040/0.100/0.200 ha,agri: vcode handwritten over printed code
khajni,Khajni,03-08-2016,533,1533,भाटाडीहा,धुरियापार,ग्रामीण,3100,upto 2 m,4300,4600,0,2-5 m,20000,24000,19000,base,,,,,,460,169,131,69,430,150,112,62,310,95,73,42,0.040/0.100/0.200 ha,agri: vcode handwritten over printed code
khajni,Khajni,03-08-2016,534,1534,भीटी तप्पा–भदार,धुरियापार,ग्रामीण,1500,upto 2 m,2000,2100,0,2-5 m,20000,24000,19000,base,,,,,,210,153,114,69,200,139,104,62,150,87,66,38,0.040/0.100/0.200 ha,agri: vcode handwritten over printed code
khajni,Khajni,03-08-2016,535,1535,भिटहा,धुरियापार,ग्रामीण,1500,upto 2 m,2000,2100,0,2-5 m,20000,24000,19000,base,,,,,,210,153,114,69,200,139,104,62,150,87,66,38,0.040/0.100/0.200 ha,agri: vcode handwritten over printed code
khajni,Khajni,03-08-2016,536,1536,भिटहा तप्पा–भदार,धुरियापार,ग्रामीण,1500,upto 2 m,2000,2100,0,2-5 m,20000,24000,19000,base,,,,,,210,153,114,69,200,139,104,62,150,87,66,38,0.040/0.100/0.200 ha,agri: vcode handwritten over printed code
khajni,Khajni,03-08-2016,537,1537,भिसिया बुजुर्ग,धुरियापार,ग्रामीण,1500,upto 2 m,2000,2100,0,2-5 m,20000,24000,19000,base,,,,,,210,153,114,69,200,139,104,62,150,87,66,38,0.040/0.100/0.200 ha,agri: vcode handwritten over printed code
khajni,Khajni,03-08-2016,538,1538,भिसिया खुर्द,धुरियापार,ग्रामीण,1500,upto 2 m,2000,2100,0,2-5 m,20000,24000,19000,base,,,,,,210,153,114,69,200,139,104,62,150,87,66,38,0.040/0.100/0.200 ha,agri: vcode handwritten over printed code
khajni,Khajni,03-08-2016,539,1539,भदरखी,हसनपुर मगहर,ग्रामीण,1500,upto 2 m,2000,2100,0,2-5 m,20000,24000,19000,base,,,,,,210,153,114,69,200,139,104,62,150,87,66,38,0.040/0.100/0.200 ha,agri: vcode handwritten over printed code
khajni,Khajni,03-08-2016,540,1540,भलुआ,हसनपुर मगहर,ग्रामीण,1500,upto 2 m,2000,2100,0,2-5 m,20000,24000,19000,base,,,,,,210,153,114,69,200,139,104,62,150,87,66,38,0.040/0.100/0.200 ha,agri: vcode handwritten over printed code
khajni,Khajni,03-08-2016,541,1541,भलुही,हसनपुर मगहर,ग्रामीण,1500,upto 2 m,2000,2100,0,2-5 m,20000,24000,19000,base,,,,,,210,153,114,69,200,139,104,62,150,87,66,38,0.040/0.100/0.200 ha,agri: vcode handwritten over printed code
khajni,Khajni,03-08-2016,542,1542,भेउसा,हसनपुर मगहर,ग्रामीण,3100,upto 2 m,4300,4600,0,2-5 m,20000,24000,19000,base,,,,,,460,169,131,69,430,150,112,62,310,95,73,42,0.040/0.100/0.200 ha,agri: vcode handwritten over printed code
khajni,Khajni,03-08-2016,543,1543,भेलाखरगराम,हसनपुर मगहर,ग्रामीण,1500,upto 2 m,2000,2100,0,2-5 m,20000,24000,19000,base,,,,,,210,153,114,69,200,139,104,62,150,87,66,38,0.040/0.100/0.200 ha,agri: vcode handwritten over printed code
khajni,Khajni,03-08-2016,544,1544,भेलाभार,हसनपुर मगहर,ग्रामीण,1500,upto 2 m,2000,2100,0,2-5 m,20000,24000,19000,base,,,,,,210,153,114,69,200,139,104,62,150,87,66,38,0.040/0.100/0.200 ha,agri: vcode handwritten over printed code
khajni,Khajni,03-08-2016,545,1545,भिटहा तप्पा–खजुरी,हसनपुर मगहर,ग्रामीण,1500,upto 2 m,2000,2100,0,2-5 m,20000,24000,19000,base,,,,,,210,153,114,69,200,139,104,62,150,87,66,38,0.040/0.100/0.200 ha,agri: vcode handwritten over printed code
khajni,Khajni,03-08-2016,546,1546,मउधरमंगल,उनवल,ग्रामीण,2600,upto 2 m,6000,6200,6300,2-5 m,26000,30000,25000,base,,,,,,620,169,131,69,600,150,112,62,450,95,73,42,0.040/0.100/0.200 ha,agri: vcode handwritten over printed code
khajni,Khajni,03-08-2016,547,1547,मउमुक्तामन,उनवल,ग्रामीण,1500,upto 2 m,2000,2100,0,2-5 m,20000,24000,19000,base,,,,,,210,153,114,69,200,139,104,62,150,87,66,38,0.040/0.100/0.200 ha,agri: vcode handwritten over printed code
khajni,Khajni,03-08-2016,548,1548,मखानी,उनवल,ग्रामीण,1500,upto 2 m,2000,2100,0,2-5 m,20000,24000,19000,base,,,,,,210,153,114,69,200,139,104,62,150,87,66,38,0.040/0.100/0.200 ha,agri: vcode handwritten over printed code
khajni,Khajni,03-08-2016,549,1549,मचौली,उनवल,ग्रामीण,3300,upto 2 m,4600,4900,0,2-5 m,20000,24000,19000,base,,,,,,490,169,131,69,460,150,112,62,330,95,73,42,0.040/0.100/0.200 ha,agri: vcode handwritten over printed code
khajni,Khajni,03-08-2016,550,1550,मझगांवा तप्पा–हवेली,उनवल,ग्रामीण,3300,upto 2 m,4600,4900,0,2-5 m,20000,24000,19000,base,,,,,,490,169,131,69,460,150,112,62,330,95,73,42,0.040/0.100/0.200 ha,agri: vcode handwritten over printed code
khajni,Khajni,03-08-2016,551,1551,मझौवा,उनवल,ग्रामीण,1500,upto 2 m,2000,2100,0,2-5 m,20000,24000,19000,base,,,,,,210,153,114,69,200,139,104,62,150,87,66,38,0.040/0.100/0.200 ha,agri: vcode handwritten over printed code
khajni,Khajni,03-08-2016,552,1552,मथौली,उनवल,ग्रामीण,3100,upto 2 m,4300,4600,0,2-5 m,20000,24000,19000,base,,,,,,460,169,131,69,430,150,112,62,310,95,73,42,0.040/0.100/0.200 ha,agri: vcode handwritten over printed code
khajni,Khajni,03-08-2016,553,1553,मदनपुरा,उनवल,ग्रामीण,3100,upto 2 m,4300,4600,0,2-5 m,20000,24000,19000,base,,,,,,460,169,131,69,430,150,112,62,310,95,73,42,0.040/0.100/0.200 ha,agri: vcode handwritten over printed code
khajni,Khajni,03-08-2016,554,1554,मरवटिया,उनवल,ग्रामीण,1500,upto 2 m,2000,2100,0,2-5 m,20000,24000,19000,base,,,,,,210,153,114,69,200,139,104,62,150,87,66,38,0.040/0.100/0.200 ha,agri: vcode handwritten over printed code
khajni,Khajni,03-08-2016,555,1555,मल्हीपुर,उनवल,ग्रामीण,1500,upto 2 m,2000,2100,0,2-5 m,20000,24000,19000,base,,,,,,210,153,114,69,200,139,104,62,150,87,66,38,0.040/0.100/0.200 ha,agri: vcode handwritten over printed code
khajni,Khajni,03-08-2016,556,1556,महिलवार,उनवल,ग्रामीण,2600,upto 2 m,3500,3700,0,2-5 m,20000,24000,19000,base,,,,,,370,169,131,69,350,150,112,62,260,95,73,42,0.040/0.100/0.200 ha,agri: vcode handwritten over printed code
khajni,Khajni,03-08-2016,557,1557,मुड़देवाचक,उनवल,ग्रामीण,1500,upto 2 m,2000,2100,0,2-5 m,20000,24000,19000,base,,,,,,210,153,114,69,200,139,104,62,150,87,66,38,0.040/0.100/0.200 ha,agri: vcode handwritten over printed code
khajni,Khajni,03-08-2016,558,1558,मुडदेवा बुजुर्ग,उनवल,ग्रामीण,1500,upto 2 m,2000,2100,0,2-5 m,20000,24000,19000,base,,,,,,210,153,114,69,200,139,104,62,150,87,66,38,0.040/0.100/0.200 ha,agri: vcode handwritten over printed code
khajni,Khajni,03-08-2016,559,1559,मुडियारी,उनवल,ग्रामीण,1500,upto 2 m,2000,2100,0,2-5 m,20000,24000,19000,base,,,,,,210,153,114,69,200,139,104,62,150,87,66,38,0.040/0.100/0.200 ha,agri: vcode handwritten over printed code
khajni,Khajni,03-08-2016,560,1560,मुहआडाड,उनवल,ग्रामीण,1500,upto 2 m,2000,2100,0,2-5 m,20000,24000,19000,base,,,,,,210,153,114,69,200,139,104,62,150,87,66,38,0.040/0.100/0.200 ha,agri: vcode handwritten over printed code
khajni,Khajni,03-08-2016,561,1561,महुआपार,उनवल,ग्रामीण,3100,upto 2 m,4300,4600,0,2-5 m,20000,24000,19000,base,,,,,,460,169,131,69,430,150,112,62,310,95,73,42,0.040/0.100/0.200 ha,agri: vcode handwritten over printed code
khajni,Khajni,03-08-2016,562,1562,महुलाखोर,उनवल,ग्रामीण,1500,upto 2 m,2000,2100,0,2-5 m,20000,24000,19000,base,,,,,,210,153,114,69,200,139,104,62,150,87,66,38,0.040/0.100/0.200 ha,agri: vcode handwritten over printed code
khajni,Khajni,03-08-2016,563,1563,महमूदपुर,उनवल,ग्रामीण,1500,upto 2 m,2000,2100,0,2-5 m,20000,24000,19000,base,,,,,,210,153,114,69,200,139,104,62,150,87,66,38,0.040/0.100/0.200 ha,agri: vcode handwritten over printed code
khajni,Khajni,03-08-2016,564,1564,मेउड़ी,उनवल,ग्रामीण,1500,upto 2 m,2000,2100,0,2-5 m,20000,24000,19000,base,,,,,,210,153,114,69,200,139,104,62,150,87,66,38,0.040/0.100/0.200 ha,agri: vcode handwritten over printed code
khajni,Khajni,03-08-2016,565,1565,मंझरिया खुर्द,उनवल,ग्रामीण,1500,upto 2 m,2000,2100,0,2-5 m,20000,24000,19000,base,,,,,,210,153,114,69,200,139,104,62,150,87,66,38,0.040/0.100/0.200 ha,agri: vcode handwritten over printed code
khajni,Khajni,03-08-2016,566,1566,मंझरिया बुजुर्ग,उनवल,ग्रामीण,1500,upto 2 m,2000,2100,0,2-5 m,20000,24000,19000,base,,,,,,210,153,114,69,200,139,104,62,150,87,66,38,0.040/0.100/0.200 ha,agri: vcode handwritten over printed code
khajni,Khajni,03-08-2016,567,1567,माल्हनपार खुर्द,उनवल,ग्रामीण,4500,upto 2 m,6000,6200,0,2-5 m,20000,30000,25000,base,,,,,,620,169,131,69,600,150,112,62,450,95,73,42,0.040/0.100/0.200 ha,comm: land 20000 with shop 30000/office 25000 - as printed | agri: vcode handwritten over printed code
khajni,Khajni,03-08-2016,568,1568,मउर,धुरियापार,ग्रामीण,1500,upto 2 m,2000,2100,0,2-5 m,20000,24000,19000,base,,,,,,210,153,114,69,200,139,104,62,150,87,66,38,0.040/0.100/0.200 ha,agri: vcode handwritten over printed code
khajni,Khajni,03-08-2016,569,1569,मकरहा,धुरियापार,ग्रामीण,2600,upto 2 m,3500,3700,0,2-5 m,20000,24000,19000,base,,,,,,370,169,131,69,350,150,112,62,260,95,73,42,0.040/0.100/0.200 ha,agri: vcode handwritten over printed code
khajni,Khajni,03-08-2016,570,1570,मझगांवा तप्पा–बेलघाट,धुरियापार,ग्रामीण,3100,upto 2 m,4300,4600,0,2-5 m,20000,24000,19000,base,,,,,,460,169,131,69,430,150,112,62,310,95,73,42,0.040/0.100/0.200 ha,agri: vcode handwritten over printed code
khajni,Khajni,03-08-2016,571,1571,मठखेमकरन,धुरियापार,ग्रामीण,1500,upto 2 m,2000,2100,0,2-5 m,20000,24000,19000,base,,,,,,210,153,114,69,200,139,104,62,150,87,66,38,0.040/0.100/0.200 ha,agri: vcode handwritten over printed code
khajni,Khajni,03-08-2016,572,1572,मठयादव,धुरियापार,ग्रामीण,1500,upto 2 m,2000,2100,0,2-5 m,20000,24000,19000,base,,,,,,210,153,114,69,200,139,104,62,150,87,66,38,0.040/0.100/0.200 ha,agri: vcode handwritten over printed code
khajni,Khajni,03-08-2016,573,1573,मठरामगिरि एह0,धुरियापार,ग्रामीण,1500,upto 2 m,2000,2100,0,2-5 m,20000,24000,19000,base,,,,,,210,153,114,69,200,139,104,62,150,28,24,19,0.040/0.100/0.200 ha,agri: vcode handwritten over printed code; other_b/c/d 28/24/19 printed
khajni,Khajni,03-08-2016,574,1574,मठरामगिरि मुस्तकिल,धुरियापार,ग्रामीण,1500,upto 2 m,2000,2100,0,2-5 m,20000,24000,19000,base,,,,,,210,153,114,69,200,139,104,62,150,87,66,38,0.040/0.100/0.200 ha,agri: vcode handwritten over printed code
khajni,Khajni,03-08-2016,575,1575,मठविक्रम,धुरियापार,ग्रामीण,1500,upto 2 m,2000,2100,0,2-5 m,20000,24000,19000,base,,,,,,210,153,114,69,200,139,104,62,150,87,66,38,0.040/0.100/0.200 ha,agri: vcode handwritten over printed code
khajni,Khajni,03-08-2016,576,1576,मठविहारीदासा,धुरियापार,ग्रामीण,1500,upto 2 m,2000,2100,0,2-5 m,20000,24000,19000,base,,,,,,210,153,114,69,200,139,104,62,150,87,66,38,0.040/0.100/0.200 ha,agri: vcode handwritten over printed code
khajni,Khajni,03-08-2016,577,1577,मड़हा,धुरियापार,ग्रामीण,1500,upto 2 m,2000,2100,0,2-5 m,20000,24000,19000,base,,,,,,210,153,114,69,200,139,104,62,150,87,66,38,0.040/0.100/0.200 ha,agri: vcode handwritten over printed code
khajni,Khajni,03-08-2016,578,1578,मथौली,धुरियापार,ग्रामीण,1500,upto 2 m,2000,2100,0,2-5 m,20000,24000,19000,base,,,,,,210,153,114,69,200,139,104,62,150,87,66,38,0.040/0.100/0.200 ha,agri: vcode handwritten over printed code
khajni,Khajni,03-08-2016,579,1579,मलॉव,धुरियापार,ग्रामीण,4500,upto 2 m,6000,6200,6300,2-5 m,26000,3000,25000,base,,,,,,620,169,131,69,600,150,112,62,450,95,73,42,0.040/0.100/0.200 ha,comm: shop printed 3000 (likely typo for 30000) - as printed | agri: vcode handwritten over printed code
khajni,Khajni,03-08-2016,580,1580,मझिली,धुरियापार,ग्रामीण,1500,upto 2 m,2000,2100,0,2-5 m,20000,24000,19000,base,,,,,,210,153,114,69,200,139,104,62,150,87,66,38,0.040/0.100/0.200 ha,agri: vcode handwritten over printed code
khajni,Khajni,03-08-2016,581,1581,मटियरिया,धुरियापार,ग्रामीण,1500,upto 2 m,2000,2100,0,2-5 m,20000,24000,19000,base,,,,,,210,153,114,69,200,139,104,62,150,87,66,38,0.040/0.100/0.200 ha,agri: vcode handwritten over printed code
khajni,Khajni,03-08-2016,582,1582,मठिया तप्पा–कुरमौट,धुरियापार,ग्रामीण,1500,upto 2 m,2000,2100,0,2-5 m,20000,24000,19000,base,,,,,,210,153,114,69,200,139,104,62,150,87,66,38,0.040/0.100/0.200 ha,agri: vcode handwritten over printed code
khajni,Khajni,03-08-2016,583,1583,मठिया तप्पा–भदार,धुरियापार,ग्रामीण,1500,upto 2 m,2000,2100,0,2-5 m,20000,24000,19000,base,,,,,,210,153,114,69,200,139,104,62,150,87,66,38,0.040/0.100/0.200 ha,agri: vcode handwritten over printed code
khajni,Khajni,03-08-2016,584,1584,मठिया तप्पा–शाहपुर,धुरियापार,ग्रामीण,1500,upto 2 m,2000,2100,0,2-5 m,20000,24000,19000,base,,,,,,210,153,114,69,200,139,104,62,150,87,66,38,0.040/0.100/0.200 ha,agri: vcode handwritten over printed code
khajni,Khajni,03-08-2016,585,1585,मनिकापार,धुरियापार,ग्रामीण,4500,upto 2 m,6000,6200,0,2-5 m,20000,24000,19000,base,,,,,,620,169,131,69,600,150,112,62,450,95,73,42,0.040/0.100/0.200 ha,agri: vcode handwritten over printed code
khajni,Khajni,03-08-2016,586,1586,मसिदिया,धुरियापार,ग्रामीण,1500,upto 2 m,2000,2100,0,2-5 m,20000,24000,19000,base,,,,,,210,153,114,69,200,139,104,62,150,87,66,38,0.040/0.100/0.200 ha,agri: vcode handwritten over printed code
khajni,Khajni,03-08-2016,587,1587,मसिदिया तप्पा–शाहपुर,धुरियापार,ग्रामीण,1500,upto 2 m,2000,2100,0,2-5 m,20000,24000,19000,base,,,,,,210,153,114,69,200,139,104,62,150,87,66,38,0.040/0.100/0.200 ha,agri: vcode handwritten over printed code
khajni,Khajni,03-08-2016,588,1588,मुकारिमपुर,धुरियापार,ग्रामीण,2600,upto 2 m,3500,3700,0,2-5 m,20000,24000,19000,base,,,,,,370,169,131,69,350,150,112,62,260,95,73,42,0.040/0.100/0.200 ha,agri: vcode handwritten over printed code
khajni,Khajni,03-08-2016,589,1589,मुसरद,धुरियापार,ग्रामीण,1500,upto 2 m,2000,2100,0,2-5 m,20000,24000,19000,base,,,,,,210,153,114,69,200,139,104,62,150,87,66,38,0.040/0.100/0.200 ha,agri: vcode handwritten over printed code
khajni,Khajni,03-08-2016,590,1590,महुई खुर्द,धुरियापार,ग्रामीण,6300,upto 2 m,8600,10000,10200,2-5 m,26000,30000,25000,base,,,,,,9200,169,131,69,860,150,112,62,630,95,73,42,0.040/0.100/0.200 ha,road: r9to12 second digit overprinted (reads 10200; could be 18200) | agri: vcode handwritten over printed code; dist_a 9200 as printed (likely 920; link_a 860)
khajni,Khajni,03-08-2016,591,1591,महुई बुजुर्ग,धुरियापार,ग्रामीण,6300,upto 2 m,8600,10000,10200,2-5 m,26000,30000,25000,base,,,,,,9200,169,131,69,860,139,104,62,630,95,73,42,0.040/0.100/0.200 ha,road: r9to12 second digit overprinted (reads 10200; could be 18200) | agri: vcode handwritten over printed code; dist_a 9200 as printed (likely 920; link_a 860); link_b/c 139/104 with dist_a 9200 (peers 150/112)
khajni,Khajni,03-08-2016,592,1592,महुलिया,धुरियापार,ग्रामीण,2600,upto 2 m,3500,3700,0,2-5 m,20000,24000,19000,base,,,,,,370,169,131,69,350,150,112,62,260,95,73,42,0.040/0.100/0.200 ha,agri: vcode handwritten over printed code
khajni,Khajni,03-08-2016,593,1593,मसुरिया,धुरियापार,ग्रामीण,6300,upto 2 m,8600,9200,0,2-5 m,20000,24000,19000,base,,,,,,9200,169,131,69,860,139,104,62,630,95,73,42,0.040/0.100/0.200 ha,agri: vcode handwritten over printed code; dist_a 9200 as printed (likely 920; link_a 860); link_b/c 139/104 with dist_a 9200 (peers 150/112)
khajni,Khajni,03-08-2016,594,1594,मसी,धुरियापार,ग्रामीण,3100,upto 2 m,4300,4600,0,2-5 m,20000,24000,19000,base,,,,,,460,169,131,69,430,150,112,62,310,95,73,42,0.040/0.100/0.200 ha,agri: vcode handwritten over printed code
khajni,Khajni,03-08-2016,595,1595,मंझरिया,धुरियापार,ग्रामीण,3300,upto 2 m,4600,4900,0,2-5 m,20000,24000,19000,base,,,,,,490,169,131,69,460,150,112,62,330,95,73,42,0.040/0.100/0.200 ha,agri: vcode handwritten over printed code
khajni,Khajni,03-08-2016,596,1596,मंझरिया तप्पा–बेलघाट,धुरियापार,ग्रामीण,1500,upto 2 m,2000,2100,0,2-5 m,20000,24000,19000,base,,,,,,210,153,114,69,200,139,104,62,150,87,66,38,0.040/0.100/0.200 ha,agri: vcode handwritten over printed code
khajni,Khajni,03-08-2016,597,1597,मंझरिया दीगर,धुरियापार,ग्रामीण,1500,upto 2 m,2000,2100,0,2-5 m,20000,24000,19000,base,,,,,,210,153,114,69,200,139,104,62,150,87,66,38,0.040/0.100/0.200 ha,agri: vcode handwritten over printed code
khajni,Khajni,03-08-2016,598,1598,मंझरिया तालुक ध्यानपुर,धुरियापार,ग्रामीण,1500,upto 2 m,4600,4900,0,2-5 m,20000,24000,19000,base,,,,,,210,153,114,69,200,139,104,62,150,87,66,38,0.040/0.100/0.200 ha,agri: vcode handwritten over printed code
khajni,Khajni,03-08-2016,599,1599,माझा कम्हरिया,धुरियापार,ग्रामीण,1500,upto 2 m,2000,2100,0,2-5 m,20000,24000,19000,base,,,,,,210,153,114,69,200,139,104,62,150,28,24,38,0.040/0.100/0.200 ha,"agri: vcode handwritten over printed code; other_b/c=28/24 printed, other_d=38"
khajni,Khajni,03-08-2016,600,1600,माधोपुर,धुरियापार,ग्रामीण,1500,upto 2 m,2000,2100,0,2-5 m,20000,24000,19000,base,,,,,,210,153,114,69,200,139,104,62,150,87,66,38,0.040/0.100/0.200 ha,agri: vcode handwritten over printed code
khajni,Khajni,03-08-2016,601,1601,माधोपुर तप्पा–चोड़र,धुरियापार,ग्रामीण,1500,upto 2 m,2000,2100,0,2-5 m,20000,24000,19000,base,,,,,,210,153,114,69,200,139,104,62,150,87,66,38,0.040/0.100/0.200 ha,agri: vcode handwritten over printed code
khajni,Khajni,03-08-2016,602,1602,माल्हनपार,धुरियापार,ग्रामीण,7900,upto 2 m,10500,11000,12000,2-5 m,26000,24000,25000,base,,,,,,1100,169,131,69,1050,139,104,62,790,95,73,42,0.040/0.100/0.200 ha,agri: vcode handwritten over printed code; dist_b-d 169/131/69 and link_b/c 139/104 with dist_a 1100 (other 1100 rows 200/165/83)
khajni,Khajni,03-08-2016,603,1603,मालपुर,धुरियापार,ग्रामीण,1500,upto 2 m,2000,2100,0,2-5 m,20000,24000,19000,base,,,,,,210,153,114,69,200,139,104,62,150,87,66,38,0.040/0.100/0.200 ha,agri: vcode handwritten over printed code
khajni,Khajni,03-08-2016,604,1604,मोहनचक,धुरियापार,ग्रामीण,1500,upto 2 m,2000,2100,0,2-5 m,20000,24000,19000,base,,,,,,210,153,114,69,200,139,104,62,150,87,66,38,0.040/0.100/0.200 ha,agri: vcode handwritten over printed code
khajni,Khajni,03-08-2016,605,1605,मीरपुर,धुरियापार,ग्रामीण,2600,upto 2 m,3500,3700,0,2-5 m,20000,24000,19000,base,,,,,,370,169,131,69,350,139,104,62,260,95,73,42,0.040/0.100/0.200 ha,agri: vcode handwritten over printed code; link_b/c 139/104 (peers 150/112)
khajni,Khajni,03-08-2016,606,1606,मझौवा,हसनपुर मगहर,ग्रामीण,1500,upto 2 m,2000,2100,0,2-5 m,20000,24000,19000,base,,,,,,210,153,114,69,200,139,104,62,150,87,66,38,0.040/0.100/0.200 ha,agri: vcode handwritten over printed code
khajni,Khajni,03-08-2016,607,1607,मदरिया,हसनपुर मगहर,ग्रामीण,1500,upto 2 m,2000,2100,0,2-5 m,20000,24000,19000,base,,,,,,210,153,114,69,200,139,104,62,150,87,66,38,0.040/0.100/0.200 ha,agri: vcode handwritten over printed code
khajni,Khajni,03-08-2016,608,1608,महैता,हसनपुर मगहर,ग्रामीण,1500,upto 2 m,2000,2100,0,2-5 m,20000,24000,19000,base,,,,,,210,153,114,69,200,139,104,62,150,87,66,38,0.040/0.100/0.200 ha,agri: vcode handwritten over printed code
khajni,Khajni,03-08-2016,609,1609,मियां पकड़ी,हसनपुर मगहर,ग्रामीण,1500,upto 2 m,2000,2100,0,2-5 m,20000,24000,19000,base,,,,,,210,153,114,69,200,139,104,62,150,87,66,38,0.040/0.100/0.200 ha,agri: vcode handwritten over printed code
khajni,Khajni,03-08-2016,610,1610,यसवन्तपुर,धुरियापार,ग्रामीण,3300,upto 2 m,4600,4900,0,2-5 m,26000,24000,25000,base,,,,,,490,169,131,69,460,150,112,62,330,95,73,42,0.040/0.100/0.200 ha,agri: vcode handwritten over printed code
khajni,Khajni,03-08-2016,611,1611,रेकुआ,उनवल,ग्रामीण,1500,upto 2 m,2000,2100,0,2-5 m,20000,24000,19000,base,,,,,,210,153,114,69,200,139,104,62,150,87,66,38,0.040/0.100/0.200 ha,agri: vcode handwritten over printed code
khajni,Khajni,03-08-2016,612,1612,रक्सानार,उनवल,ग्रामीण,1500,upto 2 m,2000,2100,0,2-5 m,20000,24000,19000,base,,,,,,210,153,114,69,200,139,104,62,150,87,66,38,0.040/0.100/0.200 ha,agri: vcode handwritten over printed code
khajni,Khajni,03-08-2016,613,1613,रक्साबाबू,उनवल,ग्रामीण,1500,upto 2 m,2000,2100,0,2-5 m,20000,24000,19000,base,,,,,,210,153,114,69,200,139,104,62,150,87,66,38,0.040/0.100/0.200 ha,agri: vcode handwritten over printed code
khajni,Khajni,03-08-2016,614,1614,रक्सौरा,उनवल,ग्रामीण,1500,upto 2 m,2000,2100,0,2-5 m,20000,24000,19000,base,,,,,,210,153,114,69,200,139,104,62,150,87,66,38,0.040/0.100/0.200 ha,agri: vcode handwritten over printed code
khajni,Khajni,03-08-2016,615,1615,रघुवाडीहा खुर्द,उनवल,ग्रामीण,3300,upto 2 m,4600,4900,0,2-5 m,20000,24000,19000,base,,,,,,490,169,131,69,460,150,112,62,330,95,73,42,0.040/0.100/0.200 ha,agri: vcode handwritten over printed code
khajni,Khajni,03-08-2016,616,1616,रघुवाडीहा बुजुर्ग,उनवल,ग्रामीण,3300,upto 2 m,4600,4900,0,2-5 m,20000,24000,19000,base,,,,,,490,169,131,69,460,150,112,62,330,95,73,42,0.040/0.100/0.200 ha,agri: vcode handwritten over printed code
khajni,Khajni,03-08-2016,617,1617,रजवल,उनवल,ग्रामीण,1500,upto 2 m,2000,2100,0,2-5 m,20000,24000,19000,base,,,,,,210,153,114,69,200,139,104,62,150,87,66,38,0.040/0.100/0.200 ha,agri: vcode handwritten over printed code
khajni,Khajni,03-08-2016,618,1618,रतनपुरा बाबू,उनवल,ग्रामीण,1500,upto 2 m,2000,2100,0,2-5 m,20000,24000,19000,base,,,,,,210,153,114,69,200,139,104,62,150,87,66,38,0.040/0.100/0.200 ha,agri: vcode handwritten over printed code
khajni,Khajni,03-08-2016,619,1619,रतसही,उनवल,ग्रामीण,1500,upto 2 m,2000,2100,0,2-5 m,20000,24000,19000,base,,,,,,210,153,114,69,200,139,104,62,150,87,66,38,0.040/0.100/0.200 ha,agri: vcode handwritten over printed code
khajni,Khajni,03-08-2016,620,1620,रमपुरवा,उनवल,ग्रामीण,1500,upto 2 m,2000,2100,0,2-5 m,20000,24000,19000,base,,,,,,210,153,114,69,200,139,104,62,150,87,66,38,0.040/0.100/0.200 ha,agri: vcode handwritten over printed code
khajni,Khajni,03-08-2016,621,1621,राजपुर,उनवल,ग्रामीण,1500,upto 2 m,2000,2100,0,2-5 m,20000,24000,19000,base,,,,,,210,153,114,69,200,139,104,62,150,87,66,38,0.040/0.100/0.200 ha,agri: vcode handwritten over printed code
khajni,Khajni,03-08-2016,622,1622,रामपुर खुर्द,उनवल,ग्रामीण,1500,upto 2 m,2000,2100,0,2-5 m,20000,24000,19000,base,,,,,,210,153,114,69,200,139,104,62,150,87,66,38,0.040/0.100/0.200 ha,agri: vcode handwritten over printed code
khajni,Khajni,03-08-2016,623,1623,रामपुर पाण्डेय,उनवल,ग्रामीण,3300,upto 2 m,4600,4900,0,2-5 m,20000,24000,19000,base,,,,,,490,169,131,69,460,150,112,62,330,95,73,42,0.040/0.100/0.200 ha,agri: vcode handwritten over printed code
khajni,Khajni,03-08-2016,624,1624,रावत डाडी,उनवल,ग्रामीण,1500,upto 2 m,2000,2300,0,2-5 m,20000,24000,19000,base,,,,,,210,153,114,69,200,139,104,62,150,87,66,38,0.040/0.100/0.200 ha,agri: vcode handwritten over printed code
khajni,Khajni,03-08-2016,625,1625,रोहुआ तप्पा–हवेली,उनवल,ग्रामीण,1500,upto 2 m,2000,2100,0,2-5 m,20000,24000,19000,base,,,,,,210,153,114,69,200,139,104,62,150,87,66,38,0.040/0.100/0.200 ha,agri: vcode handwritten over printed code
khajni,Khajni,03-08-2016,626,1626,रूद्रपुर,उनवल,ग्रामीण,7900,upto 2 m,10500,11000,12000,2-5 m,26000,30000,25000,base,,,,,,1100,200,165,83,1050,179,150,74,790,115,95,48,0.040/0.100/0.200 ha,agri: vcode handwritten over printed code
khajni,Khajni,03-08-2016,627,1627,रूपनारी,उनवल,ग्रामीण,1500,upto 2 m,2000,2100,0,2-5 m,20000,24000,19000,base,,,,,,210,153,114,69,200,139,104,62,150,87,66,38,0.040/0.100/0.200 ha,agri: vcode handwritten over printed code
khajni,Khajni,03-08-2016,628,1628,रग्घूपुर,उनवल,ग्रामीण,1500,upto 2 m,4300,4600,0,2-5 m,20000,24000,19000,base,,,,,,460,169,131,69,430,150,112,62,310,95,73,42,0.040/0.100/0.200 ha,agri: vcode handwritten over printed code
khajni,Khajni,03-08-2016,629,1629,रंजीतगढ,धुरियापार,ग्रामीण,1500,upto 2 m,2000,2100,0,2-5 m,20000,24000,19000,base,,,,,,210,153,114,69,200,139,104,62,150,87,66,38,0.040/0.100/0.200 ha,agri: vcode handwritten over printed code
khajni,Khajni,03-08-2016,630,1630,रतनपुरा तप्पा–बेलघाट,धुरियापार,ग्रामीण,1500,upto 2 m,2000,2100,0,2-5 m,20000,24000,19000,base,,,,,,210,153,114,69,200,139,104,62,150,87,66,38,0.040/0.100/0.200 ha,agri: vcode handwritten over printed code
khajni,Khajni,03-08-2016,631,1631,रसूलपुर बाबू,धुरियापार,ग्रामीण,1500,upto 2 m,2000,2100,0,2-5 m,20000,24000,19000,base,,,,,,210,153,114,69,200,139,104,62,150,87,66,38,0.040/0.100/0.200 ha,agri: vcode handwritten over printed code
khajni,Khajni,03-08-2016,632,1632,रसेत,धुरियापार,ग्रामीण,1500,upto 2 m,2000,2100,0,2-5 m,20000,24000,19000,base,,,,,,210,153,114,69,200,139,104,62,150,87,66,38,0.040/0.100/0.200 ha,agri: vcode handwritten over printed code
khajni,Khajni,03-08-2016,633,1633,राईपुर एहतमाली,धुरियापार,ग्रामीण,3100,upto 2 m,4300,4600,0,2-5 m,20000,24000,19000,base,,,,,,460,169,131,69,430,150,112,62,310,95,73,42,0.040/0.100/0.200 ha,agri: vcode handwritten over printed code
khajni,Khajni,03-08-2016,634,1634,राईपुर मुस्तकिल,धुरियापार,ग्रामीण,3100,upto 2 m,4300,4600,0,2-5 m,20000,24000,19000,base,,,,,,460,169,131,69,430,150,112,62,310,95,73,42,0.040/0.100/0.200 ha,agri: vcode handwritten over printed code
khajni,Khajni,03-08-2016,635,1635,राउतपार,धुरियापार,ग्रामीण,1500,upto 2 m,2000,2100,0,2-5 m,20000,24000,19000,base,,,,,,210,153,114,69,200,139,104,62,150,87,66,38,0.040/0.100/0.200 ha,agri: vcode handwritten over printed code
khajni,Khajni,03-08-2016,636,1636,रापतपुर,धुरियापार,ग्रामीण,1500,upto 2 m,2000,2100,0,2-5 m,20000,24000,19000,base,,,,,,210,153,114,69,200,139,104,62,150,87,66,38,0.040/0.100/0.200 ha,agri: vcode handwritten over printed code
khajni,Khajni,03-08-2016,637,1637,रामडीह,धुरियापार,ग्रामीण,1500,upto 2 m,2000,2100,0,2-5 m,20000,24000,19000,base,,,,,,210,153,114,69,200,139,104,62,150,87,66,38,0.040/0.100/0.200 ha,agri: vcode handwritten over printed code
khajni,Khajni,03-08-2016,638,1638,रामपुर तप्पा–बेलघाट,धुरियापार,ग्रामीण,1500,upto 2 m,2000,2100,0,2-5 m,20000,24000,19000,base,,,,,,210,153,114,69,200,139,104,62,150,87,66,38,0.040/0.100/0.200 ha,agri: vcode handwritten over printed code
khajni,Khajni,03-08-2016,639,1639,रामपुर गोसाई,धुरियापार,ग्रामीण,1500,upto 2 m,2000,2100,0,2-5 m,20000,24000,19000,base,,,,,,210,153,114,69,200,139,104,62,150,87,66,38,0.040/0.100/0.200 ha,agri: vcode handwritten over printed code
khajni,Khajni,03-08-2016,640,1640,रामपुर तप्पा–नकौड़ी,धुरियापार,ग्रामीण,1500,upto 2 m,2000,2100,0,2-5 m,20000,24000,19000,base,,,,,,210,153,114,69,200,139,104,62,150,87,66,38,0.040/0.100/0.200 ha,agri: vcode handwritten over printed code
khajni,Khajni,03-08-2016,641,1641,रोहुआ,धुरियापार,ग्रामीण,1500,upto 2 m,2000,2100,0,2-5 m,20000,24000,19000,base,,,,,,210,153,114,69,200,139,104,62,150,87,66,38,0.040/0.100/0.200 ha,agri: vcode handwritten over printed code
khajni,Khajni,03-08-2016,642,1642,रोहारी,धुरियापार,ग्रामीण,1500,upto 2 m,2000,2100,0,2-5 m,20000,24000,19000,base,,,,,,210,153,114,69,200,139,104,62,150,87,66,38,0.040/0.100/0.200 ha,agri: vcode handwritten over printed code
khajni,Khajni,03-08-2016,643,1643,रिहिलपार,धुरियापार,ग्रामीण,1500,upto 2 m,2000,2100,0,2-5 m,20000,24000,19000,base,,,,,,210,153,114,69,200,139,104,62,150,95,73,42,0.040/0.100/0.200 ha,agri: vcode handwritten over printed code; other_b/c/d 95/73/42 with 210-profile (peers 87/66/38)
khajni,Khajni,03-08-2016,644,1644,रकौली,हसनपुर मगहर,ग्रामीण,3100,upto 2 m,4300,4600,0,2-5 m,26000,30000,25000,base,,,,,,460,169,131,69,430,150,112,62,310,95,73,42,0.040/0.100/0.200 ha,"agri: vcode handwritten over printed code; dist_b partly under signature, read 169"
khajni,Khajni,03-08-2016,645,1645,रानीडीह,हसनपुर मगहर,ग्रामीण,3300,upto 2 m,4600,4900,0,2-5 m,26000,30000,25000,base,,,,,,490,169,131,69,460,150,112,62,330,95,73,42,0.040/0.100/0.200 ha,agri: vcode handwritten over printed code
khajni,Khajni,03-08-2016,646,1646,रानीपुर,हसनपुर मगहर,ग्रामीण,3300,upto 2 m,4600,4900,0,2-5 m,26000,30000,25000,base,,,,,,490,169,131,69,460,150,112,62,330,87,66,38,0.040/0.100/0.200 ha,agri: vcode handwritten over printed code; other_b/c/d 87/66/38 with 490-profile (peers 95/73/42)
khajni,Khajni,03-08-2016,647,1647,लक्ष्मीपुर,उनवल,ग्रामीण,1500,upto 2 m,2000,2100,0,2-5 m,20000,24000,19000,base,,,,,,210,153,114,69,200,139,104,62,150,87,66,38,0.040/0.100/0.200 ha,agri: vcode handwritten over printed code
khajni,Khajni,03-08-2016,648,1648,लमती,उनवल,ग्रामीण,1500,upto 2 m,2000,2100,0,2-5 m,20000,24000,19000,base,,,,,,210,153,114,69,200,139,104,62,150,87,66,38,0.040/0.100/0.200 ha,agri: vcode handwritten over printed code
khajni,Khajni,03-08-2016,649,1649,लोनॉव,उनवल,ग्रामीण,3100,upto 2 m,4600,4600,0,2-5 m,20000,24000,19000,base,,,,,,460,169,131,69,430,150,112,62,310,95,73,42,0.040/0.100/0.200 ha,agri: vcode handwritten over printed code
khajni,Khajni,03-08-2016,650,1650,लखुआपाकड़,धुरियापार,ग्रामीण,4500,upto 2 m,6000,6200,0,2-5 m,20000,30000,25000,base,,,,,,620,169,131,69,600,150,112,62,450,95,73,42,0.040/0.100/0.200 ha,comm: shop_multi 30000 with land 20000 (atypical combo; as printed) | agri: vcode handwritten over printed code
khajni,Khajni,03-08-2016,651,1651,लच्छीचक,धुरियापार,ग्रामीण,1500,upto 2 m,2000,2100,0,2-5 m,20000,24000,19000,base,,,,,,210,153,114,69,200,139,104,62,150,28,24,38,0.040/0.100/0.200 ha,"agri: vcode handwritten over printed code; other_b/c=28/24 printed, other_d=38"
khajni,Khajni,03-08-2016,652,1652,लाखुन खुर्द,धुरियापार,ग्रामीण,3100,upto 2 m,4600,4600,0,2-5 m,20000,24000,19000,base,,,,,,460,169,131,69,430,150,112,62,310,95,73,42,0.040/0.100/0.200 ha,agri: vcode handwritten over printed code
khajni,Khajni,03-08-2016,653,1653,लाखुन बुजुर्ग,धुरियापार,ग्रामीण,3100,upto 2 m,4600,4600,0,2-5 m,20000,24000,19000,base,,,,,,460,169,131,69,430,150,112,62,310,95,73,42,0.040/0.100/0.200 ha,agri: vcode handwritten over printed code
khajni,Khajni,03-08-2016,654,1654,लालचक,धुरियापार,ग्रामीण,1500,upto 2 m,2000,2100,0,2-5 m,20000,24000,19000,base,,,,,,210,153,114,69,200,139,104,62,150,87,66,38,0.040/0.100/0.200 ha,agri: vcode handwritten over printed code
khajni,Khajni,03-08-2016,655,1655,लालपुर,धुरियापार,ग्रामीण,1500,upto 2 m,2000,2100,0,2-5 m,20000,24000,19000,base,,,,,,210,153,114,69,200,139,104,62,150,87,66,38,0.040/0.100/0.200 ha,agri: vcode handwritten over printed code
khajni,Khajni,03-08-2016,656,1656,लालमनपुरा,धुरियापार,ग्रामीण,6300,upto 2 m,8600,9200,9200,2-5 m,26000,30000,25000,base,,,,,,9200,169,131,69,860,150,112,62,630,95,73,42,0.040/0.100/0.200 ha,agri: vcode handwritten over printed code; dist_a 9200 as printed (likely 920; link_a 860)
khajni,Khajni,03-08-2016,657,1657,लोनानागर,धुरियापार,ग्रामीण,1500,upto 2 m,2000,2100,0,2-5 m,20000,24000,19000,base,,,,,,210,153,114,69,200,139,104,62,150,87,66,38,0.040/0.100/0.200 ha,agri: vcode handwritten over printed code
khajni,Khajni,03-08-2016,658,1658,लाँनिया कोडर,धुरियापार,ग्रामीण,1500,upto 2 m,2000,2100,0,2-5 m,20000,24000,19000,base,,,,,,210,153,114,69,200,139,104,62,150,87,66,38,0.040/0.100/0.200 ha,road: name printed with doubled aa-matra (लाानिया) | agri: vcode handwritten over printed code; name matra unclear (लानिया/लाांनिया)
khajni,Khajni,03-08-2016,659,1659,लौखरा,धुरियापार,ग्रामीण,1500,upto 2 m,2000,2100,0,2-5 m,20000,24000,19000,base,,,,,,210,153,114,69,200,139,104,62,150,87,66,38,0.040/0.100/0.200 ha,agri: vcode handwritten over printed code
khajni,Khajni,03-08-2016,660,1660,लौहरपुर,धुरियापार,ग्रामीण,1500,upto 2 m,2000,2100,0,2-5 m,20000,24000,19000,base,,,,,,210,153,114,69,200,139,104,62,150,87,66,38,0.040/0.100/0.200 ha,agri: vcode handwritten over printed code
khajni,Khajni,03-08-2016,661,1661,लटकना,उनवल,ग्रामीण,1500,upto 2 m,2000,2100,0,2-5 m,20000,24000,19000,base,,,,,,210,153,114,69,200,139,104,62,150,87,66,38,0.040/0.100/0.200 ha,agri: vcode handwritten over printed code
khajni,Khajni,03-08-2016,662,1662,विगही,उनवल,ग्रामीण,3100,upto 2 m,4300,4600,0,2-5 m,20000,24000,19000,base,,,,,,460,169,131,69,430,150,112,62,310,95,73,42,0.040/0.100/0.200 ha,agri: vcode handwritten over printed code
khajni,Khajni,03-08-2016,663,1663,विनवल,उनवल,ग्रामीण,1500,upto 2 m,2000,2100,0,2-5 m,20000,24000,19000,base,,,,,,210,153,114,69,200,139,104,62,150,87,66,38,0.040/0.100/0.200 ha,agri: vcode handwritten over printed code
khajni,Khajni,03-08-2016,664,1664,विशुनपुरा,उनवल,ग्रामीण,1500,upto 2 m,2000,2100,0,2-5 m,20000,24000,19000,base,,,,,,210,153,114,69,200,139,104,62,150,87,66,38,0.040/0.100/0.200 ha,agri: vcode handwritten over printed code
khajni,Khajni,03-08-2016,665,1665,विश्वनाथपुर,धुरियापार,ग्रामीण,1500,upto 2 m,2000,2100,0,2-5 m,20000,24000,19000,base,,,,,,210,153,114,69,200,139,104,62,150,87,66,38,0.040/0.100/0.200 ha,agri: vcode handwritten over printed code
khajni,Khajni,03-08-2016,666,1666,बरपरवा काजी,धुरियापार,ग्रामीण,1500,upto 2 m,2000,2100,0,2-5 m,20000,24000,19000,base,,,,,,210,153,114,69,200,139,104,62,150,87,66,38,0.040/0.100/0.200 ha,agri: vcode handwritten over printed code
khajni,Khajni,03-08-2016,667,1667,बलवा डाडी,धुरियापार,ग्रामीण,1500,upto 2 m,2000,2100,0,2-5 m,20000,24000,19000,base,,,,,,210,153,114,69,200,139,104,62,150,87,66,38,0.040/0.100/0.200 ha,agri: vcode handwritten over printed code
khajni,Khajni,03-08-2016,668,1668,बेलाव उर्फ शाहपुर,धुरियापार,ग्रामीण,3100,upto 2 m,4300,4600,0,2-5 m,20000,24000,19000,base,,,,,,460,169,131,69,430,150,112,62,310,95,73,42,0.040/0.100/0.200 ha,agri: vcode handwritten over printed code
khajni,Khajni,03-08-2016,669,1669,बेलाव उर्फ मुस्तकिल,धुरियापार,ग्रामीण,3100,upto 2 m,4300,4600,0,2-5 m,20000,24000,19000,base,,,,,,460,169,131,69,430,150,112,62,310,95,73,42,0.040/0.100/0.200 ha,agri: vcode handwritten over printed code
khajni,Khajni,03-08-2016,670,1670,वंशीपुर उर्फ काछा,धुरियापार,ग्रामीण,1500,upto 2 m,2000,2100,0,2-5 m,20000,24000,19000,base,,,,,,210,153,114,69,200,139,104,62,150,87,66,38,0.040/0.100/0.200 ha,agri: vcode handwritten over printed code
khajni,Khajni,03-08-2016,671,1671,विजौरा,धुरियापार,ग्रामीण,1500,upto 2 m,2000,2100,0,2-5 m,20000,24000,19000,base,,,,,,210,153,114,69,200,139,104,62,150,87,66,38,0.040/0.100/0.200 ha,agri: vcode handwritten over printed code
khajni,Khajni,03-08-2016,672,1672,विधनापार,धुरियापार,ग्रामीण,1500,upto 2 m,2000,2100,0,2-5 m,20000,24000,19000,base,,,,,,210,153,114,69,200,139,104,62,150,87,66,38,0.040/0.100/0.200 ha,agri: vcode handwritten over printed code
khajni,Khajni,03-08-2016,673,1673,विशुनपुर उर्फ शाहपुर,धुरियापार,ग्रामीण,1500,upto 2 m,2000,2100,0,2-5 m,20000,24000,19000,base,,,,,,210,153,114,69,200,139,104,62,150,87,66,38,0.040/0.100/0.200 ha,agri: vcode handwritten over printed code
khajni,Khajni,03-08-2016,674,1674,बिठ्ठलपुर,धुरियापार,ग्रामीण,1500,upto 2 m,2000,2100,0,2-5 m,20000,24000,19000,base,,,,,,210,153,114,69,200,139,104,62,150,87,66,38,0.040/0.100/0.200 ha,agri: vcode handwritten over printed code
khajni,Khajni,03-08-2016,675,1675,विस्तुई,धुरियापार,ग्रामीण,1500,upto 2 m,2000,2100,0,2-5 m,20000,24000,19000,base,,,,,,210,153,114,69,200,139,104,62,150,87,66,38,0.040/0.100/0.200 ha,agri: vcode handwritten over printed code
khajni,Khajni,03-08-2016,676,1676,विसम्हरा,धुरियापार,ग्रामीण,1500,upto 2 m,2000,2100,0,2-5 m,20000,24000,19000,base,,,,,,210,153,114,69,200,139,104,62,150,87,66,38,0.040/0.100/0.200 ha,agri: vcode handwritten over printed code
khajni,Khajni,03-08-2016,677,1677,शनिचरा,उनवल,ग्रामीण,1500,upto 2 m,2000,2100,0,2-5 m,20000,24000,19000,base,,,,,,210,153,114,69,200,139,104,62,150,87,66,38,0.040/0.100/0.200 ha,agri: vcode handwritten over printed code
khajni,Khajni,03-08-2016,678,1678,शहीदाबाद,उनवल,ग्रामीण,1500,upto 2 m,2000,2100,0,2-5 m,20000,24000,19000,base,,,,,,210,153,114,69,200,139,104,62,150,87,66,38,0.040/0.100/0.200 ha,agri: vcode handwritten over printed code
khajni,Khajni,03-08-2016,679,1679,शेषपुरवा,उनवल,ग्रामीण,1500,upto 2 m,2000,2100,0,2-5 m,20000,24000,19000,base,,,,,,210,153,114,69,200,139,104,62,150,87,66,38,0.040/0.100/0.200 ha,agri: vcode handwritten over printed code
khajni,Khajni,03-08-2016,680,1680,शेषभिउरा,उनवल,ग्रामीण,1500,upto 2 m,2000,2100,0,2-5 m,20000,24000,19000,base,,,,,,210,153,114,69,200,139,104,62,150,87,66,38,0.040/0.100/0.200 ha,agri: vcode handwritten over printed code
khajni,Khajni,03-08-2016,681,1681,शम्भूपुर,धुरियापार,ग्रामीण,1500,upto 2 m,2000,2100,0,2-5 m,20000,24000,19000,base,,,,,,210,153,114,69,200,139,104,62,150,87,66,38,0.040/0.100/0.200 ha,agri: vcode handwritten over printed code
khajni,Khajni,03-08-2016,682,1682,शुक्लपुरा,धुरियापार,ग्रामीण,1500,upto 2 m,2000,2100,0,2-5 m,20000,24000,19000,base,,,,,,210,153,114,69,200,139,104,62,150,87,66,38,0.040/0.100/0.200 ha,agri: vcode handwritten over printed code
khajni,Khajni,03-08-2016,683,1683,शंकरपुर,धुरियापार,ग्रामीण,6300,upto 2 m,8600,9200,0,2-5 m,26000,30000,25000,base,,,,,,9200,169,131,69,860,150,112,62,630,95,73,42,0.040/0.100/0.200 ha,agri: vcode handwritten over printed code; dist_a 9200 as printed (likely 920; link_a 860)
khajni,Khajni,03-08-2016,684,1684,शिवपुर,धुरियापार,ग्रामीण,1500,upto 2 m,2000,2100,0,2-5 m,20000,24000,19000,base,,,,,,210,153,114,69,200,139,104,62,150,87,66,38,0.040/0.100/0.200 ha,agri: vcode handwritten over printed code
khajni,Khajni,03-08-2016,685,1685,सखरूआं,उनवल,ग्रामीण,1500,upto 2 m,2000,2100,0,2-5 m,20000,24000,19000,base,,,,,,210,153,114,69,200,139,104,62,150,87,66,38,0.040/0.100/0.200 ha,agri: vcode handwritten over printed code
khajni,Khajni,03-08-2016,686,1686,सजनापार,उनवल,ग्रामीण,1500,upto 2 m,2000,2100,0,2-5 m,20000,24000,19000,base,,,,,,210,153,114,69,200,139,104,62,150,87,66,38,0.040/0.100/0.200 ha,agri: vcode handwritten over printed code
khajni,Khajni,03-08-2016,687,1687,सतुआभार,उनवल,ग्रामीण,4500,upto 2 m,6000,6200,0,2-5 m,20000,30000,25000,base,,,,,,620,169,131,69,600,150,112,62,450,95,73,42,0.040/0.100/0.200 ha,comm: shop_multi 30000 with land 20000 (atypical combo; as printed) | agri: vcode handwritten over printed code
khajni,Khajni,03-08-2016,688,1688,सतहरा मोहन,उनवल,ग्रामीण,1500,upto 2 m,2000,2100,0,2-5 m,20000,24000,19000,base,,,,,,210,153,114,69,200,139,104,62,150,87,66,38,0.040/0.100/0.200 ha,agri: vcode handwritten over printed code
khajni,Khajni,03-08-2016,689,1689,सरबसी,उनवल,ग्रामीण,4500,upto 2 m,6000,6200,6300,2-5 m,26000,30000,25000,base,,,,,,620,169,131,69,600,150,112,62,450,95,73,42,0.040/0.100/0.200 ha,agri: vcode handwritten over printed code
khajni,Khajni,03-08-2016,690,1690,सरया तिवारी,उनवल,ग्रामीण,3300,upto 2 m,4600,4900,5000,2-5 m,26000,30000,25000,base,,,,,,490,169,131,69,460,150,112,62,330,95,73,42,0.040/0.100/0.200 ha,agri: vcode handwritten over printed code
khajni,Khajni,03-08-2016,691,1691,सराय चांदपार,उनवल,ग्रामीण,1500,upto 2 m,2000,2100,0,2-5 m,20000,24000,19000,base,,,,,,210,153,114,69,200,139,104,62,150,87,66,38,0.040/0.100/0.200 ha,agri: vcode handwritten over printed code
khajni,Khajni,03-08-2016,692,1692,सवरूपुर,उनवल,ग्रामीण,1500,upto 2 m,2000,2100,0,2-5 m,20000,24000,19000,base,,,,,,210,153,114,69,200,139,104,62,150,87,66,38,0.040/0.100/0.200 ha,agri: vcode handwritten over printed code
khajni,Khajni,03-08-2016,693,1693,सहिजना,उनवल,ग्रामीण,1500,upto 2 m,2000,2100,0,2-5 m,20000,24000,19000,base,,,,,,210,153,114,69,200,139,104,62,150,87,66,38,0.040/0.100/0.200 ha,agri: vcode handwritten over printed code
khajni,Khajni,03-08-2016,694,1694,सुजनीपुर,उनवल,ग्रामीण,1500,upto 2 m,2000,2100,0,2-5 m,20000,24000,19000,base,,,,,,210,153,114,69,200,139,104,62,150,87,66,38,0.040/0.100/0.200 ha,agri: vcode handwritten over printed code
khajni,Khajni,03-08-2016,695,1695,सुरैनी,उनवल,ग्रामीण,1500,upto 2 m,2000,2100,0,2-5 m,20000,24000,19000,base,,,,,,210,153,114,69,200,139,104,62,150,87,66,38,0.040/0.100/0.200 ha,agri: vcode handwritten over printed code
khajni,Khajni,03-08-2016,696,1696,सूहोपार,उनवल,ग्रामीण,6300,upto 2 m,8600,9200,9200,2-5 m,26000,30000,25000,base,,,,,,9200,169,131,69,860,150,112,62,630,95,73,42,0.040/0.100/0.200 ha,agri: vcode handwritten over printed code; dist_a 9200 as printed (likely 920; link_a 860)
khajni,Khajni,03-08-2016,697,1697,सहुलाखोर,उनवल,ग्रामीण,1500,upto 2 m,2000,2100,0,2-5 m,20000,24000,19000,base,,,,,,210,153,114,69,200,139,104,62,150,87,66,38,0.040/0.100/0.200 ha,agri: vcode handwritten over printed code
khajni,Khajni,03-08-2016,698,1698,सहसपुर,उनवल,ग्रामीण,1500,upto 2 m,2000,2100,0,2-5 m,20000,24000,19000,base,,,,,,210,153,114,69,200,139,104,62,150,87,66,38,0.040/0.100/0.200 ha,agri: vcode handwritten over printed code
khajni,Khajni,03-08-2016,699,1699,सहसी,उनवल,ग्रामीण,4500,upto 2 m,6000,6200,0,2-5 m,26000,30000,25000,base,,,,,,620,169,131,69,600,150,112,62,450,95,73,42,0.040/0.100/0.200 ha,comm: ink blot over 2nd digit of shop_single_land; read 26000 | agri: vcode handwritten over printed code
khajni,Khajni,03-08-2016,700,1700,सेमरडाड़ी,उनवल,ग्रामीण,1500,upto 2 m,2000,2300,0,2-5 m,20000,24000,19000,base,,,,,,210,153,114,69,200,139,104,62,150,87,66,38,0.040/0.100/0.200 ha,agri: vcode handwritten over printed code
khajni,Khajni,03-08-2016,701,1701,सेमरा,उनवल,ग्रामीण,7900,upto 2 m,10500,11000,0,2-5 m,26000,30000,25000,base,,,,,,1100,200,165,83,1050,179,150,74,790,115,95,48,0.040/0.100/0.200 ha,agri: vcode handwritten over printed code
khajni,Khajni,03-08-2016,702,1702,सेमरिया,उनवल,ग्रामीण,1500,upto 2 m,2000,2100,0,2-5 m,20000,24000,19000,base,,,,,,210,153,114,69,200,139,104,62,150,87,66,38,0.040/0.100/0.200 ha,agri: vcode handwritten overwrite; read as 1702
khajni,Khajni,03-08-2016,703,1703,सेमा,उनवल,ग्रामीण,1500,upto 2 m,2000,2100,0,2-5 m,20000,24000,19000,base,,,,,,210,153,114,69,200,139,104,62,150,87,66,38,0.040/0.100/0.200 ha,agri: vcode handwritten overwrite; read as 1703
khajni,Khajni,03-08-2016,704,1704,सैरा,उनवल,ग्रामीण,1500,upto 2 m,2000,2100,0,2-5 m,20000,24000,19000,base,,,,,,210,153,114,69,200,139,104,62,150,87,66,38,0.040/0.100/0.200 ha,agri: vcode handwritten overwrite; read as 1704
khajni,Khajni,03-08-2016,705,1705,साखडाड़ बाबू,उनवल,ग्रामीण,1500,upto 2 m,2000,2100,0,2-5 m,20000,24000,19000,base,,,,,,210,153,114,69,200,139,104,62,150,87,66,38,0.040/0.100/0.200 ha,agri: vcode handwritten overwrite; read as 1705
khajni,Khajni,03-08-2016,706,1706,साखडाड़ पाण्डेय,उनवल,ग्रामीण,1500,upto 2 m,2000,2100,0,2-5 m,20000,24000,19000,base,,,,,,210,153,114,69,200,139,104,62,150,87,66,38,0.040/0.100/0.200 ha,agri: vcode handwritten overwrite; read as 1706
khajni,Khajni,03-08-2016,707,1707,सोडा,उनवल,ग्रामीण,1500,upto 2 m,2000,2100,0,2-5 m,20000,24000,19000,base,,,,,,210,153,114,69,200,139,104,62,150,87,66,38,0.040/0.100/0.200 ha,agri: vcode handwritten overwrite; read as 1707
khajni,Khajni,03-08-2016,708,1708,सोनारी रामचन्दर,उनवल,ग्रामीण,1500,upto 2 m,2000,2100,0,2-5 m,20000,24000,19000,base,,,,,,210,153,114,69,200,139,104,62,150,87,66,38,0.040/0.100/0.200 ha,agri: vcode handwritten overwrite; read as 1708
khajni,Khajni,03-08-2016,709,1709,सोनारी शंकर,उनवल,ग्रामीण,1500,upto 2 m,2000,2100,0,2-5 m,20000,24000,19000,base,,,,,,210,153,114,69,200,139,104,62,150,87,66,38,0.040/0.100/0.200 ha,agri: vcode handwritten overwrite; read as 1709
khajni,Khajni,03-08-2016,710,1710,सोपरा,उनवल,ग्रामीण,1500,upto 2 m,2000,2100,0,2-5 m,20000,24000,19000,base,,,,,,210,153,114,69,200,139,104,62,150,87,66,38,0.040/0.100/0.200 ha,agri: vcode handwritten overwrite; read as 1710
khajni,Khajni,03-08-2016,711,1711,सोहरा,उनवल,ग्रामीण,1500,upto 2 m,2000,2100,0,2-5 m,20000,24000,19000,base,,,,,,210,153,114,69,200,139,104,62,150,87,66,38,0.040/0.100/0.200 ha,agri: vcode handwritten overwrite; read as 1711
khajni,Khajni,03-08-2016,712,1712,सिगरा चौबे,उनवल,ग्रामीण,1500,upto 2 m,2000,2100,0,2-5 m,20000,24000,19000,base,,,,,,210,153,114,69,200,139,104,62,150,87,66,38,0.040/0.100/0.200 ha,agri: vcode handwritten overwrite; read as 1712
khajni,Khajni,03-08-2016,713,1713,सिगरा,उनवल,ग्रामीण,1500,upto 2 m,2000,2100,0,2-5 m,20000,24000,19000,base,,,,,,210,153,114,69,200,139,104,62,150,87,66,38,0.040/0.100/0.200 ha,agri: vcode handwritten overwrite; read as 1713
khajni,Khajni,03-08-2016,714,1714,सिरूआपार,उनवल,ग्रामीण,1500,upto 2 m,2000,2100,0,2-5 m,20000,24000,19000,base,,,,,,210,153,114,69,200,139,104,62,150,87,66,38,0.040/0.100/0.200 ha,agri: vcode handwritten overwrite; read as 1714
khajni,Khajni,03-08-2016,715,1715,सिसई तप्पा–हवेली,उनवल,ग्रामीण,1500,upto 2 m,2000,2100,0,2-5 m,20000,24000,19000,base,,,,,,210,153,114,69,200,139,104,74,150,87,66,38,0.040/0.100/0.200 ha,agri: vcode handwritten overwrite; read as 1715; link_d=74 as printed
khajni,Khajni,03-08-2016,716,1716,सिकरीडीह खुर्द,धुरियापार,ग्रामीण,7900,upto 2 m,10500,11000,12000,2-5 m,26000,30000,25000,base,,,,,,1100,200,165,83,1050,179,150,74,790,115,95,48,0.040/0.100/0.200 ha,agri: vcode handwritten overwrite; read as 1716
khajni,Khajni,03-08-2016,717,1717,सिकरीडीहं बुजुर्ग,धुरियापार,ग्रामीण,7900,upto 2 m,10500,11000,12000,2-5 m,26000,30000,25000,base,,,,,,1100,200,165,83,1050,179,150,62,790,115,95,48,0.040/0.100/0.200 ha,agri: vcode handwritten overwrite; read as 1717; link_d=62 as printed (716 has 74)
khajni,Khajni,03-08-2016,718,1718,सिघैरा,धुरियापार,ग्रामीण,4500,upto 2 m,2000,2100,0,2-5 m,20000,24000,19000,base,,,,,,210,153,114,69,200,139,104,62,150,87,66,38,0.040/0.100/0.200 ha,agri: vcode handwritten overwrite; read as 1718
khajni,Khajni,03-08-2016,719,1719,सिसवॉ बाबू,धुरियापार,ग्रामीण,4500,upto 2 m,2000,2100,0,2-5 m,20000,24000,19000,base,,,,,,210,153,114,69,200,139,104,62,150,28,24,19,0.040/0.100/0.200 ha,agri: vcode handwritten overwrite; read as 1719
khajni,Khajni,03-08-2016,720,1720,सई खुर्द,धुरियापार,ग्रामीण,1500,upto 2 m,6000,6200,0,2-5 m,20000,24000,19000,base,,,,,,620,169,131,69,600,150,112,62,450,95,73,42,0.040/0.100/0.200 ha,agri: vcode handwritten overwrite; read as 1720
khajni,Khajni,03-08-2016,721,1721,सई बुजुर्ग,धुरियापार,ग्रामीण,1500,upto 2 m,6000,6200,0,2-5 m,20000,24000,19000,base,,,,,,620,169,131,69,600,150,112,62,450,95,73,42,0.040/0.100/0.200 ha,agri: vcode handwritten overwrite; read as 1721
khajni,Khajni,03-08-2016,722,1722,सखौना,धुरियापार,ग्रामीण,1500,upto 2 m,2000,2100,0,2-5 m,20000,24000,19000,base,,,,,,210,153,131,69,200,139,104,62,150,87,66,38,0.040/0.100/0.200 ha,agri: vcode handwritten overwrite; read as 1722; dist_c=131 as printed
khajni,Khajni,03-08-2016,723,1723,सतौरा,धुरियापार,ग्रामीण,1500,upto 2 m,2000,2100,0,2-5 m,20000,24000,19000,base,,,,,,210,153,114,69,200,139,104,62,150,87,66,38,0.040/0.100/0.200 ha,agri: vcode handwritten overwrite; read as 1723
khajni,Khajni,03-08-2016,724,1724,सनेहा,धुरियापार,ग्रामीण,1500,upto 2 m,2000,2100,0,2-5 m,20000,24000,19000,base,,,,,,210,153,114,69,200,139,104,62,150,28,24,19,0.040/0.100/0.200 ha,agri: vcode handwritten overwrite; read as 1724
khajni,Khajni,03-08-2016,725,1725,समवापुर,धुरियापार,ग्रामीण,1500,upto 2 m,2000,2100,0,2-5 m,20000,24000,19000,base,,,,,,210,153,114,69,200,139,104,62,150,87,66,38,0.040/0.100/0.200 ha,agri: vcode handwritten overwrite; read as 1725
khajni,Khajni,03-08-2016,726,1726,समहुतापुर,धुरियापार,ग्रामीण,1500,upto 2 m,2000,2100,0,2-5 m,20000,24000,19000,base,,,,,,210,153,114,69,200,139,104,62,150,28,24,38,0.040/0.100/0.200 ha,agri: vcode handwritten overwrite; read as 1726; other_d=38 > other_c=24 as printed
khajni,Khajni,03-08-2016,727,1727,सरसई कास्तपाठक,धुरियापार,ग्रामीण,1500,upto 2 m,2000,2100,0,2-5 m,20000,24000,19000,base,,,,,,210,153,114,69,200,139,104,62,150,87,66,38,0.040/0.100/0.200 ha,agri: vcode handwritten overwrite; read as 1727
khajni,Khajni,03-08-2016,728,1728,सरसईकास्त उर्फ हरिप्रसाद,धुरियापार,ग्रामीण,1500,upto 2 m,2000,2100,0,2-5 m,20000,24000,19000,base,,,,,,210,153,114,69,200,139,104,62,150,87,66,38,0.040/0.100/0.200 ha,agri: vcode handwritten overwrite; read as 1728
khajni,Khajni,03-08-2016,729,1729,सुअरहा,धुरियापार,ग्रामीण,1500,upto 2 m,2000,2100,0,2-5 m,20000,24000,19000,base,,,,,,210,153,114,69,200,139,104,62,150,87,66,38,0.040/0.100/0.200 ha,agri: vcode handwritten overwrite; read as 1729
khajni,Khajni,03-08-2016,730,1730,सुकरौली,धुरियापार,ग्रामीण,1500,upto 2 m,2000,2100,0,2-5 m,20000,24000,19000,base,,,,,,210,153,114,69,200,139,104,62,150,87,66,38,0.040/0.100/0.200 ha,agri: vcode handwritten overwrite; read as 1730
khajni,Khajni,03-08-2016,731,1731,सूती,धुरियापार,ग्रामीण,1500,upto 2 m,2000,2100,0,2-5 m,20000,24000,19000,base,,,,,,210,153,114,69,200,139,104,62,150,87,66,38,0.040/0.100/0.200 ha,agri: vcode handwritten overwrite; read as 1731
khajni,Khajni,03-08-2016,732,1732,सुल्तानी,धुरियापार,ग्रामीण,1500,upto 2 m,2000,2100,0,2-5 m,20000,24000,19000,base,,,,,,210,153,114,69,200,139,104,62,150,87,66,38,0.040/0.100/0.200 ha,agri: vcode handwritten overwrite; read as 1732
khajni,Khajni,03-08-2016,733,1733,सुगियापार,धुरियापार,ग्रामीण,1500,upto 2 m,2000,2100,0,2-5 m,20000,24000,19000,base,,,,,,210,153,114,69,200,139,104,62,150,87,66,38,0.040/0.100/0.200 ha,agri: vcode handwritten overwrite; read as 1733
khajni,Khajni,03-08-2016,734,1734,सहुआ,धुरियापार,ग्रामीण,1500,upto 2 m,2000,2100,0,2-5 m,20000,24000,19000,base,,,,,,210,153,114,69,200,139,104,62,150,87,66,38,0.040/0.100/0.200 ha,agri: vcode handwritten overwrite; read as 1734
khajni,Khajni,03-08-2016,735,1735,संहुआपार,धुरियापार,ग्रामीण,1500,upto 2 m,5000,4900,0,2-5 m,20000,24000,19000,base,,,,,,490,169,131,69,460,150,112,62,330,95,73,42,0.040/0.100/0.200 ha,road: r2to5 > r5to9 as printed (5000 vs 4900) | agri: vcode handwritten overwrite; read as 1735
khajni,Khajni,03-08-2016,736,1736,सहसपार खुर्द,धुरियापार,ग्रामीण,1500,upto 2 m,2000,2100,0,2-5 m,20000,24000,19000,base,,,,,,210,153,114,69,200,139,104,62,150,87,66,38,0.040/0.100/0.200 ha,agri: vcode handwritten overwrite; read as 1736
khajni,Khajni,03-08-2016,737,1737,सहसपार बुजुर्ग,धुरियापार,ग्रामीण,1500,upto 2 m,2000,2100,0,2-5 m,20000,24000,19000,base,,,,,,210,153,114,69,200,139,104,62,150,87,66,38,0.040/0.100/0.200 ha,agri: vcode handwritten overwrite; read as 1737
khajni,Khajni,03-08-2016,738,1738,साउडीह खुर्द,धुरियापार,ग्रामीण,1500,upto 2 m,2000,2100,0,2-5 m,20000,24000,19000,base,,,,,,210,153,114,69,200,139,104,62,150,87,66,38,0.040/0.100/0.200 ha,agri: vcode handwritten overwrite; read as 1738
khajni,Khajni,03-08-2016,739,1739,सांउडीह बुजुर्ग,धुरियापार,ग्रामीण,1500,upto 2 m,2000,2100,0,2-5 m,20000,24000,19000,base,,,,,,210,153,114,69,200,139,104,62,150,87,66,38,0.040/0.100/0.200 ha,agri: vcode handwritten overwrite; read as 1739
khajni,Khajni,03-08-2016,740,1740,साउखोर खुर्द,धुरियापार,ग्रामीण,1500,upto 2 m,2000,2100,0,2-5 m,20000,24000,19000,base,,,,,,210,153,114,69,200,139,104,62,150,87,66,38,0.040/0.100/0.200 ha,agri: vcode handwritten overwrite; read as 1740
khajni,Khajni,03-08-2016,741,1741,साउखोर बुजुर्ग,धुरियापार,ग्रामीण,1500,upto 2 m,2000,2100,0,2-5 m,20000,24000,19000,base,,,,,,210,153,114,69,200,139,104,62,150,87,66,38,0.040/0.100/0.200 ha,agri: vcode handwritten overwrite; read as 1741
khajni,Khajni,03-08-2016,742,1742,सोपाई,धुरियापार,ग्रामीण,1500,upto 2 m,2000,2100,0,2-5 m,20000,24000,19000,base,,,,,,210,153,114,69,200,139,112,62,150,87,66,38,0.040/0.100/0.200 ha,agri: vcode handwritten overwrite; read as 1742; link_c=112 as printed
khajni,Khajni,03-08-2016,743,1743,सोनाग,धुरियापार,ग्रामीण,3300,upto 2 m,4600,4900,0,2-5 m,20000,24000,19000,base,,,,,,490,169,131,69,460,150,104,62,330,95,73,42,0.040/0.100/0.200 ha,agri: vcode handwritten overwrite; read as 1743; link_c=104 as printed
khajni,Khajni,03-08-2016,744,1744,सियर,धुरियापार,ग्रामीण,1500,upto 2 m,2000,2100,0,2-5 m,20000,24000,19000,base,,,,,,210,153,114,69,200,139,104,62,150,87,66,38,0.040/0.100/0.200 ha,agri: vcode handwritten overwrite; read as 1744
khajni,Khajni,03-08-2016,745,1745,सिहपुर,धुरियापार,ग्रामीण,1500,upto 2 m,2000,2100,0,2-5 m,20000,24000,19000,base,,,,,,210,153,114,69,200,139,104,62,150,28,24,19,0.040/0.100/0.200 ha,agri: vcode handwritten overwrite; read as 1745
khajni,Khajni,03-08-2016,746,1746,शिवापार उर्फ सियरही,हसनपुर मगहर,ग्रामीण,1500,upto 2 m,2000,2100,0,2-5 m,20000,24000,19000,base,,,,,,210,153,114,69,200,139,104,62,150,87,66,38,0.040/0.100/0.200 ha,agri: vcode handwritten overwrite; read as 1746
khajni,Khajni,03-08-2016,747,1747,सिसई,हसनपुर मगहर,ग्रामीण,1500,upto 2 m,2000,2100,0,2-5 m,20000,24000,19000,base,,,,,,210,153,114,69,200,139,104,62,150,87,66,38,0.040/0.100/0.200 ha,agri: vcode handwritten overwrite; read as 1747
khajni,Khajni,03-08-2016,748,1748,सिसवा,हसनपुर मगहर,ग्रामीण,6300,upto 2 m,8600,9200,0,2-5 m,26000,30000,25000,base,,,,,,9200,169,131,69,860,150,112,62,630,95,73,42,0.040/0.100/0.200 ha,agri: vcode handwritten overwrite; read as 1748; dist_a=9200 as printed (likely 920?)
khajni,Khajni,03-08-2016,749,1749,समुदा,हसनपुर मगहर,ग्रामीण,3100,upto 2 m,4300,4600,0,2-5 m,20000,24000,19000,base,,,,,,460,169,131,69,430,150,112,62,310,95,73,42,0.040/0.100/0.200 ha,agri: vcode handwritten overwrite; read as 1749
khajni,Khajni,03-08-2016,750,1750,सहिजना,हसनपुर मगहर,ग्रामीण,1500,upto 2 m,2000,2100,0,2-5 m,20000,24000,19000,base,,,,,,210,153,114,69,200,139,104,62,150,87,66,38,0.040/0.100/0.200 ha,agri: vcode handwritten overwrite; read as 1750
khajni,Khajni,03-08-2016,751,1751,सुरैना,हसनपुर मगहर,ग्रामीण,1500,upto 2 m,2000,2100,0,2-5 m,20000,24000,19000,base,,,,,,210,153,114,69,200,139,104,62,150,87,66,38,0.040/0.100/0.200 ha,agri: vcode handwritten overwrite; read as 1751
khajni,Khajni,03-08-2016,752,1752,सुरसा,हसनपुर मगहर,ग्रामीण,1500,upto 2 m,2000,2100,0,2-5 m,20000,24000,19000,base,,,,,,210,153,114,69,200,139,104,62,150,87,66,38,0.040/0.100/0.200 ha,agri: vcode handwritten overwrite; read as 1752
khajni,Khajni,03-08-2016,753,1753,सुरसी,हसनपुर मगहर,ग्रामीण,1500,upto 2 m,2000,2100,0,2-5 m,20000,24000,19000,base,,,,,,210,153,114,69,200,139,104,62,150,87,66,38,0.040/0.100/0.200 ha,agri: vcode handwritten overwrite; read as 1753
khajni,Khajni,03-08-2016,754,1754,सेमरी,हसनपुर मगहर,ग्रामीण,1500,upto 2 m,2000,2100,0,2-5 m,20000,24000,19000,base,,,,,,210,153,114,69,200,139,104,62,150,87,66,38,0.040/0.100/0.200 ha,agri: vcode handwritten overwrite; read as 1754
khajni,Khajni,03-08-2016,755,1755,सोनवरसा,हसनपुर मगहर,ग्रामीण,6300,upto 2 m,8600,9200,0,2-5 m,26000,30000,25000,base,,,,,,9200,169,131,69,860,150,112,62,630,95,73,42,0.040/0.100/0.200 ha,agri: vcode handwritten overwrite; read as 1755; dist_a=9200 as printed (likely 920?)
khajni,Khajni,03-08-2016,756,1756,हुडरा तप्पा हवेली,उनवल,ग्रामीण,3100,upto 2 m,4300,4600,0,2-5 m,20000,24000,19000,base,,,,,,460,169,131,69,430,150,112,62,310,95,73,42,0.040/0.100/0.200 ha,agri: vcode handwritten overwrite; read as 1756
khajni,Khajni,03-08-2016,757,1757,हरदीचक,उनवल,ग्रामीण,3300,upto 2 m,4600,4900,5000,2-5 m,20000,24000,19000,base,,,,,,490,169,131,69,460,150,112,62,330,95,73,42,0.040/0.100/0.200 ha,agri: vcode handwritten overwrite; read as 1757
khajni,Khajni,03-08-2016,758,1758,हरदीजोत उर्फ बनकट,उनवल,ग्रामीण,1500,upto 2 m,2000,2100,0,2-5 m,20000,24000,19000,base,,,,,,210,153,114,69,200,139,104,62,150,87,66,38,0.040/0.100/0.200 ha,agri: vcode handwritten overwrite; read as 1758
khajni,Khajni,03-08-2016,759,1759,हरनही,उनवल,ग्रामीण,6300,upto 2 m,8600,9200,9200,2-5 m,26000,30000,25000,base,,,,,,9200,169,131,69,860,150,112,62,630,95,73,42,0.040/0.100/0.200 ha,agri: vcode handwritten overwrite; read as 1759; dist_a=9200 as printed (likely 920?)
khajni,Khajni,03-08-2016,760,1760,हरीहरभैसा,उनवल,ग्रामीण,1500,upto 2 m,2000,2300,0,2-5 m,20000,24000,19000,base,,,,,,210,153,114,69,200,139,104,62,150,87,66,38,0.040/0.100/0.200 ha,agri: vcode handwritten overwrite; read as 1760
khajni,Khajni,03-08-2016,761,1761,हरीहरपुर,उनवल,ग्रामीण,3300,upto 2 m,4600,4900,0,2-5 m,20000,24000,19000,base,,,,,,490,169,131,69,460,150,112,62,330,95,73,42,0.040/0.100/0.200 ha,agri: vcode handwritten overwrite; read as 1761
khajni,Khajni,03-08-2016,762,1762,हुडरा तप्पा भदार,धुरियापार,ग्रामीण,1500,upto 2 m,2000,2100,0,2-5 m,20000,24000,19000,base,,,,,,210,153,114,69,200,139,104,62,150,87,66,38,0.040/0.100/0.200 ha,agri: vcode handwritten overwrite; read as 1762
khajni,Khajni,03-08-2016,763,1763,हुडरी,धुरियापार,ग्रामीण,1500,upto 2 m,2000,2100,0,2-5 m,20000,24000,19000,base,,,,,,210,153,114,69,200,139,104,62,150,87,66,38,0.040/0.100/0.200 ha,agri: vcode handwritten overwrite; read as 1763
khajni,Khajni,03-08-2016,764,1764,हेमचउरा,धुरियापार,ग्रामीण,1500,upto 2 m,2000,2100,0,2-5 m,20000,24000,19000,base,,,,,,210,153,114,69,200,139,104,62,150,87,66,38,0.040/0.100/0.200 ha,agri: vcode handwritten overwrite; read as 1764
khajni,Khajni,03-08-2016,765,1765,हराडाड खुर्द,धुरियापार,ग्रामीण,1500,upto 2 m,4300,4600,0,2-5 m,20000,24000,19000,base,,,,,,460,169,131,69,430,150,112,62,310,95,73,42,0.040/0.100/0.200 ha,agri: vcode handwritten overwrite; read as 1765
khajni,Khajni,03-08-2016,766,1766,हराडाड बुजुर्ग,धुरियापार,ग्रामीण,1500,upto 2 m,4300,4600,0,2-5 m,20000,24000,19000,base,,,,,,460,169,131,69,430,150,112,62,310,95,73,42,0.040/0.100/0.200 ha,agri: vcode handwritten overwrite; read as 1766
khajni,Khajni,03-08-2016,767,1767,हरेया उर्फ मथुरा,धुरियापार,ग्रामीण,1500,upto 2 m,2000,2100,0,2-5 m,20000,24000,19000,base,,,,,,210,153,114,69,200,139,104,62,150,95,73,42,0.040/0.100/0.200 ha,agri: vcode handwritten overwrite; read as 1767; other_b/c/d=95/73/42 with other_a=150 as printed
khajni,Khajni,03-08-2016,768,1768,हरदत्तपुर,धुरियापार,ग्रामीण,6300,upto 2 m,8600,9200,0,2-5 m,26000,24000,25000,base,,,,,,9200,169,131,69,860,150,112,62,630,95,73,42,0.040/0.100/0.200 ha,agri: vcode handwritten overwrite; read as 1768; dist_a=9200 as printed (likely 920?)
khajni,Khajni,03-08-2016,769,1769,हरपुर,धुरियापार,ग्रामीण,3100,upto 2 m,4300,4600,0,2-5 m,20000,24000,19000,base,,,,,,460,169,131,69,430,150,112,62,310,87,66,38,0.040/0.100/0.200 ha,agri: vcode handwritten overwrite; read as 1769; other=310/87/66/38 as printed
khajni,Khajni,03-08-2016,770,1770,हरलीलां,धुरियापार,ग्रामीण,1500,upto 2 m,2000,2100,0,2-5 m,20000,24000,19000,base,,,,,,210,153,114,69,200,139,104,62,150,87,66,38,0.040/0.100/0.200 ha,agri: vcode handwritten overwrite; read as 1770
khajni,Khajni,03-08-2016,771,1771,हरिजनपुर,धुरियापार,ग्रामीण,2600,upto 2 m,3500,3700,0,2-5 m,20000,24000,19000,base,,,,,,370,169,131,69,350,150,112,62,260,95,73,42,0.040/0.100/0.200 ha,agri: vcode handwritten overwrite; read as 1771
khajni,Khajni,03-08-2016,772,1772,हाटा खुर्द,धुरियापार,ग्रामीण,4500,upto 2 m,6000,6200,0,2-5 m,26000,24000,25000,base,,,,,,620,169,131,69,600,150,112,62,450,95,73,42,0.040/0.100/0.200 ha,agri: vcode handwritten overwrite; read as 1772
khajni,Khajni,03-08-2016,773,1773,हाटा बुजुर्ग,धुरियापार,ग्रामीण,4500,upto 2 m,6000,6800,0,2-5 m,26000,24000,25000,base,,,,,,620,169,131,69,600,150,112,62,450,95,73,42,0.040/0.100/0.200 ha,agri: vcode handwritten overwrite; read as 1773
khajni,Khajni,03-08-2016,774,1774,हरपुर उर्फ दुबरिया,हसनपुर मगहर,ग्रामीण,1500,upto 2 m,2000,2100,0,2-5 m,20000,24000,19000,base,,,,,,210,153,114,69,200,139,104,62,150,87,66,38,0.040/0.100/0.200 ha,agri: vcode handwritten overwrite; read as 1774
khajni,Khajni,03-08-2016,775,1775,गायघाट,धुरियापार,ग्रामीण,1500,upto 2 m,2000,2300,0,2-5 m,20000,24000,19000,base,,,,,,210,153,114,69,200,139,104,62,150,28,24,19,0.040/0.100/0.200 ha,agri: vcode handwritten overwrite; read as 1775
khajni,Khajni,03-08-2016,776,1776,जिगिनियॉ उर्फ शाहपुर एह0,धुरियापार,ग्रामीण,1500,upto 2 m,2000,2100,0,2-5 m,20000,24000,19000,base,,,,,,210,153,114,69,200,139,104,62,150,28,24,19,0.040/0.100/0.200 ha,agri: vcode handwritten overwrite; read as 1776
khajni,Khajni,03-08-2016,777,1777,बेलाव खुर्द एहतमाली,धुरियापार,ग्रामीण,1500,upto 2 m,2000,2100,0,2-5 m,20000,24000,19000,base,,,,,,210,153,114,69,200,139,104,62,150,28,24,19,0.040/0.100/0.200 ha,agri: vcode handwritten overwrite; read as 1777
khajni,Khajni,03-08-2016,778,1778,रसूलपुर मिश्र,धुरियापार,ग्रामीण,1500,upto 2 m,2000,2100,0,2-5 m,20000,24000,19000,base,,,,,,210,153,114,69,200,139,104,62,150,28,24,19,0.040/0.100/0.200 ha,comm: name printed श्रसूलपुर (likely रसूलपुर) | agri: vcode handwritten overwrite; read as 1778; name first letter partly covered by handwriting
khajni,Khajni,03-08-2016,779,1779,मझदीप,धुरियापार,ग्रामीण,1500,upto 2 m,2000,2100,0,2-5 m,20000,24000,19000,base,,,,,,210,153,114,69,200,139,104,62,150,28,24,19,0.040/0.100/0.200 ha,comm: serial printed 789 (sequence expects 779); vcode 1779
campier,Campierganj,01-08-2015 (commercial rates amended 19-01-2016),1,0001,अम्बेडकर नगर,वार्ड नं0 1,अर्ध नगरीय,6500,upto 2 m,7700,8300,9900,2-5 m,50000,48000,43200,amend2016,,990,497,390,380,990,324,300,240,830,300,270,210,650,156,141,129,0.040/0.100/0.200 ha,
campier,Campierganj,01-08-2015 (commercial rates amended 19-01-2016),2,0002,अब्दुल हमीद नगर,वार्ड नं0 10,अर्ध नगरीय,6500,upto 2 m,8000,8600,9900,2-5 m,50000,48000,43200,amend2016,,990,497,390,380,990,324,300,240,860,300,270,210,650,156,141,129,0.040/0.100/0.200 ha,agri: link_a 860 (neighbours 830) - verified at 350dpi as printed
campier,Campierganj,01-08-2015 (commercial rates amended 19-01-2016),3,0003,आजाद नगर,वार्ड नं0 3,अर्ध नगरीय,6500,upto 2 m,7700,8300,9900,2-5 m,50000,48000,43200,amend2016,,,,,,990,324,300,240,830,300,270,210,650,156,141,129,0.040/0.100/0.200 ha,
campier,Campierganj,01-08-2015 (commercial rates amended 19-01-2016),4,1001,अमरहा,101 हवेली,ग्रामीण,2600,upto 2 m,3300,3500,5000,2-5 m,20000,24500,22000,amend2016,,500,304,278,253,500,129,118,107,350,97,89,81,260,59,55,50,0.040/0.100/0.200 ha,
campier,Campierganj,01-08-2015 (commercial rates amended 19-01-2016),5,1002,अलेनाबाद,101 हवेली,ग्रामीण,2600,upto 2 m,3300,3500,5000,2-5 m,20000,24500,22000,amend2016,,500,304,278,253,500,127,117,105,350,105,96,88,260,61,56,50,0.040/0.100/0.200 ha,
campier,Campierganj,01-08-2015 (commercial rates amended 19-01-2016),6,1003,आराजी ठकुरापार गैर आबाद,101 हवेली,ग्रामीण,1200,upto 2 m,2300,2500,3100,2-5 m,11000,18000,16200,amend2016,,,,,,310,80,72,69,250,65,57,54,120,40,35,33,0.040/0.100/0.200 ha,
campier,Campierganj,01-08-2015 (commercial rates amended 19-01-2016),7,1004,अहिरौली,101 हवेली,ग्रामीण,1200,upto 2 m,2800,3000,3300,2-5 m,20000,24500,22000,amend2016,,,,,,450,108,98,89,300,81,74,66,246,52,48,43,0.040/0.100/0.200 ha,
campier,Campierganj,01-08-2015 (commercial rates amended 19-01-2016),8,1005,अकटहवा,101 हवेली,ग्रामीण,2300,upto 2 m,2600,2800,3500,2-5 m,20000,24500,22000,amend2016,,,,,,350,107,96,86,280,81,73,65,230,50,45,40,0.040/0.100/0.200 ha,
campier,Campierganj,01-08-2015 (commercial rates amended 19-01-2016),9,1006,अलगटपुर,101 हवेली,ग्रामीण,2100,upto 2 m,2600,2800,3100,2-5 m,20000,24500,22000,amend2016,,,,,,310,96,86,75,262,73,65,57,210,45,40,35,0.040/0.100/0.200 ha,
campier,Campierganj,01-08-2015 (commercial rates amended 19-01-2016),10,1007,अमवा उर्फ आमघाट,101 हवेली,ग्रामीण,1200,upto 2 m,2300,2500,3100,2-5 m,11000,18000,16200,amend2016,,,,,,310,82,72,69,250,65,57,54,120,40,35,33,0.040/0.100/0.200 ha,agri: name reading uncertain (अमया/अमवा)
campier,Campierganj,01-08-2015 (commercial rates amended 19-01-2016),11,1008,अलीगढ,101 हवेली,ग्रामीण,1200,upto 2 m,2300,2500,3100,2-5 m,11000,18000,16200,amend2016,,,,,,310,82,72,69,250,65,57,54,120,40,35,33,0.040/0.100/0.200 ha,
campier,Campierganj,01-08-2015 (commercial rates amended 19-01-2016),12,1009,आलमचक,101 हवेली,ग्रामीण,2300,upto 2 m,2600,2800,3500,2-5 m,20000,24500,22000,amend2016,,,,,,350,107,96,86,280,81,73,65,230,50,45,40,0.040/0.100/0.200 ha,
campier,Campierganj,01-08-2015 (commercial rates amended 19-01-2016),13,1010,इटवा,101 हवेली,ग्रामीण,1200,upto 2 m,2300,2500,3100,2-5 m,11000,18000,16200,amend2016,,,,,,310,82,72,69,250,65,57,54,120,40,35,33,0.040/0.100/0.200 ha,
campier,Campierganj,01-08-2015 (commercial rates amended 19-01-2016),14,1011,इन्द्रवार,101 हवेली,ग्रामीण,1200,upto 2 m,2300,2500,3100,2-5 m,11000,18000,16200,amend2016,,,,,,310,82,72,69,250,65,57,54,120,40,35,33,0.040/0.100/0.200 ha,
campier,Campierganj,01-08-2015 (commercial rates amended 19-01-2016),15,1012,इन्दरपुर,101 हवेली,ग्रामीण,2400,upto 2 m,2800,3000,3700,2-5 m,20000,24500,22000,amend2016,,,,,,370,108,98,88,300,81,74,67,240,52,48,43,0.040/0.100/0.200 ha,
campier,Campierganj,01-08-2015 (commercial rates amended 19-01-2016),16,1013,उलरापार,101 हवेली,ग्रामीण,2000,upto 2 m,2300,2400,3100,2-5 m,11000,18000,16200,amend2016,,,,,,310,86,75,72,240,65,57,54,200,40,35,33,0.040/0.100/0.200 ha,
campier,Campierganj,01-08-2015 (commercial rates amended 19-01-2016),17,1014,करमहवा,101 हवेली,ग्रामीण,2550,upto 2 m,4000,4200,4500,2-5 m,20000,24500,22000,amend2016,,,,,,450,129,118,108,420,97,89,81,255,60,55,50,0.040/0.100/0.200 ha,agri: link_a 420 > dist_b; as printed (verified)
campier,Campierganj,01-08-2015 (commercial rates amended 19-01-2016),18,1015,कहरौली,101 हवेली,ग्रामीण,2400,upto 2 m,2800,3000,3300,2-5 m,20000,24500,22000,amend2016,,,,,,450,108,98,88,300,81,74,66,240,52,48,43,0.040/0.100/0.200 ha,
campier,Campierganj,01-08-2015 (commercial rates amended 19-01-2016),19,1016,कन्दरखाया गैर आबाद,101 हवेली,ग्रामीण,1200,upto 2 m,2300,2500,3100,2-5 m,11000,18000,16200,amend2016,,,,,,310,82,72,69,250,65,57,54,120,40,35,33,0.040/0.100/0.200 ha,
campier,Campierganj,01-08-2015 (commercial rates amended 19-01-2016),20,1017,कुई,101 हवेली,ग्रामीण,2550,upto 2 m,3300,3500,5000,2-5 m,20000,24500,22000,amend2016,,500,300,278,253,500,129,118,108,350,97,89,81,255,60,55,50,0.040/0.100/0.200 ha,
campier,Campierganj,01-08-2015 (commercial rates amended 19-01-2016),21,1018,कल्यानपुर,101 हवेली,ग्रामीण,2100,upto 2 m,2500,2700,3100,2-5 m,20000,24500,22000,amend2016,,,,,,310,96,86,75,270,73,65,57,210,45,40,35,0.040/0.100/0.200 ha,
campier,Campierganj,01-08-2015 (commercial rates amended 19-01-2016),22,1019,कुनवार,101 हवेली,ग्रामीण,2100,upto 2 m,2500,2700,3100,2-5 m,20000,24500,22000,amend2016,,,,,,310,96,86,75,270,73,65,57,210,45,40,35,0.040/0.100/0.200 ha,
campier,Campierganj,01-08-2015 (commercial rates amended 19-01-2016),23,1020,कुड़ी,101 हवेली,ग्रामीण,2100,upto 2 m,2500,2700,3100,2-5 m,20000,24500,22000,amend2016,,,,,,310,96,86,75,270,73,65,57,210,45,40,35,0.040/0.100/0.200 ha,
campier,Campierganj,01-08-2015 (commercial rates amended 19-01-2016),24,1021,कुन्जलगढ,101 हवेली,ग्रामीण,2550,upto 2 m,3300,3500,5000,2-5 m,20000,24500,22000,amend2016,,500,300,278,253,500,129,118,108,350,97,89,81,255,60,55,50,0.040/0.100/0.200 ha,
campier,Campierganj,01-08-2015 (commercial rates amended 19-01-2016),25,1022,करीमनगर,101 हवेली,ग्रामीण,2400,upto 2 m,2800,3000,3700,2-5 m,20000,24500,22000,amend2016,,,,,,370,108,98,88,300,81,74,67,240,52,48,42,0.040/0.100/0.200 ha,agri: other_d 42 (similar rows 43) - verified
campier,Campierganj,01-08-2015 (commercial rates amended 19-01-2016),26,1023,करतहरी,101 हवेली,ग्रामीण,1200,upto 2 m,2300,2500,3100,2-5 m,11000,18000,16200,amend2016,,,,,,310,82,72,69,250,65,57,54,120,40,35,33,0.040/0.100/0.200 ha,
campier,Campierganj,01-08-2015 (commercial rates amended 19-01-2016),27,1024,ककटही,101 हवेली,ग्रामीण,1200,upto 2 m,2300,2500,3100,2-5 m,11000,18000,16200,amend2016,,,,,,310,83,72,69,250,65,57,54,120,40,35,33,0.040/0.100/0.200 ha,
campier,Campierganj,01-08-2015 (commercial rates amended 19-01-2016),28,1025,कानाधार,101 हवेली,ग्रामीण,2300,upto 2 m,2600,2800,3500,2-5 m,20000,24500,22000,amend2016,,,,,,350,108,96,86,280,81,73,65,230,50,45,40,0.040/0.100/0.200 ha,
campier,Campierganj,01-08-2015 (commercial rates amended 19-01-2016),29,1026,कम्पियरनगर,101 हवेली,ग्रामीण,3800,upto 2 m,5400,5800,8300,2-5 m,35000,37000,33300,amend2016,,830,450,351,300,830,300,185,135,580,211,128,85,380,180,75,43,0.040/0.100/0.200 ha,
campier,Campierganj,01-08-2015 (commercial rates amended 19-01-2016),30,1027,कोनी,101 हवेली,ग्रामीण,2100,upto 2 m,2500,2600,3100,2-5 m,20000,24500,22000,amend2016,,,,,,310,97,86,75,260,73,65,57,210,45,40,35,0.040/0.100/0.200 ha,
campier,Campierganj,01-08-2015 (commercial rates amended 19-01-2016),31,1028,कोल्हुआ,101 हवेली,ग्रामीण,2400,upto 2 m,3400,3600,3900,2-5 m,29000,37000,33300,amend2016,,,,,,390,231,205,146,360,216,170,110,240,138,75,50,0.040/0.100/0.200 ha,
campier,Campierganj,01-08-2015 (commercial rates amended 19-01-2016),32,1029,कडजहवा,101 हवेली,ग्रामीण,1200,upto 2 m,2300,2500,3100,2-5 m,11000,18000,16200,amend2016,,,,,,310,83,72,69,250,65,57,54,120,40,35,33,0.040/0.100/0.200 ha,
campier,Campierganj,01-08-2015 (commercial rates amended 19-01-2016),33,1030,खिरिया,101 हवेली,ग्रामीण,1200,upto 2 m,2300,2500,3100,2-5 m,11000,18000,16200,amend2016,,,,,,310,83,72,69,250,65,57,54,120,40,35,33,0.040/0.100/0.200 ha,
campier,Campierganj,01-08-2015 (commercial rates amended 19-01-2016),34,1031,खोखरी,101 हवेली,ग्रामीण,2100,upto 2 m,2600,2800,3100,2-5 m,20000,24500,22000,amend2016,,,,,,310,97,86,75,280,73,65,57,210,45,40,35,0.040/0.100/0.200 ha,
campier,Campierganj,01-08-2015 (commercial rates amended 19-01-2016),35,1032,खैराट,101 हवेली,ग्रामीण,1200,upto 2 m,2300,2500,3100,2-5 m,11000,18000,16200,amend2016,,,,,,310,83,72,69,250,65,57,54,120,40,35,33,0.040/0.100/0.200 ha,
campier,Campierganj,01-08-2015 (commercial rates amended 19-01-2016),36,1033,खाटापार,101 हवेली,ग्रामीण,1200,upto 2 m,2300,2500,3100,2-5 m,11000,18000,16200,amend2016,,,,,,310,83,72,69,250,65,57,54,120,40,35,33,0.040/0.100/0.200 ha,
campier,Campierganj,01-08-2015 (commercial rates amended 19-01-2016),37,1034,खाझा,101 हवेली,ग्रामीण,1200,upto 2 m,2300,2500,3100,2-5 m,11000,18000,16200,amend2016,,,,,,310,83,72,69,250,65,57,54,120,40,35,33,0.040/0.100/0.200 ha,comm: name partly cut off in scan (top half of row missing); best reading
campier,Campierganj,01-08-2015 (commercial rates amended 19-01-2016),38,1035,खडखडिया,101 हवेली,ग्रामीण,1900,upto 2 m,2500,2600,3100,2-5 m,20000,24500,22000,amend2016,,,,,,310,86,75,72,260,65,57,54,190,40,35,33,0.040/0.100/0.200 ha,agri: other_a 190 - verified
campier,Campierganj,01-08-2015 (commercial rates amended 19-01-2016),39,1036,खडवार,101 हवेली,ग्रामीण,2000,upto 2 m,2600,2800,3100,2-5 m,20000,24500,22000,amend2016,,,,,,310,97,86,75,280,73,65,57,200,45,40,35,0.040/0.100/0.200 ha,
campier,Campierganj,01-08-2015 (commercial rates amended 19-01-2016),40,1037,खजूरगांवा,101 हवेली,ग्रामीण,2900,upto 2 m,3300,3500,5000,2-5 m,20000,24500,22000,amend2016,,,,,,500,130,118,108,350,97,89,81,290,60,55,50,0.040/0.100/0.200 ha,
campier,Campierganj,01-08-2015 (commercial rates amended 19-01-2016),41,1038,खरकटवा,101 हवेली,ग्रामीण,1200,upto 2 m,2300,2500,3100,2-5 m,11000,18000,16200,amend2016,,,,,,310,83,72,69,250,65,57,54,120,40,35,33,0.040/0.100/0.200 ha,
campier,Campierganj,01-08-2015 (commercial rates amended 19-01-2016),42,1039,गौरैया,101 हवेली,ग्रामीण,1200,upto 2 m,2800,3000,3300,2-5 m,20000,24500,22000,amend2016,,,,,,450,119,107,97,300,89,81,73,120,55,50,45,0.040/0.100/0.200 ha,agri: other_a 120 with other_b 55 - verified as printed
campier,Campierganj,01-08-2015 (commercial rates amended 19-01-2016),43,1040,गोपालगंज उर्फ हरनामपुर,101 हवेली,ग्रामीण,2400,upto 2 m,2800,3000,3700,2-5 m,20000,24500,22000,amend2016,,,,,,370,108,98,88,300,81,74,67,240,52,48,43,0.040/0.100/0.200 ha,
campier,Campierganj,01-08-2015 (commercial rates amended 19-01-2016),44,1041,गौरा,101 हवेली,ग्रामीण,1200,upto 2 m,2300,2500,3100,2-5 m,11000,18000,16200,amend2016,,,,,,310,83,72,69,250,65,57,54,120,40,35,33,0.040/0.100/0.200 ha,
campier,Campierganj,01-08-2015 (commercial rates amended 19-01-2016),45,1042,गोपलापुर तप्पा--रिगौली,101 हवेली,ग्रामीण,2300,upto 2 m,2900,3100,3500,2-5 m,20000,24500,22000,amend2016,,,,,,400,108,96,86,300,81,73,65,230,50,45,40,0.040/0.100/0.200 ha,
campier,Campierganj,01-08-2015 (commercial rates amended 19-01-2016),46,1043,गांगपार,101 हवेली,ग्रामीण,2300,upto 2 m,2600,2800,3500,2-5 m,20000,24500,22000,amend2016,,,,,,350,108,96,86,280,81,73,65,230,50,45,40,0.040/0.100/0.200 ha,
campier,Campierganj,01-08-2015 (commercial rates amended 19-01-2016),47,1044,गोपलापुर तप्पा--पचवारा,101 हवेली,ग्रामीण,2100,upto 2 m,2500,2600,3100,2-5 m,20000,24500,22000,amend2016,,,,,,310,97,86,75,260,73,65,57,210,45,40,35,0.040/0.100/0.200 ha,
campier,Campierganj,01-08-2015 (commercial rates amended 19-01-2016),48,1045,गोपालपुर गैर आबाद तप्पा--रिगौली,101 हवेली,ग्रामीण,1200,upto 2 m,2300,2500,3100,2-5 m,11000,18000,16200,amend2016,,,,,,310,83,72,69,250,65,57,54,120,40,35,33,0.040/0.100/0.200 ha,
campier,Campierganj,01-08-2015 (commercial rates amended 19-01-2016),49,1046,गुलरिहा,101 हवेली,ग्रामीण,2100,upto 2 m,2500,2600,3100,2-5 m,20000,24500,22000,amend2016,,,,,,310,97,86,75,260,73,65,57,210,45,40,35,0.040/0.100/0.200 ha,
campier,Campierganj,01-08-2015 (commercial rates amended 19-01-2016),50,1047,गेरुई खुर्द,101 हवेली,ग्रामीण,1200,upto 2 m,2300,2500,3100,2-5 m,11000,18000,16200,amend2016,,,,,,310,83,72,69,250,65,56,54,120,40,35,33,0.040/0.100/0.200 ha,agri: link_c 56 (similar rows 57) - verified
campier,Campierganj,01-08-2015 (commercial rates amended 19-01-2016),51,1048,गेरुई बुजुर्ग,101 हवेली,ग्रामीण,1200,upto 2 m,2300,2500,3100,2-5 m,11000,18000,16200,amend2016,,,,,,310,83,72,69,250,65,57,54,120,40,35,33,0.040/0.100/0.200 ha,
campier,Campierganj,01-08-2015 (commercial rates amended 19-01-2016),52,1049,गायघाट,101 हवेली,ग्रामीण,2100,upto 2 m,2400,2600,3100,2-5 m,20000,24500,22000,amend2016,,,,,,310,97,86,75,260,73,65,57,210,45,40,35,0.040/0.100/0.200 ha,
campier,Campierganj,01-08-2015 (commercial rates amended 19-01-2016),53,1050,गूरम,101 हवेली,ग्रामीण,1200,upto 2 m,2300,2500,3100,2-5 m,11000,18000,16200,amend2016,,,,,,310,83,72,69,250,65,57,54,120,40,35,33,0.040/0.100/0.200 ha,
campier,Campierganj,01-08-2015 (commercial rates amended 19-01-2016),54,1051,घघवा,101 हवेली,ग्रामीण,2100,upto 2 m,2500,2600,3100,2-5 m,20000,24500,22000,amend2016,,,,,,310,97,86,75,260,73,65,57,210,45,40,35,0.040/0.100/0.200 ha,
campier,Campierganj,01-08-2015 (commercial rates amended 19-01-2016),55,1052,घरभरिया,101 हवेली,ग्रामीण,1200,upto 2 m,2600,2800,3500,2-5 m,20000,24500,22000,amend2016,,,,,,350,108,96,86,280,81,73,65,120,50,45,40,0.040/0.100/0.200 ha,agri: other_a 120 with other_b 50 (similar rows 230) - verified as printed
campier,Campierganj,01-08-2015 (commercial rates amended 19-01-2016),56,1053,चौरी,101 हवेली,ग्रामीण,1200,upto 2 m,2300,2500,3100,2-5 m,11000,18000,16200,amend2016,,,,,,310,83,72,69,250,65,57,54,120,40,35,33,0.040/0.100/0.200 ha,
campier,Campierganj,01-08-2015 (commercial rates amended 19-01-2016),57,1054,चन्दीपुर,101 हवेली,ग्रामीण,1200,upto 2 m,2300,2500,3100,2-5 m,11000,18000,16200,amend2016,,,,,,310,83,72,69,250,65,57,54,120,40,35,33,0.040/0.100/0.200 ha,
campier,Campierganj,01-08-2015 (commercial rates amended 19-01-2016),58,1055,चहोरी,101 हवेली,ग्रामीण,2000,upto 2 m,2300,2400,3100,2-5 m,20000,24500,22000,amend2016,,,,,,310,86,75,72,240,65,57,54,200,40,35,33,0.040/0.100/0.200 ha,
campier,Campierganj,01-08-2015 (commercial rates amended 19-01-2016),59,1056,चौमुखा,101 हवेली,ग्रामीण,3800,upto 2 m,5400,5800,8250,2-5 m,35000,37000,33300,amend2016,,825,450,351,300,825,300,250,170,580,211,170,113,380,180,99,57,0.040/0.100/0.200 ha,
campier,Campierganj,01-08-2015 (commercial rates amended 19-01-2016),60,1057,चेतरिया,101 हवेली,ग्रामीण,1200,upto 2 m,2300,2500,3100,2-5 m,11000,18000,16200,amend2016,,,,,,310,83,72,69,250,65,57,54,120,40,35,33,0.040/0.100/0.200 ha,
campier,Campierganj,01-08-2015 (commercial rates amended 19-01-2016),61,1058,चौकमाफी,101 हवेली,ग्रामीण,2300,upto 2 m,2600,2800,3500,2-5 m,20000,24500,22000,amend2016,,,,,,350,108,96,86,280,81,73,65,230,50,45,40,0.040/0.100/0.200 ha,
campier,Campierganj,01-08-2015 (commercial rates amended 19-01-2016),62,1059,चकदहा,101 हवेली,ग्रामीण,1200,upto 2 m,2300,2500,3100,2-5 m,11000,18000,16200,amend2016,,,,,,310,83,72,69,250,65,57,54,120,40,35,33,0.040/0.100/0.200 ha,
campier,Campierganj,01-08-2015 (commercial rates amended 19-01-2016),63,1060,चामटभूआ -- गैर आबाद,101 हवेली,ग्रामीण,1200,upto 2 m,2300,2500,3100,2-5 m,11000,18000,16200,amend2016,,,,,,310,83,72,69,250,65,57,54,120,40,35,33,0.040/0.100/0.200 ha,
campier,Campierganj,01-08-2015 (commercial rates amended 19-01-2016),64,1061,छितही खुर्द,101 हवेली,ग्रामीण,2400,upto 2 m,2800,3000,3300,2-5 m,20000,24500,22000,amend2016,,,,,,450,109,107,97,300,89,81,73,240,55,50,45,0.040/0.100/0.200 ha,
campier,Campierganj,01-08-2015 (commercial rates amended 19-01-2016),65,1062,जगदीशपुर,101 हवेली,ग्रामीण,2100,upto 2 m,2600,2800,3100,2-5 m,20000,24500,22000,amend2016,,,,,,310,97,86,75,280,73,65,57,210,45,40,35,0.040/0.100/0.200 ha,
campier,Campierganj,01-08-2015 (commercial rates amended 19-01-2016),66,1063,जंगल अगही,101 हवेली,ग्रामीण,2300,upto 2 m,2300,2500,3100,2-5 m,11000,18000,16200,amend2016,,,,,,310,83,72,69,250,65,57,54,230,40,35,33,0.040/0.100/0.200 ha,agri: other_a 230 (similar rows 120) - verified as printed
campier,Campierganj,01-08-2015 (commercial rates amended 19-01-2016),67,1064,जंगल झझवा,101 हवेली,ग्रामीण,3800,upto 2 m,6200,6600,9000,2-5 m,29000,37000,33300,amend2016,,900,500,409,380,6600,323,260,147,660,302,227,165,380,194,108,75,0.040/0.100/0.200 ha,agri: dist_a 6600 as printed (likely misprint of 660); dist_d 147 vs 195 in row 68 - verified
campier,Campierganj,01-08-2015 (commercial rates amended 19-01-2016),68,1065,जंगल बिहुली,101 हवेली,ग्रामीण,3800,upto 2 m,6200,6600,9000,2-5 m,29000,37000,33300,amend2016,,900,500,409,380,6600,323,260,195,660,302,227,165,380,194,108,75,0.040/0.100/0.200 ha,agri: dist_a 6600 as printed (likely misprint of 660) - verified
campier,Campierganj,01-08-2015 (commercial rates amended 19-01-2016),69,1066,जसवल,101 हवेली,ग्रामीण,2300,upto 2 m,2600,2800,3500,2-5 m,20000,24500,22000,amend2016,,,,,,3500,108,96,86,280,81,73,65,230,50,45,40,0.040/0.100/0.200 ha,agri: dist_a 3500 as printed (likely misprint of 350) - verified
campier,Campierganj,01-08-2015 (commercial rates amended 19-01-2016),70,1067,जवैनिहा,101 हवेली,ग्रामीण,2100,upto 2 m,2500,2600,3100,2-5 m,20000,24500,22000,amend2016,,,,,,310,97,86,75,260,73,65,57,210,45,40,35,0.040/0.100/0.200 ha,
campier,Campierganj,01-08-2015 (commercial rates amended 19-01-2016),71,1068,जरहद,101 हवेली,ग्रामीण,2400,upto 2 m,3100,3300,3700,2-5 m,20000,24500,22000,amend2016,,370,300,253,228,370,119,107,97,300,89,81,73,240,55,50,45,0.040/0.100/0.200 ha,
campier,Campierganj,01-08-2015 (commercial rates amended 19-01-2016),72,1069,जिवनरायनपुर गैर आबाद,101 हवेली,ग्रामीण,1200,upto 2 m,2300,2500,3100,2-5 m,11000,18000,16200,amend2016,,,,,,310,83,72,69,250,65,57,54,120,40,35,33,0.040/0.100/0.200 ha,
campier,Campierganj,01-08-2015 (commercial rates amended 19-01-2016),73,1070,जनकपुर,101 हवेली,ग्रामीण,2100,upto 2 m,2500,2600,3100,2-5 m,20000,24500,22000,amend2016,,,,,,310,87,86,75,260,65,65,57,210,40,40,35,0.040/0.100/0.200 ha,"agri: dist_b 87/dist_c 86, link_b=link_c 65, other_b=other_c 40 - verified as printed"
campier,Campierganj,01-08-2015 (commercial rates amended 19-01-2016),74,1071,जोगी चक,101 हवेली,ग्रामीण,2300,upto 2 m,2600,2800,3500,2-5 m,20000,24500,22000,amend2016,,,,,,350,108,96,86,280,81,73,65,230,50,45,40,0.040/0.100/0.200 ha,
campier,Campierganj,01-08-2015 (commercial rates amended 19-01-2016),75,1072,टिकरिया -- गैर आबाद,101 हवेली,ग्रामीण,1200,upto 2 m,2300,2500,3100,2-5 m,11000,18000,16200,amend2016,,,,,,310,83,72,69,250,65,57,54,120,40,35,33,0.040/0.100/0.200 ha,
campier,Campierganj,01-08-2015 (commercial rates amended 19-01-2016),76,1073,टेढावीर,101 हवेली,ग्रामीण,1200,upto 2 m,2300,2500,3100,2-5 m,11000,18000,16200,amend2016,,,,,,310,83,72,69,250,65,57,54,120,40,35,33,0.040/0.100/0.200 ha,
campier,Campierganj,01-08-2015 (commercial rates amended 19-01-2016),77,1074,ठाकुरनगर,101 हवेली,ग्रामीण,1200,upto 2 m,2800,3000,3700,2-5 m,20000,24500,22000,amend2016,,,,,,370,108,107,96,300,81,81,73,251,50,50,45,0.040/0.100/0.200 ha,"agri: link_b=link_c 81, other_a 251, other_b=other_c 50 - verified as printed"
campier,Campierganj,01-08-2015 (commercial rates amended 19-01-2016),78,1075,ठकुरापार,101 हवेली,ग्रामीण,1200,upto 2 m,2300,2500,3100,2-5 m,11000,18000,16200,amend2016,,,,,,310,83,72,69,250,65,57,54,120,40,35,33,0.040/0.100/0.200 ha,
campier,Campierganj,01-08-2015 (commercial rates amended 19-01-2016),79,1076,डिहवा बुजुर्ग,101 हवेली,ग्रामीण,1200,upto 2 m,2300,2500,3100,2-5 m,11000,18000,16200,amend2016,,,,,,310,83,72,69,250,65,57,54,120,40,35,33,0.040/0.100/0.200 ha,
campier,Campierganj,01-08-2015 (commercial rates amended 19-01-2016),80,1077,डाढाडीह,101 हवेली,ग्रामीण,1200,upto 2 m,2300,2500,3100,2-5 m,11000,18000,16200,amend2016,,,,,,310,83,72,69,250,65,57,54,120,40,35,33,0.040/0.100/0.200 ha,
campier,Campierganj,01-08-2015 (commercial rates amended 19-01-2016),81,1078,डुमरिया,101 हवेली,ग्रामीण,1200,upto 2 m,2300,2500,3100,2-5 m,11000,18000,16200,amend2016,,,,,,310,83,72,69,250,65,57,54,120,40,35,33,0.040/0.100/0.200 ha,
campier,Campierganj,01-08-2015 (commercial rates amended 19-01-2016),82,1079,ढेढना,101 हवेली,ग्रामीण,2000,upto 2 m,2300,2400,3100,2-5 m,20000,24500,22000,amend2016,,,,,,310,87,75,72,250,65,57,54,200,40,35,33,0.040/0.100/0.200 ha,
campier,Campierganj,01-08-2015 (commercial rates amended 19-01-2016),83,1080,ताल गडेला गैर आबाद,101 हवेली,ग्रामीण,1200,upto 2 m,2300,2500,3100,2-5 m,11000,18000,16200,amend2016,,,,,,310,83,72,69,250,65,57,54,120,40,35,33,0.040/0.100/0.200 ha,
campier,Campierganj,01-08-2015 (commercial rates amended 19-01-2016),84,1081,ताल सरूआ,101 हवेली,ग्रामीण,1200,upto 2 m,2300,2500,3100,2-5 m,11000,18000,16200,amend2016,,,,,,310,83,72,69,250,65,57,54,120,40,35,33,0.040/0.100/0.200 ha,
campier,Campierganj,01-08-2015 (commercial rates amended 19-01-2016),85,1082,ताल कोमर,101 हवेली,ग्रामीण,1200,upto 2 m,2300,2500,3100,2-5 m,11000,18000,16200,amend2016,,,,,,310,83,72,69,250,65,57,54,120,40,35,33,0.040/0.100/0.200 ha,
campier,Campierganj,01-08-2015 (commercial rates amended 19-01-2016),86,1083,तेन्दुआ विसम्भरपुर,101 हवेली,ग्रामीण,2000,upto 2 m,2500,2600,3100,2-5 m,20000,24500,22000,amend2016,,,,,,310,97,86,72,260,73,65,54,200,45,40,33,0.040/0.100/0.200 ha,
campier,Campierganj,01-08-2015 (commercial rates amended 19-01-2016),87,1084,ताल बंजरहा,101 हवेली,ग्रामीण,1200,upto 2 m,2300,2500,3100,2-5 m,11000,18000,16200,amend2016,,,,,,310,75,65,63,250,59,57,50,120,38,33,32,0.040/0.100/0.200 ha,
campier,Campierganj,01-08-2015 (commercial rates amended 19-01-2016),88,1085,तिघरा,101 हवेली,ग्रामीण,2400,upto 2 m,2800,3000,3700,2-5 m,20000,24500,22000,amend2016,,,,,,370,119,107,97,300,89,81,73,240,55,50,45,0.040/0.100/0.200 ha,
campier,Campierganj,01-08-2015 (commercial rates amended 19-01-2016),89,1086,ताल महुलानी,101 हवेली,ग्रामीण,1200,upto 2 m,2300,2500,3100,2-5 m,11000,18000,16200,amend2016,,,,,,310,83,72,69,250,65,57,54,120,40,35,33,0.040/0.100/0.200 ha,
campier,Campierganj,01-08-2015 (commercial rates amended 19-01-2016),90,1087,थवईपार,101 हवेली,ग्रामीण,1200,upto 2 m,2300,2500,3100,2-5 m,11000,18000,16200,amend2016,,,,,,310,83,72,69,250,65,57,54,120,40,35,33,0.040/0.100/0.200 ha,
campier,Campierganj,01-08-2015 (commercial rates amended 19-01-2016),91,1088,दुबौली,101 हवेली,ग्रामीण,1200,upto 2 m,2300,2500,3100,2-5 m,11000,18000,16200,amend2016,,,,,,310,83,72,69,250,65,57,54,120,40,35,33,0.040/0.100/0.200 ha,
campier,Campierganj,01-08-2015 (commercial rates amended 19-01-2016),92,1089,दोनफा गैर आबाद,101 हवेली,ग्रामीण,1200,upto 2 m,2300,2500,3100,2-5 m,11000,18000,16200,amend2016,,,,,,310,83,72,69,250,65,57,54,120,40,35,33,0.040/0.100/0.200 ha,
campier,Campierganj,01-08-2015 (commercial rates amended 19-01-2016),93,1090,धरमपुर,101 हवेली,ग्रामीण,2300,upto 2 m,2600,2800,3500,2-5 m,20000,24500,22000,amend2016,,,,,,350,108,96,86,280,81,73,65,230,50,45,40,0.040/0.100/0.200 ha,
campier,Campierganj,01-08-2015 (commercial rates amended 19-01-2016),94,1091,धर्माडीह,101 हवेली,ग्रामीण,1200,upto 2 m,2300,2500,3100,2-5 m,11000,18000,16200,amend2016,,,,,,310,83,72,69,250,65,57,54,120,40,35,33,0.040/0.100/0.200 ha,
campier,Campierganj,01-08-2015 (commercial rates amended 19-01-2016),95,1092,नेतवर,101 हवेली,ग्रामीण,1200,upto 2 m,2300,2500,3100,2-5 m,11000,18000,16200,amend2016,,,,,,310,83,72,69,250,65,57,54,120,40,35,33,0.040/0.100/0.200 ha,
campier,Campierganj,01-08-2015 (commercial rates amended 19-01-2016),96,1093,नेवास,101 हवेली,ग्रामीण,1200,upto 2 m,2300,2500,3100,2-5 m,11000,18000,16200,amend2016,,,,,,310,83,72,69,250,65,57,54,120,40,35,33,0.040/0.100/0.200 ha,
campier,Campierganj,01-08-2015 (commercial rates amended 19-01-2016),97,1094,नरही,101 हवेली,ग्रामीण,1200,upto 2 m,2300,2500,3100,2-5 m,11000,18000,16200,amend2016,,,,,,310,83,72,69,250,65,57,54,120,40,35,33,0.040/0.100/0.200 ha,
campier,Campierganj,01-08-2015 (commercial rates amended 19-01-2016),98,1095,नरायनपुर,101 हवेली,ग्रामीण,1200,upto 2 m,2300,2500,3100,2-5 m,11000,18000,16200,amend2016,,,,,,310,83,72,69,250,65,57,54,120,40,35,33,0.040/0.100/0.200 ha,
campier,Campierganj,01-08-2015 (commercial rates amended 19-01-2016),99,1096,नकेली,101 हवेली,ग्रामीण,1200,upto 2 m,2300,2500,3100,2-5 m,11000,18000,16200,amend2016,,,,,,310,83,72,69,250,65,57,54,120,40,35,33,0.040/0.100/0.200 ha,
campier,Campierganj,01-08-2015 (commercial rates amended 19-01-2016),100,1097,नीबा,101 हवेली,ग्रामीण,2300,upto 2 m,2600,2800,3500,2-5 m,20000,24500,22000,amend2016,,,,,,350,108,96,86,280,81,73,65,230,50,45,40,0.040/0.100/0.200 ha,
campier,Campierganj,01-08-2015 (commercial rates amended 19-01-2016),101,1098,नवापार,101 हवेली,ग्रामीण,2400,upto 2 m,3300,3500,5000,2-5 m,20000,24500,22000,amend2016,,500,300,278,250,500,130,118,108,350,97,89,81,240,60,55,50,0.040/0.100/0.200 ha,
campier,Campierganj,01-08-2015 (commercial rates amended 19-01-2016),102,1099,नूरूददीन चक,101 हवेली,ग्रामीण,2300,upto 2 m,2600,2800,3500,2-5 m,20000,24500,22000,amend2016,,,,,,350,108,96,86,280,81,73,65,230,50,45,40,0.040/0.100/0.200 ha,
campier,Campierganj,01-08-2015 (commercial rates amended 19-01-2016),103,1100,नयनसर,101 हवेली,ग्रामीण,2400,upto 2 m,3100,3300,3700,2-5 m,20000,24500,22000,amend2016,,370,273,250,228,370,119,107,97,330,88,81,73,240,55,50,45,0.040/0.100/0.200 ha,agri: link_a 330 link_b 88 - verified
campier,Campierganj,01-08-2015 (commercial rates amended 19-01-2016),104,1101,नवाडीह,101 हवेली,ग्रामीण,1200,upto 2 m,2300,2500,3100,2-5 m,11000,18000,16200,amend2016,,,,,,310,83,72,69,250,65,57,54,120,40,35,33,0.040/0.100/0.200 ha,
campier,Campierganj,01-08-2015 (commercial rates amended 19-01-2016),105,1102,नैनखोरी,101 हवेली,ग्रामीण,1200,upto 2 m,2300,2500,3100,2-5 m,11000,18000,16200,amend2016,,,,,,310,83,72,69,250,65,57,54,120,40,35,33,0.040/0.100/0.200 ha,
campier,Campierganj,01-08-2015 (commercial rates amended 19-01-2016),106,1103,नगरा,101 हवेली,ग्रामीण,1200,upto 2 m,2300,2500,3100,2-5 m,11000,18000,16200,amend2016,,,,,,310,83,72,69,250,65,57,54,120,40,35,33,0.040/0.100/0.200 ha,
campier,Campierganj,01-08-2015 (commercial rates amended 19-01-2016),107,1104,पडरी,101 हवेली,ग्रामीण,2000,upto 2 m,2300,2400,3100,2-5 m,11000,18000,16200,amend2016,,,,,,310,87,75,72,240,65,57,54,200,40,35,33,0.040/0.100/0.200 ha,
campier,Campierganj,01-08-2015 (commercial rates amended 19-01-2016),108,1105,परसौनी,101 हवेली,ग्रामीण,1200,upto 2 m,2300,2500,3100,2-5 m,11000,18000,16200,amend2016,,,,,,310,83,72,69,240,65,57,54,120,40,35,33,0.040/0.100/0.200 ha,
campier,Campierganj,01-08-2015 (commercial rates amended 19-01-2016),109,1106,पोवा,101 हवेली,ग्रामीण,1100,upto 2 m,2800,2800,3500,2-5 m,20000,24500,22000,amend2016,,,,,,350,99,81,81,248,74,68,61,230,47,43,39,0.040/0.100/0.200 ha,basic: rate 1100 below 1200 rural floor; verified at 350dpi | road: r2to5 equals r5to9 (2800/2800) as printed; verified at 350dpi | agri: dist_c=dist_d 81 - verified
campier,Campierganj,01-08-2015 (commercial rates amended 19-01-2016),110,1107,पचगांवा,101 हवेली,ग्रामीण,2300,upto 2 m,2600,2800,3500,2-5 m,20000,24500,22000,amend2016,,,,,,350,108,96,86,280,81,73,65,230,50,45,40,0.040/0.100/0.200 ha,
campier,Campierganj,01-08-2015 (commercial rates amended 19-01-2016),111,1108,परसा,101 हवेली,ग्रामीण,1200,upto 2 m,2300,2500,3100,2-5 m,11000,18000,16200,amend2016,,,,,,310,83,72,69,250,65,57,54,120,40,35,33,0.040/0.100/0.200 ha,
campier,Campierganj,01-08-2015 (commercial rates amended 19-01-2016),112,1109,पचमा,101 हवेली,ग्रामीण,2300,upto 2 m,2800,3000,3100,2-5 m,20000,24500,22000,amend2016,,,,,,310,108,96,86,300,81,73,65,230,50,45,40,0.040/0.100/0.200 ha,agri: dist_a 310 with dist_b 108 and link_a 300 (similar rows have 350/280) - verified as printed
campier,Campierganj,01-08-2015 (commercial rates amended 19-01-2016),113,1110,पडरहवा,101 हवेली,ग्रामीण,1200,upto 2 m,2300,2500,3100,2-5 m,11000,18000,16200,amend2016,,,,,,310,83,72,69,250,65,57,54,120,40,35,33,0.040/0.100/0.200 ha,
campier,Campierganj,01-08-2015 (commercial rates amended 19-01-2016),114,1111,पडौली,101 हवेली,ग्रामीण,1200,upto 2 m,2300,2500,3100,2-5 m,11000,18000,16200,amend2016,,,,,,310,83,72,69,250,65,57,54,120,40,35,33,0.040/0.100/0.200 ha,
campier,Campierganj,01-08-2015 (commercial rates amended 19-01-2016),115,1112,फरदहनी,101 हवेली,ग्रामीण,2300,upto 2 m,2600,2800,3500,2-5 m,20000,24500,22000,amend2016,,,,,,350,108,96,86,280,81,73,65,230,50,45,40,0.040/0.100/0.200 ha,
campier,Campierganj,01-08-2015 (commercial rates amended 19-01-2016),116,1113,फुलवरिया-- गैर आबाद,101 हवेली,ग्रामीण,1200,upto 2 m,2300,2500,3100,2-5 m,11000,18000,16200,amend2016,,,,,,310,83,72,69,250,65,57,54,120,40,35,33,0.040/0.100/0.200 ha,
campier,Campierganj,01-08-2015 (commercial rates amended 19-01-2016),117,1114,फाजिलपुर,101 हवेली,ग्रामीण,2300,upto 2 m,2600,2800,3500,2-5 m,20000,24500,22000,amend2016,,,,,,350,108,96,86,280,81,73,65,230,50,45,40,0.040/0.100/0.200 ha,
campier,Campierganj,01-08-2015 (commercial rates amended 19-01-2016),118,1115,बगहीभारी,101 हवेली,ग्रामीण,2800,upto 2 m,4000,4200,4700,2-5 m,29000,37000,33300,amend2016,,470,380,321,300,470,254,250,163,420,238,189,123,280,152,83,56,0.040/0.100/0.200 ha,
campier,Campierganj,01-08-2015 (commercial rates amended 19-01-2016),119,1116,बलुआ,101 हवेली,ग्रामीण,2100,upto 2 m,2500,2600,3100,2-5 m,20000,24500,22000,amend2016,,,,,,310,97,86,75,260,73,65,57,210,45,40,35,0.040/0.100/0.200 ha,
campier,Campierganj,01-08-2015 (commercial rates amended 19-01-2016),120,1117,बरहठा,101 हवेली,ग्रामीण,1200,upto 2 m,2300,2500,3100,2-5 m,11000,18000,16200,amend2016,,,,,,310,83,72,69,250,65,57,54,120,40,35,33,0.040/0.100/0.200 ha,
campier,Campierganj,01-08-2015 (commercial rates amended 19-01-2016),121,1118,बरईपार,101 हवेली,ग्रामीण,1200,upto 2 m,2300,2500,3100,2-5 m,11000,18000,16200,amend2016,,,,,,310,83,72,69,250,65,57,54,120,40,35,33,0.040/0.100/0.200 ha,
campier,Campierganj,01-08-2015 (commercial rates amended 19-01-2016),122,1119,बनकटा,101 हवेली,ग्रामीण,2400,upto 2 m,2800,3000,3300,2-5 m,20000,24500,22000,amend2016,,,,,,450,108,98,88,300,81,74,67,240,52,48,43,0.040/0.100/0.200 ha,
campier,Campierganj,01-08-2015 (commercial rates amended 19-01-2016),123,1120,बनभागलपुर,101 हवेली,ग्रामीण,3300,upto 2 m,4600,4900,8300,2-5 m,20000,24500,22000,amend2016,,,,,,830,122,112,103,500,91,85,77,330,59,54,50,0.040/0.100/0.200 ha,
campier,Campierganj,01-08-2015 (commercial rates amended 19-01-2016),124,1121,बसन्तपुर,101 हवेली,ग्रामीण,3800,upto 2 m,5400,5800,8300,2-5 m,35000,37000,33300,amend2016,,830,450,350,300,830,300,250,179,580,211,170,113,380,180,99,57,0.040/0.100/0.200 ha,
campier,Campierganj,01-08-2015 (commercial rates amended 19-01-2016),125,1122,बैजनाथपुर,101 हवेली,ग्रामीण,2300,upto 2 m,2600,2800,3500,2-5 m,20000,24500,22000,amend2016,,,,,,350,108,96,87,280,81,73,65,230,50,45,40,0.040/0.100/0.200 ha,agri: dist_d 87 (similar rows 86) - verified
campier,Campierganj,01-08-2015 (commercial rates amended 19-01-2016),126,1123,बन्दोह,101 हवेली,ग्रामीण,2100,upto 2 m,2500,2600,3100,2-5 m,20000,24500,22000,amend2016,,,,,,310,97,86,72,260,73,65,54,210,45,40,33,0.040/0.100/0.200 ha,
campier,Campierganj,01-08-2015 (commercial rates amended 19-01-2016),127,1124,बड़ुआ,101 हवेली,ग्रामीण,2000,upto 2 m,2300,2400,3100,2-5 m,11000,18000,16200,amend2016,,,,,,310,86,75,72,240,65,57,54,200,40,35,33,0.040/0.100/0.200 ha,
campier,Campierganj,01-08-2015 (commercial rates amended 19-01-2016),128,1125,बढया तप्पा--भारीवैसी,101 हवेली,ग्रामीण,2550,upto 2 m,3300,3500,5000,2-5 m,20000,24500,22000,amend2016,,500,300,278,253,500,130,118,108,350,97,89,81,255,60,55,50,0.040/0.100/0.200 ha,
campier,Campierganj,01-08-2015 (commercial rates amended 19-01-2016),129,1126,बढया,101 हवेली,ग्रामीण,2300,upto 2 m,2600,2800,3500,2-5 m,20000,24500,22000,amend2016,,,,,,350,108,96,86,280,81,73,65,230,50,45,40,0.040/0.100/0.200 ha,
campier,Campierganj,01-08-2015 (commercial rates amended 19-01-2016),130,1127,बारहपाटी,101 हवेली,ग्रामीण,1200,upto 2 m,2300,2500,3100,2-5 m,11000,18000,16200,amend2016,,,,,,310,83,72,69,250,65,57,54,120,40,35,33,0.040/0.100/0.200 ha,
campier,Campierganj,01-08-2015 (commercial rates amended 19-01-2016),131,1128,बादशाहपुर,101 हवेली,ग्रामीण,2550,upto 2 m,3300,3500,5000,2-5 m,20000,24500,22000,amend2016,,500,300,278,253,500,130,118,108,350,97,89,81,255,60,55,50,0.040/0.100/0.200 ha,
campier,Campierganj,01-08-2015 (commercial rates amended 19-01-2016),132,0004,बापू नगर,वार्ड नं0 2,अर्ध नगरीय,6500,upto 2 m,8000,8600,10600,2-5 m,50000,48000,43200,amend2016,,,,,,1060,325,300,240,860,300,270,210,650,156,141,129,0.040/0.100/0.200 ha,basic: ward printed 2 here; index p11 says वार्ड नं0 4
campier,Campierganj,01-08-2015 (commercial rates amended 19-01-2016),133,0005,बुद्ध नगर,वार्ड नं0 4,अर्ध नगरीय,6500,upto 2 m,7900,8400,10200,2-5 m,50000,48000,43200,amend2016,,,,,,1020,325,300,240,840,300,270,210,650,156,141,129,0.040/0.100/0.200 ha,basic: ward printed 4 here; index p11 says वार्ड नं0 8
campier,Campierganj,01-08-2015 (commercial rates amended 19-01-2016),134,0006,बीर बहादुर नगर,वार्ड नं0 5,अर्ध नगरीय,6500,upto 2 m,7900,8400,10200,2-5 m,50000,48000,43200,amend2016,,1020,497,390,380,1020,325,300,240,840,300,270,210,650,156,141,129,0.040/0.100/0.200 ha,
campier,Campierganj,01-08-2015 (commercial rates amended 19-01-2016),135,1129,बजहा,101 हवेली,ग्रामीण,2550,upto 2 m,3300,3500,5000,2-5 m,20000,24500,22000,amend2016,,500,300,278,253,500,130,118,108,350,97,89,81,255,60,55,50,0.040/0.100/0.200 ha,
campier,Campierganj,01-08-2015 (commercial rates amended 19-01-2016),136,1130,बखरिया,101 हवेली,ग्रामीण,2000,upto 2 m,2300,2500,3100,2-5 m,11000,18000,16200,amend2016,,,,,,310,87,75,72,250,65,57,54,200,40,35,33,0.040/0.100/0.200 ha,
campier,Campierganj,01-08-2015 (commercial rates amended 19-01-2016),137,1131,बैरघटटा,101 हवेली,ग्रामीण,2300,upto 2 m,2600,2800,3500,2-5 m,20000,24500,22000,amend2016,,,,,,350,108,96,86,280,81,73,65,230,50,45,40,0.040/0.100/0.200 ha,
campier,Campierganj,01-08-2015 (commercial rates amended 19-01-2016),138,1132,बान,101 हवेली,ग्रामीण,1200,upto 2 m,2300,2500,3100,2-5 m,11000,18000,16200,amend2016,,,,,,310,83,72,69,250,65,57,54,120,40,35,33,0.040/0.100/0.200 ha,
campier,Campierganj,01-08-2015 (commercial rates amended 19-01-2016),139,1133,बिहारी,101 हवेली,ग्रामीण,2100,upto 2 m,2500,2600,3100,2-5 m,20000,24500,22000,amend2016,,,,,,310,97,86,75,260,73,65,57,210,45,40,35,0.040/0.100/0.200 ha,agri: name first letter unclear (बि/वि)
campier,Campierganj,01-08-2015 (commercial rates amended 19-01-2016),140,1134,बहबोलिया,101 हवेली,ग्रामीण,1200,upto 2 m,2300,2500,3100,2-5 m,11000,18000,16200,amend2016,,,,,,310,83,75,69,250,65,57,54,120,40,35,33,0.040/0.100/0.200 ha,
campier,Campierganj,01-08-2015 (commercial rates amended 19-01-2016),141,1135,बेलघाट बुजुर्ग,101 हवेली,ग्रामीण,2300,upto 2 m,2800,3000,3100,2-5 m,20000,24500,22000,amend2016,,,,,,310,108,96,87,300,81,73,65,230,50,45,40,0.040/0.100/0.200 ha,
campier,Campierganj,01-08-2015 (commercial rates amended 19-01-2016),142,1136,बेलमा,101 हवेली,ग्रामीण,1200,upto 2 m,2300,2500,3100,2-5 m,11000,18000,16200,amend2016,,,,,,310,83,75,69,250,65,57,54,120,40,35,33,0.040/0.100/0.200 ha,
campier,Campierganj,01-08-2015 (commercial rates amended 19-01-2016),143,1137,बंजरहा,101 हवेली,ग्रामीण,1200,upto 2 m,2300,2500,3100,2-5 m,11000,18000,16200,amend2016,,,,,,310,83,75,69,250,65,57,54,120,40,35,33,0.040/0.100/0.200 ha,
campier,Campierganj,01-08-2015 (commercial rates amended 19-01-2016),144,1138,बिस्टौली,101 हवेली,ग्रामीण,2300,upto 2 m,2800,3000,3100,2-5 m,20000,24500,22000,amend2016,,,,,,310,108,96,86,300,81,73,65,230,50,45,40,0.040/0.100/0.200 ha,
campier,Campierganj,01-08-2015 (commercial rates amended 19-01-2016),145,1139,बरगदही,101 हवेली,ग्रामीण,2400,upto 2 m,2800,3000,3700,2-5 m,20000,24500,22000,amend2016,,,,,,370,119,107,97,300,89,81,73,240,55,50,45,0.040/0.100/0.200 ha,
campier,Campierganj,01-08-2015 (commercial rates amended 19-01-2016),146,1140,बजही,101 हवेली,ग्रामीण,2100,upto 2 m,2600,2800,3500,2-5 m,20000,24500,22000,amend2016,,,,,,350,97,86,75,280,73,65,57,210,45,40,35,0.040/0.100/0.200 ha,
campier,Campierganj,01-08-2015 (commercial rates amended 19-01-2016),147,1141,बूढेली,101 हवेली,ग्रामीण,1200,upto 2 m,2300,2500,3100,2-5 m,11000,18000,16200,amend2016,,,,,,310,83,75,69,250,65,57,54,120,40,35,33,0.040/0.100/0.200 ha,agri: name reading uncertain (बूढेली/बूवेली)
campier,Campierganj,01-08-2015 (commercial rates amended 19-01-2016),148,1142,भरगाई,101 हवेली,ग्रामीण,1200,upto 2 m,2800,3000,3300,2-5 m,20000,24500,22000,amend2016,,,,,,450,108,98,88,300,81,74,67,120,52,48,43,0.040/0.100/0.200 ha,
campier,Campierganj,01-08-2015 (commercial rates amended 19-01-2016),149,1143,भीटी,101 हवेली,ग्रामीण,1200,upto 2 m,2300,2500,3100,2-5 m,11000,18000,16200,amend2016,,,,,,310,83,75,69,250,65,57,54,120,40,35,33,0.040/0.100/0.200 ha,
campier,Campierganj,01-08-2015 (commercial rates amended 19-01-2016),150,1144,भुजौली,101 हवेली,ग्रामीण,1200,upto 2 m,2300,2500,3100,2-5 m,11000,18000,16200,amend2016,,,,,,310,83,75,69,250,65,57,54,120,40,35,33,0.040/0.100/0.200 ha,
campier,Campierganj,01-08-2015 (commercial rates amended 19-01-2016),151,1145,भुवही,101 हवेली,ग्रामीण,1200,upto 2 m,2300,2500,3100,2-5 m,11000,18000,16200,amend2016,,,,,,310,83,75,69,250,65,57,54,120,40,35,33,0.040/0.100/0.200 ha,
campier,Campierganj,01-08-2015 (commercial rates amended 19-01-2016),152,1146,भमौर,101 हवेली,ग्रामीण,2300,upto 2 m,2800,3000,3500,2-5 m,20000,24500,22000,amend2016,,,,,,350,108,96,86,300,81,73,65,230,50,45,40,0.040/0.100/0.200 ha,road: name first letter भ/म unclear (read भमौर)
campier,Campierganj,01-08-2015 (commercial rates amended 19-01-2016),153,1147,भईयाराम,101 हवेली,ग्रामीण,2400,upto 2 m,4500,4800,6600,2-5 m,20000,24500,22000,amend2016,,660,273,253,228,660,118,107,97,480,89,81,73,240,55,50,45,0.040/0.100/0.200 ha,
campier,Campierganj,01-08-2015 (commercial rates amended 19-01-2016),154,1148,भरोहिया,101 हवेली,ग्रामीण,2300,upto 2 m,2600,2800,3500,2-5 m,20000,24500,22000,amend2016,,,,,,350,107,96,86,280,81,73,65,230,50,45,40,0.040/0.100/0.200 ha,
campier,Campierganj,01-08-2015 (commercial rates amended 19-01-2016),155,1149,भुईधरपुर,101 हवेली,ग्रामीण,2300,upto 2 m,2600,2800,3500,2-5 m,20000,24500,22000,amend2016,,,,,,350,107,96,86,280,81,73,65,230,50,45,40,0.040/0.100/0.200 ha,
campier,Campierganj,01-08-2015 (commercial rates amended 19-01-2016),156,1150,भौराबारी,101 हवेली,ग्रामीण,2300,upto 2 m,2700,2900,7000,2-5 m,20000,24500,22000,amend2016,,,,,,700,107,96,86,290,81,73,65,230,50,45,40,0.040/0.100/0.200 ha,"road: name first letter भ/म unclear (read भौराबारी) | agri: dist_a 700 unusually high vs dist_b 107 (confirmed at 350dpi, as printed)"
campier,Campierganj,01-08-2015 (commercial rates amended 19-01-2016),157,1151,भरवलिया,101 हवेली,ग्रामीण,2100,upto 2 m,2500,2600,3100,2-5 m,20000,24500,22000,amend2016,,,,,,310,97,86,75,260,73,65,57,210,45,40,35,0.040/0.100/0.200 ha,
campier,Campierganj,01-08-2015 (commercial rates amended 19-01-2016),158,1152,भैसला,101 हवेली,ग्रामीण,2100,upto 2 m,2600,2700,3300,2-5 m,20000,24500,22000,amend2016,,,,,,400,97,86,75,270,73,65,57,210,45,40,35,0.040/0.100/0.200 ha,
campier,Campierganj,01-08-2015 (commercial rates amended 19-01-2016),159,1153,भगवानपुर,101 हवेली,ग्रामीण,2100,upto 2 m,2600,2700,3300,2-5 m,20000,24500,22000,amend2016,,,,,,400,97,86,75,270,73,65,57,210,45,40,35,0.040/0.100/0.200 ha,
campier,Campierganj,01-08-2015 (commercial rates amended 19-01-2016),160,1154,मुहम्मदपुर उर्फ जंगल बब्बन,101 हवेली,ग्रामीण,2300,upto 2 m,2700,2900,7000,2-5 m,20000,24500,22000,amend2016,,,,,,700,98,88,78,290,74,66,59,230,48,43,38,0.040/0.100/0.200 ha,"agri: dist_a 700 unusually high (confirmed at 350dpi, as printed); name last word uncertain"
campier,Campierganj,01-08-2015 (commercial rates amended 19-01-2016),161,1155,मुहम्मदपुर उर्फ हगना,101 हवेली,ग्रामीण,1200,upto 2 m,2300,2500,3100,2-5 m,11000,18000,16200,amend2016,,,,,,310,83,75,69,250,65,57,54,120,40,35,33,0.040/0.100/0.200 ha,
campier,Campierganj,01-08-2015 (commercial rates amended 19-01-2016),162,1156,मुहम्मदपुर,101 हवेली,ग्रामीण,2600,upto 2 m,3300,3500,5000,2-5 m,20000,24500,22000,amend2016,,500,300,278,253,500,130,118,108,350,97,89,81,260,60,55,50,0.040/0.100/0.200 ha,
campier,Campierganj,01-08-2015 (commercial rates amended 19-01-2016),163,1157,मंझरिया,101 हवेली,ग्रामीण,1200,upto 2 m,2300,2500,3100,2-5 m,11000,18000,16200,amend2016,,,,,,310,83,75,69,250,65,57,54,120,40,35,33,0.040/0.100/0.200 ha,
campier,Campierganj,01-08-2015 (commercial rates amended 19-01-2016),164,1158,मझगांवा,101 हवेली,ग्रामीण,1200,upto 2 m,2800,3000,3300,2-5 m,20000,24500,22000,amend2016,,,,,,450,118,107,97,300,89,81,73,120,55,50,45,0.040/0.100/0.200 ha,agri: other_a 120 low relative to row pattern (as printed)
campier,Campierganj,01-08-2015 (commercial rates amended 19-01-2016),165,1159,मरहरी,101 हवेली,ग्रामीण,2000,upto 2 m,2300,2400,3100,2-5 m,11000,18000,16200,amend2016,,,,,,310,87,75,72,240,65,57,54,200,40,35,33,0.040/0.100/0.200 ha,
campier,Campierganj,01-08-2015 (commercial rates amended 19-01-2016),166,1160,मोगलहा,101 हवेली,ग्रामीण,2100,upto 2 m,2500,2600,3100,2-5 m,20000,24500,22000,amend2016,,,,,,310,97,86,75,260,73,65,57,210,45,40,35,0.040/0.100/0.200 ha,
campier,Campierganj,01-08-2015 (commercial rates amended 19-01-2016),167,1161,मछलीगांव,101 हवेली,ग्रामीण,2400,upto 2 m,2800,3000,3700,2-5 m,20000,24500,22000,amend2016,,,,,,370,108,98,88,300,81,74,67,240,52,48,45,0.040/0.100/0.200 ha,
campier,Campierganj,01-08-2015 (commercial rates amended 19-01-2016),168,1162,मोहनाग,101 हवेली,ग्रामीण,1200,upto 2 m,2300,2500,3100,2-5 m,11000,18000,16200,amend2016,,,,,,310,83,75,69,250,65,57,54,120,40,35,33,0.040/0.100/0.200 ha,agri: name reading uncertain
campier,Campierganj,01-08-2015 (commercial rates amended 19-01-2016),169,1163,महावनखोर,101 हवेली,ग्रामीण,2300,upto 2 m,2900,3100,4700,2-5 m,20000,24500,22000,amend2016,,470,250,228,202,470,108,96,86,310,81,73,65,230,50,45,40,0.040/0.100/0.200 ha,
campier,Campierganj,01-08-2015 (commercial rates amended 19-01-2016),170,1164,मडहा,101 हवेली,ग्रामीण,1200,upto 2 m,2300,2500,3100,2-5 m,11000,18000,16200,amend2016,,,,,,310,83,75,69,250,65,57,54,120,40,35,33,0.040/0.100/0.200 ha,comm: row partly cut by scan fold (lower half of figures missing); values read from partial glyphs
campier,Campierganj,01-08-2015 (commercial rates amended 19-01-2016),171,1165,मिरहिरिया,101 हवेली,ग्रामीण,1200,upto 2 m,2300,2500,3100,2-5 m,11000,18000,16200,amend2016,,,,,,310,83,75,69,250,65,57,54,120,40,35,33,0.040/0.100/0.200 ha,
campier,Campierganj,01-08-2015 (commercial rates amended 19-01-2016),172,1166,मरहठा,101 हवेली,ग्रामीण,2000,upto 2 m,2300,2400,3100,2-5 m,11000,18000,16200,amend2016,,,,,,310,87,75,72,240,65,57,54,200,40,35,33,0.040/0.100/0.200 ha,
campier,Campierganj,01-08-2015 (commercial rates amended 19-01-2016),173,1167,माधोपुर,101 हवेली,ग्रामीण,1200,upto 2 m,2300,2500,3100,2-5 m,11000,18000,16200,amend2016,,,,,,310,75,68,63,250,59,52,50,120,38,33,32,0.040/0.100/0.200 ha,
campier,Campierganj,01-08-2015 (commercial rates amended 19-01-2016),174,1168,मूसावार,101 हवेली,ग्रामीण,1200,upto 2 m,2300,2500,3100,2-5 m,11000,18000,16200,amend2016,,,,,,310,83,75,69,250,65,57,54,120,40,35,33,0.040/0.100/0.200 ha,
campier,Campierganj,01-08-2015 (commercial rates amended 19-01-2016),175,1169,मदरा -- गैर आबाद,101 हवेली,ग्रामीण,1200,upto 2 m,2300,2500,3100,2-5 m,11000,18000,16200,amend2016,,,,,,310,83,75,69,250,65,57,54,120,40,35,33,0.040/0.100/0.200 ha,
campier,Campierganj,01-08-2015 (commercial rates amended 19-01-2016),176,1170,महदेवा,101 हवेली,ग्रामीण,1200,upto 2 m,2300,2500,3100,2-5 m,11000,18000,16200,amend2016,,,,,,310,83,75,69,250,65,57,54,120,40,35,33,0.040/0.100/0.200 ha,
campier,Campierganj,01-08-2015 (commercial rates amended 19-01-2016),177,1171,मखनहा,101 हवेली,ग्रामीण,2400,upto 2 m,3000,3200,3500,2-5 m,20000,24500,22000,amend2016,,,,,,350,118,107,97,320,89,81,73,240,55,50,45,0.040/0.100/0.200 ha,agri: name reading uncertain
campier,Campierganj,01-08-2015 (commercial rates amended 19-01-2016),178,1172,मझौना,101 हवेली,ग्रामीण,1200,upto 2 m,2300,2500,3100,2-5 m,11000,18000,16200,amend2016,,,,,,310,83,75,69,250,65,57,54,120,40,35,33,0.040/0.100/0.200 ha,
campier,Campierganj,01-08-2015 (commercial rates amended 19-01-2016),179,1173,मेथैली,101 हवेली,ग्रामीण,1200,upto 2 m,2300,2500,3100,2-5 m,11000,18000,16200,amend2016,,,,,,310,83,75,69,250,65,57,54,120,40,35,33,0.040/0.100/0.200 ha,
campier,Campierganj,01-08-2015 (commercial rates amended 19-01-2016),180,1174,मेझुका,101 हवेली,ग्रामीण,2000,upto 2 m,2300,2500,3100,2-5 m,11000,18000,16200,amend2016,,,,,,310,86,75,72,250,65,57,54,200,40,35,33,0.040/0.100/0.200 ha,agri: name reading uncertain
campier,Campierganj,01-08-2015 (commercial rates amended 19-01-2016),181,1175,राजपुर,101 हवेली,ग्रामीण,2300,upto 2 m,2900,3100,7500,2-5 m,20000,24500,22000,amend2016,,,,,,750,98,98,88,310,74,74,67,230,48,47,42,0.040/0.100/0.200 ha,"agri: dist_a 750 high; dist_b=dist_c 98 and link_b=link_c 74 (confirmed 350dpi, as printed)"
campier,Campierganj,01-08-2015 (commercial rates amended 19-01-2016),182,1176,राखूखोर,101 हवेली,ग्रामीण,2100,upto 2 m,2500,2600,3100,2-5 m,20000,24500,22000,amend2016,,,,,,310,97,86,75,260,73,65,57,210,45,40,35,0.040/0.100/0.200 ha,
campier,Campierganj,01-08-2015 (commercial rates amended 19-01-2016),183,1177,रघुनाथपुर,101 हवेली,ग्रामीण,1200,upto 2 m,2300,2500,3100,2-5 m,11000,18000,16200,amend2016,,,,,,310,83,75,69,250,65,57,54,120,40,35,33,0.040/0.100/0.200 ha,
campier,Campierganj,01-08-2015 (commercial rates amended 19-01-2016),184,1178,रामचौरा,101 हवेली,ग्रामीण,2600,upto 2 m,3300,3500,5000,2-5 m,20000,24500,22000,amend2016,,500,300,278,253,500,118,108,98,350,89,81,74,260,57,52,47,0.040/0.100/0.200 ha,
campier,Campierganj,01-08-2015 (commercial rates amended 19-01-2016),185,1179,रसूलपुर चकिया,101 हवेली,ग्रामीण,2400,upto 2 m,3100,3300,3700,2-5 m,20000,24500,22000,amend2016,,370,273,253,228,370,118,107,97,330,89,81,73,240,55,50,45,0.040/0.100/0.200 ha,
campier,Campierganj,01-08-2015 (commercial rates amended 19-01-2016),186,1180,रिगौली,101 हवेली,ग्रामीण,2100,upto 2 m,2600,2800,3500,2-5 m,20000,24500,22000,amend2016,,,,,,350,97,86,75,280,73,65,57,210,45,40,35,0.040/0.100/0.200 ha,
campier,Campierganj,01-08-2015 (commercial rates amended 19-01-2016),187,1181,रामूघाट,101 हवेली,ग्रामीण,2100,upto 2 m,2600,2800,3500,2-5 m,20000,24500,22000,amend2016,,,,,,350,97,86,75,280,73,65,57,210,45,40,35,0.040/0.100/0.200 ha,
campier,Campierganj,01-08-2015 (commercial rates amended 19-01-2016),188,1182,रायपुर,101 हवेली,ग्रामीण,2400,upto 2 m,3100,3300,3700,2-5 m,20000,24500,22000,amend2016,,370,273,253,228,370,118,107,97,330,89,81,73,240,55,50,44,0.040/0.100/0.200 ha,agri: other_d 44 (confirmed 350dpi; similar rows print 45)
campier,Campierganj,01-08-2015 (commercial rates amended 19-01-2016),189,1183,रमवापुर तप्पा--सुम्हाखोर,101 हवेली,ग्रामीण,1200,upto 2 m,2300,2500,3100,2-5 m,11000,18000,16200,amend2016,,,,,,310,83,75,69,250,65,57,54,120,40,35,33,0.040/0.100/0.200 ha,comm: row partly cut by scan fold; name read from partial glyphs
campier,Campierganj,01-08-2015 (commercial rates amended 19-01-2016),190,1184,रमवापुर तप्पा--पचवारा,101 हवेली,ग्रामीण,1200,upto 2 m,2300,2500,3100,2-5 m,11000,18000,16200,amend2016,,,,,,310,83,75,69,250,65,57,54,120,40,35,33,0.040/0.100/0.200 ha,
campier,Campierganj,01-08-2015 (commercial rates amended 19-01-2016),191,1185,रामनगर केवटलिया,101 हवेली,ग्रामीण,2100,upto 2 m,2500,2600,3100,2-5 m,20000,24500,22000,amend2016,,,,,,310,97,86,75,260,73,65,57,210,45,40,35,0.040/0.100/0.200 ha,
campier,Campierganj,01-08-2015 (commercial rates amended 19-01-2016),192,1186,रमगढवा गैर आबाद,101 हवेली,ग्रामीण,1200,upto 2 m,2300,2500,3100,2-5 m,11000,18000,16200,amend2016,,,,,,310,83,75,69,250,65,57,54,120,40,35,33,0.040/0.100/0.200 ha,agri: name reading uncertain
campier,Campierganj,01-08-2015 (commercial rates amended 19-01-2016),193,1187,रामकोला,101 हवेली,ग्रामीण,1200,upto 2 m,2300,2500,3100,2-5 m,11000,18000,16200,amend2016,,,,,,310,83,75,69,250,65,57,54,120,40,35,33,0.040/0.100/0.200 ha,
campier,Campierganj,01-08-2015 (commercial rates amended 19-01-2016),194,1188,रानाडीह,101 हवेली,ग्रामीण,2300,upto 2 m,2800,3000,3500,2-5 m,20000,24500,22000,amend2016,,,,,,350,108,96,86,300,81,73,65,230,50,45,40,0.040/0.100/0.200 ha,
campier,Campierganj,01-08-2015 (commercial rates amended 19-01-2016),195,1189,रईकाबेल,101 हवेली,ग्रामीण,1200,upto 2 m,2300,2500,3100,2-5 m,11000,18000,16200,amend2016,,,,,,310,83,75,69,250,65,57,54,120,40,35,33,0.040/0.100/0.200 ha,
campier,Campierganj,01-08-2015 (commercial rates amended 19-01-2016),196,1190,रामपुर कैथवलिया,101 हवेली,ग्रामीण,2300,upto 2 m,2800,3000,3500,2-5 m,20000,24500,22000,amend2016,,,,,,350,108,96,86,300,81,73,65,230,50,45,40,0.040/0.100/0.200 ha,
campier,Campierganj,01-08-2015 (commercial rates amended 19-01-2016),197,1191,राजाबारी,101 हवेली,ग्रामीण,1200,upto 2 m,2300,2500,3100,2-5 m,11000,18000,16200,amend2016,,,,,,310,83,75,69,250,65,57,54,120,40,35,33,0.040/0.100/0.200 ha,
campier,Campierganj,01-08-2015 (commercial rates amended 19-01-2016),198,1192,लोहरपुरवा,101 हवेली,ग्रामीण,2600,upto 2 m,3300,3500,6200,2-5 m,20000,24500,22000,amend2016,,620,300,278,253,620,130,118,108,350,97,89,81,260,60,55,50,0.040/0.100/0.200 ha,
campier,Campierganj,01-08-2015 (commercial rates amended 19-01-2016),199,1193,लक्ष्मीपुर तप्पा--भारीवैसी,101 हवेली,ग्रामीण,2100,upto 2 m,2600,2800,3500,2-5 m,20000,24500,22000,amend2016,,,,,,350,97,86,75,280,73,65,57,210,45,40,35,0.040/0.100/0.200 ha,
campier,Campierganj,01-08-2015 (commercial rates amended 19-01-2016),200,1194,लक्ष्मीपुर तप्पा--सुम्हाखोर,101 हवेली,ग्रामीण,2100,upto 2 m,2600,2800,3500,2-5 m,20000,24500,22000,amend2016,,,,,,350,97,86,75,280,73,65,57,210,45,40,35,0.040/0.100/0.200 ha,
campier,Campierganj,01-08-2015 (commercial rates amended 19-01-2016),201,1195,लक्ष्मीपुर तप्पा--पचवारा,101 हवेली,ग्रामीण,1200,upto 2 m,2300,2500,3100,2-5 m,,,,,,,,,,310,83,75,69,250,65,57,54,120,40,35,33,0.040/0.100/0.200 ha,road: serial last digit hand-corrected on scan | no row in comm table
campier,Campierganj,01-08-2015 (commercial rates amended 19-01-2016),202,1196,लक्ष्मीपुर तप्पा--मराछीचन्दौर,101 हवेली,ग्रामीण,1200,upto 2 m,2300,2500,3100,2-5 m,11000,18000,16200,amend2016,,,,,,310,83,75,69,250,65,57,54,120,40,35,33,0.040/0.100/0.200 ha,road: serial last digit hand-corrected on scan | comm: serial jumps 200->202 as printed (no 201; V-codes continuous) | agri: name reading uncertain
campier,Campierganj,01-08-2015 (commercial rates amended 19-01-2016),203,0007,लोहिया नगर,वार्ड नं0 8,अर्ध नगरीय,6500,upto 2 m,7900,8400,10600,2-5 m,50000,48000,43200,amend2016,,,,,,1060,325,300,240,840,300,270,210,650,156,141,129,0.040/0.100/0.200 ha,basic: ward printed 8 here; index p11 says वार्ड नं0 7 | road: serial last digit hand-corrected on scan
campier,Campierganj,01-08-2015 (commercial rates amended 19-01-2016),204,1197,विशुनपुर तप्पा--रिगौली,101 हवेली,ग्रामीण,2100,upto 2 m,2500,2600,3100,2-5 m,,,,,,,,,,310,97,86,75,260,73,65,57,210,45,40,35,0.040/0.100/0.200 ha,road: serial last digit hand-corrected on scan | no row in comm table
campier,Campierganj,01-08-2015 (commercial rates amended 19-01-2016),205,1198,विशुनपुर तप्पा--सुम्हाखोर,101 हवेली,ग्रामीण,2100,upto 2 m,2300,2500,3100,2-5 m,20000,24500,22000,amend2016,,,,,,310,97,86,75,250,73,65,57,210,45,40,35,0.040/0.100/0.200 ha,road: serial last digit hand-corrected on scan
campier,Campierganj,01-08-2015 (commercial rates amended 19-01-2016),206,1199,सरपतहा,101 हवेली,ग्रामीण,2400,upto 2 m,2800,3000,3700,2-5 m,20000,24500,22000,amend2016,,,,,,370,108,98,88,300,81,74,66,240,52,47,43,0.040/0.100/0.200 ha,comm: serial printed out of order (206 after 207)
campier,Campierganj,01-08-2015 (commercial rates amended 19-01-2016),207,1200,सेमरा गैर आबाद,101 हवेली,ग्रामीण,1200,upto 2 m,2300,2500,3100,2-5 m,11000,18000,16200,amend2016,,,,,,310,83,75,69,250,65,57,54,120,40,35,33,0.040/0.100/0.200 ha,road: serial last digit hand-corrected on scan
campier,Campierganj,01-08-2015 (commercial rates amended 19-01-2016),208,1201,सरहरी,101 हवेली,ग्रामीण,2300,upto 2 m,2800,3000,3500,2-5 m,20000,24500,22000,amend2016,,,,,,350,108,96,86,300,81,73,65,230,50,45,40,0.040/0.100/0.200 ha,"road: serial last digit hand-corrected on scan | comm: row partly cut by scan fold: serial reads 201 (sequence expects 209), name best reading, values from partial glyphs"
campier,Campierganj,01-08-2015 (commercial rates amended 19-01-2016),209,1202,सेखुई,101 हवेली,ग्रामीण,2300,upto 2 m,2600,2800,3500,2-5 m,20000,24500,22000,amend2016,,,,,,350,108,96,86,280,81,73,65,230,50,45,40,0.040/0.100/0.200 ha,
campier,Campierganj,01-08-2015 (commercial rates amended 19-01-2016),210,1203,सिंगहा गैर आबाद,101 हवेली,ग्रामीण,2100,upto 2 m,2600,2800,3500,2-5 m,20000,24500,22000,amend2016,,,,,,350,97,86,75,280,73,65,57,210,45,40,35,0.040/0.100/0.200 ha,
campier,Campierganj,01-08-2015 (commercial rates amended 19-01-2016),211,1204,सूरस,101 हवेली,ग्रामीण,1200,upto 2 m,2300,2500,3100,2-5 m,11000,18000,16200,amend2016,,,,,,310,75,68,63,250,59,52,49,120,38,33,32,0.040/0.100/0.200 ha,
campier,Campierganj,01-08-2015 (commercial rates amended 19-01-2016),212,1205,सुहिला,101 हवेली,ग्रामीण,1200,upto 2 m,2300,2500,3100,2-5 m,11000,18000,16200,amend2016,,,,,,310,83,75,69,250,65,57,54,120,40,35,33,0.040/0.100/0.200 ha,
campier,Campierganj,01-08-2015 (commercial rates amended 19-01-2016),213,1206,साहबगंज,101 हवेली,ग्रामीण,5300,upto 2 m,6200,6600,9600,2-5 m,50000,48000,43200,amend2016,,960,500,409,382,960,325,300,240,660,302,270,210,530,156,141,129,0.040/0.100/0.200 ha,comm: ग्रामीण row with the अर्ध नगरीय rate set 50000/48000/43200 (clearly printed)
campier,Campierganj,01-08-2015 (commercial rates amended 19-01-2016),214,1207,सांखी,101 हवेली,ग्रामीण,2300,upto 2 m,2800,3000,3500,2-5 m,20000,24500,22000,amend2016,,,,,,350,108,96,86,300,81,73,65,230,50,45,40,0.040/0.100/0.200 ha,
campier,Campierganj,01-08-2015 (commercial rates amended 19-01-2016),215,1208,सोनौरा बुजुर्ग,101 हवेली,ग्रामीण,2100,upto 2 m,2500,2600,3100,2-5 m,20000,24500,22000,amend2016,,,,,,310,97,86,75,260,73,65,57,210,45,40,35,0.040/0.100/0.200 ha,
campier,Campierganj,01-08-2015 (commercial rates amended 19-01-2016),216,1209,सोनौरा खुर्द,101 हवेली,ग्रामीण,2100,upto 2 m,2500,2600,3100,2-5 m,20000,24500,22000,amend2016,,,,,,310,97,86,75,260,73,65,57,210,45,40,35,0.040/0.100/0.200 ha,
campier,Campierganj,01-08-2015 (commercial rates amended 19-01-2016),217,1210,सोनाटीकर,101 हवेली,ग्रामीण,1200,upto 2 m,2300,2500,3100,2-5 m,11000,18000,16200,amend2016,,,,,,310,83,75,69,250,65,57,54,120,40,35,33,0.040/0.100/0.200 ha,
campier,Campierganj,01-08-2015 (commercial rates amended 19-01-2016),218,1211,सहसगाडा गैर आबाद,101 हवेली,ग्रामीण,1200,upto 2 m,2300,2500,3100,2-5 m,11000,18000,16200,amend2016,,,,,,310,83,75,69,250,65,57,54,120,40,35,33,0.040/0.100/0.200 ha,
campier,Campierganj,01-08-2015 (commercial rates amended 19-01-2016),219,1212,सनगद,101 हवेली,ग्रामीण,1200,upto 2 m,2300,2500,3100,2-5 m,11000,18000,16200,amend2016,,,,,,310,75,68,83,250,59,52,50,120,38,33,32,0.040/0.100/0.200 ha,basic: name looks like समगद/सनगद in scan; index p22 has सनगद | agri: dist_d 83 > dist_c 68 (confirmed 350dpi as printed; likely misprint of 63)
campier,Campierganj,01-08-2015 (commercial rates amended 19-01-2016),220,0008,सुबाष नगर,वार्ड नं0 7,अर्ध नगरीय,6500,upto 2 m,8000,8600,10600,2-5 m,50000,48000,43200,amend2016,,1060,500,390,380,1060,325,300,240,860,300,270,210,650,156,141,129,0.040/0.100/0.200 ha,basic: ward printed 7 here; index p11 says वार्ड नं0 11
campier,Campierganj,01-08-2015 (commercial rates amended 19-01-2016),221,0009,शक्ति नगर,वार्ड नं0 11,अर्ध नगरीय,6500,upto 2 m,7900,8400,10200,2-5 m,50000,48000,43200,amend2016,,,,,,1020,325,300,240,840,300,270,210,650,156,141,129,0.040/0.100/0.200 ha,basic: ward printed 11 here; index p11 says वार्ड नं0 6
campier,Campierganj,01-08-2015 (commercial rates amended 19-01-2016),222,1213,शिवलहिया,101 हवेली,ग्रामीण,2100,upto 2 m,2500,2600,3100,2-5 m,20000,24500,22000,amend2016,,,,,,310,97,86,75,260,72,65,57,210,45,40,35,0.040/0.100/0.200 ha,
campier,Campierganj,01-08-2015 (commercial rates amended 19-01-2016),223,1214,शिवपुर करमहवा,101 हवेली,ग्रामीण,2100,upto 2 m,2600,2700,3300,2-5 m,20000,24500,22000,amend2016,,,,,,400,97,86,75,270,72,65,57,210,45,40,35,0.040/0.100/0.200 ha,
campier,Campierganj,01-08-2015 (commercial rates amended 19-01-2016),224,0010,हनुमत नगर,वार्ड नं0 6,अर्ध नगरीय,6500,upto 2 m,7800,8300,9900,2-5 m,50000,48000,43200,amend2016,,,,,,990,325,300,240,830,300,270,210,650,156,141,129,0.040/0.100/0.200 ha,basic: ward printed 6 here; index p11 says वार्ड नं0 2
campier,Campierganj,01-08-2015 (commercial rates amended 19-01-2016),225,1215,हिरूआ,101 हवेली,ग्रामीण,1200,upto 2 m,2300,2500,3100,2-5 m,11000,18000,16200,amend2016,,,,,,310,83,72,69,250,65,57,54,120,40,35,33,0.040/0.100/0.200 ha,
campier,Campierganj,01-08-2015 (commercial rates amended 19-01-2016),226,1216,हडखोरी,101 हवेली,ग्रामीण,2300,upto 2 m,2800,3000,3500,2-5 m,20000,24500,22000,amend2016,,,,,,350,108,96,86,300,81,73,65,230,50,45,40,0.040/0.100/0.200 ha,
campier,Campierganj,01-08-2015 (commercial rates amended 19-01-2016),227,1217,हरपुर,101 हवेली,ग्रामीण,2600,upto 2 m,3700,4000,4500,2-5 m,29000,37000,33300,amend2016,,450,,,,450,265,236,168,400,249,195,125,260,152,82,55,0.040/0.100/0.200 ha,agri: unusual: only nh_a printed; high b/c/d values (as printed)
campier,Campierganj,01-08-2015 (commercial rates amended 19-01-2016),228,0011,ज्ञान चक्षुनगर,वार्ड नं0 9,अर्ध नगरीय,6500,upto 2 m,8000,8600,10600,2-5 m,50000,48000,43200,amend2016,,,,,,1060,325,300,240,860,300,270,210,650,156,141,129,0.040/0.100/0.200 ha,
campier,Campierganj,01-08-2015 (commercial rates amended 19-01-2016),203,1196,लक्ष्मीपुर तप्पा– मराछीचन्दौर,,ग्रामीण,,upto 2 m,,,,2-5 m,11000,18000,16200,amend2016,,,,,,,,,,,,,,,,,,0.040/0.100/0.200 ha,only found in the comm table (V-code or name printed differently elsewhere)
campier,Campierganj,01-08-2015 (commercial rates amended 19-01-2016),207,1198,विशुनपुर तप्पा–सुम्हाखोर,,ग्रामीण,,upto 2 m,,,,2-5 m,11000,18000,16200,amend2016,,,,,,,,,,,,,,,,,,0.040/0.100/0.200 ha,"comm: serial printed 207 before 206 (order 207,206,208 as printed) | only found in the comm table (V-code or name printed differently elsewhere)"
