locality,tehsil,residential,commercial,agricultural,vcode,serial,category,pargana_hi
अधियारी बांग,Sadar-1,10500,80000,,0058,1,नगरीय,अधियॉरी बाग
अधियारी बांग आंशिक,Sadar-1,10500,80000,,0058,2,नगरीय,जाफरा बाजार
अलीनगर उत्तरी,Sadar-1,18000,80000,,0082,3,नगरीय,अलीनगर
अलीनगर दक्षिणी,Sadar-1,18000,80000,,0083,4,नगरीय,अलीनगर
अबू बाजार,Sadar-1,10500,80000,,0089,5,नगरीय,जाफरा बाजार
अम्बेडकर नगर,Sadar-1,9000,61500,14500000,0161,6,अर्धनगरीय,अम्बेडकर नगर (वार्ड नं0 02) नगर पंचायत पिपराईच
अहिरौली तप्पा हवेली,Sadar-1,1500,16500,4600000,4905,7,ग्रामीण क्षेत्र,भौवापार
अहिरौली पटखौली,Sadar-1,6500,32500,8500000,4823,8,ग्रामीण क्षेत्र,भौवापार
औराटारी,Sadar-1,1500,16500,4600000,4910,9,ग्रामीण क्षेत्र,भौवापार
आराजी वंशी जैसवाल,Sadar-1,1500,16500,4600000,4908,10,ग्रामीण क्षेत्र,भौवापार
आराजी बनकट,Sadar-1,1500,16500,4600000,4907,11,ग्रामीण क्षेत्र,हवेली
आराजी बरवॉं तप्पा पतरा,Sadar-1,1500,16500,4600000,4912,12,ग्रामीण क्षेत्र,हवेली
आराजी चौरी,Sadar-1,1500,16500,4600000,4906,13,ग्रामीण क्षेत्र,हवेली
अड्डा मोतीराम,Sadar-1,7000,32500,8500000,4802,14,ग्रामीण क्षेत्र,हवेली
अगया,Sadar-1,1800,16500,4600000,4911,15,ग्रामीण क्षेत्र,हवेली
अजवनिया,Sadar-1,1500,16500,4600000,4903,16,ग्रामीण क्षेत्र,हवेली
अकोलही,Sadar-1,1500,16500,4600000,4901,17,ग्रामीण क्षेत्र,हवेली
अमवा तप्पा पतरा,Sadar-1,1500,16500,4600000,4902,18,ग्रामीण क्षेत्र,हवेली
अतरौलिया (बाजार),Sadar-1,6500,32500,8500000,4811,19,ग्रामीण क्षेत्र,हवेली
आराजी चिलबिलवा तप्पा पतरा,Sadar-1,1500,16500,4600000,4909,20,ग्रामीण क्षेत्र,हवेली
इलाहीबाग,Sadar-1,10500,80000,,0099,21,नगरीय,इलाहीबाग
इस्माईलपुर,Sadar-1,18000,80000,,0044,22,नगरीय,इस्माईलपुर
इस्लाम चक,Sadar-1,10500,80000,,0090,23,नगरीय,जाफरा बाजार
इमीलिया उर्फ विजहरा,Sadar-1,1500,16500,4600000,4922,24,ग्रामीण क्षेत्र,हवेली
ईस्लामपुर,Sadar-1,1500,16500,4600000,4923,25,ग्रामीण क्षेत्र,हवेली
उर्वरक नगर,Sadar-1,10500,64000,22000000,0053,26,नगरीय,उर्वरक नगर
ऊचगॉव,Sadar-1,1500,16500,4600000,4935,27,ग्रामीण क्षेत्र,भौवापार
उनौला अव्वल,Sadar-1,7000,32500,8500000,4821,28,ग्रामीण क्षेत्र,हवेली
उनौला दोयम,Sadar-1,7000,32500,8500000,5401,29,ग्रामीण क्षेत्र,हवेली
उनौला खुर्द,Sadar-1,7000,32500,8500000,5402,30,ग्रामीण क्षेत्र,हवेली
उनौला बुजुर्ग,Sadar-1,7000,32500,8500000,5403,31,ग्रामीण क्षेत्र,हवेली
उस्का,Sadar-1,1500,16500,4600000,4931,32,ग्रामीण क्षेत्र,हवेली
उस्मानपुर,Sadar-1,1500,16500,4600000,4934,33,ग्रामीण क्षेत्र,हवेली
उतरासोत,Sadar-1,1500,16500,4600000,4932,34,ग्रामीण क्षेत्र,हवेली
एकडंगा,Sadar-1,8500,61500,11000000,4190,35,अर्धनगरीय,हवेली
एकला (बाजार),Sadar-1,7000,32500,8500000,4814,36,ग्रामीण क्षेत्र,भौवापार
कल्याणपुर,Sadar-1,10500,64000,,0071,37,नगरीय,कल्याणपुर
काजीपुर कला,Sadar-1,10500,64000,,0075,38,नगरीय,कल्याणपुर
कृष्णा नगर कालोनी,Sadar-1,11700,64000,,0121,39,नगरीय,कृष्णा नगर
कारागार,Sadar-1,11700,80000,,0122,40,नगरीय,घोषीपुरवा
कोलिया,Sadar-1,9000,61500,20000000,4192,41,अर्धनगरीय,हवेली
कोल्हुआ,Sadar-1,9000,61500,20000000,4193,42,अर्धनगरीय,हवेली
कबीरनगर,Sadar-1,9000,61500,14500000,0162,43,अर्धनगरीय,कबीरनगर (वार्ड नं0 12) नगर पंचायत पिपराईच
ककरा खोर,Sadar-1,1500,16500,4600000,4942,44,ग्रामीण क्षेत्र,भौवापार
कलानी बुजुर्ग,Sadar-1,5500,23000,5500000,4948,45,ग्रामीण क्षेत्र,भौवापार
कलानी खुर्द,Sadar-1,5500,23000,5500000,4944,46,ग्रामीण क्षेत्र,भौवापार
कस्थैया जोत,Sadar-1,1500,16500,4600000,4959,47,ग्रामीण क्षेत्र,भौवापार
कथैया डाड,Sadar-1,1500,16500,4600000,4962,48,ग्रामीण क्षेत्र,भौवापार
केवट कच्छा अव्वल,Sadar-1,1500,16500,4600000,4949,49,ग्रामीण क्षेत्र,भौवापार
केवट कच्छा सानी,Sadar-1,1500,16500,4600000,4950,50,ग्रामीण क्षेत्र,भौवापार
कोडरा,Sadar-1,1500,16500,4600000,4963,51,ग्रामीण क्षेत्र,भौवापार
कोहरिया,Sadar-1,1500,16500,4600000,4964,52,ग्रामीण क्षेत्र,भौवापार
काजीपुर खुर्द,Sadar-1,1500,16500,4600000,4970,53,ग्रामीण क्षेत्र,हवेली
कैथवलिया तप्पा पतरा,Sadar-1,1500,16500,4600000,4951,54,ग्रामीण क्षेत्र,हवेली
करहिया तप्पा हवेली,Sadar-1,1500,16500,4600000,4957,55,ग्रामीण क्षेत्र,हवेली
करमहॉं तप्पा पतरा,Sadar-1,1500,16500,4600000,4952,56,ग्रामीण क्षेत्र,हवेली
कोडर तप्पा हवेली,Sadar-1,1500,16500,4600000,4943,57,ग्रामीण क्षेत्र,हवेली
कोनी तप्पा हवेली,Sadar-1,5500,23000,5500000,4862,58,ग्रामीण क्षेत्र,हवेली
कोटवा,Sadar-1,1500,16500,4600000,4961,59,ग्रामीण क्षेत्र,हवेली
कुई तप्पा राजधानी,Sadar-1,1500,16500,4600000,4941,60,ग्रामीण क्षेत्र,हवेली
कुरमौल उर्फ बड़हरा,Sadar-1,1500,16500,4600000,4946,61,ग्रामीण क्षेत्र,हवेली
करमैनी,Sadar-1,1500,16500,4600000,4955,62,ग्रामीण क्षेत्र,हवेली
करन्जही,Sadar-1,1500,16500,4600000,4966,63,ग्रामीण क्षेत्र,हवेली
कुडवा,Sadar-1,1500,16500,4600000,4945,64,ग्रामीण क्षेत्र,हवेली
खूनीपुर,Sadar-1,19000,80000,,0043,65,नगरीय,शेषपुर
खूनीपुर आशिंक,Sadar-1,19000,80000,,0043,66,नगरीय,इस्माईलपुर
खोखरटोला,Sadar-1,10500,80000,,0049,67,नगरीय,इस्माईलपुर
खडराइच बुजुर्ग,Sadar-1,1500,16500,4600000,4973,68,ग्रामीण क्षेत्र,हवेली
खडराइच खुर्द,Sadar-1,1500,16500,4600000,4972,69,ग्रामीण क्षेत्र,हवेली
खझवा,Sadar-1,1500,16500,4600000,4971,70,ग्रामीण क्षेत्र,हवेली
खैराबाद,Sadar-1,1500,16500,4600000,4976,71,ग्रामीण क्षेत्र,हवेली
खिरिया तप्पा पतरा,Sadar-1,1500,16500,4600000,4977,72,ग्रामीण क्षेत्र,हवेली
खिरवनिया,Sadar-1,1600,16500,5000000,4979,73,ग्रामीण क्षेत्र,हवेली
खोड़वा,Sadar-1,1500,16500,4600000,4975,74,ग्रामीण क्षेत्र,हवेली
गीतावाटिका,Sadar-1,11700,80000,,0123,75,नगरीय,घोषीपुरवा
गाजीरौजा,Sadar-1,16000,80000,,0067,76,नगरीय,दीवान बाजार
गोपालपुर,Sadar-1,1500,16500,4600000,4994,77,ग्रामीण क्षेत्र,भौवापार
गुरौली बुजुर्ग,Sadar-1,7000,32500,8500000,4809,78,ग्रामीण क्षेत्र,भौवापार
गुरौली खुर्द,Sadar-1,7000,32500,8500000,5404,79,ग्रामीण क्षेत्र,भौवापार
गौरीमंगलपुर,Sadar-1,1500,16500,4600000,4997,80,ग्रामीण क्षेत्र,हवेली
गहिरा तप्पा राजधानी,Sadar-1,5500,23000,8500000,4866,81,ग्रामीण क्षेत्र,हवेली
गौर तप्पा राजधानी,Sadar-1,1500,16500,4600000,4995,82,ग्रामीण क्षेत्र,हवेली
गम्भीरपुर,Sadar-1,1500,16500,4600000,4998,83,ग्रामीण क्षेत्र,हवेली
गम्भीरपुर कम्हरिया त0 पतरा,Sadar-1,1500,16500,4600000,4992,84,ग्रामीण क्षेत्र,हवेली
गोपाला तप्पा राजधानी,Sadar-1,1500,16500,4600000,4993,85,ग्रामीण क्षेत्र,हवेली
घासीकटरा,Sadar-1,10500,80000,,0046,86,नगरीय,मिर्जापुर
घासीकटरा,Sadar-1,10500,80000,,0046,87,नगरीय,इस्माईलपुर
घोषीपुरवा आंशिक,Sadar-1,10500,80000,,0057,88,नगरीय,घोषीपुरवा
घोषीपुर,Sadar-1,10500,80000,,0100,89,नगरीय,इलाहीबाग
घोडादेउर,Sadar-1,1500,16500,4600000,5011,90,ग्रामीण क्षेत्र,हवेली
चरगॉवा,Sadar-1,11700,80000,22000000,0001,91,नगरीय,चरगॉवा
चकसाहुसैन,Sadar-1,11700,64000,22000000,0031,92,नगरीय,चकसाहुसैन
चकसा हुसैन आंशिक,Sadar-1,11700,64000,22000000,0031,93,नगरीय,रामजानकी नगर
चैनपुर,Sadar-1,10500,80000,22000000,0008,94,नगरीय,सेमरा
चकउदैला,Sadar-1,1500,16500,4600000,5023,95,ग्रामीण क्षेत्र,भौवापार
चकटेल्हना,Sadar-1,1500,16500,4600000,5024,96,ग्रामीण क्षेत्र,भौवापार
चेरिया,Sadar-1,1500,16500,4600000,5016,97,ग्रामीण क्षेत्र,भौवापार
चकजलाल तप्पा पतरा,Sadar-1,1500,16500,4600000,5018,98,ग्रामीण क्षेत्र,हवेली
चकमजीदा बीबी,Sadar-1,1500,16500,4600000,5026,99,ग्रामीण क्षेत्र,हवेली
चकिया,Sadar-1,1500,16500,4600000,5029,100,ग्रामीण क्षेत्र,हवेली
चनगही,Sadar-1,1500,16500,4600000,5028,101,ग्रामीण क्षेत्र,हवेली
चार्फो,Sadar-1,1500,16500,4600000,5019,102,ग्रामीण क्षेत्र,हवेली
चिलबिलवा,Sadar-1,6000,23000,5500000,4863,103,ग्रामीण क्षेत्र,हवेली
चिउराडीह,Sadar-1,1500,16500,4600000,5021,104,ग्रामीण क्षेत्र,हवेली
चिउटहा तप्पा पतरा,Sadar-1,1500,16500,4600000,5022,105,ग्रामीण क्षेत्र,हवेली
चिउटीजाम तप्पा हवेली,Sadar-1,1500,16500,4600000,5020,106,ग्रामीण क्षेत्र,हवेली
चकदेईया तप्पा राजधानी,Sadar-1,1500,16500,4600000,5025,107,ग्रामीण क्षेत्र,हवेली
छपिया,Sadar-1,7000,32500,8500000,4810,108,ग्रामीण क्षेत्र,भौवापार
छपरा तप्पा राजधानी,Sadar-1,1500,16500,4600000,5042,109,ग्रामीण क्षेत्र,हवेली
छितौनी,Sadar-1,1500,16500,4600000,5041,110,ग्रामीण क्षेत्र,हवेली
छितौना एहतमाली,Sadar-1,1500,16500,4600000,5043,111,ग्रामीण क्षेत्र,हवेली
छितौना मुस्तकिल,Sadar-1,1500,16500,4600000,5410,112,ग्रामीण क्षेत्र,हवेली
जं0 नकहा नं0 2,Sadar-1,11700,64000,22000000,0030,113,नगरीय,उर्वरक नगर
जं0 महुअवा उर्फ मोहम्मदपुर,Sadar-1,10500,80000,22000000,0007,114,नगरीय,चरगॉवा
जटेपुर रेलवे कालोनी,Sadar-1,11700,80000,,0052,115,नगरीय,जटेपुर रेलवे कालोनी
जटेपुर उत्तरी आंशिक,Sadar-1,11700,64000,,0054,116,नगरीय,कृष्णा नगर
जटेपुर उत्तरी,Sadar-1,11700,64000,,0038,117,नगरीय,जटेपुर उत्तरी
जटेपुर उत्तरी,Sadar-1,11700,64000,,0038,118,नगरीय,लोहिया नगर
जं0 सालिकराम,Sadar-1,11700,64000,22000000,0033,119,नगरीय,जं0 सालिकराम
जं0 नकहा नं0 1,Sadar-1,11700,64000,22000000,0029,120,नगरीय,जं0 नकहा नं0 1
जं0 बेनीमाधव नं0 1,Sadar-1,11700,80000,22000000,0013,121,नगरीय,जं0 बेनीमाधव
जं0 बेनीमाधव नं0 2,Sadar-1,11700,80000,22000000,0014,122,नगरीय,जं0 बेनीमाधव
जनप्रिय विहार कालोनी,Sadar-1,19000,80000,,0146,123,नगरीय,जनप्रिय विहार
जाफरा बाजार,Sadar-1,11700,80000,,0088,124,नगरीय,जाफरा बाजार
जाहिदाबाद,Sadar-1,11700,80000,,0041,125,नगरीय,पुराना गोरखपुर
जनप्रिय विहार आवासीय योजना,Sadar-1,19000,80000,,0146,126,नगरीय,गोरखपुर विकास प्राधिकरण द्वारा विकसित कालोनी
जप्ती टोला,Sadar-1,19000,64000,,0124,127,नगरीय,विकास नगर
जं0 मातादीन,Sadar-1,11700,64000,22000000,0034,128,नगरीय,शिवपुर सहबाजगंज
जं0 हकीम नं0 1,Sadar-1,11700,64000,22000000,0035,129,नगरीय,शिवपुर सहबाजगंज
जं0 सिकरी उर्फ खोराबार,Sadar-1,9200,64000,20000000,4181,130,अर्धनगरीय,हवेली
जं0 बहादुर अली,Sadar-1,9200,64000,20000000,4182,131,अर्धनगरीय,हवेली
जं0 रामगढ उर्फ चवरी,Sadar-1,9200,64000,20000000,4185,132,अर्धनगरीय,हवेली
जोत अरण्डा,Sadar-1,1500,16500,4600000,5072,133,ग्रामीण क्षेत्र,भौवापार
जोत बडहरा,Sadar-1,1500,16500,4600000,5078,134,ग्रामीण क्षेत्र,भौवापार
जोत बगही,Sadar-1,1500,16500,4600000,5077,135,ग्रामीण क्षेत्र,भौवापार
जोत भगडा,Sadar-1,1500,16500,4600000,5092,136,ग्रामीण क्षेत्र,भौवापार
जोत बंडा,Sadar-1,1500,16500,4600000,5079,137,ग्रामीण क्षेत्र,भौवापार
जोत डडवा,Sadar-1,1500,16500,4600000,5086,138,ग्रामीण क्षेत्र,भौवापार
जोत डेहरा,Sadar-1,1500,16500,4600000,5049,139,ग्रामीण क्षेत्र,भौवापार
जोत फरसही,Sadar-1,1500,16500,4600000,5088,140,ग्रामीण क्षेत्र,भौवापार
जोत जरलही,Sadar-1,1500,16500,4600000,5071,141,ग्रामीण क्षेत्र,भौवापार
जोत खैरा,Sadar-1,1500,16500,4600000,5074,142,ग्रामीण क्षेत्र,भौवापार
जोत मामापार,Sadar-1,1500,16500,4600000,5089,143,ग्रामीण क्षेत्र,भौवापार
जोत मुडियारी,Sadar-1,1500,16500,4600000,5081,144,ग्रामीण क्षेत्र,भौवापार
जोत पटिया,Sadar-1,1500,16500,4600000,5076,145,ग्रामीण क्षेत्र,भौवापार
जोत सरहरी,Sadar-1,1500,16500,4600000,5083,146,ग्रामीण क्षेत्र,भौवापार
जोत सिकरी,Sadar-1,1500,16500,4600000,5082,147,ग्रामीण क्षेत्र,भौवापार
जोत सिन्दवार,Sadar-1,1500,16500,4600000,5091,148,ग्रामीण क्षेत्र,भौवापार
जोत ढाढेडीह,Sadar-1,1500,16500,4600000,5087,149,ग्रामीण क्षेत्र,भौवापार
जोत कोडरा,Sadar-1,1500,16500,4600000,5073,150,ग्रामीण क्षेत्र,भौवापार
जोत भगडा नं0 15,Sadar-1,1500,16500,4600000,5080,151,ग्रामीण क्षेत्र,भौवापार
जोत सुकुलही,Sadar-1,1500,16500,4600000,5084,152,ग्रामीण क्षेत्र,भौवापार
जोत सोझवार,Sadar-1,1500,16500,4600000,5085,153,ग्रामीण क्षेत्र,भौवापार
जोत वेवहरिया,Sadar-1,1500,16500,4600000,5093,154,ग्रामीण क्षेत्र,भौवापार
जोत भतेहडी,Sadar-1,1500,16500,4600000,5094,155,ग्रामीण क्षेत्र,भौवापार
जोत भिलोरही,Sadar-1,1500,16500,4600000,5095,156,ग्रामीण क्षेत्र,भौवापार
जंगल अखलास कुवर,Sadar-1,1500,16500,4600000,5057,157,ग्रामीण क्षेत्र,भौवापार
जंगल बुद्विराम सिंह,Sadar-1,1500,16500,4600000,5064,158,ग्रामीण क्षेत्र,भौवापार
जंगल दीर्घन सिंह,Sadar-1,5500,23000,5500000,4860,159,ग्रामीण क्षेत्र,भौवापार
जंगल मोलहू कुवर,Sadar-1,1500,16500,4600000,5066,160,ग्रामीण क्षेत्र,भौवापार
जंगल रानी सुहास कुवरी,Sadar-1,7000,32500,8500000,4805,161,ग्रामीण क्षेत्र,भौवापार
जंगल विशेषर दयाल,Sadar-1,1500,16500,4600000,5067,162,ग्रामीण क्षेत्र,भौवापार
जंगल विश्रामपुर,Sadar-1,1500,16500,4600000,5068,163,ग्रामीण क्षेत्र,भौवापार
जमुनिया तप्पा पतरा,Sadar-1,1500,16500,4600000,5050,164,ग्रामीण क्षेत्र,हवेली
जंगल केवटलिया,Sadar-1,1500,16500,4600000,5052,165,ग्रामीण क्षेत्र,हवेली
जं0 अयोध्या प्रसाद त0हवेली,Sadar-1,9000,32500,8500000,4815,166,ग्रामीण क्षेत्र,हवेली
जंगल बेलवार,Sadar-1,6000,23000,5500000,4864,167,ग्रामीण क्षेत्र,हवेली
जंगल रामगढ उर्फ सरउर,Sadar-1,1500,16500,4600000,5096,168,ग्रामीण क्षेत्र,हवेली
जंगल रामलखना,Sadar-1,6000,23000,5500000,4861,169,ग्रामीण क्षेत्र,हवेली
जंगल सुमान अली,Sadar-1,7000,32500,8500000,4817,170,ग्रामीण क्षेत्र,हवेली
जंगल नन्दलाल सिंह,Sadar-1,3800,16500,5500000,4857,171,ग्रामीण क्षेत्र,हवेली
जंगल महताबराय,Sadar-1,6100,23000,8500000,4858,172,ग्रामीण क्षेत्र,हवेली
जंगल शिवसिंह,Sadar-1,1500,16500,4600000,5069,173,ग्रामीण क्षेत्र,हवेली
जंगल लालपुर मुरली,Sadar-1,1500,16500,4600000,5070,174,ग्रामीण क्षेत्र,हवेली
झुगियां,Sadar-1,10700,80000,22000000,0002,175,नगरीय,मानबेला
टोटहा मुस्तकिल,Sadar-1,1500,16500,4600000,5102,176,ग्रामीण क्षेत्र,भौवापार
टोटहा एहतमाली,Sadar-1,1500,16500,4600000,5101,177,ग्रामीण क्षेत्र,भौवापार
डोमिनगढ मुस्तकिल,Sadar-1,9000,61500,11000000,4184,178,अर्धनगरीय,हवेली
डोमिनगढ एहतमाली,Sadar-1,8500,61500,11000000,5416,179,अर्धनगरीय,हवेली
डेफरा,Sadar-1,1500,16500,4600000,5114,180,ग्रामीण क्षेत्र,भौवापार
डेफरा जोत,Sadar-1,1500,16500,4600000,5075,181,ग्रामीण क्षेत्र,भौवापार
डांगीपार,Sadar-1,7000,32500,8500000,4812,182,ग्रामीण क्षेत्र,हवेली
डोमनडीह,Sadar-1,1500,16500,4600000,5117,183,ग्रामीण क्षेत्र,हवेली
डोमनडाड,Sadar-1,1500,16500,4600000,5115,184,ग्रामीण क्षेत्र,हवेली
डोमनी तप्पा हवेली,Sadar-1,5500,23000,8500000,5116,185,ग्रामीण क्षेत्र,हवेली
डुहिया,Sadar-1,1500,16500,4600000,5111,186,ग्रामीण क्षेत्र,हवेली
डुमरी,Sadar-1,1500,16500,4600000,5113,187,ग्रामीण क्षेत्र,हवेली
तकियाकवलदह,Sadar-1,10500,80000,,0059,188,नगरीय,अधियॉरी बाग
तकियाकवलदह,Sadar-1,10500,80000,,0059,189,नगरीय,सूर्यकुण्ड धामनगर
तिवारीपुर,Sadar-1,12800,80000,,0070,190,नगरीय,तिवारीपुर
तिवारीपुर,Sadar-1,12800,80000,,0070,191,नगरीय,इलाहीबाग
तिवारीपुर,Sadar-1,19000,80000,,0174,192,नगरीय,आवास विकास परिषद द्वारा विकसित कालोनी
ताजपिपरा,Sadar-1,7500,32500,8500000,2341,193,ग्रामीण क्षेत्र,नगर पंचायत पिपराईच से अनुलग्न क्षेत्र
तालनदोर,Sadar-1,1500,16500,5000000,5122,194,ग्रामीण क्षेत्र,भौवापार
तालनवर,Sadar-1,5500,23000,8500000,5121,195,ग्रामीण क्षेत्र,भौवापार
तेलियाडीह,Sadar-1,1500,16500,4600000,5130,196,ग्रामीण क्षेत्र,भौवापार
तकिया मेदनीपुर,Sadar-1,1500,16500,4600000,5123,197,ग्रामीण क्षेत्र,हवेली
तालकन्दला,Sadar-1,5500,23000,8500000,5131,198,ग्रामीण क्षेत्र,हवेली
तालडोहर तप्पा हवेली,Sadar-1,1500,16500,4600000,5132,199,ग्रामीण क्षेत्र,हवेली
तालियावाद,Sadar-1,1500,16500,4600000,5135,200,ग्रामीण क्षेत्र,हवेली
तरकुलही,Sadar-1,1500,16500,4600000,5124,201,ग्रामीण क्षेत्र,हवेली
तरकुलही उर्फ पोखरभिण्डा,Sadar-1,1500,16500,4600000,5125,202,ग्रामीण क्षेत्र,हवेली
तेन्दुआ,Sadar-1,1500,16500,4600000,5136,203,ग्रामीण क्षेत्र,हवेली
तुलसीदेई,Sadar-1,1500,16500,4600000,5129,204,ग्रामीण क्षेत्र,हवेली
तुलसीदेउर,Sadar-1,1500,16500,4600000,5126,205,ग्रामीण क्षेत्र,हवेली
तरकुलहा,Sadar-1,1500,16500,4600000,5127,206,ग्रामीण क्षेत्र,हवेली
दाउद चक,Sadar-1,10500,80000,,0073,207,नगरीय,इलाहीबाग
दीवान बाजार,Sadar-1,16000,80000,,0064,208,नगरीय,दीवान बाजार
दरियाचक,Sadar-1,10500,80000,22000000,0026,209,नगरीय,सूर्यकुण्ड धामनगर
दाहाखाल,Sadar-1,1500,16500,4600000,5144,210,ग्रामीण क्षेत्र,भौवापार
दुबौली,Sadar-1,1500,16500,4600000,5141,211,ग्रामीण क्षेत्र,हवेली
धर्मपुर,Sadar-1,12800,80000,,0069,212,नगरीय,शाहपुर
धरमपुर,Sadar-1,1500,16500,4600000,5153,213,ग्रामीण क्षेत्र,भौवापार
धस्की खुर्द,Sadar-1,1500,16500,4600000,5151,214,ग्रामीण क्षेत्र,भौवापार
धोबही,Sadar-1,1500,16500,4600000,5142,215,ग्रामीण क्षेत्र,हवेली
नसीराबाद,Sadar-1,10500,80000,,0048,216,नगरीय,इस्माईलपुर
नियामत चक,Sadar-1,22500,80000,,0097,217,नगरीय,दिलेजाकपुर
नरसिंहपुर,Sadar-1,12800,80000,22000000,0079,218,नगरीय,नरसिंहपुर
निजामपुर,Sadar-1,12800,80000,,0080,219,नगरीय,नरसिंहपुर
नौतन,Sadar-1,10500,80000,22000000,0009,220,नगरीय,मानबेला
नथमलपुर,Sadar-1,11700,64000,22000000,0039,221,नगरीय,रसूलपुर
नेताजी सुबाष चन्द्र बोष नगर (विलन्दपुर खत्ता),Sadar-1,19000,80000,,0101,222,नगरीय,नेता जी सुबाष चन्द्र बोष नगर
नेताजी सुबाष चन्द्र बोष नगर,Sadar-1,19000,80000,,0155,223,नगरीय,आवास विकास परिषद द्वारा विकसित कालोनी
नुरूद्दीन चक,Sadar-1,9000,64000,20000000,4183,224,अर्धनगरीय,हवेली
नेहरूनगर,Sadar-1,9000,61500,14500000,0167,225,अर्धनगरीय,नेहरूनगर (वार्ड नं0 07) नगर पंचायत पिपराईच
नैयापार बुजुर्ग,Sadar-1,1500,16500,4600000,5161,226,ग्रामीण क्षेत्र,हवेली
नैयापार खुर्द,Sadar-1,1500,16500,4600000,5163,227,ग्रामीण क्षेत्र,हवेली
नौवा अव्वल,Sadar-1,1500,16500,4600000,5156,228,ग्रामीण क्षेत्र,हवेली
नौवा दोयम,Sadar-1,1500,16500,4600000,5405,229,ग्रामीण क्षेत्र,हवेली
नवीपुर,Sadar-1,1500,16500,4600000,5160,230,ग्रामीण क्षेत्र,हवेली
नेउरी,Sadar-1,1500,16500,4600000,5162,231,ग्रामीण क्षेत्र,हवेली
नियामतपुर,Sadar-1,1500,16500,4600000,5157,232,ग्रामीण क्षेत्र,हवेली
नवापार,Sadar-1,1500,16500,4600000,5159,233,ग्रामीण क्षेत्र,हवेली
पट्टन,Sadar-1,11700,75000,22000000,0025,234,नगरीय,रसूलपुर
पुराना गोरखपुर,Sadar-1,11700,80000,,0042,235,नगरीय,पुराना गोरखपुर
पोखरभिण्डा उर्फ करीमगनर,Sadar-1,13000,80000,22000000,0094,236,नगरीय,चरगॉवा
पेवनपुर,Sadar-1,6500,23000,8500000,4851,237,ग्रामीण क्षेत्र,भौवापार
पिछौरा,Sadar-1,1500,16500,4600000,5182,238,ग्रामीण क्षेत्र,भौवापार
पिपरी मुस्तकिल,Sadar-1,9000,32500,8500000,4804,239,ग्रामीण क्षेत्र,भौवापार
पिपरी एहतमाली,Sadar-1,9000,32500,8500000,5406,240,ग्रामीण क्षेत्र,भौवापार
परशुरामपुर,Sadar-1,1500,16500,4600000,5174,241,ग्रामीण क्षेत्र,हवेली
पारकरंजही,Sadar-1,1500,16500,4600000,5176,242,ग्रामीण क्षेत्र,हवेली
परसिया तप्पा पतरा,Sadar-1,1500,16500,4600000,5172,243,ग्रामीण क्षेत्र,हवेली
पटपर,Sadar-1,1500,16500,4600000,5171,244,ग्रामीण क्षेत्र,हवेली
पतरा खास,Sadar-1,6500,32500,8500000,4816,245,ग्रामीण क्षेत्र,हवेली
पोखरभिण्डा,Sadar-1,1500,16500,4600000,5179,246,ग्रामीण क्षेत्र,हवेली
पिपरा बनवारी,Sadar-1,1500,16500,4600000,5186,247,ग्रामीण क्षेत्र,हवेली
पिपरा मुगलान तप्पा पतरा,Sadar-1,2000,16500,5000000,5188,248,ग्रामीण क्षेत्र,हवेली
पिपरही,Sadar-1,1500,16500,4600000,5184,249,ग्रामीण क्षेत्र,हवेली
पोछिया ब्रम्हस्थान,Sadar-1,1500,16500,4600000,5177,250,ग्रामीण क्षेत्र,हवेली
पोखरभिण्डा उर्फ चकदह,Sadar-1,1500,16500,4600000,5180,251,ग्रामीण क्षेत्र,हवेली
प्यासी तप्पा राजधानी,Sadar-1,1500,16500,4600000,5175,252,ग्रामीण क्षेत्र,हवेली
पिपरा बसन्त,Sadar-1,1500,16500,4600000,5187,253,ग्रामीण क्षेत्र,हवेली
फतेहपुर,Sadar-1,10500,80000,22000000,0003,254,नगरीय,मानबेला
फतेहडी,Sadar-1,1500,16500,4600000,5202,255,ग्रामीण क्षेत्र,भौवापार
फरसही,Sadar-1,1500,16500,4600000,5201,256,ग्रामीण क्षेत्र,हवेली
वहरामपुर उर्फ पिपरापुर,Sadar-1,10500,80000,22000000,0028,257,नगरीय,तिवारीपुर
वहरामपुर उर्फ पिपरापुर,Sadar-1,10500,80000,22000000,0028,258,नगरीय,माधोपुर
वशारतपुर पश्चिमी,Sadar-1,14000,80000,,0091,259,नगरीय,जं0 नकहा नं0 1
बुलाकीपुर,Sadar-1,10500,64000,,0076,260,नगरीय,कल्याणपुर
वौलिया कालोनी आंशिक,Sadar-1,11700,80000,,0078,261,नगरीय,जटेपुर रेलवे कालोनी १
बेनीगंज,Sadar-1,16000,80000,,0066,262,नगरीय,दीवान बाजार
बसन्तपुर एहतमाली,Sadar-1,20000,80000,22000000,0156,263,नगरीय,बसन्तपुर
बसंतपुर खास,Sadar-1,23000,80000,,0095,264,नगरीय,बसन्तपुर
बसन्तपुर मुतनाजा,Sadar-1,23000,80000,,0056,265,नगरीय,बसन्तपुर
बसन्तपुर मुतनाजा,Sadar-1,23000,80000,,0056,266,नगरीय,शेषपुर
बशारतपुर पूर्वी,Sadar-1,14000,80000,,0060,267,नगरीय,बशारतपुर
बशारतपुर पश्चिमी,Sadar-1,14000,80000,,0091,268,नगरीय,राप्तीनगर
बशारतपुर पूर्वी आंशिक,Sadar-1,14000,80000,,0060,269,नगरीय,शक्तिनगर
बरगदवॉ (लच्छीपुर बरगदवा),Sadar-1,11700,64000,22000000,0015,270,नगरीय,राजेन्द्र नगर पश्चिमी
बौलिया कालोनी आंशिक,Sadar-1,11700,80000,,0078,271,नगरीय,भेडियागढ
बड़गो,Sadar-1,9000,64000,20000000,4187,272,अर्धनगरीय,हवेली
बहरामपुर मुस्तकील,Sadar-1,10500,80000,22000000,0157,273,नगरीय,माधोपुर
बहरामपुर एहतमाली,Sadar-1,8500,61500,11000000,4188,274,अर्धनगरीय,हवेली
बापूनगर,Sadar-1,9000,61500,14500000,0163,275,अर्धनगरीय,बापूनगर (वार्ड नं0 05) नगर पंचायत पिपराईच
बजरंग नगर,Sadar-1,9000,61500,14500000,0164,276,अर्धनगरीय,बजरंग नगर (वार्ड नं0 03) नगर पंचायत पिपराईच
बुद्धनगर,Sadar-1,9000,61500,14500000,0165,277,अर्धनगरीय,बुद्धनगर (वार्ड नं0 08) नगर पंचायत पिपराईच
बाघागाडा,Sadar-1,9000,32500,8500000,4803,278,ग्रामीण क्षेत्र,भौवापार
बलुईगाड़ा,Sadar-1,1500,16500,4600000,5206,279,ग्रामीण क्षेत्र,भौवापार
ब्रम्हाजोत,Sadar-1,1500,16500,4600000,5213,280,ग्रामीण क्षेत्र,भौवापार
बिजुलिया जोत,Sadar-1,1500,16500,4600000,5216,281,ग्रामीण क्षेत्र,भौवापार
बेतउवा उर्फ चनऊ,Sadar-1,6000,23000,5500000,4854,282,ग्रामीण क्षेत्र,भौवापार
बमनी,Sadar-1,1500,16500,4600000,5227,283,ग्रामीण क्षेत्र,हवेली
बैलो,Sadar-1,1500,16500,4600000,5210,284,ग्रामीण क्षेत्र,हवेली
बनकटिया बुजुर्ग,Sadar-1,1500,16500,4600000,5224,285,ग्रामीण क्षेत्र,हवेली
बनकटिया खुर्द,Sadar-1,1500,16500,4600000,5223,286,ग्रामीण क्षेत्र,हवेली
बनरही,Sadar-1,1500,16500,4600000,5225,287,ग्रामीण क्षेत्र,हवेली
बरसाइत तप्पा राजधानी,Sadar-1,1500,16500,4600000,5230,288,ग्रामीण क्षेत्र,हवेली
बरौली तप्पा पतरा,Sadar-1,1500,16500,4600000,5205,289,ग्रामीण क्षेत्र,हवेली
बेलघाट,Sadar-1,1500,16500,4600000,5211,290,ग्रामीण क्षेत्र,हवेली
भरपुरवा,Sadar-1,12800,80000,22000000,0081,291,नगरीय,नरसिंहपुर
भेडियागढ,Sadar-1,12800,80000,,0050,292,नगरीय,भेडियागढ
भगडा नं0 10,Sadar-1,1500,16500,4600000,5241,293,ग्रामीण क्षेत्र,भौवापार
भगड़ा रानी,Sadar-1,1500,16500,4600000,5243,294,ग्रामीण क्षेत्र,भौवापार
भगड़ा पाण्डेय,Sadar-1,1500,16500,4600000,5242,295,ग्रामीण क्षेत्र,भौवापार
भाटजोत,Sadar-1,1500,16500,4600000,5248,296,ग्रामीण क्षेत्र,भौवापार
भिलोरही,Sadar-1,1500,16500,4600000,5250,297,ग्रामीण क्षेत्र,भौवापार
भिलौरा बुजुर्ग,Sadar-1,7000,23000,8500000,4852,298,ग्रामीण क्षेत्र,भौवापार
भिलौरा खुर्द,Sadar-1,7000,23000,8500000,5407,299,ग्रामीण क्षेत्र,भौवापार
भतेहरी,Sadar-1,1500,16500,4600000,5244,300,ग्रामीण क्षेत्र,भौवापार
भलुही,Sadar-1,1500,16500,4600000,5245,301,ग्रामीण क्षेत्र,हवेली
भटहट,Sadar-1,7000,32500,8500000,4801,302,ग्रामीण क्षेत्र,हवेली
भिस्वा,Sadar-1,1500,16500,4600000,5251,303,ग्रामीण क्षेत्र,हवेली
भूपचक तप्पा राजधानी,Sadar-1,1500,16500,4600000,5253,304,ग्रामीण क्षेत्र,हवेली
मोहरीपुर,Sadar-1,10500,80000,22000000,0012,305,नगरीय,जं0 बेनीमाधव
मिर्जापुर पचपेड़वा,Sadar-1,10500,80000,22000000,0040,306,नगरीय,पुराना गोरखपुर
मिर्जापुर पचपेडवा आंशिक,Sadar-1,10500,80000,22000000,0040,307,नगरीय,रामजानकी नगर
मिर्जापुर पचपेड़वा आंशिक,Sadar-1,10500,80000,22000000,0040,308,नगरीय,लच्छीपुर
मोहनलालपुर,Sadar-1,10500,64000,22000000,0062,309,नगरीय,तिवारीपुर
मानबेला,Sadar-1,11700,80000,22000000,0005,310,नगरीय,मानबेला
माधोपुर,Sadar-1,10500,80000,22000000,0027,311,नगरीय,माधोपुर
मिर्जापुर,Sadar-1,18000,80000,,0085,312,नगरीय,मिर्जापुर
मुण्डेरी चक,Sadar-1,10500,80000,22000000,0086,313,नगरीय,मिर्जापुर
मिर्जापुर उर्फ विलन्दपुर,Sadar-1,18000,80000,22000000,0023,314,नगरीय,नेता जी सुवाष चन्द्र बोष नगर
मुण्डेरी चक एहतमाली,Sadar-1,8500,61500,20000000,4194,315,अर्धनगरीय,हवेली
महर्षि दयानन्द नगर,Sadar-1,9000,61500,14500000,0166,316,अर्धनगरीय,महर्षि दयानन्द नगर (वार्ड नं0 11) नगर पंचायत पिपराईच
महराजी,Sadar-1,1500,16500,4600000,5275,317,ग्रामीण क्षेत्र,हवेली
महीमाठ,Sadar-1,1500,16500,4600000,5265,318,ग्रामीण क्षेत्र,हवेली
महमूदाबाद उर्फ मुगलपुरा,Sadar-1,6500,23000,8500000,4856,319,ग्रामीण क्षेत्र,हवेली
महरी,Sadar-1,1500,16500,4600000,5276,320,ग्रामीण क्षेत्र,हवेली
महुअवा उर्फ कटैया,Sadar-1,1500,16500,4600000,5274,321,ग्रामीण क्षेत्र,हवेली
मंझरिया बिस्टौल त0हवेली,Sadar-1,5500,23000,5500000,4865,322,ग्रामीण क्षेत्र,हवेली
मठिया,Sadar-1,1500,16500,4600000,5263,323,ग्रामीण क्षेत्र,हवेली
मौलाखोर,Sadar-1,1500,16500,4600000,5279,324,ग्रामीण क्षेत्र,हवेली
मीरापुर तप्पा पतरा,Sadar-1,1500,16500,4600000,5280,325,ग्रामीण क्षेत्र,हवेली
मुगलहा,Sadar-1,1500,16500,4600000,5268,326,ग्रामीण क्षेत्र,हवेली
मुण्डेरी बुजुर्ग,Sadar-1,1500,16500,4600000,5282,327,ग्रामीण क्षेत्र,हवेली
मुण्डेरी खुर्द,Sadar-1,1500,16500,4600000,5283,328,ग्रामीण क्षेत्र,हवेली
मुण्डेरी गढवा,Sadar-1,7000,32500,8500000,4819,329,ग्रामीण क्षेत्र,हवेली
मुडियारी खुर्द,Sadar-1,1500,16500,4600000,5269,330,ग्रामीण क्षेत्र,हवेली
मुडियारी बुजुर्ग,Sadar-1,1500,16500,4600000,5270,331,ग्रामीण क्षेत्र,हवेली
मोगलहा,Sadar-1,1500,16500,4600000,5268,332,ग्रामीण क्षेत्र,हवेली
राजेन्द्र नगर,Sadar-1,11700,80000,,0125,333,नगरीय,कृष्णा नगर
रमदत्तपुर,Sadar-1,10500,64000,,0074,334,नगरीय,कल्याणपुर
रूस्तमपुर,Sadar-1,10500,64000,,0077,335,नगरीय,कल्याणपुर
राप्तीनगर आंशिक,Sadar-1,12800,80000,,0016,336,नगरीय,बशारतपुर
रूद्रपुर,Sadar-1,16000,80000,,0065,337,नगरीय,दीवान बाजार
रकाबगंज,Sadar-1,23000,80000,,0096,338,नगरीय,बसन्तपुर
रहमत नगर,Sadar-1,10500,80000,,0047,339,नगरीय,मिर्जापुर
रसूलपुर,Sadar-1,11700,64000,22000000,0022,340,नगरीय,रसूलपुर
रसूलपुर आंशिक,Sadar-1,11700,64000,22000000,0022,341,नगरीय,सूर्यकुण्ड धामनगर
राप्तीनगर,Sadar-1,12800,80000,,0016,342,नगरीय,राप्तीनगर
राप्तीनगर आंशिक,Sadar-1,12800,80000,,0016,343,नगरीय,रामजानकी नगर
रामपुर नयागॉव,Sadar-1,10500,64000,22000000,0020,344,नगरीय,राजेन्द्र नगर पश्चिमी
राजेन्द्र नगर लच्छीपुर,Sadar-1,11700,64000,22000000,0126,345,नगरीय,राजेन्द्र नगर पश्चिमी
राप्तीनगर प्रथम चरण,Sadar-1,19000,80000,,0153,346,नगरीय,गोरखपुर विकास प्राधिकरण द्वारा विकसित कालोनी
राप्तीनगर द्वितीय चरण,Sadar-1,19000,80000,,0152,347,नगरीय,गोरखपुर विकास प्राधिकरण द्वारा विकसित कालोनी
राप्तीनगर तृतीय चरण,Sadar-1,19000,80000,,0151,348,नगरीय,गोरखपुर विकास प्राधिकरण द्वारा विकसित कालोनी
राप्तीनगर चतुर्थ चरण,Sadar-1,19000,80000,,0150,349,नगरीय,गोरखपुर विकास प्राधिकरण द्वारा विकसित कालोनी
राप्तीनगर विस्तार,Sadar-1,19000,80000,,0154,350,नगरीय,गोरखपुर विकास प्राधिकरण द्वारा विकसित कालोनी
रेलविहार आवासीय योजना,Sadar-1,19000,80000,,0127,351,नगरीय,गोरखपुर विकास प्राधिकरण द्वारा विकसित कालोनी
रूस्तमपुर,Sadar-1,19000,80000,,0173,352,नगरीय,आवास विकास परिषद द्वारा विकसित कालोनी
रामानगर,Sadar-1,9000,61500,14500000,0168,353,अर्धनगरीय,"रामानगर (वार्ड नं0 04), नगर पंचायत पिपराईच"
रक्षवापार,Sadar-1,1500,16500,4600000,5296,354,ग्रामीण क्षेत्र,हवेली
रायगंज,Sadar-1,7000,32500,8500000,4822,355,ग्रामीण क्षेत्र,हवेली
रामपुर तप्पा राजधानी,Sadar-1,9000,32500,8500000,4818,356,ग्रामीण क्षेत्र,हवेली
रामपुर थवईपार तप्पा पतरा,Sadar-1,1500,16500,4600000,5293,357,ग्रामीण क्षेत्र,हवेली
रामपुर चक,Sadar-1,1500,16500,4600000,5298,358,ग्रामीण क्षेत्र,हवेली
रमवापुर तप्पा पतरा,Sadar-1,1500,16500,4600000,5292,359,ग्रामीण क्षेत्र,हवेली
रतनपुर,Sadar-1,1500,16500,4600000,5294,360,ग्रामीण क्षेत्र,हवेली
रिठना,Sadar-1,1500,16500,4600000,5302,361,ग्रामीण क्षेत्र,हवेली
रिठिया,Sadar-1,1500,16500,4600000,5291,362,ग्रामीण क्षेत्र,हवेली
लक्ष्मीपुर,Sadar-1,11700,16500,22000000,0019,363,नगरीय,राजेन्द्र नगर पश्चिमी
लच्छीपुर आंशिक,Sadar-1,11700,64000,22000000,0018,364,नगरीय,लच्छीपुर
लोहिया नगर,Sadar-1,10500,64000,,0128,365,नगरीय,लोहिया नगर
ललितापुरम,Sadar-1,19000,80000,,0142,366,नगरीय,गोरखपुर विकास प्राधिकरण द्वारा विकसित कालोनी
ललितापुरम विस्तार,Sadar-1,19000,80000,,0144,367,नगरीय,गोरखपुर विकास प्राधिकरण द्वारा विकसित कालोनी
लोहियानगर,Sadar-1,9000,61500,14500000,0169,368,अर्धनगरीय,लोहियानगर (वार्ड नं0 09) नगर पंचायत पिपराईच
लहसडी एहतमाली,Sadar-1,7000,32500,8500000,4808,369,ग्रामीण क्षेत्र,हवेली
लहसडी मुस्तकिल,Sadar-1,7000,32500,8500000,5408,370,ग्रामीण क्षेत्र,हवेली
लहुरादेउर,Sadar-1,1500,16500,4600000,5311,371,ग्रामीण क्षेत्र,हवेली
लखेसरा,Sadar-1,1500,16500,4600000,5309,372,ग्रामीण क्षेत्र,हवेली
लालपुर टीकर,Sadar-1,6000,16500,5500000,5308,373,ग्रामीण क्षेत्र,हवेली
विन्द टोला,Sadar-1,10500,64000,,0072,374,नगरीय,कल्याणपुर
विष्णुपुरम,Sadar-1,12800,80000,,0129,375,नगरीय,भेडियागढ
विकास नगर (लच्छीपुर),Sadar-1,19000,80000,,0149,376,नगरीय,विकास नगर
विकास नगर आवासीय योजना,Sadar-1,19000,80000,,0138,377,नगरीय,गोरखपुर विकास प्राधिकरण द्वारा विकसित कालोनी
विकास नगर विस्तार,Sadar-1,19000,80000,,0135,378,नगरीय,गोरखपुर विकास प्राधिकरण द्वारा विकसित कालोनी
विकास नगर कालोनी,Sadar-1,19000,80000,,0149,379,नगरीय,आवास विकास परिषद द्वारा विकसित कालोनी
विवेकानन्दनगर,Sadar-1,9000,61500,14500000,0170,380,अर्धनगरीय,विवेकानन्दनगर (वार्ड नं0 06) नगर पंचायत पिपराईच
वनचरा,Sadar-1,1500,16500,4600000,5322,381,ग्रामीण क्षेत्र,हवेली
वरडीहा उर्फ रौजा,Sadar-1,1500,16500,4600000,5214,382,ग्रामीण क्षेत्र,हवेली
विशुनपुर बुजुर्ग,Sadar-1,1500,16500,4600000,5321,383,ग्रामीण क्षेत्र,हवेली
विशुनपुर खुर्द,Sadar-1,1500,16500,4600000,5325,384,ग्रामीण क्षेत्र,हवेली
व्यौहरिया,Sadar-1,1500,16500,4600000,5323,385,ग्रामीण क्षेत्र,हवेली
शाहपुर आवास विकास कालोनी,Sadar-1,19000,80000,,0147,386,नगरीय,शाहपुर
शाहपुर आ0 वि0 कालोनी,Sadar-1,19000,80000,,0147,387,नगरीय,घोषीपुरवा
शिवपुर सहबाजगंज,Sadar-1,10500,64000,22000000,0032,388,नगरीय,जं0 सालिकराम
शताब्दीपुरम,Sadar-1,10500,64000,,0130,389,नगरीय,जं0 सालिकराम
शिवपुर कालोनी,Sadar-1,12800,80000,,0131,390,नगरीय,रामजानकी नगर
शेषपुर,Sadar-1,23000,80000,,0055,391,नगरीय,शेषपुर
शाहपुर,Sadar-1,12800,80000,,0068,392,नगरीय,शाहपुर
शिवपुर सहबाजगंज,Sadar-1,10500,64000,22000000,0032,393,नगरीय,शिवपुर सहबाजगंज
शक्तिनगर,Sadar-1,12800,80000,22000000,0132,394,नगरीय,शक्तिनगर
शास्त्रीनगर आवासीय योजना,Sadar-1,19000,80000,,0139,395,नगरीय,गोरखपुर विकास प्राधिकरण द्वारा विकसित कालोनी
शास्त्रीपुरम आवासीय योजना,Sadar-1,19000,80000,,0140,396,नगरीय,गोरखपुर विकास प्राधिकरण द्वारा विकसित कालोनी
शास्त्रीपुरम विस्तार,Sadar-1,19000,80000,,0141,397,नगरीय,गोरखपुर विकास प्राधिकरण द्वारा विकसित कालोनी
शाहपुर,Sadar-1,19000,80000,,0147,398,नगरीय,आवास विकास परिषद द्वारा विकसित कालोनी
शेरगढ,Sadar-1,8500,61500,11000000,4189,399,अर्धनगरीय,भौवापार
शास्त्रीनगर,Sadar-1,9000,61500,14500000,0170,400,अर्धनगरीय,शास्त्रीनगर (वार्ड नं0 10) नगर पंचायत पिपराईच
शिव चक,Sadar-1,1500,16500,4600000,5362,401,ग्रामीण क्षेत्र,भौवापार
शिव घाट,Sadar-1,1500,16500,4600000,5361,402,ग्रामीण क्षेत्र,भौवापार
शुकुल हरिजोत,Sadar-1,1500,16500,4600000,5364,403,ग्रामीण क्षेत्र,भौवापार
शिवपुर तप्पा राजधानी,Sadar-1,7000,32500,8500000,4807,404,ग्रामीण क्षेत्र,हवेली
शिवरिया,Sadar-1,1500,16500,4600000,5363,405,ग्रामीण क्षेत्र,हवेली
सेमरा,Sadar-1,10500,80000,22000000,0006,406,नगरीय,सेमरा
सलेमपुर उर्फ मुगलपुर,Sadar-1,11700,80000,22000000,0004,407,नगरीय,सेमरा
सिधारीपुर,Sadar-1,10500,80000,22000000,0061,408,नगरीय,तिवारीपुर
सूर्यकुण्ड कालोनी,Sadar-1,19000,80000,,0133,409,नगरीय,सूर्यकुण्ड धामनगर
सिधारीपुर आंशिक,Sadar-1,10500,80000,22000000,0061,410,नगरीय,सूर्यकुण्ड धामनगर
संकटमोचन नगर,Sadar-1,19000,80000,,0134,411,नगरीय,नेता जी सुबाष चन्द्र बोष नगर
सूर्यविहार आवासीय योजना,Sadar-1,19000,80000,,0145,412,नगरीय,गोरखपुर विकास प्राधिकरण द्वारा विकसित कालोनी
सूरजकुण्ड,Sadar-1,19000,80000,,0148,413,नगरीय,आवास विकास परिषद द्वारा विकसित कालोनी
सेन्दुली बेन्दुली,Sadar-1,9200,61500,20000000,4186,414,अर्धनगरीय,हवेली
सुबाष चन्द्र बोष नगर,Sadar-1,9000,61500,14500000,0172,415,अर्धनगरीय,सुबाष चन्द्र बोष नगर (वार्ड नं0 01) नगर पंचायत पिपराईच
सिधावल,Sadar-1,7500,32500,8500000,2340,416,ग्रामीण क्षेत्र,हवेली
सोनराईच उर्फ बडाग्राम,Sadar-1,7500,32500,8500000,2343,417,ग्रामीण क्षेत्र,हवेली
सेमरा कोल,Sadar-1,1500,16500,4600000,5348,418,ग्रामीण क्षेत्र,भौवापार
सेवई (बाजार),Sadar-1,7000,32500,8500000,4813,419,ग्रामीण क्षेत्र,भौवापार
सिहोंरवा अव्वल,Sadar-1,1500,16500,4600000,5339,420,ग्रामीण क्षेत्र,भौवापार
सिहोंरवा सानी,Sadar-1,1500,16500,4600000,5340,421,ग्रामीण क्षेत्र,भौवापार
साहूकोल मुस्तकिल,Sadar-1,1500,16500,4600000,5345,422,ग्रामीण क्षेत्र,हवेली
समस्तपुर मुडिला,Sadar-1,1500,16500,4600000,5332,423,ग्रामीण क्षेत्र,हवेली
समदार बुजुर्ग,Sadar-1,6000,23000,5500000,4853,424,ग्रामीण क्षेत्र,हवेली
समदार खुर्द,Sadar-1,6000,23000,5500000,5409,425,ग्रामीण क्षेत्र,हवेली
समोढी तप्पा राजधानी,Sadar-1,1500,16500,4600000,5353,426,ग्रामीण क्षेत्र,हवेली
सनहा,Sadar-1,1500,16500,4600000,5331,427,ग्रामीण क्षेत्र,हवेली
सरण्डा,Sadar-1,1500,16500,4600000,5333,428,ग्रामीण क्षेत्र,हवेली
सेमरा मानिक चौक,Sadar-1,1500,16500,4600000,5346,429,ग्रामीण क्षेत्र,हवेली
सिधौली,Sadar-1,1500,16500,4600000,5336,430,ग्रामीण क्षेत्र,हवेली
सिरसिया तप्पा पतरा,Sadar-1,1500,16500,4600000,5337,431,ग्रामीण क्षेत्र,हवेली
सोहसा,Sadar-1,1500,16500,4600000,5352,432,ग्रामीण क्षेत्र,हवेली
सोनवे एहतमाली,Sadar-1,1500,16500,4600000,5349,433,ग्रामीण क्षेत्र,हवेली
सोनवे गोनरहा,Sadar-1,1500,16500,4600000,5350,434,ग्रामीण क्षेत्र,हवेली
सोनवे मुस्तकिल,Sadar-1,1500,16500,4600000,5351,435,ग्रामीण क्षेत्र,हवेली
सुग्गाटारी,Sadar-1,1500,16500,4600000,5341,436,ग्रामीण क्षेत्र,हवेली
संझाई,Sadar-1,1500,16500,4600000,5335,437,ग्रामीण क्षेत्र,हवेली
हमीदपुर,Sadar-1,11700,80000,22000000,0010,438,नगरीय,चरगॉवा
हरसेवकपुर नं0 1,Sadar-1,12800,80000,22000000,0093,439,नगरीय,चरगॉवा
हुमायूपुर उत्तरी आंशिक,Sadar-1,11700,80000,,0036,440,नगरीय,जनप्रिय विहार
हुमायूपुर उत्तरी,Sadar-1,11700,80000,,0037,441,नगरीय,हुमायूपुर उत्तरी
हुमायूपुर दक्षिणी,Sadar-1,19000,80000,,0084,442,नगरीय,अलीनगर
हजारीपुर,Sadar-1,23000,80000,,0103,443,नगरीय,दिलेजाकपुर
हनुमान चक,Sadar-1,10500,80000,22000000,0011,444,नगरीय,बसन्तपुर
हरखापुर,Sadar-1,7500,32500,8500000,2342,445,ग्रामीण क्षेत्र,हवेली
हरदिया,Sadar-1,1500,16500,4600000,5367,446,ग्रामीण क्षेत्र,भौवापार
हरैया,Sadar-1,9000,32500,8500000,4820,447,ग्रामीण क्षेत्र,भौवापार
हक्काबाद,Sadar-1,6500,23000,5500000,4855,448,ग्रामीण क्षेत्र,हवेली
हथियापरास,Sadar-1,1500,16500,4600000,5370,449,ग्रामीण क्षेत्र,हवेली
हरिभंजन जंगल,Sadar-1,1500,16500,4600000,5368,450,ग्रामीण क्षेत्र,हवेली
अलहदादपुर,Sadar-2,23500,,,0028,1,नगरीय,अलहदादपुर-58
असकरगंज,Sadar-2,32000,,,0060,2,नगरीय,मुफ्तीपुर-68
आराजी छावनी,Sadar-2,32000,,,0054,3,नगरीय,सिविल लाइन-42
आर0पी0एफ0 कालोनी,Sadar-2,9500,,,0064,4,नगरीय,रेलवे कालोनी बिछिया-26
आम्रपाली आवासीय योजना,Sadar-2,18000,,,0126,5,नगरीय,गो0वि0प्रा0 की कालोनी
अमरावती निकुन्ज योजना,Sadar-2,18000,,,0203,6,नगरीय,गो0वि0प्रा0 की कालोनी
अमवा,Sadar-2,8500,,15600000,5105,7,अर्द्धनगरीय,हवेली
अशरफपुर,Sadar-2,1400,,3800000,5101,8,ग्रामीण,हवेली
आराजी बरवा,Sadar-2,1400,,3800000,5102,9,ग्रामीण,हवेली
आराजी सखनी,Sadar-2,1400,,3800000,5103,10,ग्रामीण,हवेली
आबादी सखनी,Sadar-2,1400,,3800000,5104,11,ग्रामीण,हवेली
आराजी जंगल छत्रधारी,Sadar-2,5500,,7200000,5106,12,ग्रामीण,हवेली
अवई पाकड़,Sadar-2,1400,,3800000,5111,13,ग्रामीण,हवेली
अहिरौली तप्पा-गौरा,Sadar-2,1400,,3800000,5112,14,ग्रामीण,हवेली
अहिरौली,Sadar-2,1400,,3800000,5107,15,ग्रामीण,हवेली
आराजी मोहम्मदपुर,Sadar-2,1400,,3800000,5113,16,ग्रामीण,हवेली
आभूराम,Sadar-2,1400,,3800000,5109,17,ग्रामीण,हवेली
अजीजुल्लाह उर्फ चकिया,Sadar-2,1400,,3800000,5110,18,ग्रामीण,हवेली
इन्जीनियरिंग कालेज,Sadar-2,10000,,,5111,19,नगरीय,इन्जीनियरिंग कालेज-18
इस्लामपुर तप्पा-केवटली,Sadar-2,1400,,3800000,5132,20,ग्रामीण,हवेली
इस्लामपुर तप्पा-खुटहन,Sadar-2,1400,,3800000,5131,21,ग्रामीण,हवेली
इटहिया,Sadar-2,1400,,3800000,5133,22,ग्रामीण,हवेली
इमिलिया उर्फ विजहरा,Sadar-2,1400,,3800000,5134,23,ग्रामीण,हवेली
उर्दू बाजार,Sadar-2,32000,,,0061,24,नगरीय,मियां बाजार-61
उस्मानपुर,Sadar-2,1400,,3800000,5161,25,ग्रामीण,हवेली
उस्का,Sadar-2,1400,,3800000,5165,26,ग्रामीण,हवेली
उतरासोत,Sadar-2,1400,,3800000,5166,27,ग्रामीण,हवेली
उपधौली,Sadar-2,6500,,7200000,5164,28,ग्रामीण,हवेली
उमरपुर,Sadar-2,8500,,15600000,5162,29,अर्द्धनगरीय,हवेली
एकमा,Sadar-2,1400,,3800000,5152,30,ग्रामीण,हवेली
काजीपुर खुर्द,Sadar-2,15000,,,0043,31,नगरीय,काजीपुर खुर्द-54
कालेपुर,Sadar-2,23000,,,0050,32,नगरीय,सिविल लाइन-42
कौशाम्बी बिहार,Sadar-2,18000,,,0302,33,नगरीय,गो0वि0प्रा0 की कालोनी
करमहां उर्फ कम्हरिया,Sadar-2,8500,,15600000,5224,34,अर्द्धनगरीय,हवेली
कठवतिया उर्फ कठउर,Sadar-2,8500,,15600000,5223,35,अर्द्धनगरीय,हवेली
कजाकपुर,Sadar-2,8500,,15600000,5222,36,अर्द्धनगरीय,हवेली
कैथवलिया,Sadar-2,1400,,3800000,5221,37,ग्रामीण,हवेली
केवटली खास,Sadar-2,1400,,3800000,5225,38,ग्रामीण,हवेली
केवटली,Sadar-2,1400,,3800000,5241,39,ग्रामीण,हवेली
कटैया डार,Sadar-2,1400,,3800000,5226,40,ग्रामीण,हवेली
कोनी त0 गौरा,Sadar-2,1400,,3800000,5237,41,ग्रामीण,हवेली
कोनी तप्पा–केवटली,Sadar-2,1400,,3800000,5233,42,ग्रामीण,हवेली
करमैनी,Sadar-2,1400,,3800000,5242,43,ग्रामीण,हवेली
करमैना,Sadar-2,1400,,3800000,5246,44,ग्रामीण,हवेली
करमहा खुर्द,Sadar-2,5000,,7200000,5228,45,ग्रामीण,हवेली
करमहां बुजुर्ग,Sadar-2,5000,,7200000,5239,46,ग्रामीण,हवेली
काजीपुर,Sadar-2,1400,,3800000,5229,47,ग्रामीण,हवेली
कुड़वा,Sadar-2,1400,,3800000,5243,48,ग्रामीण,हवेली
कोहड़ा,Sadar-2,1400,,3800000,5235,49,ग्रामीण,हवेली
कोठा,Sadar-2,1400,,3800000,5230,50,ग्रामीण,हवेली
कोडर उर्फ डेफरा,Sadar-2,1400,,3800000,5231,51,ग्रामीण,हवेली
करहिया,Sadar-2,1400,,3800000,5238,52,ग्रामीण,हवेली
कलानी उर्फ बढ़नी,Sadar-2,1400,,3800000,5249,53,ग्रामीण,हवेली
कुशहरा,Sadar-2,1400,,3800000,5245,54,ग्रामीण,हवेली
कोल्हुआ,Sadar-2,1400,,3800000,5234,55,ग्रामीण,हवेली
केवटलिया,Sadar-2,1400,,3800000,5244,56,ग्रामीण,हवेली
करमौरा,Sadar-2,1400,,3800000,5240,57,ग्रामीण,हवेली
करनजहां,Sadar-2,1400,,3800000,5227,58,ग्रामीण,हवेली
खुर्रमपुर,Sadar-2,24500,,,0047,59,नगरीय,हवेली
खोराबार उर्फ सूबा बाजार,Sadar-2,9000,,15600000,5262,60,अर्द्धनगरीय,हवेली
खुटहन खास,Sadar-2,5000,,4600000,5261,61,ग्रामीण,हवेली
खिरिया,Sadar-2,1400,,3800000,5268,62,ग्रामीण,हवेली
खरकटवा,Sadar-2,1400,,3800000,5263,63,ग्रामीण,हवेली
खडिया,Sadar-2,1400,,3800000,5264,64,ग्रामीण,हवेली
खुटवा,Sadar-2,1400,,3800000,5265,65,ग्रामीण,हवेली
गिरधरगंज,Sadar-2,12000,,,002,66,नगरीय,गिरधरगंज-48
गोपलापुर,Sadar-2,11000,,,0017,67,नगरीय,गोपलापुर-44
गौतम बिहार आवासीय योजना,Sadar-2,18000,,,0092,68,नगरीय,गो0वि0प्रा0 की कालोनी
गौतम बिहार विस्तार योजना,Sadar-2,18000,,,0199,69,नगरीय,
गोलघर व्यवसायिक काम्प्लेक्स,Sadar-2,32000,,,0200,70,नगरीय,
गुलहरिया,Sadar-2,9000,,15600000,5301,71,अर्द्धनगरीय,हवेली
गायघाट खुर्द,Sadar-2,9000,,15600000,5294,72,अर्द्धनगरीय,हवेली
गायघाट बुजुर्ग,Sadar-2,9000,,15600000,5292,73,अर्द्धनगरीय,हवेली
गोपालपुर,Sadar-2,1400,,3800000,5295,74,ग्रामीण,हवेली
गोविन्दपुर,Sadar-2,1400,,3800000,5298,75,ग्रामीण,हवेली
गौरा खास,Sadar-2,1400,,3800000,5291,76,ग्रामीण,हवेली
गौरा,Sadar-2,2500,,3800000,5304,77,ग्रामीण,हवेली
गोविन्दपुर,Sadar-2,1400,,3800000,5297,78,ग्रामीण,हवेली
गोसाईपुर,Sadar-2,1400,,3800000,5305,79,ग्रामीण,हवेली
गम्भीरपुर,Sadar-2,1400,,3800000,5293,80,ग्रामीण,हवेली
गायघाट,Sadar-2,1400,,3800000,5300,81,ग्रामीण,हवेली
घुनघुन कोठा,Sadar-2,1400,,3800000,5331,82,ग्रामीण,हवेली
चकरा अव्वल,Sadar-2,10500,,14000000,0012,83,नगरीय,महेवा-30
चकजलाल,Sadar-2,32000,,,0055,84,नगरीय,सिविल लाइन प्रथम-42
चिलमापुर,Sadar-2,10500,,14000000,0037,85,नगरीय,रूस्तमपुर-40
चारूचन्द्रपुरी,Sadar-2,18000,,,0082,86,नगरीय,दाउदपुर-23
चकरा दोयम,Sadar-2,8000,,15600000,5365,87,अर्द्धनगरीय,हवेली
चकरा सोयम,Sadar-2,8000,,15600000,5366,88,अर्द्धनगरीय,हवेली
चकरा,Sadar-2,1400,,3800000,5361,89,ग्रामीण,हवेली
चिउटी जाम,Sadar-2,1400,,3800000,5363,90,ग्रामीण,हवेली
चकखान मोहम्मद,Sadar-2,1400,,3800000,5368,91,ग्रामीण,हवेली
चिउटहा,Sadar-2,5500,,4600000,5364,92,ग्रामीण,हवेली
जटेपुर दक्षिणी,Sadar-2,22500,,,0059,93,नगरीय,धर्मशाला बाजार-27
जटेपुर धर्मशाला बाजार,Sadar-2,22500,,,0058,94,नगरीय,
जगन्नाथपुर,Sadar-2,15000,,,0045,95,नगरीय,काजीपुर खुर्द-54
जंगल तुलसी राम पश्चिमी,Sadar-2,11000,,17000000,0003,96,नगरीय,जं0 तुलसी राम पश्चिमी-03
जंगल तुलसी राम पूर्वी,Sadar-2,11000,,17000000,0006,97,नगरीय,जं0 तुलसी राम पूर्वी-22
जी0डी0ए0 कार्पोरेट पार्क योजना,Sadar-2,18000,,,0206,98,नगरीय,गो0वि0प्रा0 की कालोनी
जं0 हकीम नं0-2,Sadar-2,8500,,15600000,5469,99,अर्द्धनगरीय,हवेली
जं0 धूसड़,Sadar-2,8500,,15600000,5476,100,अर्द्धनगरीय,हवेली
जं0 छत्रधारी,Sadar-2,8500,,15600000,5452,101,अर्द्धनगरीय,हवेली
जं0 तिनकोनिया नं0-1,Sadar-2,8500,,15600000,5468,102,अर्द्धनगरीय,हवेली
जं0 तिनकोनिया नं0-2,Sadar-2,8500,,15600000,5462,103,अर्द्धनगरीय,हवेली
जं0 तिनकोनिया नं0-3,Sadar-2,8500,,15600000,5483,104,अर्द्धनगरीय,हवेली
जगपुर,Sadar-2,1400,,3800000,5456,105,ग्रामीण,हवेली
जादोपुर,Sadar-2,1400,,3800000,5471,106,ग्रामीण,हवेली
जं0 सखनी,Sadar-2,1400,,3800000,5484,107,ग्रामीण,हवेली
जं0 हरपुर,Sadar-2,1400,,3800000,5451,108,ग्रामीण,हवेली
जमुनिया,Sadar-2,1400,,3800000,5458,109,ग्रामीण,हवेली
जं0 अयोध्या प्रसाद,Sadar-2,5000,,4600000,5459,110,ग्रामीण,हवेली
जं0 अहमद अली शाह उर्फ तुरा,Sadar-2,5500,,7200000,5463,111,ग्रामीण,हवेली
जं0 एकला नं0-1,Sadar-2,5000,,4600000,5464,112,ग्रामीण,हवेली
जं0 एकला नं0-2,Sadar-2,5000,,4600000,5478,113,ग्रामीण,हवेली
जं0 माघी,Sadar-2,1400,,3800000,5465,114,ग्रामीण,हवेली
जं0 भेलमपुर उर्फ करमौरा,Sadar-2,1400,,3800000,5454,115,ग्रामीण,हवेली
जं0 भेलमपुर उर्फ रघुनाथपुर,Sadar-2,1400,,3800000,5489,116,ग्रामीण,हवेली
जं0 भेलमपुर उर्फ सरकार,Sadar-2,1400,,3800000,5473,117,ग्रामीण,हवेली
जं0 भेलमपुर उर्फ भगवानपुर,Sadar-2,1400,,3800000,5486,118,ग्रामीण,हवेली
जं0 मोहब्बत बरवा,Sadar-2,1400,,3800000,5466,119,ग्रामीण,हवेली
जं0 पकड़ी,Sadar-2,1400,,3800000,5470,120,ग्रामीण,हवेली
जं0 डुमरी नं0-1,Sadar-2,5500,,,5480,121,ग्रामीण,हवेली
जं0 डुमरी नं0-2,Sadar-2,5500,,7200000,5482,122,ग्रामीण,हवेली
जं0 जैनुल आबदीन उर्फ जैनपुर,Sadar-2,1400,,3800000,5481,123,ग्रामीण,हवेली
जं0 औराही,Sadar-2,5000,,4600000,5485,124,ग्रामीण,हवेली
जं0 जैनुल आबदीन उर्फ सेमरा,Sadar-2,1400,,3800000,5490,125,ग्रामीण,हवेली
जं0 रमगढ़वा,Sadar-2,1400,,3800000,5488,126,ग्रामीण,हवेली
जमुआड़,Sadar-2,1400,,3800000,5457,127,ग्रामीण,हवेली
जं0 गौमरा,Sadar-2,1400,,3800000,5493,128,ग्रामीण,हवेली
जं0 रामगढ़ उर्फ रजही,Sadar-2,6000,,7200000,5467,129,ग्रामीण,हवेली
जौरहर,Sadar-2,1400,,3800000,5472,130,ग्रामीण,हवेली
जिन्दापुर,Sadar-2,1400,,3800000,5474,131,ग्रामीण,हवेली
जं0 कौड़िया,Sadar-2,5500,,7200000,5475,132,ग्रामीण,हवेली
जगतबेला,Sadar-2,1400,,3800000,5455,133,ग्रामीण,हवेली
झरना टोला,Sadar-2,10000,,,5471,134,नगरीय,झरना टोला-20
झरवा,Sadar-2,8500,,15600000,5501,135,अर्द्धनगरीय,हवेली
ट्रांसपोर्टनगर,Sadar-2,18000,,,0083,136,नगरीय,गो0वि0प्रा0 की कालोनी
टिकरिया तप्पा-गौरा,Sadar-2,1400,,3800000,5542,137,ग्रामीण,हवेली
टिकरिया तप्पा-मराछी चन्दौर,Sadar-2,1400,,3800000,5441,138,ग्रामीण,हवेली
ठाकुरपुर नं0-1,Sadar-2,1400,,3800000,5571,139,ग्रामीण,हवेली
ठाकुरपुर नं0-2,Sadar-2,1400,,3800000,5572,140,ग्रामीण,हवेली
डीहाघाट,Sadar-2,1400,,3800000,5606,141,ग्रामीण,हवेली
डोहरिया,Sadar-2,5500,,7200000,5607,142,ग्रामीण,हवेली
ताल रामगढ़,Sadar-2,10500,,17000000,0020,143,नगरीय,गोपलापुर-44
तुर्कमानपुर,Sadar-2,24000,,,014,144,नगरीय,तुर्कमानपुर-50
तरकुलहां,Sadar-2,1400,,3800000,5674,145,ग्रामीण,हवेली
तारंग चक,Sadar-2,1400,,3800000,5665,146,ग्रामीण,हवेली
ताल जमुआड़,Sadar-2,1400,,3800000,5669,147,ग्रामीण,हवेली
ताल,Sadar-2,1400,,3800000,5666,148,ग्रामीण,हवेली
ताजडीह,Sadar-2,1400,,3800000,5664,149,ग्रामीण,हवेली
ताल कोइला,Sadar-2,1400,,3800000,5668,150,ग्रामीण,हवेली
ताल तिलौरा,Sadar-2,1400,,3800000,5671,151,ग्रामीण,हवेली
तुर्कवलिया,Sadar-2,1400,,3800000,5662,152,ग्रामीण,हवेली
तेन्दुआ,Sadar-2,1400,,3800000,5663,153,ग्रामीण,हवेली
ताल लिखिया,Sadar-2,1400,,3800000,5672,154,ग्रामीण,हवेली
ताल जहदा,Sadar-2,1400,,3800000,5673,155,ग्रामीण,हवेली
दाउदपुर,Sadar-2,22000,,,0013,156,नगरीय,दाउदपुर-23
दिलेजाकपुर,Sadar-2,23000,,,0047,157,नगरीय,दिलेजाकपुर-56
दीवान दयाराम,Sadar-2,26000,,,0031,158,नगरीय,शेषपुर-70
दौलतपुर,Sadar-2,8500,,15600000,5732,159,अर्द्धनगरीय,हवेली
दहला,Sadar-2,1400,,3800000,5735,160,ग्रामीण,हवेली
देवकली,Sadar-2,1400,,3800000,5736,161,ग्रामीण,हवेली
दाहा खाल,Sadar-2,1400,,3800000,5733,162,ग्रामीण,हवेली
दाउदचक,Sadar-2,1400,,3800000,5734,163,ग्रामीण,हवेली
देवीपुर,Sadar-2,1400,,3800000,5731,164,ग्रामीण,हवेली
धम्माल,Sadar-2,32000,,,0059,165,नगरीय,मुफ्तीपुर-68
धमउर,Sadar-2,1400,,3800000,5771,166,ग्रामीण,मराछी चन्दौर/हवेली
नौसढ़,Sadar-2,10500,,17000000,005,167,नगरीय,नौसढ़-06
न्यू ट्रांसपोर्टनगर,Sadar-2,18000,,,0083,168,नगरीय,गो0वि0प्रा0 की कालोनी
नथुआ,Sadar-2,1400,,3800000,5801,169,ग्रामीण,हवेली
नरायनपुर दोयम,Sadar-2,5500,,7200000,5802,170,ग्रामीण,हवेली
नरायनपुर नं0 1,Sadar-2,5500,,7200000,5803,171,ग्रामीण,हवेली
नाकिन जंगल,Sadar-2,1400,,3800000,5805,172,ग्रामीण,हवेली
नाहरपुर,Sadar-2,5500,,7200000,5806,173,ग्रामीण,हवेली
नाहरपुर अतरौलिया,Sadar-2,1400,,3800000,5807,174,ग्रामीण,हवेली
नवापार,Sadar-2,1400,,3800000,5804,175,ग्रामीण,हवेली
नयागांव,Sadar-2,1400,,3800000,5809,176,ग्रामीण,हवेली
पुर्दिलपुर,Sadar-2,28500,,,0041,177,नगरीय,पुर्दिलपुर-32
पहाड़पुर,Sadar-2,32000,,,0057,178,नगरीय,तुर्कमानपुर-50
पड़हा,Sadar-2,21500,,,0015,179,नगरीय,सिविल लाइन द्वितीय-34
पथरा,Sadar-2,8500,,15600000,5843,180,अर्द्धनगरीय,हवेली
पिपरा,Sadar-2,8500,,15600000,5842,181,अर्द्धनगरीय,हवेली
पिपरा बसन्त,Sadar-2,1400,,3800000,5849,182,ग्रामीण,हवेली
परसिया तप्पा-खुटहन,Sadar-2,5500,,7200000,5844,183,ग्रामीण,हवेली
पिपरा चुरामन,Sadar-2,1400,,3800000,5851,184,ग्रामीण,हवेली
परसौना,Sadar-2,1400,,3800000,5845,185,ग्रामीण,हवेली
पिपरी,Sadar-2,1400,,3800000,5852,186,ग्रामीण,हवेली
परसिया,Sadar-2,1400,,3800000,5858,187,ग्रामीण,हवेली
पचवारा खास,Sadar-2,1400,,3800000,5841,188,ग्रामीण,हवेली
प्रतापपुर,Sadar-2,1400,,3800000,5846,189,ग्रामीण,हवेली
प्रेमपुर,Sadar-2,1400,,3800000,5847,190,ग्रामीण,हवेली
पिपरा बनवारी,Sadar-2,1400,,3800000,5848,191,ग्रामीण,हवेली
पटटन उर्फ पलिया,Sadar-2,1400,,3800000,5856,192,ग्रामीण,हवेली
पोतहरा,Sadar-2,1400,,3800000,5857,193,ग्रामीण,हवेली
परमेश्वरपुर,Sadar-2,5000,,4600000,5854,194,ग्रामीण,हवेली
फुलवरिया तप्पा-खुटहन,Sadar-2,5000,,4600000,5881,195,ग्रामीण,हवेली
फुलवरिया तप्पा-पचवारा,Sadar-2,1400,,3800000,5883,196,ग्रामीण,हवेली
बिलन्दपुर,Sadar-2,22000,,,0014,197,नगरीय,दाउदपुर-23
बेतियाहाता,Sadar-2,26000,,,0044,198,नगरीय,बेतियाहाता-33
बेतियाहाता आवास विकास कालोनी,Sadar-2,24000,,,0094,199,नगरीय,
बक्शीपुर,Sadar-2,23000,,,0057,200,नगरीय,पुर्दिलपुर-32
बनकटीचक,Sadar-2,22000,,,0044,201,नगरीय,काजीपुर खुर्द-54
बुद्धबिहार आवासीय योजना पार्ट-ए,Sadar-2,18000,,,0305,202,नगरीय,गो0वि0प्रा0 की कालोनी
बुद्धबिहार आवासीय योजना पार्ट-बी,Sadar-2,18000,,,0303,203,नगरीय,
बुद्धबिहार आवासीय योजना पार्ट-सी,Sadar-2,18000,,,0304,204,नगरीय,गो0वि0प्रा0 की कालोनी
बुद्धबिहार व्यवसायिक कालोनियां,Sadar-2,18000,,,0299,205,नगरीय,
बहुउद्देशीय व्यवसायिक काम्पलेक्स,Sadar-2,30000,,,0306,206,नगरीय,
विवेक पुरम आवासीय योजना,Sadar-2,18000,,,0301,207,नगरीय,
बुद्ध बिहार आवासीय योजना (यशोधरा खण्ड),Sadar-2,18000,,,0406,208,नगरीय,
विवेक पुरम आवासीय विस्तार योजना,Sadar-2,18000,,,0408,209,नगरीय,
वैशाली आवासीय योजना,Sadar-2,18000,,,0201,210,नगरीय,गो0वि0प्रा0 की कालोनी
बुद्धा मिनी मार्ट,Sadar-2,18000,,,0207,211,नगरीय,गो0वि0प्रा0 की कालोनी
वसुन्धरा इन्क्लेव योजना,Sadar-2,18000,,,0204,212,नगरीय,गो0वि0प्रा0 की कालोनी
वसुन्धरा इन्क्लेव योजना फेज-2,Sadar-2,18000,,,0208,213,नगरीय,गो0वि0प्रा0 की कालोनी
बागरानी,Sadar-2,8500,,15600000,5926,214,अर्द्धनगरीय,हवेली
बसन्तपुर,Sadar-2,1400,,3800000,5921,215,ग्रामीण,हवेली
बसडीला रौसड़,Sadar-2,1400,,3800000,5920,216,ग्रामीण,हवेली
बेला त0 केवटली,Sadar-2,5000,,4600000,5924,217,ग्रामीण,हवेली
बरसैनी,Sadar-2,1400,,3800000,5934,218,ग्रामीण,हवेली
बांसडीह,Sadar-2,1400,,3800000,5935,219,ग्रामीण,हवेली
बरईपुर,Sadar-2,1400,,3800000,5937,220,ग्रामीण,हवेली
बजहा,Sadar-2,1400,,3800000,5911,221,ग्रामीण,हवेली
बनकटी उर्फ इटहिया,Sadar-2,1400,,3800000,5912,222,ग्रामीण,हवेली
बरौली,Sadar-2,1400,,3800000,5913,223,ग्रामीण,हवेली
बिसमिल्लहवां,Sadar-2,1400,,3800000,5929,224,ग्रामीण,हवेली
बनगाई,Sadar-2,7000,,7200000,5915,225,ग्रामीण,हवेली
बेलवरायपुर,Sadar-2,1400,,3800000,5936,226,ग्रामीण,हवेली
बखरैती,Sadar-2,5000,,4600000,5950,227,ग्रामीण,हवेली
बूढाडीह,Sadar-2,5000,,4600000,5919,228,ग्रामीण,हवेली
बेला त0 गौरा,Sadar-2,1400,,3800000,5907,229,ग्रामीण,हवेली
बरियारपुर,Sadar-2,1400,,3800000,5909,230,ग्रामीण,हवेली
बरईपार,Sadar-2,1400,,3800000,5916,231,ग्रामीण,हवेली
बेलपार उर्फ गुरूनगर,Sadar-2,1400,,3800000,5923,232,ग्रामीण,हवेली
बौरडीह,Sadar-2,1400,,3800000,5928,233,ग्रामीण,हवेली
बिजौली चक,Sadar-2,1400,,3800000,5938,234,ग्रामीण,हवेली
बुढ़ियाबारी,Sadar-2,1400,,3800000,5918,235,ग्रामीण,हवेली
बडहरा नं0 1,Sadar-2,1400,,3800000,5906,236,ग्रामीण,हवेली
बडहरा नं0 2,Sadar-2,1400,,3800000,5948,237,ग्रामीण,हवेली
बघाडी,Sadar-2,1400,,3800000,5949,238,ग्रामीण,हवेली
बनटिकुला,Sadar-2,1400,,3800000,5910,239,ग्रामीण,हवेली
बलुआ,Sadar-2,1400,,3800000,5917,240,ग्रामीण,हवेली
बेलघाट,Sadar-2,1400,,3800000,5922,241,ग्रामीण,हवेली
बढनी,Sadar-2,1400,,3800000,5914,242,ग्रामीण,हवेली
बैजनाथपुर,Sadar-2,1400,,3800000,5925,243,ग्रामीण,हवेली
बालापार,Sadar-2,5500,,7200000,5927,244,ग्रामीण,हवेली
बन्जरहा,Sadar-2,1400,,3800000,5932,245,ग्रामीण,हवेली
बिस्टौली,Sadar-2,1400,,3800000,5933,246,ग्रामीण,हवेली
विशुनपुर,Sadar-2,1400,,3800000,5930,247,ग्रामीण,हवेली
विशुनपुर खुर्द,Sadar-2,1400,,3800000,5931,248,ग्रामीण,हवेली
भरवलिया खुर्द,Sadar-2,10500,,17000000,0315,249,नगरीय,रूस्तमपुर-40
भरवलिया बुजुर्ग,Sadar-2,10500,,17000000,0316,250,नगरीय,
भरपुरवा,Sadar-2,2500,,3800000,5951,251,ग्रामीण,हवेली
भैरवा,Sadar-2,1400,,3800000,5952,252,ग्रामीण,हवेली
भण्डारो,Sadar-2,1400,,3800000,5958,253,ग्रामीण,हवेली
भव,Sadar-2,1400,,3800000,5960,254,ग्रामीण,हवेली
भिटनी,Sadar-2,1400,,3800000,5954,255,ग्रामीण,हवेली
भैरहा,Sadar-2,1400,,3800000,5953,256,ग्रामीण,हवेली
भौरामल,Sadar-2,1400,,3800000,5959,257,ग्रामीण,हवेली
भगवानपुर,Sadar-2,1400,,3800000,5956,258,ग्रामीण,हवेली
भिलोरही,Sadar-2,1400,,3800000,5955,259,ग्रामीण,हवेली
मियाँ बाजार - बैंक रोड से पूरब गोलघर की तरफ,Sadar-2,30000,,,0023,260,नगरीय,मियाँ बाजार-61
मियाँ बाजार - बैंक रोड से पश्चिम कोतवाली की तरफ,Sadar-2,26500,,,0023,260,नगरीय,मियाँ बाजार-61
मेवातीपुर उर्फ चैनपुर,Sadar-2,22000,,,0024,261,नगरीय,अलहदादपुर-58
महादेव झारखण्डी टु0 नं0-1,Sadar-2,10500,,17000000,0001,262,नगरीय,महा0झा0 टु0 नं0-1-01
महादेव झारखण्डी आवास विकास कालोनी,Sadar-2,15000,,,0003,263,नगरीय,
महादेव झारखण्डी टु0 नं0-2,Sadar-2,10500,,17000000,0095,264,नगरीय,महा0झा0 टु0 नं0-2-08
महादेव झारखण्डी टु0 नं0-3,Sadar-2,10500,,17000000,0060,265,नगरीय,महा0झा0 टु0 नं0-2-08
मिर्जापुर उर्फ बेतियाहाता,Sadar-2,24000,,,0048,266,नगरीय,बेतियाहाता-33
मुफ्तीपुर,Sadar-2,23000,,,029,267,नगरीय,मुफ्तीपुर-68
महुईसुधरपुर,Sadar-2,10500,,17000000,0010,268,नगरीय,महुईसुधरपुर-69
मिर्जापुर,Sadar-2,10500,,17000000,0035,269,नगरीय,महुईसुधरपुर-69
महेवा,Sadar-2,10500,,17000000,0011,270,नगरीय,महेवा-30
महेवा एहतमाली,Sadar-2,10500,,17000000,0181,271,नगरीय,महेवा-30
महेवा मुस्तकिल,Sadar-2,10500,,17000000,0180,272,नगरीय,महेवा-30
मोहददीपुर,Sadar-2,22500,,,042,273,नगरीय,मोहददीपुर-52
मोहम्मदचक,Sadar-2,10500,,17000000,0125,274,अर्द्धनगरीय,रूस्तमपुर-40
मनहट,Sadar-2,8500,,15600000,5994,275,अर्द्धनगरीय,हवेली
मिर्जापुर,Sadar-2,8500,,15600000,5984,276,अर्द्धनगरीय,हवेली
मुडिला उर्फ मुण्डेरा,Sadar-2,8500,,15600000,6005,277,अर्द्धनगरीय,हवेली
महुअवा खुर्द,Sadar-2,2500,,3800000,5989,278,ग्रामीण,हवेली
माधोपुर,Sadar-2,1400,,3800000,5990,279,ग्रामीण,हवेली
मटिहनिया जनूबी,Sadar-2,2500,,3800000,5995,280,ग्रामीण,हवेली
मटिहनिया सुमाली,Sadar-2,2500,,3800000,5996,281,ग्रामीण,हवेली
मोहनपुर,Sadar-2,1400,,3800000,6003,282,ग्रामीण,हवेली
मिर्जापुर,Sadar-2,1400,,3800000,5983,283,ग्रामीण,हवेली
मुगलान सिरसिया,Sadar-2,1400,,3800000,5997,284,ग्रामीण,हवेली
मोहब्बत बरवा,Sadar-2,1400,,3800000,6008,285,ग्रामीण,हवेली
मोहीउद्दीनपुर,Sadar-2,1400,,3800000,6009,286,ग्रामीण,हवेली
मीरपुर,Sadar-2,1400,,3800000,5985,287,ग्रामीण,हवेली
मंझरिया,Sadar-2,1400,,3800000,5986,288,ग्रामीण,हवेली
मदरहां,Sadar-2,1400,,3800000,6000,289,ग्रामीण,हवेली
मडकरिया,Sadar-2,1400,,3800000,5993,290,ग्रामीण,हवेली
मैनाभागर,Sadar-2,1400,,3800000,5999,291,ग्रामीण,हवेली
मंझरिया बिस्टौल,Sadar-2,1400,,3800000,6001,292,ग्रामीण,हवेली
मोहनपुर,Sadar-2,1400,,3800000,5004,293,ग्रामीण,हवेली
मोहम्मदुपर माफी,Sadar-2,1400,,3800000,6007,294,ग्रामीण,हवेली
मझगांवा,Sadar-2,1400,,3800000,6010,295,ग्रामीण,हवेली
मुहम्मदपुर,Sadar-2,1400,,3800000,5982,296,ग्रामीण,हवेली
मटियारी,Sadar-2,1400,,3800000,6006,297,ग्रामीण,हवेली
मडहा गोकुली,Sadar-2,1400,,3800000,6012,298,ग्रामीण,हवेली
मेहदिया,Sadar-2,1400,,3800000,5998,299,ग्रामीण,हवेली
महराजगंज,Sadar-2,5500,,7200000,5987,300,ग्रामीण,हवेली
मंगलपुर,Sadar-2,5500,,7200000,5988,301,ग्रामीण,हवेली
मानीराम,Sadar-2,6000,,7200000,6002,302,ग्रामीण,हवेली
यशोधरा कुन्ज आवासीय योजना,Sadar-2,18000,,,0202,303,नगरीय,गो0वि0प्रा0 की कालोनी
रसूलपुर,Sadar-2,15000,,17000000,0018,304,नगरीय,दाउदपुर-23
रामपुर रामगढ़,Sadar-2,10500,,17000000,0002,305,नगरीय,महा0झा0 टु0 नं0-1-01
रेती,Sadar-2,25000,,,0030,306,नगरीय,मुफ्तीपुर-68
रूस्तमपुर हाईवे के उत्तर,Sadar-2,23500,,,0017,307,नगरीय,बेतियाहाता-33
रूस्तमपुर हाईवे के दक्षिण,Sadar-2,11000,,,0038,308,नगरीय,रूस्तमपुर-40
रायगंज दक्षिणी,Sadar-2,22500,,,0009,309,नगरीय,रायगंज-39
रायगंज उत्तरी,Sadar-2,22500,,,0043,310,नगरीय,
रेलवे डेयरी कालोनी,Sadar-2,10500,,,0085,311,नगरीय,रेलवे कालोनी बिछिया-26
रेलवे बिछिया कालोनी,Sadar-2,10500,,,0085,312,नगरीय,
रेलवे स्टेशन सौन्दर्यकरण योजना,Sadar-2,30000,,,0093,313,नगरीय,गो0वि0प्रा0 की कालोनी
रामपुर,Sadar-2,8500,,15600000,6066,314,अर्द्धनगरीय,हवेली
रानीडीहा,Sadar-2,8500,,15600000,6062,315,अर्द्धनगरीय,हवेली
रसूलपुर,Sadar-2,1400,,3800000,6082,316,ग्रामीण,हवेली
राउतपार,Sadar-2,1400,,3800000,6065,317,ग्रामीण,हवेली
रामपुर खुर्द तप्पा-केवटली,Sadar-2,1400,,3800000,6068,318,ग्रामीण,हवेली
रामपुर मलौली,Sadar-2,5000,,4600000,6080,319,ग्रामीण,हवेली
रामूडीहा,Sadar-2,1400,,3800000,6074,320,ग्रामीण,हवेली
रसूलपुर झुंगिया,Sadar-2,1400,,3800000,6064,321,ग्रामीण,हवेली
रामपुर बुजुर्ग,Sadar-2,5000,,4600000,6083,322,ग्रामीण,हवेली
रामपुर खुर्द,Sadar-2,5000,,4600000,6081,323,ग्रामीण,हवेली
रसूलपुर तप्पा खुटहन,Sadar-2,5500,,7200000,6079,324,ग्रामीण,हवेली
रामपुर,Sadar-2,1400,,3800000,6072,325,ग्रामीण,हवेली
राजपुर दूबी,Sadar-2,1400,,3800000,6075,326,ग्रामीण,हवेली
रोहुआ,Sadar-2,1400,,3800000,6076,327,ग्रामीण,हवेली
रमवापुर,Sadar-2,1400,,3800000,6061,328,ग्रामीण,हवेली
रामपुर गोपालपुर,Sadar-2,1400,,3800000,6070,329,ग्रामीण,हवेली
रघुनाथपुर,Sadar-2,1400,,3800000,6077,330,ग्रामीण,हवेली
रहमतनगर,Sadar-2,5000,,4600000,6078,331,ग्रामीण,हवेली
रिठना,Sadar-2,1400,,3800000,6079,332,ग्रामीण,हवेली
लेक ब्यू आवासीय योजना,Sadar-2,18000,,,0090,333,नगरीय,गो0वि0प्रा0 की कालोनी
लेक ब्यू विस्तार योजना,Sadar-2,18000,,,0091,334,नगरीय,गो0वि0प्रा0 की कालोनी
लोहिया इन्क्लेव योजना,Sadar-2,18000,,,0205,335,नगरीय,गो0वि0प्रा0 की कालोनी
लुहसी,Sadar-2,2500,,3800000,6101,336,ग्रामीण,हवेली
लंगड़ी गुलरिया,Sadar-2,5500,,7200000,6102,337,ग्रामीण,हवेली
लक्ष्मीपुर,Sadar-2,1400,,3800000,6103,338,ग्रामीण,हवेली
शाहमारूफ,Sadar-2,30500,,,0058,339,नगरीय,मुफ्तीपुर-68
शेषपुर,Sadar-2,22500,,,0031,340,नगरीय,शेषपुर-70
सैनिक सहकारी आवास समिति,Sadar-2,10500,,,0071,341,नगरीय,महा0झा0टु0नं0-2-08
सिद्धार्थ इन्क्लेव फेज-2 आवासीय योजन,Sadar-2,18000,,,0087,342,नगरीय,गो0वि0प्रा0 की कालोनी
सिद्धार्थपुरम आवासीय योजना,Sadar-2,18000,,,0088,343,नगरीय,
सिद्धार्थपुरम आवासीय विस्तार योजना,Sadar-2,18000,,,0089,344,नगरीय,
सिद्धार्थपुरम इन्क्लेव विस्तार,Sadar-2,18000,,,0086,345,नगरीय,
सिकटौर तप्पा-हवेली,Sadar-2,8500,,15600000,6203,346,अर्द्धनगरीय,हवेली
सिकटौर तप्पा-मराछी चन्दौर,Sadar-2,8500,,15600000,6202,347,अर्द्धनगरीय,हवेली
सेमरा देवी प्रसाद,Sadar-2,8000,,15600000,6204,348,अर्द्धनगरीय,हवेली
सेमरा देवी प्रसाद उर्फ कठउर,Sadar-2,8000,,15600000,6227,349,अर्द्धनगरीय,हवेली
सेमरा अयोध्या प्रसाद,Sadar-2,6000,,7200000,6215,350,ग्रामीण,हवेली
सिहोरिया,Sadar-2,1400,,3800000,6209,351,ग्रामीण,हवेली
सिरसिया गदाई उर्फ बरगदही,Sadar-2,5500,,7200000,6208,352,ग्रामीण,हवेली
सराय गुलरिया,Sadar-2,7000,,7200000,6210,353,ग्रामीण,हवेली
सलेमपुर,Sadar-2,1400,,3800000,6211,354,ग्रामीण,हवेली
सुग्गाटारी उर्फ मुस्तकिल,Sadar-2,1400,,3800000,6212,355,ग्रामीण,हवेली
सालेपुर औरंगाबाद,Sadar-2,1400,,3800000,6217,356,ग्रामीण,हवेली
सिहोरवा,Sadar-2,5000,,4600000,6218,357,ग्रामीण,हवेली
सोनराइच,Sadar-2,1400,,3800000,6228,358,ग्रामीण,हवेली
सुगन्धगढ़,Sadar-2,1400,,3800000,6226,359,ग्रामीण,हवेली
सोनबरसा त0म0च0,Sadar-2,5000,,3800000,6230,360,ग्रामीण,हवेली
सेमरा,Sadar-2,1400,,3800000,6213,361,ग्रामीण,हवेली
सुरसर देउरी,Sadar-2,1400,,3800000,6223,362,ग्रामीण,हवेली
सिहोरवा,Sadar-2,1400,,3800000,6219,363,ग्रामीण,हवेली
संझाई,Sadar-2,1400,,3800000,6222,364,ग्रामीण,हवेली
सेमरडाडी,Sadar-2,1400,,3800000,6229,365,ग्रामीण,हवेली
सांखी उर्फ मेहदिया,Sadar-2,1400,,3800000,6216,366,ग्रामीण,हवेली
सिगहां,Sadar-2,1400,,3800000,6225,367,ग्रामीण,हवेली
सोनबरसा,Sadar-2,1400,,4600000,6206,368,ग्रामीण,हवेली
सियारामपुर,Sadar-2,1400,,3800000,6221,369,ग्रामीण,हवेली
श्यामदेउरवा उर्फ लाल करौना,Sadar-2,1400,,3800000,6201,370,ग्रामीण,हवेली
शेरपुर चमराह,Sadar-2,1400,,3800000,6220,371,ग्रामीण,हवेली
शिवरिया,Sadar-2,1400,,3800000,6207,372,ग्रामीण,हवेली
शिवहरिया,Sadar-2,1400,,3800000,6224,373,ग्रामीण,हवेली
सेमरा मानिक चौक,Sadar-2,1400,,3800000,6214,374,ग्रामीण,हवेली
सहारा स्टेट,Sadar-2,15000,,,0074,375,नगरीय,
हँसूपुर मुस्तकिल,Sadar-2,12000,,17000000,0038,376,नगरीय,हँसूपुर-45
हँसूपुर एहतमाली,Sadar-2,12000,,,039,377,नगरीय,हँसूपुर-45
हरसेवकपुर नं0-2,Sadar-2,8500,,15600000,6307,378,अर्द्धनगरीय,हवेली
हरिहरपुर,Sadar-2,1400,,3800000,6308,379,ग्रामीण,हवेली
हाफिजनगर,Sadar-2,1400,,3800000,6304,380,ग्रामीण,हवेली
हेमछापर,Sadar-2,1400,,3800000,6301,381,ग्रामीण,हवेली
हरपुर,Sadar-2,1400,,3800000,6303,382,ग्रामीण,हवेली
हेमधापुर,Sadar-2,1400,,3800000,6305,383,ग्रामीण,हवेली
जं0 डुमरी नं0-2,Sadar-2,,,,5482,123,ग्रामीण,
मियाँ बाजार / बैंक रोड से पश्चिम कोतवाली की तरफ,Sadar-2,,,,0023,260,नगरीय,
हाँसूपुर एहतमाली,Sadar-2,,,,0038,377,नगरीय,
जं0 डुमरी नं0-2,Sadar-2,,,7200000,5482,123,श्रेणी अ,
बैंक रोड से पूरब गोलघर की तर,Sadar-2,,,,,,नगरीय,
बैंक रोड से पश्चिम कोतवाली की,Sadar-2,,,,,,नगरीय,
हॅंसूपुर एहतमाली नदी के तरफ,Sadar-2,,,17000000,0038,377,नगरीय,
अकुआपार,Sahjanwa,2200,13200,3100000,1001,1,ग्रामीण क्षेत्र,हसनपुर मगहर
अमौली,Sahjanwa,1500,13200,3100000,1002,2,ग्रामीण क्षेत्र,हसनपुर मगहर
अमसार,Sahjanwa,1500,13200,3100000,1002,3,ग्रामीण क्षेत्र,हसनपुर मगहर
अडिलापार,Sahjanwa,1500,13200,3100000,1004,4,ग्रामीण क्षेत्र,हसनपुर मगहर
अचियापार,Sahjanwa,1500,13200,3100000,1005,5,ग्रामीण क्षेत्र,हसनपुर मगहर
ओड़वलिया,Sahjanwa,2400,13200,3800000,1006,6,ग्रामीण क्षेत्र,हसनपुर मगहर
ओदार,Sahjanwa,1500,13200,3100000,1007,7,ग्रामीण क्षेत्र,हसनपुर मगहर
अन्नतपुर,Sahjanwa,2400,13200,3800000,1008,8,ग्रामीण क्षेत्र,हसनपुर मगहर
अमटौरा,Sahjanwa,2200,13200,3800000,1009,9,ग्रामीण क्षेत्र,भौवापार
अलगटपुर,Sahjanwa,1500,13200,3100000,1010,10,ग्रामीण क्षेत्र,हसनपुर मगहर
इमिलडीहा,Sahjanwa,1500,13200,3100000,1011,11,ग्रामीण क्षेत्र,हसनपुर मगहर
इटार,Sahjanwa,1500,13200,3100000,1012,12,ग्रामीण क्षेत्र,हसनपुर मगहर
इटौवा,Sahjanwa,1500,13200,3100000,1013,13,ग्रामीण क्षेत्र,हसनपुर मगहर
इटवा,Sahjanwa,1500,13200,3100000,1014,14,ग्रामीण क्षेत्र,हसनपुर मगहर
उसका,Sahjanwa,1500,13200,3100000,1015,15,ग्रामीण क्षेत्र,हसनपुर मगहर
उसरी,Sahjanwa,2200,13200,3800000,1016,16,ग्रामीण क्षेत्र,हसनपुर मगहर
उज्जीखोर,Sahjanwa,1500,13200,3100000,1017,17,ग्रामीण क्षेत्र,हसनपुर मगहर
एकडंगा,Sahjanwa,4100,19800,4600000,1018,18,ग्रामीण क्षेत्र,भौवापार
ककुआपार,Sahjanwa,1500,13200,3100000,1019,19,ग्रामीण क्षेत्र,हसनपुर मगहर
ककना,Sahjanwa,3400,13200,4600000,1020,20,ग्रामीण क्षेत्र,भौवापार
कविसा,Sahjanwa,1500,13200,3100000,1021,21,ग्रामीण क्षेत्र,हसनपुर मगहर
करमुआ,Sahjanwa,1500,13200,3100000,1022,22,ग्रामीण क्षेत्र,हसनपुर मगहर
कररिया,Sahjanwa,1500,13200,3100000,1023,23,ग्रामीण क्षेत्र,हसनपुर मगहर
कोठा,Sahjanwa,1500,13200,3100000,1024,24,ग्रामीण क्षेत्र,हसनपुर मगहर
कोठामाफी,Sahjanwa,1500,13200,3100000,1025,25,ग्रामीण क्षेत्र,हसनपुर मगहर
कोमा,Sahjanwa,1500,13200,3100000,1026,26,ग्रामीण क्षेत्र,हसनपुर मगहर
कोटिया,Sahjanwa,1500,13200,3100000,1027,27,ग्रामीण क्षेत्र,हसनपुर मगहर
केशवाखोर,Sahjanwa,2200,13200,3800000,1028,28,ग्रामीण क्षेत्र,हसनपुर मगहर
कोलियां,Sahjanwa,4100,19800,4600000,1029,29,ग्रामीण क्षेत्र,भौवापार
कोहारभार,Sahjanwa,1500,13200,3100000,1030,30,ग्रामीण क्षेत्र,हसनपुर मगहर
कोड़री,Sahjanwa,2200,13200,4600000,1031,31,ग्रामीण क्षेत्र,हसनपुर मगहर
कोड़रा,Sahjanwa,1500,13200,3100000,1032,32,ग्रामीण क्षेत्र,हसनपुर मगहर
कोडरी खुर्द,Sahjanwa,1500,13200,3100000,1033,33,ग्रामीण क्षेत्र,हसनपुर मगहर
कोडरीकला,Sahjanwa,1500,13200,3100000,1034,34,ग्रामीण क्षेत्र,हसनपुर मगहर
कोदरी,Sahjanwa,2200,13200,3100000,1035,35,ग्रामीण क्षेत्र,हसनपुर मगहर
कोनी,Sahjanwa,2200,13200,3800000,1036,36,ग्रामीण क्षेत्र,हसनपुर मगहर
कोल्हुई रेट,Sahjanwa,1500,13200,3100000,1037,37,ग्रामीण क्षेत्र,भौवापार
कोल्हुई,Sahjanwa,1500,13200,3100000,1038,38,ग्रामीण क्षेत्र,हसनपुर मगहर
कॉट,Sahjanwa,1500,13200,3100000,1039,39,ग्रामीण क्षेत्र,हसनपुर मगहर
कालेसर मु0,Sahjanwa,4100,27500,4600000,1040,40,ग्रामीण क्षेत्र,हसनपुर मगहर
कसरौल,Sahjanwa,2400,13200,4600000,1041,41,ग्रामीण क्षेत्र,हसनपुर मगहर
कुसमौल,Sahjanwa,3400,,,1042,42,ग्रामीण क्षेत्र,हसनपुर मगहर
कुरसा,Sahjanwa,1500,,,1043,43,ग्रामीण क्षेत्र,हसनपुर मगहर
कुसम्ही,Sahjanwa,2200,13200,3100000,1044,44,ग्रामीण क्षेत्र,हसनपुर मगहर
कुसम्हा खुर्द,Sahjanwa,1500,13200,3100000,1045,45,ग्रामीण क्षेत्र,हसनपुर मगहर
कुसम्हाकला,Sahjanwa,1500,13200,3100000,1046,46,ग्रामीण क्षेत्र,हसनपुर मगहर
कुरमौल,Sahjanwa,4100,13200,3100000,1047,47,ग्रामीण क्षेत्र,हसनपुर मगहर
कुचडेहरी,Sahjanwa,1500,13200,3100000,1048,48,ग्रामीण क्षेत्र,हसनपुर मगहर
कुआवल कला,Sahjanwa,2200,13200,3800000,1049,49,ग्रामीण क्षेत्र,हसनपुर मगहर
कुआवलखुर्द,Sahjanwa,2200,13200,3800000,1050,50,ग्रामीण क्षेत्र,हसनपुर मगहर
केशोकुरहा,Sahjanwa,1700,13200,3100000,1051,51,ग्रामीण क्षेत्र,हसनपुर मगहर
केशोपुर,Sahjanwa,5400,27500,4600000,0025,52,अर्धनगरीय,वार्ड न0-7
केशोपुर,Sahjanwa,5400,27500,4600000,0026,53,अर्धनगरीय,वार्ड न0-8
केशोपुर,Sahjanwa,5400,27500,4600000,0027,54,अर्धनगरीय,वार्ड न0-9
केशोपुर,Sahjanwa,5400,27500,4600000,0028,55,अर्धनगरीय,वार्ड न0-5
केवटहल,Sahjanwa,1500,13200,3100000,1052,56,ग्रामीण क्षेत्र,हसनपुर मगहर
कैली,Sahjanwa,1500,13200,3100000,1053,57,ग्रामीण क्षेत्र,हसनपुर मगहर
कन्दराई,Sahjanwa,2200,13200,3800000,1054,58,ग्रामीण क्षेत्र,भौवापार
कटया,Sahjanwa,1500,13200,3100000,1055,59,ग्रामीण क्षेत्र,हसनपुर मगहर
कटका,Sahjanwa,1500,13200,3100000,1056,60,ग्रामीण क्षेत्र,हसनपुर मगहर
कटाईटिकर,Sahjanwa,2200,13200,3800000,1057,61,ग्रामीण क्षेत्र,हसनपुर मगहर
कटसहरा,Sahjanwa,2400,13200,3800000,1058,62,ग्रामीण क्षेत्र,हसनपुर मगहर
कूवावार,Sahjanwa,1500,13200,3100000,1059,63,ग्रामीण क्षेत्र,हसनपुर मगहर
खीरीडॉड,Sahjanwa,1500,13200,3100000,1060,64,ग्रामीण क्षेत्र,हसनपुर मगहर
खरैला,Sahjanwa,2200,13200,3800000,1061,65,ग्रामीण क्षेत्र,भौवापार
खाड़पोतहरा,Sahjanwa,1500,13200,3100000,1062,66,ग्रामीण क्षेत्र,हसनपुर मगहर
खोरठा,Sahjanwa,2200,13200,3800000,1063,67,ग्रामीण क्षेत्र,भौवापार
खॉनीपुर,Sahjanwa,3400,13200,4600000,1064,68,ग्रामीण क्षेत्र,भौवापार
खेरिया उर्फ भीटी,Sahjanwa,1500,13200,3100000,1065,69,ग्रामीण क्षेत्र,हसनपुर मगहर
खजुरही उर्फ जोगिया,Sahjanwa,2200,13200,4600000,1066,70,ग्रामीण क्षेत्र,हसनपुर मगहर
गीडा-सेक्टर संख्या-5,Sahjanwa,10000,27500,,0001,71,नगरीय क्षेत्र,भौवापार
गीडा-सेक्टर संख्या-13,Sahjanwa,10000,27500,,0002,72,नगरीय क्षेत्र,भौवापार
गीडा-सेक्टर संख्या-15,Sahjanwa,10000,27500,,0003,73,नगरीय क्षेत्र,हसनपुर
गीडा-सेक्टर संख्या-17,Sahjanwa,10000,27500,,0004,74,नगरीय क्षेत्र,हसनपुर
गीडा-सेक्टर संख्या-22,Sahjanwa,10000,27500,,0005,75,नगरीय क्षेत्र,हसनपुर
गीडा-सेक्टर संख्या-23,Sahjanwa,10000,27500,,0006,76,नगरीय क्षेत्र,हसनपुर
गोविन्दपुर,Sahjanwa,1500,13200,3100000,1067,77,ग्रामीण क्षेत्र,हसनपुर मगहर
गोविन्दपुर उ0 ह0,Sahjanwa,2200,13200,3100000,1068,78,ग्रामीण क्षेत्र,हसनपुर मगहर
गोपालपुर,Sahjanwa,2200,13200,3800000,1069,79,ग्रामीण क्षेत्र,हसनपुर मगहर
गोहटा,Sahjanwa,2200,13200,3800000,1070,80,ग्रामीण क्षेत्र,हसनपुर मगहर
गाहासांड,Sahjanwa,4100,27500,4600000,0029,81,अर्धनगरीय,वार्ड न0-3
गाहासांड,Sahjanwa,4100,27500,4600000,0030,82,अर्धनगरीय,वार्ड न0-4
गाहासांड,Sahjanwa,4100,27500,4600000,0031,83,अर्धनगरीय,वार्ड न0-5
गोरैडीह,Sahjanwa,1500,13200,3100000,1071,84,ग्रामीण क्षेत्र,हसनपुर मगहर
गुलालचक,Sahjanwa,1500,13200,3100000,1072,85,ग्रामीण क्षेत्र,हसनपुर मगहर
गुलउर,Sahjanwa,1500,13200,3100000,1073,86,ग्रामीण क्षेत्र,हसनपुर मगहर
गनौरी,Sahjanwa,1500,13200,3100000,1074,87,ग्रामीण क्षेत्र,हसनपुर मगहर
गनौरा,Sahjanwa,1500,13200,3100000,1075,88,ग्रामीण क्षेत्र,हसनपुर मगहर
गायघाट,Sahjanwa,1500,13200,3100000,1076,89,ग्रामीण क्षेत्र,हसनपुर मगहर
गहिरा,Sahjanwa,1500,13200,3100000,1077,90,ग्रामीण क्षेत्र,हसनपुर मगहर
गाडर,Sahjanwa,1500,13200,3100000,1078,91,ग्रामीण क्षेत्र,हसनपुर मगहर
घघसरा,Sahjanwa,4100,19800,4600000,1079,92,ग्रामीण क्षेत्र,हसनपुर मगहर
चकबैदपुरवां,Sahjanwa,1500,13200,3100000,1080,93,ग्रामीण क्षेत्र,हसनपुर मगहर
चकभोप,Sahjanwa,2400,13200,4600000,1081,94,ग्रामीण क्षेत्र,भौवापार
चकदाउद,Sahjanwa,2400,13200,3100000,1082,95,ग्रामीण क्षेत्र,हसनपुर मगहर
चिगौना,Sahjanwa,2200,13200,3800000,1083,96,ग्रामीण क्षेत्र,हसनपुर मगहर
चकचोहरा,Sahjanwa,2200,13200,3800000,1084,97,ग्रामीण क्षेत्र,हसनपुर मगहर
चकफत्ता,Sahjanwa,1500,13200,3100000,1085,98,ग्रामीण क्षेत्र,हसनपुर मगहर
चनियरा,Sahjanwa,1500,13200,3100000,1086,99,ग्रामीण क्षेत्र,हसनपुर मगहर
चपरहट,Sahjanwa,1500,13200,3100000,1087,100,ग्रामीण क्षेत्र,हसनपुर मगहर
चांदपार,Sahjanwa,2200,13200,3800000,1088,101,ग्रामीण क्षेत्र,हसनपुर मगहर
चांदवारी,Sahjanwa,2400,13200,3800000,1089,102,ग्रामीण क्षेत्र,हसनपुर मगहर
चौरी,Sahjanwa,1700,13200,3100000,1090,103,ग्रामीण क्षेत्र,हसनपुर मगहर
चड़राव,Sahjanwa,2200,13200,3800000,1091,104,ग्रामीण क्षेत्र,हसनपुर मगहर
चुरिहरा,Sahjanwa,1500,13200,3100000,1092,105,ग्रामीण क्षेत्र,हसनपुर मगहर
चेचुआपार,Sahjanwa,1500,13200,3100000,1093,106,ग्रामीण क्षेत्र,हसनपुर मगहर
चन्दहा,Sahjanwa,1500,13200,3100000,1094,107,ग्रामीण क्षेत्र,हसनपुर मगहर
छजनियां,Sahjanwa,1500,13200,3100000,1095,108,ग्रामीण क्षेत्र,हसनपुर मगहर
जंगल अव्वल,Sahjanwa,2200,13200,3800000,1096,109,ग्रामीण क्षेत्र,हसनपुर मगहर
जंगलदीगर,Sahjanwa,1500,13200,3100000,1097,110,ग्रामीण क्षेत्र,हसनपुर मगहर
जबरैला विषखोहर,Sahjanwa,1700,13200,3100000,1098,111,ग्रामीण क्षेत्र,हसनपुर मगहर
जरलही,Sahjanwa,2200,13200,3800000,1099,112,ग्रामीण क्षेत्र,भौवापार
जोन्हिया,Sahjanwa,1500,13200,3100000,1100,113,ग्रामीण क्षेत्र,हसनपुर मगहर
जोगियाकोल,Sahjanwa,2200,13200,3800000,1101,114,ग्रामीण क्षेत्र,हसनपुर मगहर
जाल्हेपार,Sahjanwa,1500,13200,3100000,1102,115,ग्रामीण क्षेत्र,हसनपुर मगहर
जसुलीपार,Sahjanwa,2400,13200,3800000,1103,116,ग्रामीण क्षेत्र,हसनपुर मगहर
जुडियान,Sahjanwa,4100,19800,4600000,0033,117,अर्धनगरीय,वार्ड न0-12
जैतपुर,Sahjanwa,4100,19800,4600000,1104,118,ग्रामीण क्षेत्र,भौवापार
जूड़ाकोड़री,Sahjanwa,1500,13200,3100000,1105,119,ग्रामीण क्षेत्र,हसनपुर मगहर
जगदीशपुर तप्पा भड़साड़,Sahjanwa,2200,13200,3800000,1106,120,ग्रामीण क्षेत्र,हसनपुर मगहर
जगदीशपुर उर्फ गाही,Sahjanwa,2400,13200,3800000,1107,121,ग्रामीण क्षेत्र,हसनपुर मगहर
जिगिना तप्पा भरसाड,Sahjanwa,4100,19800,4600000,0032,122,अर्धनगरीय,वार्ड न0-1
जिगिना,Sahjanwa,3800,13200,3100000,1109,123,ग्रामीण क्षेत्र,हसनपुर मगहर
झुडिया,Sahjanwa,4100,13200,3100000,1110,124,ग्रामीण क्षेत्र,हसनपुर मगहर
झुगियां,Sahjanwa,4100,19800,4600000,1111,125,ग्रामीण क्षेत्र,हसनपुर मगहर
टिकरिया,Sahjanwa,2200,13200,3100000,1112,126,ग्रामीण क्षेत्र,हसनपुर मगहर
टिकरियाखोर,Sahjanwa,1500,13200,3800000,1113,127,ग्रामीण क्षेत्र,हसनपुर मगहर
टिकरी,Sahjanwa,1500,13200,3100000,1114,128,ग्रामीण क्षेत्र,हसनपुर मगहर
टड़वा खुर्द,Sahjanwa,1500,13200,3100000,1115,129,ग्रामीण क्षेत्र,हसनपुर मगहर
टड़वाकला,Sahjanwa,1500,13200,3100000,1116,130,ग्रामीण क्षेत्र,हसनपुर मगहर
टडवॉमाफी,Sahjanwa,1500,13200,3100000,1117,131,ग्रामीण क्षेत्र,हसनपुर मगहर
टेकुआपाती,Sahjanwa,2200,13200,3800000,1118,132,ग्रामीण क्षेत्र,हसनपुर मगहर
ठर्रापार,Sahjanwa,2400,13200,3800000,1119,133,ग्रामीण क्षेत्र,हसनपुर मगहर
ठाठेयारी,Sahjanwa,1500,13200,3100000,1120,134,ग्रामीण क्षेत्र,हसनपुर मगहर
डोमहरमाफी,Sahjanwa,2400,13200,3800000,1121,135,ग्रामीण क्षेत्र,हसनपुर मगहर
डोमनडॉड,Sahjanwa,1500,13200,3100000,1122,136,ग्रामीण क्षेत्र,हसनपुर मगहर
डोहरिया खुर्द,Sahjanwa,3400,13200,3100000,1123,137,ग्रामीण क्षेत्र,हसनपुर मगहर
डोहरिया कला,Sahjanwa,3400,13200,4600000,1124,138,ग्रामीण क्षेत्र,हसनपुर मगहर
डुमरी,Sahjanwa,1500,13200,4600000,1125,139,ग्रामीण क्षेत्र,हसनपुर मगहर
ढ़ेलहा,Sahjanwa,1500,13200,3100000,1126,140,ग्रामीण क्षेत्र,हसनपुर मगहर
तारडीह,Sahjanwa,1500,13200,3100000,1127,141,ग्रामीण क्षेत्र,हसनपुर मगहर
तालनगरी,Sahjanwa,1500,13200,3100000,1128,142,ग्रामीण क्षेत्र,हसनपुर मगहर
तेलियाडीह,Sahjanwa,1500,13200,3100000,1129,143,ग्रामीण क्षेत्र,हसनपुर मगहर
तेतरिया,Sahjanwa,2200,13200,3100000,1130,144,ग्रामीण क्षेत्र,हसनपुर मगहर
तेनुहारी तप्पा गाहांसाड,Sahjanwa,5400,27500,3100000,0034,145,अर्धनगरीय,वार्ड न0-11
तेनुहारी तप्पा उ0ह0,Sahjanwa,1500,13200,3100000,1131,146,ग्रामीण क्षेत्र,हसनपुर मगहर
तेनुंआ,Sahjanwa,3400,13200,4600000,1132,147,ग्रामीण क्षेत्र,हसनपुर मगहर
तेनुअन,Sahjanwa,1500,13200,3100000,1133,148,ग्रामीण क्षेत्र,हसनपुर मगहर
तिवरान,Sahjanwa,1500,13200,3100000,1134,149,ग्रामीण क्षेत्र,हसनपुर मगहर
तितनपार,Sahjanwa,1500,13200,3100000,1135,150,ग्रामीण क्षेत्र,हसनपुर मगहर
तिनहरा,Sahjanwa,1500,13200,3100000,1136,151,ग्रामीण क्षेत्र,हसनपुर मगहर
तिलौरा,Sahjanwa,2200,13200,4600000,1137,152,ग्रामीण क्षेत्र,हसनपुर मगहर
थरूआपार,Sahjanwa,2200,13200,3800000,1138,153,ग्रामीण क्षेत्र,हसनपुर मगहर
थवईपार,Sahjanwa,1500,13200,3100000,1139,154,ग्रामीण क्षेत्र,हसनपुर मगहर
दखिनवां,Sahjanwa,1500,13200,3100000,1140,155,ग्रामीण क्षेत्र,हसनपुर मगहर
दरिवा,Sahjanwa,2200,13200,3800000,1141,156,ग्रामीण क्षेत्र,हसनपुर मगहर
दरघाट,Sahjanwa,1500,13200,3100000,1142,157,ग्रामीण क्षेत्र,हसनपुर मगहर
दफतरी,Sahjanwa,1500,13200,3100000,1143,158,ग्रामीण क्षेत्र,हसनपुर मगहर
दुल्टही,Sahjanwa,1500,13200,3100000,1144,159,ग्रामीण क्षेत्र,हसनपुर मगहर
देईपार,Sahjanwa,2400,13200,3800000,1145,160,ग्रामीण क्षेत्र,भौवापार
देवरिया,Sahjanwa,2200,13200,3800000,1146,161,ग्रामीण क्षेत्र,हसनपुर मगहर
देवापार डुगडुइया,Sahjanwa,2200,13200,3800000,1147,162,ग्रामीण क्षेत्र,हसनपुर मगहर
धोवही,Sahjanwa,1500,13200,3100000,1148,163,ग्रामीण क्षेत्र,हसनपुर मगहर
धुरियापार,Sahjanwa,1500,13200,3100000,1149,164,ग्रामीण क्षेत्र,हसनपुर मगहर
नीवी,Sahjanwa,1500,13200,3100000,1150,165,ग्रामीण क्षेत्र,हसनपुर मगहर
नरायनपार,Sahjanwa,1500,13200,3100000,1151,166,ग्रामीण क्षेत्र,हसनपुर मगहर
नरौली,Sahjanwa,1500,13200,3100000,1152,167,ग्रामीण क्षेत्र,हसनपुर मगहर
नारंगपट्टी,Sahjanwa,1500,13200,3100000,1153,168,ग्रामीण क्षेत्र,हसनपुर मगहर
नरकटहा,Sahjanwa,1500,13200,3100000,1154,169,ग्रामीण क्षेत्र,भौवापार
नचनी,Sahjanwa,1500,13200,3100000,1155,170,ग्रामीण क्षेत्र,हसनपुर मगहर
नेउसा,Sahjanwa,2200,13200,3800000,1156,171,ग्रामीण क्षेत्र,हसनपुर मगहर
नेवास तप्पा औरंगाबाद,Sahjanwa,2200,13200,3800000,1157,172,ग्रामीण क्षेत्र,हसनपुर मगहर
नेवास तप्पा रेट,Sahjanwa,4100,19800,4600000,1158,173,ग्रामीण क्षेत्र,हसनपुर मगहर
नन्दापार,Sahjanwa,2400,13200,4600000,1159,174,ग्रामीण क्षेत्र,भौवापार
नगवां,Sahjanwa,3400,13200,4600000,1160,175,ग्रामीण क्षेत्र,भौवापार
निवरहर,Sahjanwa,2200,13200,3800000,1161,176,ग्रामीण क्षेत्र,हसनपुर मगहर
पिपरही,Sahjanwa,1500,13200,3100000,1162,177,ग्रामीण क्षेत्र,हसनपुर मगहर
पिपरी,Sahjanwa,1500,13200,3100000,1163,178,ग्रामीण क्षेत्र,हसनपुर मगहर
पिपरा तप्पा सुरस,Sahjanwa,1500,13200,3100000,1164,179,ग्रामीण क्षेत्र,हसनपुर मगहर
पिपरा,Sahjanwa,5400,13200,4600000,0035,180,अर्धनगरीय,वार्ड न0-10
पिपरौली खुर्द,Sahjanwa,4100,19800,4600000,1166,181,ग्रामीण क्षेत्र,भौवापार
पिपरौली बुजुर्ग,Sahjanwa,4100,19800,4600000,1167,182,ग्रामीण क्षेत्र,हसनपुर मगहर
पकड़ी,Sahjanwa,2400,13200,3800000,1168,183,ग्रामीण क्षेत्र,हसनपुर मगहर
पट्टी धरमदास,Sahjanwa,1500,13200,3100000,1169,184,ग्रामीण क्षेत्र,हसनपुर मगहर
पनिका,Sahjanwa,1500,13200,3100000,1170,185,ग्रामीण क्षेत्र,हसनपुर मगहर
परमेश्वरपुर,Sahjanwa,2200,13200,3800000,1171,186,ग्रामीण क्षेत्र,हसनपुर मगहर
परसाडाड,Sahjanwa,2200,13200,3800000,1172,187,ग्रामीण क्षेत्र,भौवापार
पाली,Sahjanwa,2200,13200,3800000,1173,188,ग्रामीण क्षेत्र,हसनपुर मगहर
पुण्डा,Sahjanwa,1500,13200,3100000,1174,189,ग्रामीण क्षेत्र,हसनपुर मगहर
पतेड़,Sahjanwa,1500,13200,3100000,1175,190,ग्रामीण क्षेत्र,हसनपुर मगहर
पटखौली,Sahjanwa,4100,19800,4600000,0036,191,अर्धनगरीय,वार्ड न0-13
पल्हुआपार,Sahjanwa,1500,13200,3100000,1176,192,ग्रामीण क्षेत्र,हसनपुर मगहर
प्रानपुर,Sahjanwa,1500,13200,3100000,1177,193,ग्रामीण क्षेत्र,हसनपुर मगहर
फरसाडॉड,Sahjanwa,1500,13200,3100000,1178,194,ग्रामीण क्षेत्र,हसनपुर मगहर
बघौडा,Sahjanwa,1500,13200,3100000,1179,195,ग्रामीण क्षेत्र,हसनपुर मगहर
बढ़नी,Sahjanwa,1500,13200,3100000,1180,196,ग्रामीण क्षेत्र,हसनपुर मगहर
बंगलाखोर,Sahjanwa,1500,13200,3100000,1181,197,ग्रामीण क्षेत्र,हसनपुर मगहर
बसिया,Sahjanwa,1500,13200,3100000,1182,198,ग्रामीण क्षेत्र,हसनपुर मगहर
बहादुरपुर,Sahjanwa,1500,13200,3100000,1183,199,ग्रामीण क्षेत्र,हसनपुर मगहर
बरईपार,Sahjanwa,2400,13200,3800000,1184,200,ग्रामीण क्षेत्र,हसनपुर मगहर
बरईपार तेतरिया,Sahjanwa,1500,13200,3100000,1185,201,ग्रामीण क्षेत्र,हसनपुर मगहर
बरसिहा,Sahjanwa,1500,13200,3100000,1186,202,ग्रामीण क्षेत्र,हसनपुर मगहर
बरहुंआ,Sahjanwa,4100,19800,4600000,1187,203,ग्रामीण क्षेत्र,भौवापार
बरौली,Sahjanwa,3800,13200,3800000,1188,204,ग्रामीण क्षेत्र,हसनपुर मगहर
बरवार बुजुर्ग,Sahjanwa,4100,19800,4600000,1189,205,ग्रामीण क्षेत्र,भौवापार
बरवलमाफी,Sahjanwa,1500,13200,3800000,1190,206,ग्रामीण क्षेत्र,भौवापार
बिकौरा,Sahjanwa,2200,13200,3800000,1191,207,ग्रामीण क्षेत्र,हसनपुर मगहर
बरडाड़,Sahjanwa,2300,13200,3800000,1192,208,ग्रामीण क्षेत्र,हसनपुर मगहर
बाघनगर गोल्हिया,Sahjanwa,2300,13200,3100000,1193,209,ग्रामीण क्षेत्र,हसनपुर मगहर
बांसपार,Sahjanwa,3400,13200,4600000,1194,210,ग्रामीण क्षेत्र,भौवापार
बांहिलपार,Sahjanwa,2200,13200,3800000,1195,211,ग्रामीण क्षेत्र,हसनपुर मगहर
बोक्टा,Sahjanwa,5400,27500,4600000,0037,212,अर्धनगरीय,वार्ड न0-6
बोगां,Sahjanwa,1500,13200,3100000,1196,213,ग्रामीण क्षेत्र,हसनपुर मगहर
बसन्तपुर,Sahjanwa,1700,13200,3100000,1197,214,ग्रामीण क्षेत्र,हसनपुर मगहर
बड़हाडूडा,Sahjanwa,1500,13200,3100000,1198,215,ग्रामीण क्षेत्र,हसनपुर मगहर
बड़गहन,Sahjanwa,4100,19800,4600000,1199,216,ग्रामीण क्षेत्र,भौवापार
बड़गो,Sahjanwa,1500,13200,3100000,1200,217,ग्रामीण क्षेत्र,हसनपुर मगहर
बवड़रा,Sahjanwa,1500,13200,3100000,1201,218,ग्रामीण क्षेत्र,हसनपुर मगहर
बसुधा,Sahjanwa,2400,13200,4600000,1202,219,ग्रामीण क्षेत्र,भौवापार
बुधना,Sahjanwa,2400,13200,3100000,1203,220,ग्रामीण क्षेत्र,हसनपुर मगहर
बुदहट,Sahjanwa,2400,13200,3800000,1204,221,ग्रामीण क्षेत्र,हसनपुर मगहर
बेलहर,Sahjanwa,2200,13200,3100000,1205,222,ग्रामीण क्षेत्र,हसनपुर मगहर
बेलौरा,Sahjanwa,1500,13200,3800000,1206,223,ग्रामीण क्षेत्र,हसनपुर मगहर
बेलवाडाड़ी,Sahjanwa,1500,13200,3100000,1207,224,ग्रामीण क्षेत्र,हसनपुर मगहर
बन्धुआ उर्फ बौरडीह,Sahjanwa,1500,13200,3100000,1208,225,ग्रामीण क्षेत्र,भौवापार
बनकटिया,Sahjanwa,1500,13200,3100000,1209,226,ग्रामीण क्षेत्र,हसनपुर मगहर
बनकटा,Sahjanwa,1500,13200,3100000,1210,227,ग्रामीण क्षेत्र,हसनपुर मगहर
बन्हैता,Sahjanwa,1500,13200,3100000,1211,228,ग्रामीण क्षेत्र,हसनपुर मगहर
बनोहिया,Sahjanwa,1500,13200,3100000,1213,229,ग्रामीण क्षेत्र,हसनपुर मगहर
बनौली,Sahjanwa,1500,13200,3100000,1214,230,ग्रामीण क्षेत्र,हसनपुर मगहर
बनगांवा,Sahjanwa,1700,13200,3800000,1215,231,ग्रामीण क्षेत्र,हसनपुर मगहर
बरवार खुर्द,Sahjanwa,4100,13200,4600000,1216,232,ग्रामीण क्षेत्र,हसनपुर मगहर
बनगांवा तप्पा भरसाड़,Sahjanwa,2400,13200,4600000,1217,233,ग्रामीण क्षेत्र,हसनपुर मगहर
बलुआ मंझरिया,Sahjanwa,1500,13200,3100000,1218,234,ग्रामीण क्षेत्र,हसनपुर मगहर
बिड़ार,Sahjanwa,1500,13200,3100000,1219,235,ग्रामीण क्षेत्र,हसनपुर मगहर
भटवल,Sahjanwa,1500,13200,3100000,1220,236,ग्रामीण क्षेत्र,हसनपुर मगहर
भीमापार,Sahjanwa,1500,13200,3100000,1221,237,ग्रामीण क्षेत्र,हसनपुर मगहर
भीटी,Sahjanwa,3800,13200,3100000,1222,238,ग्रामीण क्षेत्र,भौवापार
भीटीरावत,Sahjanwa,4100,19800,4600000,1223,239,ग्रामीण क्षेत्र,हसनपुर मगहर
भपसा,Sahjanwa,2400,13200,3800000,1224,240,ग्रामीण क्षेत्र,हसनपुर मगहर
भरपही,Sahjanwa,1700,13200,3800000,1225,241,ग्रामीण क्षेत्र,हसनपुर मगहर
भरोहिया,Sahjanwa,1500,13200,3100000,1226,242,ग्रामीण क्षेत्र,हसनपुर मगहर
भर्राकाछ,Sahjanwa,1500,13200,3100000,1227,243,ग्रामीण क्षेत्र,हसनपुर मगहर
भरसाड़,Sahjanwa,2400,13200,3800000,1228,244,ग्रामीण क्षेत्र,हसनपुर मगहर
भरवल,Sahjanwa,2200,13200,3100000,1229,245,ग्रामीण क्षेत्र,हसनपुर मगहर
भरवल तप्पा- रेट,Sahjanwa,2200,13200,3100000,1230,246,ग्रामीण क्षेत्र,भौवापार
भक्सा,Sahjanwa,2200,13200,3100000,1231,247,ग्रामीण क्षेत्र,हसनपुर मगहर
भुआ शहीद,Sahjanwa,1500,13200,3100000,1232,248,ग्रामीण क्षेत्र,हसनपुर मगहर
भैंसला,Sahjanwa,1500,13200,3100000,1233,249,ग्रामीण क्षेत्र,हसनपुर मगहर
भदेसरी,Sahjanwa,1500,13200,3100000,1234,250,ग्रामीण क्षेत्र,हसनपुर मगहर
भेलउर उर्फ डढ़ौली,Sahjanwa,1500,13200,3100000,1235,251,ग्रामीण क्षेत्र,हसनपुर मगहर
भगौरा,Sahjanwa,4100,19800,4600000,1236,252,ग्रामीण क्षेत्र,हसनपुर मगहर
भगवानपुर,Sahjanwa,1500,13200,3100000,1237,253,ग्रामीण क्षेत्र,हसनपुर मगहर
भगवानपुर तप्पा रेट,Sahjanwa,2400,13200,3800000,1238,254,ग्रामीण क्षेत्र,भौवापार
भिखरा,Sahjanwa,1500,13200,3100000,1239,255,ग्रामीण क्षेत्र,हसनपुर मगहर
भिटहा,Sahjanwa,1500,13200,3100000,1240,256,ग्रामीण क्षेत्र,हसनपुर मगहर
भिटनी,Sahjanwa,2200,13200,3800000,1241,257,ग्रामीण क्षेत्र,हसनपुर मगहर
मधुवनडाड़ी,Sahjanwa,1500,13200,3100000,1242,258,ग्रामीण क्षेत्र,हसनपुर मगहर
मदुई,Sahjanwa,1500,13200,3100000,1243,259,ग्रामीण क्षेत्र,हसनपुर मगहर
मझौरा,Sahjanwa,1500,13200,3100000,1244,260,ग्रामीण क्षेत्र,हसनपुर मगहर
मझवा,Sahjanwa,1500,13200,3100000,1245,261,ग्रामीण क्षेत्र,हसनपुर मगहर
मंझरिया त0-पचौरी,Sahjanwa,1500,13200,3100000,1246,262,ग्रामीण क्षेत्र,हसनपुर मगहर
मेहरूकुण्डल,Sahjanwa,1500,13200,3100000,1247,263,ग्रामीण क्षेत्र,हसनपुर मगहर
मंझरिया त0 उ0ह0,Sahjanwa,4100,13200,4600000,1248,264,ग्रामीण क्षेत्र,हसनपुर मगहर
मंझरिया खुर्द,Sahjanwa,1500,13200,3100000,1249,265,ग्रामीण क्षेत्र,हसनपुर मगहर
मंझरिया महाजी,Sahjanwa,1500,13200,3100000,1250,266,ग्रामीण क्षेत्र,हसनपुर मगहर
मंझरिया माफी,Sahjanwa,2200,13200,3800000,1251,267,ग्रामीण क्षेत्र,हसनपुर मगहर
मंझरिया तौफिर,Sahjanwa,1500,13200,3100000,1252,268,ग्रामीण क्षेत्र,हसनपुर मगहर
मंझरियां,Sahjanwa,1500,13200,3100000,1253,269,ग्रामीण क्षेत्र,भौवापार
मइला,Sahjanwa,1500,13200,3100000,1254,270,ग्रामीण क्षेत्र,हसनपुर मगहर
मकरहट,Sahjanwa,2200,13200,3800000,1255,271,ग्रामीण क्षेत्र,हसनपुर मगहर
ममउर,Sahjanwa,1500,13200,3100000,1256,272,ग्रामीण क्षेत्र,हसनपुर मगहर
मटियरा,Sahjanwa,2200,13200,3800000,1257,273,ग्रामीण क्षेत्र,हसनपुर मगहर
मटियारी,Sahjanwa,2200,13200,3800000,1258,274,ग्रामीण क्षेत्र,हसनपुर मगहर
महरावारी,Sahjanwa,2200,13200,3800000,1259,275,ग्रामीण क्षेत्र,हसनपुर मगहर
महुआपार,Sahjanwa,1500,13200,3100000,1260,276,ग्रामीण क्षेत्र,हसनपुर मगहर
महुआडाड,Sahjanwa,2200,13200,3800000,1261,277,ग्रामीण क्षेत्र,भौवापार
माधोपुर,Sahjanwa,1500,13200,3100000,1262,278,ग्रामीण क्षेत्र,हसनपुर मगहर
माही,Sahjanwa,3400,13200,4600000,1263,279,ग्रामीण क्षेत्र,भौवापार
मोहिद्दीनपुर,Sahjanwa,2200,13200,3800000,1264,280,ग्रामीण क्षेत्र,हसनपुर मगहर
मोहनाग,Sahjanwa,1500,13200,3100000,1265,281,ग्रामीण क्षेत्र,हसनपुर मगहर
मॉट,Sahjanwa,1500,13200,3100000,1266,282,ग्रामीण क्षेत्र,हसनपुर मगहर
मदरहा,Sahjanwa,1500,13200,3100000,1267,283,ग्रामीण क्षेत्र,हसनपुर मगहर
मुण्डाकोड़रा,Sahjanwa,1700,13200,3100000,1268,284,ग्रामीण क्षेत्र,हसनपुर मगहर
मुडिला,Sahjanwa,1500,13200,3100000,1269,285,ग्रामीण क्षेत्र,हसनपुर मगहर
मुहम्मदपुर,Sahjanwa,1500,13200,3100000,1270,286,ग्रामीण क्षेत्र,हसनपुर मगहर
मुस्तफाबाद,Sahjanwa,1500,13200,3100000,1271,287,ग्रामीण क्षेत्र,हसनपुर मगहर
मुडकंटिया,Sahjanwa,3400,13200,4600000,1272,288,ग्रामीण क्षेत्र,हसनपुर मगहर
मुजौली,Sahjanwa,2200,13200,3800000,1273,289,ग्रामीण क्षेत्र,हसनपुर मगहर
मुजैला,Sahjanwa,1500,13200,4600000,1274,290,ग्रामीण क्षेत्र,हसनपुर मगहर
मेहदिया,Sahjanwa,1500,13200,3100000,1275,291,ग्रामीण क्षेत्र,हसनपुर मगहर
मैनापार,Sahjanwa,2200,13200,3800000,1276,292,ग्रामीण क्षेत्र,हसनपुर मगहर
माडर,Sahjanwa,2200,13200,3800000,1277,293,ग्रामीण क्षेत्र,हसनपुर मगहर
मक्टापार,Sahjanwa,1500,13200,3100000,1278,294,ग्रामीण क्षेत्र,हसनपुर मगहर
मल्हीपुर,Sahjanwa,2400,13200,4600000,1279,295,ग्रामीण क्षेत्र,हसनपुर मगहर
मिश्रौलिया,Sahjanwa,1500,13200,3100000,1280,296,ग्रामीण क्षेत्र,हसनपुर मगहर
मिनवां,Sahjanwa,4100,13200,4600000,1281,297,ग्रामीण क्षेत्र,हसनपुर मगहर
रघुनाथपुर,Sahjanwa,2200,13200,3800000,1282,298,ग्रामीण क्षेत्र,हसनपुर मगहर
रहीमाबाद,Sahjanwa,4100,19800,4600000,1283,299,ग्रामीण क्षेत्र,हसनपुर मगहर
रामपुर गरथौली,Sahjanwa,2200,13200,3800000,1284,300,ग्रामीण क्षेत्र,हसनपुर मगहर
रामपुर,Sahjanwa,1500,13200,3100000,1285,301,ग्रामीण क्षेत्र,हसनपुर मगहर
रामपुर त0-भदेसरी,Sahjanwa,1500,13200,3100000,1286,302,ग्रामीण क्षेत्र,हसनपुर मगहर
रामपुर मलौली,Sahjanwa,2400,13200,3800000,1287,303,ग्रामीण क्षेत्र,हसनपुर मगहर
रामडीहतोरनी,Sahjanwa,1500,13200,3100000,1288,304,ग्रामीण क्षेत्र,हसनपुर मगहर
रामनगर तप्पा सूरस,Sahjanwa,2200,13200,3800000,1289,305,ग्रामीण क्षेत्र,हसनपुर मगहर
राउतपार,Sahjanwa,2200,13200,3800000,1290,306,ग्रामीण क्षेत्र,हसनपुर मगहर
राउतपार उर्फ सरैया,Sahjanwa,2400,13200,3800000,1291,307,ग्रामीण क्षेत्र,हसनपुर मगहर
रानीपुर विशुनपुर,Sahjanwa,2200,13200,3800000,1292,308,ग्रामीण क्षेत्र,हसनपुर मगहर
रानीपुर त0- भरसाड,Sahjanwa,2200,13200,3800000,1293,309,ग्रामीण क्षेत्र,हसनपुर मगहर
रानूखोर,Sahjanwa,1500,13200,3100000,1294,310,ग्रामीण क्षेत्र,हसनपुर मगहर
रेहसजोत,Sahjanwa,1500,13200,3100000,1295,311,ग्रामीण क्षेत्र,हसनपुर मगहर
रेवडा,Sahjanwa,1500,13200,3100000,1296,312,ग्रामीण क्षेत्र,हसनपुर मगहर
रेट खास,Sahjanwa,1500,13200,3100000,1297,313,ग्रामीण क्षेत्र,हसनपुर मगहर
रन्दौली उर्फ मठिया,Sahjanwa,1500,13200,3100000,1298,314,ग्रामीण क्षेत्र,हसनपुर मगहर
रिदुआखोर,Sahjanwa,1500,13200,3800000,1299,315,ग्रामीण क्षेत्र,हसनपुर मगहर
लखनापार,Sahjanwa,1500,13200,3100000,1300,316,ग्रामीण क्षेत्र,हसनपुर मगहर
लहुरदेवा,Sahjanwa,1500,13200,3100000,1301,317,ग्रामीण क्षेत्र,हसनपुर मगहर
लोनिया,Sahjanwa,1500,13200,3100000,1302,318,ग्रामीण क्षेत्र,हसनपुर मगहर
लोहसड़ा,Sahjanwa,1500,13200,3100000,1303,319,ग्रामीण क्षेत्र,हसनपुर मगहर
लुचुई,Sahjanwa,5400,27500,4600000,0038,320,अर्धनगरीय,वार्ड न0-14
लुचुई,Sahjanwa,5400,27500,4600000,0039,321,अर्धनगरीय,वार्ड न0-15
लुचुई,Sahjanwa,5400,27500,4600000,0040,322,अर्धनगरीय,वार्ड न0-16
विशुनपुर त0-उ0ह0,Sahjanwa,1500,13200,3100000,1304,323,ग्रामीण क्षेत्र,हसनपुर मगहर
विशुनपुर त0-सतगांवा,Sahjanwa,1500,,,1305,324,ग्रामीण क्षेत्र,हसनपुर मगहर
विशुनपुर त0-भदेसरी,Sahjanwa,1500,13200,3800000,1306,325,ग्रामीण क्षेत्र,हसनपुर मगहर
विशुनपुर त0-सूरस,Sahjanwa,1500,13200,3100000,1307,326,ग्रामीण क्षेत्र,हसनपुर मगहर
विसरी,Sahjanwa,1500,13200,3100000,1308,327,ग्रामीण क्षेत्र,हसनपुर मगहर
विजौवा,Sahjanwa,1500,13200,3100000,1309,328,ग्रामीण क्षेत्र,हसनपुर मगहर
वरउर,Sahjanwa,1500,13200,3100000,1310,329,ग्रामीण क्षेत्र,हसनपुर मगहर
वरनाटिकर,Sahjanwa,1500,13200,3100000,1311,330,ग्रामीण क्षेत्र,हसनपुर मगहर
वैदौली,Sahjanwa,1500,13200,3100000,1312,331,ग्रामीण क्षेत्र,हसनपुर मगहर
वैजलपुर,Sahjanwa,1500,13200,3100000,1313,332,ग्रामीण क्षेत्र,हसनपुर मगहर
वनौडा,Sahjanwa,1500,13200,3100000,1314,333,ग्रामीण क्षेत्र,हसनपुर मगहर
शम्भू चकसेमरा,Sahjanwa,1500,13200,3100000,1315,334,ग्रामीण क्षेत्र,हसनपुर मगहर
शाहपुर,Sahjanwa,1500,13200,3100000,1316,335,ग्रामीण क्षेत्र,हसनपुर मगहर
सहिजनां,Sahjanwa,4100,19800,4600000,0042,336,अर्धनगरीय,वार्ड न0-1
सहिजनां,Sahjanwa,4100,19800,4600000,0043,337,अर्धनगरीय,वार्ड न0-11
सहबाजगंज,Sahjanwa,5400,27500,4600000,0041,338,अर्धनगरीय,वार्ड न0-2
सहजूपार,Sahjanwa,1500,13200,3100000,1317,339,ग्रामीण क्षेत्र,हसनपुर मगहर
सीयर,Sahjanwa,1500,13200,3100000,1318,340,ग्रामीण क्षेत्र,हसनपुर मगहर
सीहापार,Sahjanwa,2400,13200,3800000,1319,341,ग्रामीण क्षेत्र,हसनपुर मगहर
सरया,Sahjanwa,4100,13200,4600000,1320,342,ग्रामीण क्षेत्र,भौवापार
साथीपार,Sahjanwa,2400,13200,3800000,1321,343,ग्रामीण क्षेत्र,भौवापार
सोनबरसा,Sahjanwa,1500,13200,3100000,1322,344,ग्रामीण क्षेत्र,हसनपुर मगहर
सोनचार,Sahjanwa,1500,,3100000,1323,345,ग्रामीण क्षेत्र,हसनपुर मगहर
सुथनी,Sahjanwa,1500,13200,3100000,1324,346,ग्रामीण क्षेत्र,हसनपुर मगहर
सुरदही,Sahjanwa,1500,13200,3100000,1325,347,ग्रामीण क्षेत्र,हसनपुर मगहर
सुरवलिया,Sahjanwa,2200,13200,3800000,1326,348,ग्रामीण क्षेत्र,हसनपुर मगहर
सुरगहना,Sahjanwa,2200,13200,3100000,1327,349,ग्रामीण क्षेत्र,हसनपुर मगहर
सुगौना,Sahjanwa,2200,13200,3800000,1328,350,ग्रामीण क्षेत्र,हसनपुर मगहर
सेमरा,Sahjanwa,3400,13200,4600000,1329,351,ग्रामीण क्षेत्र,हसनपुर मगहर
सेमरडाड़ी,Sahjanwa,2200,13200,3800000,1330,352,ग्रामीण क्षेत्र,हसनपुर मगहर
सेहुड़ी,Sahjanwa,1500,13200,3100000,1331,353,ग्रामीण क्षेत्र,हसनपुर मगहर
सेहरी,Sahjanwa,1500,13200,3100000,1332,354,ग्रामीण क्षेत्र,हसनपुर मगहर
सेहुड़ा,Sahjanwa,1500,13200,3100000,1333,355,ग्रामीण क्षेत्र,हसनपुर मगहर
सैरा,Sahjanwa,1500,13200,3100000,1334,356,ग्रामीण क्षेत्र,हसनपुर मगहर
सजनापार,Sahjanwa,1500,13200,3100000,1335,357,ग्रामीण क्षेत्र,हसनपुर मगहर
सिरूआपार,Sahjanwa,1500,13200,3100000,1336,358,ग्रामीण क्षेत्र,हसनपुर मगहर
सिघौली,Sahjanwa,1500,13200,3100000,1337,359,ग्रामीण क्षेत्र,हसनपुर मगहर
सिंघवलियां,Sahjanwa,1500,13200,3100000,1338,360,ग्रामीण क्षेत्र,हसनपुर मगहर
सिहबरा,Sahjanwa,1500,13200,3100000,1339,361,ग्रामीण क्षेत्र,हसनपुर मगहर
सिहोरवा,Sahjanwa,1500,13200,3100000,1340,362,ग्रामीण क्षेत्र,हसनपुर मगहर
सिहड़ा,Sahjanwa,1500,13200,3800000,1341,363,ग्रामीण क्षेत्र,हसनपुर मगहर
सिसई,Sahjanwa,1500,13200,3800000,1342,364,ग्रामीण क्षेत्र,हसनपुर मगहर
सिसई उर्फ कपसी,Sahjanwa,1500,13200,3100000,1343,365,ग्रामीण क्षेत्र,हसनपुर मगहर
सिसवां,Sahjanwa,2200,13200,3800000,1344,366,ग्रामीण क्षेत्र,हसनपुर मगहर
सिगहा,Sahjanwa,1500,13200,3100000,1345,367,ग्रामीण क्षेत्र,हसनपुर मगहर
हरिवंशपुर,Sahjanwa,1500,13200,3100000,1346,368,ग्रामीण क्षेत्र,हसनपुर मगहर
हरपुर,Sahjanwa,2400,13200,3800000,1347,369,ग्रामीण क्षेत्र,हसनपुर मगहर
हरदी,Sahjanwa,1500,13200,3100000,1348,370,ग्रामीण क्षेत्र,हसनपुर मगहर
हरैया कानूनगो,Sahjanwa,2400,13200,3800000,1349,371,ग्रामीण क्षेत्र,हसनपुर मगहर
हरनही,Sahjanwa,1500,13200,3100000,1350,372,ग्रामीण क्षेत्र,हसनपुर मगहर
हॉसपाटी,Sahjanwa,2200,13200,3800000,1351,373,ग्रामीण क्षेत्र,हसनपुर मगहर
कुसम्हाकला,Sahjanwa,,,,1046,50,ग्रामीण,
कुरमौल,Sahjanwa,,,,1047,51,ग्रामीण,
गीडा-सेक्टर संख्या-5,Sahjanwa,,,,0007,91,नगरीय,
गीडा-सेक्टर संख्या-13,Sahjanwa,,,,0008,92,नगरीय,
गीडा-सेक्टर संख्या-15,Sahjanwa,,,,0009,93,नगरीय,
गीडा-सेक्टर संख्या-17,Sahjanwa,,,,0010,94,नगरीय,
गीडा-सेक्टर संख्या-22,Sahjanwa,,,,0011,95,नगरीय,
गीडा-सेक्टर संख्या-23,Sahjanwa,,,,0012,96,नगरीय,
गीडा-सेक्टर संख्या-5,Sahjanwa,,,,0013,97,नगरीय,
गीडा-सेक्टर संख्या-13,Sahjanwa,,,,0014,98,नगरीय,
गीडा-सेक्टर संख्या-15,Sahjanwa,,,,0015,99,नगरीय,
गीडा-सेक्टर संख्या-17,Sahjanwa,,,,0016,100,नगरीय,
गीडा-सेक्टर संख्या-22,Sahjanwa,,,,0017,101,नगरीय,
गीडा-सेक्टर संख्या-23,Sahjanwa,,,,0018,102,नगरीय,
गीडा-सेक्टर संख्या-5,Sahjanwa,,,,0019,103,नगरीय,
गीडा-सेक्टर संख्या-13,Sahjanwa,,,,0020,104,नगरीय,
गीडा-सेक्टर संख्या-15,Sahjanwa,,,,0021,105,नगरीय,
गीडा-सेक्टर संख्या-17,Sahjanwa,,,,0022,106,नगरीय,
गीडा-सेक्टर संख्या-22,Sahjanwa,,,,0023,107,नगरीय,
गीडा-सेक्टर संख्या-23,Sahjanwa,,,,0024,108,नगरीय,
विशुनपुरा उ0ह0,Sahjanwa,,,,1304,345,ग्रामीण,
कुसम्हाकला,Sahjanwa,,13200,,1046,50,ग्रामीण,
कुरमौल,Sahjanwa,,13200,,1047,51,ग्रामीण,
विशुनपुरा उ0ह0,Sahjanwa,,13200,,1304,345,ग्रामीण,
कुसम्हाकला,Sahjanwa,,,3100000,1046,50,ग्रामीण,
कुरमौल,Sahjanwa,,,4600000,1047,51,ग्रामीण,
विशुनपुरा उ0ह0,Sahjanwa,,,3100000,1304,321,ग्रामीण,
ओम प्रकाश बाबू का कारखाना टोला,Chauri Chaura,5000,20000,6500000,0001,1,अर्द्धनगरीय,ओमप्रकाश बाबू का कारखना टोला
अमडीहा,Chauri Chaura,2200,7000,3400000,1001,2,ग्रामीण,रसूलपुर/हवेली
अमारी,Chauri Chaura,1000,5000,2000000,1002,3,ग्रामीण,राजधानी/हवेली
अयोध्याचक,Chauri Chaura,2500,8000,4800000,1003,4,ग्रामीण,केवटली/हवेली
अवधपुर,Chauri Chaura,2500,8000,4800000,1004,5,ग्रामीण,केवटली/हवेली
अहिरौली,Chauri Chaura,1200,5000,2400000,1005,6,ग्रामीण,केवटली/हवेली
आमकोल,Chauri Chaura,2400,5000,4000000,1006,7,ग्रामीण,केवटली/हवेली
आराजी बसडीला,Chauri Chaura,4500,14000,6000000,1007,8,ग्रामीण,पतरा/हवेली
आराजी मतौनी,Chauri Chaura,1200,5000,2600000,1008,9,ग्रामीण,पतरा/हवेली
आवगीर,Chauri Chaura,1000,5000,1800000,1009,10,ग्रामीण,राजधानी/हवेली
इटौवा,Chauri Chaura,1900,5000,3700000,1010,11,ग्रामीण,राजधानी/हवेली
उपधौली,Chauri Chaura,1100,5000,2000000,1011,12,ग्रामीण,राजधानी/हवेली
एकडंगा,Chauri Chaura,1000,5000,2200000,1012,13,ग्रामीण,रसूलपुर/हवेली
कटसिकरा,Chauri Chaura,1100,5000,2200000,1013,14,ग्रामीण,राजधानी/हवेली
कपरफोरवा,Chauri Chaura,1100,5000,2200000,1014,15,ग्रामीण,राजधानी/हवेली
करनमाझा,Chauri Chaura,1100,5000,2400000,1015,16,ग्रामीण,रसूलपुर/हवेली
करमहा,Chauri Chaura,2500,8000,4600000,1016,17,ग्रामीण,केवटली/हवेली
करही,Chauri Chaura,1000,4000,1800000,1017,18,ग्रामीण,राजधानी/हवेली
करौता,Chauri Chaura,1100,5000,2200000,1018,19,ग्रामीण,राजधानी/हवेली
कानू टोला,Chauri Chaura,5000,20000,6500000,0002,20,अर्द्धनगरीय,कानू टोला वार्ड न0 --05
काली स्थान टोला,Chauri Chaura,5000,20000,6500000,0003,21,अर्द्धनगरीय,काली स्थान टोला वार्ड न0--09
कुसुम्ही,Chauri Chaura,4400,16000,6000000,1019,22,ग्रामीण,पतरा/हवेली
कुसुली,Chauri Chaura,1100,5000,2600000,1020,23,ग्रामीण,केवटली/हवेली
केवलचक,Chauri Chaura,1100,5000,2200000,1021,24,ग्रामीण,राजधानी/हवेली
केवलाचक,Chauri Chaura,1200,5000,4000000,1022,25,ग्रामीण,केवटली/हवेली
केवलाडावर,Chauri Chaura,5000,20000,6500000,1023,26,ग्रामीण,केवटली/हवेली
केशवपटटी,Chauri Chaura,1100,5000,2400000,1024,27,ग्रामीण,केवटली/हवेली
कैथवलिया,Chauri Chaura,1700,5000,3600000,1025,28,ग्रामीण,राजधानी/हवेली
कोटिया,Chauri Chaura,900,4000,1800000,1026,29,ग्रामीण,राजधानी/हवेली
कोना सोनबरसा,Chauri Chaura,2500,5000,3600000,1027,30,ग्रामीण,राजधानी/हवेली
कोल्हुआ,Chauri Chaura,1600,5000,3700000,1028,31,ग्रामीण,रसूलपुर/हवेली
खरखूटा,Chauri Chaura,1000,5000,1800000,1029,32,ग्रामीण,राजधानी/हवेली
खुरूहरी,Chauri Chaura,1800,5000,4000000,1030,33,ग्रामीण,राजधानी/हवेली
खैराबाद,Chauri Chaura,1900,5000,3200000,1031,34,ग्रामीण,केवटली/हवेली
गगडा,Chauri Chaura,1900,5000,3600000,1032,35,ग्रामीण,केवटली/हवेली
गजाई कोल,Chauri Chaura,1900,5000,3600000,1033,36,ग्रामीण,राजधानी/हवेली
गुड़ पड़ाव,Chauri Chaura,5000,20000,6500000,0004,37,अर्द्धनगरीय,गुड़पडाव वार्ड न0 --11
गोपलापुर,Chauri Chaura,1000,4000,1900000,1034,38,ग्रामीण,राजधानी/हवेली
गोबडौर,Chauri Chaura,2500,5000,3500000,1035,39,ग्रामीण,राजधानी/हवेली
गोबडौरी,Chauri Chaura,1200,5000,2200000,1036,40,ग्रामीण,राजधानी/हवेली
गोरसौरा,Chauri Chaura,1000,5000,1800000,1037,41,ग्रामीण,राजधानी/हवेली
गोविन्दगंज,Chauri Chaura,1100,5000,2400000,1038,42,ग्रामीण,केवटली/हवेली
गोंहटा,Chauri Chaura,900,5000,1700000,1039,43,ग्रामीण,राजधानी/हवेली
गौनर,Chauri Chaura,2400,5000,4000000,1040,44,ग्रामीण,केवटली/हवेली
चकदह,Chauri Chaura,1100,5000,2000000,1041,45,ग्रामीण,राजधानी/हवेली
चकदेइया,Chauri Chaura,2600,5000,4500000,1042,46,ग्रामीण,केवटली/हवेली
चकसतहवा,Chauri Chaura,1200,5000,2000000,1043,47,ग्रामीण,राजधानी/हवेली
चकिया,Chauri Chaura,1200,5000,2000000,1044,48,ग्रामीण,राजधानी/हवेली
चीक टोला,Chauri Chaura,5000,20000,6500000,0005,49,अर्द्धनगरीय,चीकटोला वार्ड न0-- 04
चितहरी,Chauri Chaura,900,4000,1700000,1045,50,ग्रामीण,राजधानी/हवेली
चौक टोला,Chauri Chaura,5000,20000,6500000,0006,51,अर्द्धनगरीय,चौकटोला वार्ड न0--07
चौरा,Chauri Chaura,5000,20000,6500000,1046,52,ग्रामीण,केवटली/हवेली
चौरी,Chauri Chaura,4500,16000,6000000,1047,53,ग्रामीण,केवटली/हवेली
छपरा मंसूर,Chauri Chaura,1200,5000,3500000,1048,54,ग्रामीण,केवटली/हवेली
छबैला,Chauri Chaura,1800,5000,3600000,1049,55,ग्रामीण,केवटली/हवेली
छावनी मोहल्ला टोला,Chauri Chaura,5000,20000,6500000,0007,56,अर्द्धनगरीय,छावनी मोहल्ला टोला वार्ड न0 -- 08
"जगदीशपुर, तप्पा--केवटली",Chauri Chaura,5000,20000,6500000,1050,57,ग्रामीण,केवटली/हवेली
"जगदीशपुर, तप्पा--राजधानी",Chauri Chaura,1900,5000,4000000,1051,58,ग्रामीण,राजधानी/हवेली
जंगल गौरी नं0--1,Chauri Chaura,3900,14000,4800000,1052,59,ग्रामीण,राजधानी/हवेली
जंगल गौरी नं--2 उर्फ अमहिया,Chauri Chaura,2600,8000,4000000,1053,60,ग्रामीण,राजधानी/हवेली
जंगल मटिया,Chauri Chaura,1100,5000,2600000,1054,61,ग्रामीण,केवटली/हवेली
जंगल रसूलपुर नं0--1,Chauri Chaura,2700,8000,3800000,1055,62,ग्रामीण,रसूलपुर/हवेली
जंगल रसूलपुर नं0--2,Chauri Chaura,2800,8000,4000000,1056,63,ग्रामीण,रसूलपुर/हवेली
जदूपुर,Chauri Chaura,1100,5000,2000000,1057,64,ग्रामीण,राजधानी/हवेली
जमरू,Chauri Chaura,1100,5000,2000000,1058,65,ग्रामीण,राजधानी/हवेली
जयपुर,Chauri Chaura,1100,5000,2400000,1059,66,ग्रामीण,केवटली/हवेली
जयराम कोल,Chauri Chaura,1100,5000,2000000,1060,67,ग्रामीण,राजधानी/हवेली
जोगिया,Chauri Chaura,1000,4000,1800000,1061,68,ग्रामीण,राजधानी/हवेली
जोधपुर,Chauri Chaura,1100,5000,2400000,1062,69,ग्रामीण,केवटली/हवेली
जोलहवारी,Chauri Chaura,1300,5000,2400000,1063,70,ग्रामीण,रसूलपुर/हवेली
झगहा,Chauri Chaura,3900,16000,4600000,1064,71,ग्रामीण,राजधानी/हवेली
टमठा,Chauri Chaura,900,4000,1700000,1065,72,ग्रामीण,राजधानी/हवेली
टेल्हनापार,Chauri Chaura,3900,14000,4600000,1066,73,ग्रामीण,केवटली/हवेली
टोंगरी,Chauri Chaura,1000,5000,1900000,1067,74,ग्रामीण,राजधानी/हवेली
डीहघाट,Chauri Chaura,2000,5000,3200000,1068,75,ग्रामीण,राजधानी/हवेली
डीहस्थान टोला,Chauri Chaura,5000,20000,6500000,0008,76,अर्द्धनगरीय,डीह सीान टोला वार्ड न0--06
डुमरी,Chauri Chaura,1100,4000,2600000,1069,77,ग्रामीण,राजधानी/हवेली
डुमरी खास,Chauri Chaura,4400,14000,6000000,1070,78,ग्रामीण,केवटली/हवेली
डुमरी खुर्द,Chauri Chaura,4400,16000,6000000,1071,79,ग्रामीण,केवटली/हवेली
डुमरैला,Chauri Chaura,1400,5000,2900000,1072,80,ग्रामीण,राजधानी/हवेली
डेंगरा,Chauri Chaura,1000,5000,2200000,1073,81,ग्रामीण,राजधानी/हवेली
डेहरा डाबर,Chauri Chaura,2700,8000,4000000,1074,82,ग्रामीण,रसूलपुर/हवेली
तरवॉं,Chauri Chaura,1000,4000,2000000,1075,83,ग्रामीण,राजधानी/हवेली
तीहा,Chauri Chaura,2300,5000,3200000,1076,84,ग्रामीण,केवटली/हवेली
तिलौली,Chauri Chaura,1100,5000,2400000,1077,85,ग्रामीण,केवटली/हवेली
तिलक पटटी,Chauri Chaura,1100,5000,2000000,1078,86,ग्रामीण,राजधानी/हवेली
तुलसी पाकड़,Chauri Chaura,1100,5000,2000000,1079,87,ग्रामीण,राजधानी/हवेली
तेन्दुआ खुर्द,Chauri Chaura,1600,5000,3500000,1080,88,ग्रामीण,रसूलपुर/हवेली
थुन्ही महोबचक,Chauri Chaura,1600,5000,2200000,1081,89,ग्रामीण,राजधानी/हवेली
दयालगढ़,Chauri Chaura,900,4000,1800000,1082,90,ग्रामीण,राजधानी/हवेली
दींवा,Chauri Chaura,1100,5000,2000000,1083,91,ग्रामीण,राजधानी/हवेली
दुधई,Chauri Chaura,1100,5000,2400000,1084,92,ग्रामीण,केवटली/हवेली
दुबौली,Chauri Chaura,2600,8000,4000000,1085,93,ग्रामीण,रसूलपुर/हवेली
दुलहरा,Chauri Chaura,1500,5000,3200000,1086,94,ग्रामीण,राजधानी/हवेली
देवकही,Chauri Chaura,2400,5000,4000000,1087,95,ग्रामीण,केवटली/हवेली
देवीतरकुलहा,Chauri Chaura,1200,5000,2600000,1088,96,ग्रामीण,केवटली/हवेली
देवीपुर,Chauri Chaura,4000,14000,6000000,1089,97,ग्रामीण,केवटली/हवेली
न्योढ़ी,Chauri Chaura,1100,5000,2000000,1090,98,ग्रामीण,राजधानी/हवेली
नटवा,Chauri Chaura,1100,5000,2400000,1091,99,ग्रामीण,रसूलपुर/हवेली
नदुआज्ञानपार,Chauri Chaura,1900,5000,4000000,1092,100,ग्रामीण,रसूलपुर/हवेली
नरायनपुर,Chauri Chaura,1100,5000,2400000,1093,101,ग्रामीण,केवटली/हवेली
नरेन्द्रपुर,Chauri Chaura,1100,5000,2400000,1094,102,ग्रामीण,रसूलपुर/हवेली
निबही,Chauri Chaura,1800,5000,3200000,1095,103,ग्रामीण,रसूलपुर/हवेली
नौवाबारी,Chauri Chaura,2600,8000,4700000,1096,104,ग्रामीण,केवटली/हवेली
पकड़डीहा,Chauri Chaura,1000,5000,1900000,1097,105,ग्रामीण,राजधानी/हवेली
पकड़पुरा,Chauri Chaura,1000,5000,1900000,1098,106,ग्रामीण,राजधानी/हवेली
पकड़ी,Chauri Chaura,1000,5000,2100000,1099,107,ग्रामीण,केवटली/हवेली
पकड़ियार,Chauri Chaura,1100,5000,2200000,1100,108,ग्रामीण,राजधानी/हवेली
पचदेवरी,Chauri Chaura,1600,5000,3600000,1101,109,ग्रामीण,रसूलपुर/हवेली
परसौनी,Chauri Chaura,1600,5000,3600000,1102,110,ग्रामीण,रसूलपुर/हवेली
पलिया,Chauri Chaura,1100,5000,2400000,1103,111,ग्रामीण,केवटली/हवेली
पंसरही,Chauri Chaura,1100,5000,2400000,1104,112,ग्रामीण,केवटली/हवेली
पाडर,Chauri Chaura,1100,5000,2400000,1105,113,ग्रामीण,रसूलपुर/हवेली
पासी टोला,Chauri Chaura,5000,20000,6500000,0009,114,अर्द्धनगरीय,पासी टोला वार्ड न0 --01
पिपरामन्नी,Chauri Chaura,1400,5000,2400000,1106,115,ग्रामीण,रसूलपुर/हवेली
पुरनहा,Chauri Chaura,1100,5000,2000000,1107,116,ग्रामीण,राजधानी/हवेली
पोखरभिण्डा,Chauri Chaura,1100,5000,2400000,1108,117,ग्रामीण,केवटली/हवेली
फुलवरिया,Chauri Chaura,2600,5000,4000000,1109,118,ग्रामीण,केवटली/हवेली
बकसुड़ी,Chauri Chaura,1100,5000,2000000,1110,119,ग्रामीण,राजधानी/हवेली
बघाड़,Chauri Chaura,2400,5000,4000000,1111,120,ग्रामीण,केवटली/हवेली
बडहरा,Chauri Chaura,1000,4000,1800000,1112,121,ग्रामीण,राजधानी/हवेली
ब्रम्हपुर,Chauri Chaura,4000,14000,4700000,1113,122,ग्रामीण,रसूलपुर/हवेली
बरईपार,Chauri Chaura,1100,5000,2400000,1114,123,ग्रामीण,केवटली/हवेली
बरगदवां,Chauri Chaura,2100,5000,3500000,1115,124,ग्रामीण,राजधानी/हवेली
बरही तप्पा--केवटली,Chauri Chaura,2300,8000,3500000,1116,125,ग्रामीण,केवटली/हवेली
बरही तप्पा--राजधानी,Chauri Chaura,2000,5000,3400000,1117,126,ग्रामीण,राजधानी/हवेली
बसडीला टीलाटाल,Chauri Chaura,2200,10000,3600000,1118,127,ग्रामीण,केवटली/हवेली
बसहिया,Chauri Chaura,1100,5000,2400000,1119,128,ग्रामीण,केवटली/हवेली
बसुही,Chauri Chaura,1100,4000,2000000,1120,129,ग्रामीण,राजधानी/हवेली
बहरामपुर,Chauri Chaura,4300,14000,4800000,1121,130,ग्रामीण,पतरा/हवेली
बाल खुर्द,Chauri Chaura,4300,14000,4800000,1122,131,ग्रामीण,केवटली/हवेली
बाल बुजुर्ग,Chauri Chaura,4300,14000,4800000,1123,132,ग्रामीण,केवटली/हवेली
ब्राहिमपुर,Chauri Chaura,2300,5000,3200000,1124,133,ग्रामीण,केवटली/हवेली
बिलारी,Chauri Chaura,3900,14000,5000000,1125,134,ग्रामीण,केवटली/हवेली
बिशुनपुर मटियरा,Chauri Chaura,1100,5000,2500000,1126,135,ग्रामीण,राजधानी/हवेली
बिशुनपुरा,Chauri Chaura,1100,5000,3000000,1127,136,ग्रामीण,रसूलपुर/हवेली
बेनीजोत उर्फ खरहरा,Chauri Chaura,1200,5000,3000000,1128,137,ग्रामीण,रसूलपुर/हवेली
बेलवा,Chauri Chaura,1100,5000,3000000,1129,138,ग्रामीण,रसूलपुर/हवेली
बेलवा खुर्द,Chauri Chaura,5000,20000,6500000,1130,139,ग्रामीण,केवटली/हवेली
बेलवा बुजुर्ग,Chauri Chaura,1800,5000,4000000,1131,140,ग्रामीण,केवटली/हवेली
बेलही,Chauri Chaura,1400,5000,3500000,1132,141,ग्रामीण,रसूलपुर/हवेली
बैकुण्टपुर,Chauri Chaura,1100,5000,2600000,1133,142,ग्रामीण,केवटली/हवेली
बैजूडीहा,Chauri Chaura,1900,5000,3200000,1134,143,ग्रामीण,रसूलपुर/हवेली
बैरवां,Chauri Chaura,1000,5000,1900000,1135,144,ग्रामीण,राजधानी/हवेली
बोहावार,Chauri Chaura,1800,5000,3500000,1136,145,ग्रामीण,राजधानी/हवेली
बौठा,Chauri Chaura,1000,4000,1900000,1137,146,ग्रामीण,राजधानी/हवेली
भकुरहा,Chauri Chaura,1400,5000,2200000,1138,147,ग्रामीण,राजधानी/हवेली
भगने,Chauri Chaura,1100,5000,2200000,1139,148,ग्रामीण,राजधानी/हवेली
भगवानपुर,Chauri Chaura,2600,10000,4000000,1140,149,ग्रामीण,केवटली/हवेली
भगवानदास सभापति का टोला,Chauri Chaura,5000,20000,6400000,0010,150,अर्द्धनगरीय,भगवानदास सभापति का टोला वार्ड न0 10
भटगांवा,Chauri Chaura,1800,5000,3500000,1141,151,ग्रामीण,केवटली/हवेली
भरकछा,Chauri Chaura,900,4000,1700000,1142,152,ग्रामीण,राजधानी/हवेली
भरतपुर,Chauri Chaura,1400,5000,4000000,1143,153,ग्रामीण,केवटली/हवेली
भरोहिया,Chauri Chaura,1000,5000,1900000,1144,154,ग्रामीण,राजधानी/हवेली
भाउपुर,Chauri Chaura,2600,8000,4500000,1145,155,ग्रामीण,केवटली/हवेली
भिसवॉ,Chauri Chaura,1400,5000,3500000,1146,156,ग्रामीण,रसूलपुर/हवेली
भैरोपिपरा,Chauri Chaura,1100,5000,2600000,1147,157,ग्रामीण,रसूलपुर/हवेली
भैंसहा,Chauri Chaura,4300,14000,4800000,1148,158,ग्रामीण,पतरा/हवेली
भैंसही नरेश,Chauri Chaura,1500,5000,3500000,1149,159,ग्रामीण,रसूलपुर/हवेली
भैंसही रामदत्त,Chauri Chaura,1400,5000,3500000,1150,160,ग्रामीण,रसूलपुर/हवेली
भोपा,Chauri Chaura,5000,20000,6500000,1151,161,ग्रामीण,केवटली/हवेली
भौरही,Chauri Chaura,900,4000,1700000,1152,162,ग्रामीण,राजधानी/हवेली
भौवापार,Chauri Chaura,2400,5000,4200000,1153,163,ग्रामीण,केवटली/हवेली
मझवा,Chauri Chaura,1000,5000,2200000,1154,164,ग्रामीण,रसूलपुर/हवेली
मटिया खुर्द,Chauri Chaura,1600,5000,3600000,1155,165,ग्रामीण,केवटली/हवेली
मटिया बुजुर्ग,Chauri Chaura,4400,5000,6000000,1156,166,ग्रामीण,केवटली/हवेली
मटिया पचपेडा,Chauri Chaura,1200,5000,2600000,1157,167,ग्रामीण,केवटली/हवेली
मठिया,Chauri Chaura,1500,14000,3500000,1158,168,ग्रामीण,रसूलपुर/हवेली
मलमलिया,Chauri Chaura,2600,5000,4000000,1159,169,ग्रामीण,केवटली/हवेली
महदेवा अदाई,Chauri Chaura,4000,14000,4800000,1160,170,ग्रामीण,केवटली/हवेली
महदेवा जंगल,Chauri Chaura,4000,14000,4800000,1161,171,ग्रामीण,केवटली/हवेली
महुअर कोल,Chauri Chaura,1000,4000,1900000,1162,172,ग्रामीण,राजधानी/हवेली
महुअवा बुजुर्ग,Chauri Chaura,1500,5000,3500000,1163,173,ग्रामीण,केवटली/हवेली
माड़ापार,Chauri Chaura,4400,16000,6600000,1164,174,ग्रामीण,पतरा/हवेली
मीठाबेल,Chauri Chaura,2400,8000,4000000,1165,175,ग्रामीण,रसूलपुर/हवेली
मिरजवा बाबू,Chauri Chaura,1100,5000,2600000,1166,176,ग्रामीण,केवटली/हवेली
मिरजवा सरदार,Chauri Chaura,1800,5000,3500000,1167,177,ग्रामीण,केवटली/हवेली
मिर्जापुर,Chauri Chaura,1000,5000,1900000,1168,178,ग्रामीण,राजधानी/हवेली
मिश्रौली,Chauri Chaura,1100,5000,3500000,1169,179,ग्रामीण,राजधानी/हवेली
मिश्रौलिया,Chauri Chaura,1100,5000,2000000,1170,180,ग्रामीण,राजधानी/हवेली
मुण्डेरा ठकुराई,Chauri Chaura,1100,5000,2000000,1171,181,ग्रामीण,राजधानी/हवेली
मुण्डेरी,Chauri Chaura,5000,20000,6500000,0011,182,अर्द्धनगरीय,मुण्डेरा वार्ड न0--09
मुहम्मदपुर,Chauri Chaura,1100,5000,2600000,1172,183,ग्रामीण,केवटली/हवेली
मेहिया,Chauri Chaura,1100,5000,2600000,1173,184,ग्रामीण,रसूलपुर/हवेली
मोती पाकड़,Chauri Chaura,2600,8000,4500000,1174,185,ग्रामीण,केवटली/हवेली
राघोपट्टी उर्फ पडरी,Chauri Chaura,2600,8000,4800000,1175,186,ग्रामीण,रसूलपुर/हवेली
राघोपुर,Chauri Chaura,5000,20000,6200000,1176,187,ग्रामीण,केवटली/हवेली
राजधानी,Chauri Chaura,2400,5000,4000000,1177,188,ग्रामीण,राजधानी/हवेली
रानापार,Chauri Chaura,1100,5000,2000000,1178,189,ग्रामीण,राजधानी/हवेली
रामनगर करजहां,Chauri Chaura,5000,20000,6500000,1179,190,ग्रामीण,पतरा/हवेली
रामपुर,Chauri Chaura,2400,5000,4200000,1180,191,ग्रामीण,केवटली/हवेली
रामपुरा,Chauri Chaura,2100,7000,4000000,1181,192,ग्रामीण,रसूलपुर/हवेली
रामपुर बुजुर्ग,Chauri Chaura,5000,20000,6500000,1182,193,ग्रामीण,केवटली/हवेली
रूद्रापुर,Chauri Chaura,5000,20000,6500000,1183,194,ग्रामीण,पतरा/हवेली
रोहा,Chauri Chaura,900,4000,3000000,1184,195,ग्रामीण,राजधानी/हवेली
रौतइनियाबाबू,Chauri Chaura,1000,5000,2200000,1185,196,ग्रामीण,केवटली/हवेली
रौतइनियासरदार,Chauri Chaura,1000,5000,3400000,1186,197,ग्रामीण,केवटली/हवेली
लकड़डीहा,Chauri Chaura,1100,4000,2000000,1187,198,ग्रामीण,राजधानी/हवेली
लछुमनपुर तप्पा--केवटली,Chauri Chaura,2400,5000,3500000,1188,199,ग्रामीण,केवटली/हवेली
लछुमनपुर तप्पा--रसूलपुर,Chauri Chaura,2400,8000,4800000,1189,200,ग्रामीण,रसूलपुर/हवेली
लक्ष्मीपुर,Chauri Chaura,3400,14000,4800000,1190,201,ग्रामीण,राजधानी/हवेली
लेडुआपार,Chauri Chaura,1100,5000,2000000,1191,202,ग्रामीण,रसूलपुर/हवेली
लालापुर,Chauri Chaura,1500,5000,3600000,1192,203,ग्रामीण,केवटली/हवेली
विसम्भरपुर,Chauri Chaura,1800,5000,3600000,1193,204,ग्रामीण,केवटली/हवेली
विश्वनाथपुर,Chauri Chaura,900,5000,2900000,1194,205,ग्रामीण,राजधानी/हवेली
विशुनपुर खुर्द,Chauri Chaura,1100,5000,2600000,1195,206,ग्रामीण,केवटली/हवेली
सथरी,Chauri Chaura,1500,5000,3600000,1196,207,ग्रामीण,केवटली/हवेली
सधना,Chauri Chaura,1100,5000,2000000,1197,208,ग्रामीण,राजधानी/हवेली
समरौनी,Chauri Chaura,1000,5000,2000000,1198,209,ग्रामीण,राजधानी/हवेली
सरार मझगांवा,Chauri Chaura,1000,4000,2000000,1199,210,ग्रामीण,राजधानी/हवेली
सरैया,Chauri Chaura,3700,14000,4800000,1200,211,ग्रामीण,केवटली/हवेली
सहसराव,Chauri Chaura,1100,5000,2600000,1201,212,ग्रामीण,रसूलपुर/हवेली
सिंहपुर,Chauri Chaura,1800,5000,4000000,1202,213,ग्रामीण,रसूलपुर/हवेली
सिंहोडवा,Chauri Chaura,1000,4000,2000000,1203,214,ग्रामीण,राजधानी/हवेली
सिलहटा,Chauri Chaura,1100,5000,2000000,1204,215,ग्रामीण,राजधानी/हवेली
सिलहटा मुण्डेरा,Chauri Chaura,2100,5000,3500000,1205,216,ग्रामीण,राजधानी/हवेली
सिसवा उर्फ चनकापुर,Chauri Chaura,5000,20000,6500000,1206,217,ग्रामीण,केवटली/हवेली
सुगहा,Chauri Chaura,1500,5000,2000000,1207,218,ग्रामीण,राजधानी/हवेली
सेमरौना,Chauri Chaura,1000,4000,2000000,1208,219,ग्रामीण,राजधानी/हवेली
सोनबरसा खुर्द,Chauri Chaura,5000,20000,6500000,1209,220,ग्रामीण,केवटली/हवेली
सोनबरसा बुजुर्ग,Chauri Chaura,2100,5000,4200000,1210,221,ग्रामीण,केवटली/हवेली
सोनाई,Chauri Chaura,1000,4000,2000000,1211,222,ग्रामीण,राजधानी/हवेली
शत्रुधनपुर,Chauri Chaura,4300,14000,5800000,1212,223,ग्रामीण,केवटली/हवेली
शिकारगढ़,Chauri Chaura,1100,5000,2000000,1213,224,ग्रामीण,राजधानी/हवेली
शिवपुर,Chauri Chaura,1100,5000,3500000,1214,225,ग्रामीण,केवटली/हवेली
हरपुर,Chauri Chaura,1000,4000,2400000,1215,226,ग्रामीण,रसूलपुर/हवेली
हरैया,Chauri Chaura,2500,8000,4000000,1216,227,ग्रामीण,रसूलपुर/हवेली
अहिराना,Gola,5100,28600,9000000,0001,1,अर्धनगरीय,वार्ड नं0–8 टा0ए0–गोला
औराडीह,Gola,1400,12100,3800000,1001,2,ग्रामीण क्षेत्र,हवेली/चिल्लुपार
अहिरौली,Gola,2500,17600,4700000,1002,3,ग्रामीण क्षेत्र,हवेली/चिल्लुपार
अजयपुरा,Gola,400,1000,1000000,1003,4,ग्रामीण क्षेत्र,सिकन्दरपुर/चिल्लुपार
आच्छेडीह,Gola,1400,12100,3800000,1004,5,ग्रामीण क्षेत्र,सेमरा/चिल्लुपार
ओझौली,Gola,2500,17600,4700000,1005,6,ग्रामीण क्षेत्र,हवेली/चिल्लुपार
अतरौरा,Gola,4000,28600,13800000,1006,7,ग्रामीण क्षेत्र,चांदपार/धुरियापार
अकबराबाद,Gola,1400,12100,3800000,1007,8,ग्रामीण क्षेत्र,खुटहन/धुरियापार
अकोल्हा,Gola,1400,12100,3800000,1008,9,ग्रामीण क्षेत्र,चांदपार/धुरियापार
अटौली,Gola,1400,12100,3800000,1009,10,ग्रामीण क्षेत्र,हवेली/चिल्लूपार
अवरूस,Gola,1400,12100,3800000,1010,11,ग्रामीण क्षेत्र,चांदपार/धुरियापार
अमदेवा बुजुर्ग,Gola,2100,12100,5100000,1011,12,ग्रामीण क्षेत्र,हवेली/धुरियापार
अमोढ़ा,Gola,3100,25300,4700000,1012,13,ग्रामीण क्षेत्र,कुरमौट/धुरियापार
अरांव ज़गदीश,Gola,1850,13200,4700000,1013,14,ग्रामीण क्षेत्र,कुरमौट/धुरियापार
अरांव करन,Gola,1400,12100,3800000,1014,15,ग्रामीण क्षेत्र,कुरमौट/धुरियापार
अमौली मु0,Gola,1400,12100,3800000,1015,16,ग्रामीण क्षेत्र,बरहज/धुरियापार
अल्लिपुर,Gola,1400,12100,3800000,1016,17,ग्रामीण क्षेत्र,चांदपार/धुरियापार
अल्हयारपुर,Gola,1400,12100,3800000,1017,18,ग्रामीण क्षेत्र,बनकट/धुरियापार
अलावलपुर,Gola,1400,12100,3800000,1018,19,ग्रामीण क्षेत्र,बेलघाट/धुरियापार
अवरा कोल,Gola,1400,12100,3800000,1019,20,ग्रामीण क्षेत्र,रतनपुर/धुरियापार
अवस्थी,Gola,1400,12100,3800000,1020,21,ग्रामीण क्षेत्र,कोहरा/धुरियापार
अहिरौली,Gola,1400,12100,3800000,1021,22,ग्रामीण क्षेत्र,खुटहन/धुरियापार
अहिरौली,Gola,1400,12100,3800000,1022,23,ग्रामीण क्षेत्र,चांदपार/धुरियापार
अहिरौली,Gola,1400,12100,3800000,1023,24,ग्रामीण क्षेत्र,रतनपुर/धुरियापार
आनन्दगढ़,Gola,1800,13200,4700000,1024,25,ग्रामीण क्षेत्र,खुटहन/धुरियापार
आशानन्दपुर,Gola,1900,13200,4400000,1025,26,ग्रामीण क्षेत्र,हवेली/धुरियापार
आशिकरौजा,Gola,2100,13200,4600000,1026,27,ग्रामीण क्षेत्र,हवेली/धुरियापार
अठसैया,Gola,1400,12100,3800000,1027,28,ग्रामीण क्षेत्र,रतनपुर/धुरियापार
इटौरा खुर्द,Gola,2100,13200,4600000,1028,29,ग्रामीण क्षेत्र,गौर/धुरियापार
इटौरा बुजुर्ग,Gola,2100,13200,4600000,1029,30,ग्रामीण क्षेत्र,गौर/धुरियापार
इटौरा उर्फ प्रेमगढ़,Gola,1400,12100,3800000,1030,31,ग्रामीण क्षेत्र,चांदपार/धुरियापार
उत्तरी चौरा,Gola,5100,28600,8300000,0002,32,अर्द्धनगरीय,वार्ड नं0–6 टा0ए0–गोला
उदईपुर,Gola,2500,15400,4600000,1031,33,ग्रामीण क्षेत्र,बरहज/धुरियापार
उनौली,Gola,2600,15400,5900000,1032,34,ग्रामीण क्षेत्र,चांदपार/धुरियापार
उरूवा,Gola,3800,28600,7500000,1033,35,ग्रामीण क्षेत्र,कुरमौट/धुरियापार
ऊँचागॉव,Gola,1400,12100,3800000,1034,36,ग्रामीण क्षेत्र,चांदपार/धुरियापार
उसरी,Gola,1800,12100,3800000,1035,37,ग्रामीण क्षेत्र,हवेली/चिल्लुपार
उसका,Gola,1400,12100,3800000,1036,38,ग्रामीण क्षेत्र,सेमरा/चिल्लुपार
कुम्हार टोला धोबी,Gola,5800,28600,8300000,0003,39,अर्द्धनगरीय,वार्ड नं0–7 टा0ए0–गोला
कुजरौटी,Gola,5100,28600,8300000,0004,40,अर्द्धनगरीय,वार्ड नं0–2 टा0ए0–गोला
कुजरौटी,Gola,5100,28600,8300000,0005,41,अर्द्धनगरीय,वार्ड नं0–4 टा0ए0–गोला
कसाब टोला,Gola,6300,33000,9700000,0029,42,अर्द्धनगरीय,वार्ड नं0–6 टा0ए0–बड़हलगंज
कुकुरहॉ,Gola,2100,17600,4700000,1037,43,ग्रामीण क्षेत्र,नर्रे/धुरियापार
कुड़ही,Gola,1400,12100,3800000,1038,44,ग्रामीण क्षेत्र,चांदपार/धुरियापार
कुनवार बाबू,Gola,1400,12100,3800000,1039,45,ग्रामीण क्षेत्र,कोंहरा/धुरियापार
कुनवार राजा,Gola,1400,12100,3800000,1040,46,ग्रामीण क्षेत्र,कोंहरा/धुरियापार
किशुनपुर,Gola,2100,13200,4400000,1041,47,ग्रामीण क्षेत्र,चांदपार/धुरियापार
किशुनपुर,Gola,4200,28600,7500000,1042,48,ग्रामीण क्षेत्र,कुरमौट/धुरियापार
कुरावल खुर्द,Gola,2100,13200,4400000,1043,49,ग्रामीण क्षेत्र,बेलघाट/धुरियापार
कुरावल बुजुर्ग,Gola,2100,13200,4400000,1044,50,ग्रामीण क्षेत्र,बेलघाट/धुरियापार
कुरौली,Gola,1850,13200,4400000,1045,51,ग्रामीण क्षेत्र,कुरमौट/धुरियापार
कुशल देईया,Gola,2100,13200,4400000,1046,52,ग्रामीण क्षेत्र,हवेली/धुरियापार
कुशहॉ,Gola,1400,12100,3800000,1047,53,ग्रामीण क्षेत्र,गौर/धुरियापार
केशवापार,Gola,1400,12100,3800000,1048,54,ग्रामीण क्षेत्र,गौर/धुरियापार
कैथौली,Gola,1400,12100,3800000,1049,55,ग्रामीण क्षेत्र,चांदपार/धुरियापार
ककरहीं,Gola,2100,13200,4400000,1050,56,ग्रामीण क्षेत्र,हवेली/धुरियापार
ककरहीं,Gola,2100,13200,4400000,1051,57,ग्रामीण क्षेत्र,चांदपार/धुरियापार
कटया,Gola,1400,12100,3800000,1052,58,ग्रामीण क्षेत्र,बरहज/धुरियापार
करौंदी,Gola,1400,12100,3800000,1053,59,ग्रामीण क्षेत्र,खुटहन/धुरियापार
कस्बाखटिक,Gola,1400,12100,3800000,1054,60,ग्रामीण क्षेत्र,हवेली/धुरियापार
कस्बा तेली,Gola,1400,12100,3800000,1055,61,ग्रामीण क्षेत्र,हवेली/धुरियापार
कस्बा हसन,Gola,2100,13200,4600000,1056,62,ग्रामीण क्षेत्र,हवेली/धुरियापार
काठ बुजुर्ग,Gola,1400,12100,3800000,1057,63,ग्रामीण क्षेत्र,कुरमौट/धुरियापार
कादमपुर,Gola,1400,12100,3800000,1058,64,ग्रामीण क्षेत्र,बनकट/धुरियापार
कारोकान उर्फ बारानगर मु0,Gola,1900,13200,4400000,1059,65,ग्रामीण क्षेत्र,रतनपुर/धुरियापार
काल्हीपार,Gola,1400,12100,3800000,1060,66,ग्रामीण क्षेत्र,चांदपार/धुरियापार
काश्त काशीनायक,Gola,1400,12100,3800000,1061,67,ग्रामीण क्षेत्र,चांदपार/धुरियापार
काश्त भवानीदत्त,Gola,1400,12100,3800000,1062,68,ग्रामीण क्षेत्र,कोंहरा/धुरियापार
काश्त मिश्रौली,Gola,1400,12100,3800000,1063,69,ग्रामीण क्षेत्र,कोंहरा/धुरियापार
काश्त सुबंश दूबे,Gola,1400,12100,3800000,1064,70,ग्रामीण क्षेत्र,गौर/धुरियापार
कोटवा अवदानी,Gola,1400,12100,3800000,1065,71,ग्रामीण क्षेत्र,कुरमौट/धुरियापार
कोड़र उर्फ बघोर,Gola,1400,12100,3800000,1066,72,ग्रामीण क्षेत्र,खुटहन/धुरियापार
कोड़री बुजुर्ग,Gola,1400,12100,3800000,1067,73,ग्रामीण क्षेत्र,हवेली/धुरियापार
कौड़िया,Gola,1400,12100,3800000,1068,74,ग्रामीण क्षेत्र,रतनपुर/धुरियापार
कोटियॉ,Gola,1800,12100,3800000,1069,75,ग्रामीण क्षेत्र,चांदपार/धुरियापार
कोटिया नायक,Gola,1400,12100,3800000,1070,76,ग्रामीण क्षेत्र,नर्रे/धुरियापार
कोहड़ी बु0,Gola,3100,17600,4700000,1071,77,ग्रामीण क्षेत्र,चांदपार/धुरियापार
कोहड़ी खुर्द,Gola,2500,17600,4600000,1072,78,ग्रामीण क्षेत्र,चांदपार/धुरियापार
कोहरा बु0,Gola,1400,12100,3800000,1073,79,ग्रामीण क्षेत्र,कोंहरा/धुरियापार
कोहरा खुर्द,Gola,1400,12100,3800000,1074,80,ग्रामीण क्षेत्र,कोंहरा/धुरियापार
कोहारचक,Gola,1900,12100,3800000,1075,81,ग्रामीण क्षेत्र,हवेली/धुरियापार
कौवाडील,Gola,1900,12100,4400000,1076,82,ग्रामीण क्षेत्र,चांदपार/धुरियापार
कोड़री,Gola,1400,12100,3800000,1077,83,ग्रामीण क्षेत्र,चांदपार/धुरियापार
कोहना गोपालपुर मु0,Gola,1400,12100,3800000,1078,84,ग्रामीण क्षेत्र,चांदपार/धुरियापार
कोहना गोपालपुर एहतमाली,Gola,1400,12100,3800000,1079,85,ग्रामीण क्षेत्र,चांदपार/धुरियापार
कलानी,Gola,1850,12100,4700000,1080,86,ग्रामीण क्षेत्र,कोहरा/धुरियापार
केशवपट्टी,Gola,1400,12100,3800000,1081,87,ग्रामीण क्षेत्र,हवेली/धुरियापार
कुकुरभुक्का,Gola,1400,12100,3800000,1082,88,ग्रामीण क्षेत्र,हवेली/चिल्लुपार
कुल्दवावारी,Gola,1400,12100,3800000,1083,89,ग्रामीण क्षेत्र,हवेली/चिल्लुपार
कुशभौना,Gola,1400,12100,3800000,1084,90,ग्रामीण क्षेत्र,हवेली/चिल्लुपार
करनपुरा,Gola,1400,12100,3800000,1085,91,ग्रामीण क्षेत्र,हवेली/चिल्लुपार
कल्यानपुर,Gola,1400,12100,3800000,1086,92,ग्रामीण क्षेत्र,सेमरा/चिल्लुपार
कवितापुर,Gola,1400,12100,3800000,1087,93,ग्रामीण क्षेत्र,सिकन्दरपुर/चिल्लुपार
कोईली खाल,Gola,1400,12100,3800000,1088,94,ग्रामीण क्षेत्र,सेमरा/चिल्लुपार
कोकटा,Gola,2500,17600,4600000,1089,95,ग्रामीण क्षेत्र,हवेली/चिल्लुपार
कोड़र नीलकण्ठ,Gola,1400,12100,3800000,1090,96,ग्रामीण क्षेत्र,सेमरा/चिल्लुपार
कोड़र पाण्डेय,Gola,1400,12100,3800000,1091,97,ग्रामीण क्षेत्र,सेमरा/चिल्लुपार
कोड़र तिवारी,Gola,1400,12100,3800000,1092,98,ग्रामीण क्षेत्र,सेमरा/चिल्लुपार
कोड़ारी मुस्तिकल,Gola,2500,17600,4600000,1093,99,ग्रामीण क्षेत्र,हवेली/चिल्लुपार
कोड़ारी एहतमाली,Gola,400,1000,1000000,1094,100,ग्रामीण क्षेत्र,हवेली/चिल्लुपार
कोल्हुआ,Gola,1900,13200,4400000,1095,101,ग्रामीण क्षेत्र,हवेली/चिल्लुपार
कोलखास मु0,Gola,1400,12100,3800000,1096,102,ग्रामीण क्षेत्र,सेमरा/चिल्लुपार
कुन्डा,Gola,400,1000,1000000,1097,103,ग्रामीण क्षेत्र,सिकन्दरपुर/चिल्लुपार
कोहराभावर,Gola,1400,12100,3800000,1098,104,ग्रामीण क्षेत्र,सिकन्दरपुर/चिल्लुपार
कटहा ड़ाड़ी,Gola,1400,12100,3800000,1099,105,ग्रामीण क्षेत्र,सिकन्दरपुर/चिल्लुपार
कृपालपुर,Gola,400,1000,1000000,1100,106,ग्रामीण क्षेत्र,सिकन्दरपुर/चिल्लुपार
कंसासुर,Gola,1400,12100,3800000,1101,107,ग्रामीण क्षेत्र,सेमरा/चिल्लुपार
कोटिया निरंजन,Gola,400,1000,1000000,1102,108,ग्रामीण क्षेत्र,सिकन्दरपुर/चिल्लुपार
कोटिया दीपशाह,Gola,400,1000,1000000,1103,109,ग्रामीण क्षेत्र,सिकन्दरपुर/चिल्लुपार
कल्यानपुर,Gola,5200,28600,9600000,1104,110,ग्रामीण क्षेत्र,कस्बा/चिल्लूपार
कृतपुरा,Gola,5200,28600,9700000,1105,111,ग्रामीण क्षेत्र,कस्बा/चिल्लूपार
कुरावं,Gola,4400,28600,8400000,1106,112,ग्रामीण क्षेत्र,हवेली/चिल्लूपार
कोलखास,Gola,400,1000,1000000,1107,113,ग्रामीण क्षेत्र,सिकन्दरपुर/चिल्लुपार
कटघरा,Gola,1400,12100,3800000,1108,114,ग्रामीण क्षेत्र,सेमरा/चिल्लुपार
खटिकाना,Gola,5000,28600,8300000,0006,115,अर्धनगरीय,वार्ड नं0–4 टा0ए0–गोला
खटिक टोला,Gola,5000,28600,8400000,0007,116,अर्धनगरीय,वार्ड नं0–2 टा0ए0–गोला
खटिक टोला,Gola,6300,33000,9700000,0030,117,अर्धनगरीय,वार्ड नं0–2 टा0ए0–बड़हलगंज
ख्वाबीपुर,Gola,1400,12100,3800000,1109,118,ग्रामीण क्षेत्र,हवेली/धुरियापार
खखाईज खोर,Gola,1400,12100,3800000,1110,119,ग्रामीण क्षेत्र,खुटहन/धुरियापार
खदरा,Gola,1500,12100,3800000,1111,120,ग्रामीण क्षेत्र,चांदपार/धुरियापार
खरगपट्टी,Gola,2000,15400,4600000,1112,121,ग्रामीण क्षेत्र,चांदपार/धुरियापार
खुटहनखास,Gola,1400,12100,3800000,1113,122,ग्रामीण क्षेत्र,खुटहन/धुरियापार
खैरपार,Gola,3100,15400,4600000,1114,123,ग्रामीण क्षेत्र,खुटहन/धुरियापार
खोंड़रा,Gola,1400,12100,3800000,1115,124,ग्रामीण क्षेत्र,खुटहन/धुरियापार
खोपापार,Gola,1900,13200,4400000,1116,125,ग्रामीण क्षेत्र,चांदपार/धुरियापार
खिरकिटा दूबे,Gola,1400,12100,3800000,1117,126,ग्रामीण क्षेत्र,कोंहरा/धुरियापार
खिरकिटा दीगर,Gola,1400,12100,3800000,1118,127,ग्रामीण क्षेत्र,कोंहरा/धुरियापार
खजुरी गोंसाई,Gola,1850,13200,4400000,1119,128,ग्रामीण क्षेत्र,सिकन्दरपुर/चिल्लुपार
खजुरी पाण्डेय,Gola,1900,12100,3800000,1120,129,ग्रामीण क्षेत्र,हवेली/चिल्लुपार
खंडेसरी मु0,Gola,2200,13200,4600000,1121,130,ग्रामीण क्षेत्र,सिकन्दरपुर/चिल्लुपार
खंडेसरी एह0,Gola,2500,13200,4600000,1122,131,ग्रामीण क्षेत्र,सिकन्दरपुर/चिल्लुपार
खुद्दीचक,Gola,400,1000,1000000,1123,132,ग्रामीण क्षेत्र,सिकन्दरपुर/चिल्लुपार
खोहिया पट्टी,Gola,1400,12100,3800000,1124,133,ग्रामीण क्षेत्र,सिकन्दरपुर/चिल्लुपार
खैराटी,Gola,400,1000,1000000,1125,134,ग्रामीण क्षेत्र,सिकन्दरपुर/चिल्लुपार
खुटभार मु0,Gola,1400,12100,3800000,1126,135,ग्रामीण क्षेत्र,सेमरा/चिल्लुपार
खुटभार एह0,Gola,1400,12100,3800000,1127,136,ग्रामीण क्षेत्र,सेमरा/चिल्लुपार
गउरा,Gola,1400,12100,4400000,1128,137,ग्रामीण क्षेत्र,बेलघाट/धुरियापार
गजपुर,Gola,1850,13200,3800000,1129,138,ग्रामीण क्षेत्र,कुरमौट/धुरियापार
गिधौवा,Gola,1400,12100,3800000,1130,139,ग्रामीण क्षेत्र,चांदपार/धुरियापार
गजबरी,Gola,1400,12100,3800000,1131,140,ग्रामीण क्षेत्र,चांदपार/धुरियापार
गजहड़ा,Gola,2100,13200,4600000,1132,141,ग्रामीण क्षेत्र,कोहरा/धुरियापार
गुदरचक,Gola,1400,12100,3800000,1133,142,ग्रामीण क्षेत्र,हवेली/धुरियापार
गेनुआडीह,Gola,1400,12100,3800000,1134,143,ग्रामीण क्षेत्र,गौर/धुरियापार
गंगवल,Gola,2100,13200,4700000,1135,144,ग्रामीण क्षेत्र,डाड़ी/धुरियापार
गाजेगड़हा,Gola,2300,13200,4600000,1136,145,ग्रामीण क्षेत्र,चांदपार/धुरियापार
गोड़सरी,Gola,1400,12100,3800000,1137,146,ग्रामीण क्षेत्र,चांदपार/धुरियापार
गोपलापुर,Gola,1400,12100,3800000,1138,147,ग्रामीण क्षेत्र,चांदपार/धुरियापार
गोपालपुर,Gola,3500,12100,4900000,1139,148,ग्रामीण क्षेत्र,चांदपार/धुरियापार
गोलापार,Gola,1400,12100,3800000,1140,149,ग्रामीण क्षेत्र,चांदपार/धुरियापार
गोलीपार,Gola,1400,12100,3800000,1141,150,ग्रामीण क्षेत्र,चांदपार/धुरियापार
गोविन्दपुर,Gola,2100,13200,4600000,1142,151,ग्रामीण क्षेत्र,डाड़ी/धुरियापार
गौर खास,Gola,2000,13200,4400000,1143,152,ग्रामीण क्षेत्र,गौर/धुरियापार
गौरपार,Gola,1400,12100,3800000,1144,153,ग्रामीण क्षेत्र,खुटहन/धुरियापार
गरथौली,Gola,5200,15400,9400000,1145,154,ग्रामीण क्षेत्र,हवेली/चिल्लूपार
गढ़वा रामपुर,Gola,2500,15400,4600000,1146,155,ग्रामीण क्षेत्र,हवेली/चिल्लुपार
गायघाट,Gola,1400,13200,3800000,1147,156,ग्रामीण क्षेत्र,सिकन्दरपुर/चिल्लुपार
गोरखपुरा,Gola,400,1000,1000000,1148,157,ग्रामीण क्षेत्र,सिकन्दरपुर/चिल्लुपार
गोनहा,Gola,400,1000,1000000,1149,158,ग्रामीण क्षेत्र,सिकन्दरपुर/चिल्लुपार
गोपलाभार,Gola,1400,12100,3800000,1150,159,ग्रामीण क्षेत्र,सिकन्दरपुर/चिल्लुपार
गोनघट,Gola,400,1000,1000000,1151,160,ग्रामीण क्षेत्र,सिकन्दरपुर/चिल्लुपार
गहिराघाट,Gola,1400,12100,3800000,1152,161,ग्रामीण क्षेत्र,मझवलिया/चिल्लुपार
घडारी,Gola,1400,12100,3800000,1153,162,ग्रामीण क्षेत्र,गौर/धुरियापार
धरावल,Gola,1400,12100,3800000,1154,163,ग्रामीण क्षेत्र,नर्रे/धुरियापार
धुचियारी,Gola,3100,13200,4600000,1155,164,ग्रामीण क्षेत्र,कुरमौट/धुरियापार
घोघीबारी,Gola,1400,12100,3800000,1156,165,ग्रामीण क्षेत्र,हवेली/धुरियापार
घोड़ालोटन,Gola,1400,12100,3800000,1157,166,ग्रामीण क्षेत्र,चांदपार/धुरियापार
घोंसी,Gola,1400,12100,3800000,1158,167,ग्रामीण क्षेत्र,मझवलिया/धुरियापार
चिल्लूपार,Gola,7200,33000,8400000,0031,168,अर्द्धनगरीय,वार्ड नं0–1 टा0ए0 बड़हलगंज
चकजलाल,Gola,1400,12100,3800000,1159,169,ग्रामीण क्षेत्र,मजुरी/धुरियापार
चकमहेशपुर,Gola,1400,12100,3800000,1160,170,ग्रामीण क्षेत्र,कोंहरा/धुरियापार
चकखाजे खीर,Gola,1400,12100,3800000,1161,171,ग्रामीण क्षेत्र,बेलघाट/धुरियापार
चक मुहम्मद सालेह,Gola,2100,13200,4600000,1162,172,ग्रामीण क्षेत्र,हवेली/धुरियापार
चक रूपैया,Gola,1400,12100,3800000,1163,173,ग्रामीण क्षेत्र,बेलघोट/धुरियापार
चक वलीद,Gola,1400,12100,3800000,1164,174,ग्रामीण क्षेत्र,कुरमौट/धुरियापार
चिकनिया,Gola,3800,28600,13100000,1165,175,ग्रामीण क्षेत्र,बरहज/धुरियापार
चक बाम्हीं,Gola,1400,12100,3800000,1166,176,ग्रामीण क्षेत्र,खुटहन/धुरियापार
चकसरया,Gola,1400,12100,3800000,1167,177,ग्रामीण क्षेत्र,चांदपार/धुरियापार
चक रामचरन,Gola,1400,12100,3800000,1168,178,ग्रामीण क्षेत्र,कुरमौट/धुरियापार
चचाईराम,Gola,3100,15400,4600000,1169,179,ग्रामीण क्षेत्र,कुरमौट/धुरियापार
चड़ेरिया,Gola,1400,12100,3800000,1170,180,ग्रामीण क्षेत्र,कोंहरा/धुरियापार
चन्दौली,Gola,2800,15400,6100000,1171,181,ग्रामीण क्षेत्र,चांदपार/धुरियापार
चिरवलिया खुर्द,Gola,1400,12100,3800000,1172,182,ग्रामीण क्षेत्र,चांदपार/धुरियापार
चिरवलिया बु0,Gola,1400,12100,3800000,1173,183,ग्रामीण क्षेत्र,चांदपार/धुरियापार
चिलवा,Gola,2100,13200,4600000,1174,184,ग्रामीण क्षेत्र,नर्रे/धुरियापार
चकियॉ,Gola,1400,12100,3800000,1175,185,ग्रामीण क्षेत्र,हवेली/धुरियापार
चिट्ठेपार,Gola,1400,12100,3800000,1176,186,ग्रामीण क्षेत्र,बरहज/धुरियापार
चकियॉ,Gola,1400,12100,3800000,1177,187,ग्रामीण क्षेत्र,बेलघाट/धुरियापार
चिरैया ड़ाड़,Gola,1850,13200,4400000,1178,188,ग्रामीण क्षेत्र,अठैसी/धुरियापार
चड़िहार,Gola,1400,12100,3800000,1179,189,ग्रामीण क्षेत्र,बरहज/धुरियापार
चुरामन पट्टी,Gola,1400,12100,3800000,1180,190,ग्रामीण क्षेत्र,मजुरी/धुरियापार
चेरूआ,Gola,1400,12100,3800000,1181,191,ग्रामीण क्षेत्र,नर्रे/धुरियापार
चाईपुर माफी,Gola,1400,12100,3800000,1182,192,ग्रामीण क्षेत्र,बेलघाट/धुरियापार
चाड़ी,Gola,1400,12100,3800000,1183,193,ग्रामीण क्षेत्र,गौर/धुरियापार
चोड़र खास,Gola,1400,12100,3800000,1184,194,ग्रामीण क्षेत्र,चोड़र/धुरियापार
चौकड़ी,Gola,1400,12100,3800000,1185,195,ग्रामीण क्षेत्र,चांदपार/धुरियापार
चांदपार,Gola,2000,13200,4600000,1186,196,ग्रामीण क्षेत्र,चांदपार/धुरियापार
चटौली,Gola,1400,12100,3800000,1187,197,ग्रामीण क्षेत्र,हवेली/चिल्लुपार
चिल्लूपार,Gola,6000,33000,9700000,1188,198,ग्रामीण क्षेत्र,हवेली/चिल्लुपार
चैनपुर,Gola,3100,13200,4400000,1189,199,ग्रामीण क्षेत्र,हवेली/चिल्लुपार
चौंतीसा,Gola,3300,17600,7200000,1190,200,ग्रामीण क्षेत्र,हवेली/चिल्लुपार
चौबौली,Gola,1400,12100,3800000,1191,201,ग्रामीण क्षेत्र,हवेली/चिल्लुपार
चवंरिया,Gola,1400,12100,3800000,1192,202,ग्रामीण क्षेत्र,चांदपार/धुरियापार
छोटी हरिजन टोला,Gola,5100,28600,8300000,0008,203,अर्द्धनगरीय,वार्ड नं0–2 टा0ए0 गोला
छोटी ब्यौरी मल्लाह टोली,Gola,5800,28600,8300000,0009,204,अर्द्धनगरीय,वार्ड नं0–3 टा0ए0 गोला
छितौना बुजुर्ग,Gola,1400,12100,3800000,1193,205,ग्रामीण क्षेत्र,खुटहन/धुरियापार
छितौना बुजुर्ग,Gola,1400,12100,3800000,1194,206,ग्रामीण क्षेत्र,बनकट/धुरियापार
छितौना खुर्द,Gola,1400,12100,3800000,1195,207,ग्रामीण क्षेत्र,बनकट/धुरियापार
छिबरचक,Gola,1400,12100,3800000,1196,208,ग्रामीण क्षेत्र,हवेली/धुरियापार
छितुआपार,Gola,1400,12100,3800000,1197,209,ग्रामीण क्षेत्र,हवेली/धुरियापार
छितौना,Gola,1400,12100,3800000,1198,210,ग्रामीण क्षेत्र,चोड़र/धुरियापार
छपरा,Gola,1400,12100,3800000,1199,211,ग्रामीण क्षेत्र,रतनपुर/धुरियापार
छपरा,Gola,1400,12100,3800000,1200,212,ग्रामीण क्षेत्र,ड़ाड़ी/धुरियापार
छपिया उमराव,Gola,2000,13200,4600000,1201,213,ग्रामीण क्षेत्र,सिकन्दरपुर/चिल्लुपार
छपिया,Gola,1600,12100,3800000,1202,214,ग्रामीण क्षेत्र,हवेली/चिल्लुपार
छपरा,Gola,1400,12100,3800000,1203,215,ग्रामीण क्षेत्र,मझवलिया/चिल्लुपार
जुज कुजरौटी,Gola,5100,28600,8300000,0010,216,अर्द्धनगरीय,वार्ड नं0–1 टा0ए0 गोला
जुल काली चौरा,Gola,5100,28600,8300000,0011,217,अर्द्धनगरीय,वार्ड नं0–1 टा0ए0 गोला
जील्हा टोला,Gola,5100,28600,8300000,0012,218,अर्द्धनगरीय,वार्ड नं0–4 टा0ए0 गोला
जगन्नाथपुर,Gola,3200,13200,4600000,1204,219,ग्रामीण क्षेत्र,चांदपार/धुरियापार
जगदीशपुर,Gola,2100,13200,4600000,1205,220,ग्रामीण क्षेत्र,बनकट/धुरियापार
जगदीशपुर,Gola,3100,17600,3800000,1206,221,ग्रामीण क्षेत्र,मजुरी/धुरियापार
जुगेशरा,Gola,1400,12100,3800000,1207,222,ग्रामीण क्षेत्र,चांदपार/धुरियापार
जीवछीन,Gola,1400,12100,3800000,1208,223,ग्रामीण क्षेत्र,चांदपार/धुरियापार
जिगनी बु0,Gola,1400,12100,3800000,1209,224,ग्रामीण क्षेत्र,चांदपार/धुरियापार
जिगनी खुर्द,Gola,1400,12100,3800000,1210,225,ग्रामीण क्षेत्र,चांदपार/धुरियापार
जाईपार,Gola,4500,28600,8300000,1211,226,ग्रामीण क्षेत्र,हवेली/चिल्लूपार
जगदीशपुर,Gola,1400,12100,3800000,1212,227,ग्रामीण क्षेत्र,सिकन्दरपुर/चिल्लुपार
जमीन शुक्ल,Gola,1400,12100,3800000,1213,228,ग्रामीण क्षेत्र,हवेली/चिल्लुपार
जैतपुर,Gola,400,1000,1000000,1214,229,ग्रामीण क्षेत्र,सिकन्दरपुर/चिल्लुपार
जयराम कोल,Gola,400,1000,1000000,1215,230,ग्रामीण क्षेत्र,सिकन्दरपुर/चिल्लुपार
जाईपार एह0,Gola,400,1000,1000000,1216,231,ग्रामीण क्षेत्र,हवेली/चिल्लुपार
ज्ञानकोल,Gola,400,1000,1000000,1217,232,ग्रामीण क्षेत्र,सिकन्दरपुर/चिल्लुपार
झरकटा,Gola,2100,13200,4600000,1218,233,ग्रामीण क्षेत्र,चांदपार/धुरियापार
झुमिला,Gola,3100,15400,4600000,1219,234,ग्रामीण क्षेत्र,खुटहन/धुरियापार
झाझा परसन,Gola,400,1000,1000000,1220,235,ग्रामीण क्षेत्र,सिकन्दरपुर/चिल्लुपार
झाझाशिव,Gola,400,1000,1000000,1221,236,ग्रामीण क्षेत्र,सिकन्दरपुर/चिल्लुपार
टड़वा सैदमाह,Gola,1400,12100,3800000,1222,237,ग्रामीण क्षेत्र,चांदपार/धुरियापार
टिकरी,Gola,2100,13200,4600000,1223,238,ग्रामीण क्षेत्र,रतनपुर/धुरियापार
टड़वा श्रीराम,Gola,2700,13200,4600000,1224,239,ग्रामीण क्षेत्र,चांदपार/धुरियापार
टड़वा बहलीन,Gola,2700,13200,4600000,1225,240,ग्रामीण क्षेत्र,चांदपार/धुरियापार
टांड़ी,Gola,3100,15400,4600000,1226,241,ग्रामीण क्षेत्र,कुरमौट/धुरियापार
टांड़ा,Gola,1900,13200,4400000,1227,242,ग्रामीण क्षेत्र,हवेली/चिल्लुपार
डिहवा,Gola,5100,28600,8300000,0013,243,अर्द्धनगरीय,वार्ड नं0–6 टा0ए0 गोला
डुमरी,Gola,2500,13200,4600000,1228,244,ग्रामीण क्षेत्र,चांदपार/धुरियापार
डम्मरपुर उर्फ मसहा,Gola,1400,12100,3800000,1229,245,ग्रामीण क्षेत्र,चांदपार/धुरियापार
डेहरीभार,Gola,1400,12100,3800000,1230,246,ग्रामीण क्षेत्र,चांदपार/धुरियापार
ड़ड़िया,Gola,1400,12100,3800000,1231,247,ग्रामीण क्षेत्र,रतनपुर/धुरियापार
डाड़ीखास,Gola,2100,13200,4600000,1232,248,ग्रामीण क्षेत्र,डाड़ी/धुरियापार
डिघवा बुजुर्ग,Gola,1400,12100,3800000,1233,249,ग्रामीण क्षेत्र,चांदपार/धुरियापार
डिघवा खुर्द,Gola,1400,12100,3800000,1234,250,ग्रामीण क्षेत्र,चांदपार/धुरियापार
डिघरूवा,Gola,1400,12100,3800000,1235,251,ग्रामीण क्षेत्र,गौर/धुरियापार
डेरवा,Gola,400,1000,1000000,1236,252,ग्रामीण क्षेत्र,सिकन्दरपुर/चिल्लुपार
डुमरी,Gola,1800,13200,4600000,1237,253,ग्रामीण क्षेत्र,सिकन्दरपुर/चिल्लुपार
ढ़कवार चक,Gola,1400,12100,3800000,1238,254,ग्रामीण क्षेत्र,नर्रे/धुरियापार
तेलियाना कालीचौरा,Gola,5100,28600,8300000,0014,255,अर्द्धनगरीय,वार्ड नं0–9 टा0ए0 गोला
तिवारीपुर,Gola,6200,33000,9700000,0032,256,अर्द्धनगरीय,वार्ड नं0–9 टा0ए0 बड़हलगंज
तरयापार,Gola,1850,13200,4400000,1239,257,ग्रामीण क्षेत्र,रतनपुर/धुरियापार
तुर्कबलिया,Gola,2100,15400,4600000,1240,258,ग्रामीण क्षेत्र,बरहज/धुरियापार
तालकासो,Gola,1400,12100,3800000,1241,259,ग्रामीण क्षेत्र,चांदपार/धुरियापार
ताल नेनुआ,Gola,1400,12100,3800000,1242,260,ग्रामीण क्षेत्र,चांदपार/धुरियापार
तिलसर,Gola,2100,13200,4600000,1243,261,ग्रामीण क्षेत्र,नर्रे/धुरियापार
तीरागॉव,Gola,1400,12100,3800000,1244,262,ग्रामीण क्षेत्र,रतनपुर/धुरियापार
ताहिर चक,Gola,1400,12100,3800000,1245,263,ग्रामीण क्षेत्र,हवेली/धुरियापार
तुर्कवलिया,Gola,1400,12100,3800000,1246,264,ग्रामीण क्षेत्र,सिकन्दरपुर/चिल्लुपार
तिवारीपुर,Gola,400,1000,1000000,1247,265,ग्रामीण क्षेत्र,सिकन्दरपुर/चिल्लुपार
तुलसीपुर,Gola,1400,12100,3800000,1248,266,ग्रामीण क्षेत्र,सेमरा/चिल्लुपार
ताल सोनवह,Gola,400,1000,1000000,1249,267,ग्रामीण क्षेत्र,सिकन्दरपुर/चिल्लुपार
ताल भगना,Gola,1400,12100,3800000,1250,268,ग्रामीण क्षेत्र,सिकन्दरपुर/चिल्लुपार
तीहा मोहम्मदपुर,Gola,1800,13200,4400000,1251,269,ग्रामीण क्षेत्र,हवेली/चिल्लुपार
थाना से पूरब मेन रोड,Gola,5100,28600,8300000,0015,270,अर्द्धनगरीय,वार्ड नं0–5 टा0ए0 गोला
थरूवाडीह,Gola,1400,12100,3800000,1252,271,ग्रामीण क्षेत्र,मजुरी/धुरियापार
दलदरहा,Gola,5800,28600,8300000,0016,272,अर्द्धनगरीय,वार्ड नं0–3 टा0ए0 गोला
दलदरहा,Gola,5800,28600,8300000,0017,273,अर्द्धनगरीय,वार्ड नं0–10 टा0ए0 गोला
दुधरा,Gola,1850,13200,4400000,1253,274,ग्रामीण क्षेत्र,हवेली/चिल्लुपार
दुधवा,Gola,1400,12100,3800000,1254,275,ग्रामीण क्षेत्र,कोंहरा/धुरियापार
दुबरीपुरा,Gola,1400,12100,3800000,1255,276,ग्रामीण क्षेत्र,कुरमौट/धुरियापार
दुरूई,Gola,1850,13200,4400000,1256,277,ग्रामीण क्षेत्र,चांदपार/धुरियापार
दुबौली,Gola,1850,13200,4600000,1257,278,ग्रामीण क्षेत्र,चांदपार/धुरियापार
देईडीहा,Gola,3200,15400,4800000,1258,279,ग्रामीण क्षेत्र,चांदपार/धुरियापार
दिलावरचक,Gola,1400,12100,3800000,1259,280,ग्रामीण क्षेत्र,बेलघाट/धुरियापार
देदापार,Gola,1400,12100,3800000,1260,281,ग्रामीण क्षेत्र,गौर/धुरियापार
देवकली,Gola,1850,13200,4000000,1261,282,ग्रामीण क्षेत्र,खुटहन/धुरियापार
देवकली,Gola,3100,15400,4600000,1262,283,ग्रामीण क्षेत्र,चांदपार/धुरियापार
देवराजपार खुर्द,Gola,2100,13200,4600000,1263,284,ग्रामीण क्षेत्र,हवेली/धुरियापार
देवराजपार बु0,Gola,2100,13200,4600000,1264,285,ग्रामीण क्षेत्र,हवेली/धुरियापार
देवईपीपर एह0,Gola,1400,1000,1000000,1265,286,ग्रामीण क्षेत्र,रतनपुर/धुरियापार
देवईपीपर मु0,Gola,1400,12100,3800000,1266,287,ग्रामीण क्षेत्र,रतनपुर/धुरियापार
देवलापार,Gola,1400,12100,3800000,1267,288,ग्रामीण क्षेत्र,बरहज/धुरियापार
देवापार,Gola,2500,13200,4600000,1268,289,ग्रामीण क्षेत्र,चांदपार/धुरियापार
देवारीबारी,Gola,1400,12100,3800000,1269,290,ग्रामीण क्षेत्र,चांदपार/धुरियापार
दर्जीचक,Gola,1400,12100,3800000,1270,291,ग्रामीण क्षेत्र,बेलघाट/धुरियापार
ददरा,Gola,1400,12100,3800000,1271,292,ग्रामीण क्षेत्र,खुटहन/धुरियापार
ददरा काश्त मटिहानी,Gola,2500,13200,4600000,1272,293,ग्रामीण क्षेत्र,खुटहन/धुरियापार
दलुआ,Gola,1400,12100,3800000,1273,294,ग्रामीण क्षेत्र,खुटहन/धुरियापार
देदापार,Gola,1400,12100,3800000,1274,295,ग्रामीण क्षेत्र,मजुरी/धुरियापार
दोरम्हा,Gola,1400,12100,3800000,1275,296,ग्रामीण क्षेत्र,खुटहन/धुरियापार
दीपगढ़,Gola,1400,12100,3800000,1276,297,ग्रामीण क्षेत्र,बरहज/धुरियापार
दुर्गापुर,Gola,1400,12100,3800000,1277,298,ग्रामीण क्षेत्र,हवेली/चिल्लुपार
ददरी मु0,Gola,1400,12100,3800000,1278,299,ग्रामीण क्षेत्र,सेमरा/चिल्लुपार
दवनाडीह,Gola,1400,12100,3800000,1279,300,ग्रामीण क्षेत्र,सेमरा/चिल्लुपार
द्वारिका पट्टी,Gola,1400,12100,3800000,1280,301,ग्रामीण क्षेत्र,हवेली/चिल्लुपार
दिसतौलियाा एहतमाली,Gola,400,1000,1000000,1281,302,ग्रामीण क्षेत्र,सिकन्दरपुर/चिल्लुपार
दिसतौलिया मु0,Gola,400,1000,1000000,1282,303,ग्रामीण क्षेत्र,सिकन्दरपुर/चिल्लुपार
धोबी हट्टा,Gola,5100,17600,8300000,0018,304,अर्द्धनगरीय,वार्ड नं0–7 टा0ए0–गोला
धुनिया टोला,Gola,6200,33000,9700000,0033,305,अर्द्धनगरीय,वार्ड नं0–10 टा0ए0–बड़हलगंज
धनरजैपुर,Gola,2500,13200,4600000,1283,306,ग्रामीण क्षेत्र,चांदपार/धुरियापार
धनराजपुर,Gola,1400,12100,3800000,1284,307,ग्रामीण क्षेत्र,चांदपार/धुरियापार
धनांव,Gola,2500,13200,4600000,1285,308,ग्रामीण क्षेत्र,खुटहन/धुरियापार
धुरीपुर,Gola,1400,12100,3800000,1286,309,ग्रामीण क्षेत्र,बेलघाट/धुरियापार
धुरियापार,Gola,2100,13200,4600000,1287,310,ग्रामीण क्षेत्र,हवेली/धुरियापार
धौरहरा,Gola,1400,12100,3800000,1288,311,ग्रामीण क्षेत्र,चांदपार/धुरियापार
धौसहर उर्फ बेलवाभारी,Gola,1400,12100,3800000,1289,312,ग्रामीण क्षेत्र,चांदपार/धुरियापार
धनौली,Gola,1800,13200,4600000,1290,313,ग्रामीण क्षेत्र,हवेली/चिल्लुपार
धरमपुर,Gola,1400,12100,3800000,1291,314,ग्रामीण क्षेत्र,हवेली/चिल्लुपार
धुधुरी,Gola,1400,12100,3800000,1292,315,ग्रामीण क्षेत्र,हवेली/चिल्लूपार
धोबौली,Gola,1400,12100,3800000,1293,316,ग्रामीण क्षेत्र,हवेली/चिल्लूपार
नद्दाक टोला,Gola,6200,33000,9700000,0034,317,अर्द्धनगरीय,वार्ड नं0–10 टा0ए0–बड़हलगंज
नौसहरा,Gola,6200,33000,9700000,0035,318,अर्द्धनगरीय,वार्ड नं0–7 टा0ए0–बड़हलगंज
नई हनुमान गढ़ी,Gola,6200,33000,9700000,0036,319,अर्द्धनगरीय,वार्ड नं0–13 टा0ए0–बड़हलगंज
नकटी,Gola,1400,12100,3800000,1294,320,ग्रामीण क्षेत्र,बरहज/धुरियापार
नकौझा,Gola,2100,13200,5500000,1295,321,ग्रामीण क्षेत्र,कुरमौट/धुरियापार
नगवा भगवान,Gola,1400,12100,3800000,1296,322,ग्रामीण क्षेत्र,चांदपार/धुरियापार
नगवा प्रेम,Gola,2500,13200,4600000,1297,323,ग्रामीण क्षेत्र,चांदपार/धुरियापार
नरायनपुर खुर्द,Gola,1400,12100,3800000,1298,324,ग्रामीण क्षेत्र,गौर/धुरियापार
नरायनपुर बु0,Gola,1400,12100,3800000,1299,325,ग्रामीण क्षेत्र,गौर/धुरियापार
नरोत्तमपुर,Gola,1400,12100,3800000,1300,326,ग्रामीण क्षेत्र,चांदपार/धुरियापार
नरहन मु0,Gola,1400,12100,3800000,1301,327,ग्रामीण क्षेत्र,बरहज/धुरियापार
नहरन ए0,Gola,1400,12100,3800000,1302,328,ग्रामीण क्षेत्र,बरहज/धुरियापार
नवली,Gola,2100,13200,4600000,1303,329,ग्रामीण क्षेत्र,चांदपार/धुरियापार
नुआंव,Gola,2500,13200,4600000,1304,330,ग्रामीण क्षेत्र,बरहज/धुरियापार
नसरूल्लाहपुर खुर्द,Gola,1400,12100,3800000,1305,331,ग्रामीण क्षेत्र,बनकट/धुरियापार
नसरूल्लाहपुर बुजुर्ग,Gola,1400,12100,3800000,1306,332,ग्रामीण क्षेत्र,बनकट/धुरियापार
नन्दू पिपरा,Gola,1800,13200,4400000,1307,333,ग्रामीण क्षेत्र,हवेली/धुरियापार
नीबीदूबे,Gola,1400,12100,3800000,1308,334,ग्रामीण क्षेत्र,खुटहन/धुरियापार
नसीरपुर,Gola,1400,12100,3800000,1309,335,ग्रामीण क्षेत्र,चांदपार/धुरियापार
नेवसा,Gola,2100,13200,4600000,1310,336,ग्रामीण क्षेत्र,चांदपार/धुरियापार
नेवाइजपार,Gola,1400,12100,3800000,1311,337,ग्रामीण क्षेत्र,खुटहन/धुरियापार
नेवादा,Gola,1400,12100,3800000,1312,338,ग्रामीण क्षेत्र,खुटहन/धुरियापार
नेवादा,Gola,1800,13200,4600000,1313,339,ग्रामीण क्षेत्र,चांदपार/धुरियापार
नेवादा,Gola,3100,17600,5300000,1314,340,ग्रामीण क्षेत्र,मजुरी/धुरियापार
नेवास,Gola,1800,13200,4600000,1315,341,ग्रामीण क्षेत्र,गौर/धुरियापार
नीबी तिला,Gola,1400,12100,3800000,1316,342,ग्रामीण क्षेत्र,खुटहन/धुरियापार
नीबी सेनी,Gola,1400,12100,3800000,1317,343,ग्रामीण क्षेत्र,खुटहन/धुरियापार
नचना,Gola,1400,12100,3800000,1318,344,ग्रामीण क्षेत्र,सिकन्दरपुर/चिल्लुपार
नदीवा,Gola,1800,13200,4400000,1319,345,ग्रामीण क्षेत्र,हवेली/चिल्लुपार
नेतवार पट्टी मु0,Gola,1400,13200,3800000,1320,346,ग्रामीण क्षेत्र,सिकन्दरपुर/चिल्लुपार
नेतवार पट्टी एह0,Gola,400,1000,1000000,1321,347,ग्रामीण क्षेत्र,सिकन्दरपुर/चिल्लुपार
नागपुर,Gola,1400,12100,3800000,1322,348,ग्रामीण क्षेत्र,सिकन्दरपुर/चिल्लुपार
नौहट्टा,Gola,1400,12100,3800000,1323,349,ग्रामीण क्षेत्र,हवेली/चिल्लुपार
नवलपुर,Gola,1400,12100,3800000,1324,350,ग्रामीण क्षेत्र,सेमरा/चिल्लुपार
नीबी दूबे,Gola,1400,12100,3800000,1325,351,ग्रामीण क्षेत्र,हवेली/चिल्लुपार
नरहरपुर,Gola,1850,13200,4400000,1326,352,ग्रामीण क्षेत्र,सिकन्दरपुर/चिल्लुपार
नरहरपुर एह0,Gola,400,1000,1000000,1327,353,ग्रामीण क्षेत्र,सिकन्दरपुर/चिल्लुपार
नरही,Gola,400,1000,1000000,1328,354,ग्रामीण क्षेत्र,सिकन्दरपुर/चिल्लुपार
नरहन एहतमाली,Gola,400,1000,1000000,1329,355,ग्रामीण क्षेत्र,सिकन्दरपुर/चिल्लुपार
पश्चिमी मल्लाह टोली,Gola,5100,28600,8300000,0019,356,अर्द्धनगरीय,वार्ड नं0–6 टा0ए0 गोला
पक्का घाट,Gola,5100,28600,8300000,0020,357,अर्द्धनगरीय,वार्ड नं0–11 टा0ए0 गोला
पुरानी हनुमान गढ़ी,Gola,6200,33000,9700000,0037,358,अर्द्धनगरीय,वार्ड नं0–13 टा0ए0 बड़हलगंज
पंडितपुरा,Gola,6200,33000,9700000,0038,359,अर्द्धनगरीय,वार्ड नं0–5 टा0ए0 बड़हलगंज
पुराना गोला मोहल्ला,Gola,6200,33000,9700000,0039,360,अर्द्धनगरीय,वार्ड नं0–8 टा0ए0 बड़हलगंज
पटना मु0,Gola,1800,13200,4400000,1330,361,ग्रामीण क्षेत्र,सिकन्दरपुर/चिल्लुपार
पटना ए0,Gola,1800,13200,4400000,1331,362,ग्रामीण क्षेत्र,सिकन्दरपुर/चिल्लुपार
परसिया जदीद,Gola,400,1000,1000000,1332,363,ग्रामीण क्षेत्र,सिकन्दरपुर/चिल्लुपार
परसिया तिवारी,Gola,1800,12100,3800000,1333,364,ग्रामीण क्षेत्र,सिकन्दरपुर/चिल्लुपार
पुश्कर खुर्द,Gola,1800,13200,4400000,1334,365,ग्रामीण क्षेत्र,हवेली/चिल्लुपार
पुश्कर बुजुर्ग,Gola,1800,12100,4400000,1335,366,ग्रामीण क्षेत्र,हवेली/चिल्लुपार
पैकौली अमानचक,Gola,1400,12100,3800000,1336,367,ग्रामीण क्षेत्र,हवेली/चिल्लुपार
पोहिला,Gola,1400,12100,3800000,1337,368,ग्रामीण क्षेत्र,हवेली/चिल्लुपार
पिड़हनी,Gola,1800,13200,4400000,1338,369,ग्रामीण क्षेत्र,सिकन्दरपुर/चिल्लुपार
पिपरड़ाडी,Gola,1400,12100,3800000,1339,370,ग्रामीण क्षेत्र,सिकन्दरपुर/चिल्लुपार
पौहरिया,Gola,1400,12100,3800000,1340,371,ग्रामीण क्षेत्र,सिकन्दरपुर/चिल्लुपार
परसिया भदवार,Gola,400,1000,1000000,1341,372,ग्रामीण क्षेत्र,सिकन्दरपुर/चिल्लुपार
परसिया मथमरवा,Gola,400,1000,1000000,1342,373,ग्रामीण क्षेत्र,सिकन्दरपुर/चिल्लुपार
पूरी दूबे उर्फ कतलहीं,Gola,3100,13200,5300000,1343,374,ग्रामीण क्षेत्र,हवेली/चिल्लुपार
पकड़ी,Gola,1400,12100,3800000,1344,375,ग्रामीण क्षेत्र,बेलघाट/धुरियापार
पकड़ी,Gola,1400,12100,3800000,1345,376,ग्रामीण क्षेत्र,हवेली/धुरियापार
पकड़ी,Gola,2100,13200,4600000,1346,377,ग्रामीण क्षेत्र,कोंहरा/धुरियापार
पचपेड़वा,Gola,1400,12100,3800000,1347,378,ग्रामीण क्षेत्र,बेलघाट/धुरियापार
पचौहा,Gola,1400,12100,3800000,1348,379,ग्रामीण क्षेत्र,कुरमौट/धुरियापार
पठखौली,Gola,1400,12100,3800000,1349,380,ग्रामीण क्षेत्र,बरहज/धुरियापार
पटौहा,Gola,2100,13200,4600000,1350,381,ग्रामीण क्षेत्र,नर्रे/धुरियापार
पड़ैनिया,Gola,1400,12100,3800000,1351,382,ग्रामीण क्षेत्र,नर्रे/धुरियापार
पड़री,Gola,1400,12100,3800000,1352,383,ग्रामीण क्षेत्र,बरहज/धुरियापार
पड़ौली,Gola,2100,13200,4600000,1353,384,ग्रामीण क्षेत्र,चांदपार/धुरियापार
पड़ौली,Gola,1850,13200,4600000,1354,385,ग्रामीण क्षेत्र,खुटहन/धुरियापार
पढ़ौतिया,Gola,1400,12100,3800000,1355,386,ग्रामीण क्षेत्र,बेलघाट/धुरियापार
पतरा,Gola,1400,12100,3800000,1356,387,ग्रामीण क्षेत्र,चांदपार/धुरियापार
पदमलपार,Gola,1400,12100,3800000,1357,388,ग्रामीण क्षेत्र,खुटहन/धुरियापार
परनई उर्फ अर्जुनपुरा मु0,Gola,2700,13200,5900000,1358,389,ग्रामीण क्षेत्र,चांदपार/धुरियापार
परनई उर्फ अर्जुनपुरा एह0,Gola,2700,13200,5900000,1359,390,ग्रामीण क्षेत्र,चांदपार/धुरियापार
परसिया,Gola,1850,13200,4600000,1360,391,ग्रामीण क्षेत्र,खुटहन/धुरियापार
परसिया रावत,Gola,1800,13200,4600000,1361,392,ग्रामीण क्षेत्र,चांदपार/धुरियापार
परसिया शुक्ल,Gola,1400,12100,3800000,1362,393,ग्रामीण क्षेत्र,चांदपार/धुरियापार
परसिया निस्फीराजा,Gola,1600,12100,3800000,1363,394,ग्रामीण क्षेत्र,चांदपार/धुरियापार
परसा उर्फ अलगहवा,Gola,2100,13200,4600000,1364,395,ग्रामीण क्षेत्र,चांदपार/धुरियापार
परसा बु0,Gola,1800,13200,4600000,1365,396,ग्रामीण क्षेत्र,कुरमौट/धुरियापार
परसा खुर्द,Gola,1600,12100,3800000,1366,397,ग्रामीण क्षेत्र,कुरमौट/धुरियापार
पिपरानन्दू,Gola,1800,13200,4600000,1367,398,ग्रामीण क्षेत्र,हवेली/धुरियापार
पिपरापाठक,Gola,2500,13200,4600000,1368,399,ग्रामीण क्षेत्र,चांदपार/धुरियापार
पिपरी खुर्द,Gola,1400,12100,3800000,1369,400,ग्रामीण क्षेत्र,बेलघाट/धुरियापार
पिपरी बुजुर्ग,Gola,1400,12100,3800000,1370,401,ग्रामीण क्षेत्र,बेलघाट/धुरियापार
पल्हवापुर,Gola,1400,12100,3800000,1371,402,ग्रामीण क्षेत्र,बनकट/धुरियापार
पुरैनी,Gola,1400,12100,3800000,1372,403,ग्रामीण क्षेत्र,खुटहन/धुरियापार
पूरादयाल,Gola,1400,12100,3800000,1373,404,ग्रामीण क्षेत्र,चांदपार/धुरियापार
पहाड़पुर,Gola,2100,17600,4600000,1374,405,ग्रामीण क्षेत्र,बेलघाट/धुरियापार
पहाडपुर,Gola,2100,17600,4600000,1375,406,ग्रामीण क्षेत्र,नर्रे/धुरियापार
प्रतापीपुर,Gola,1400,12100,3800000,1376,407,ग्रामीण क्षेत्र,बनकट/धुरियापार
पान्डेयपुर,Gola,1400,12100,3800000,1377,408,ग्रामीण क्षेत्र,चांदपार/धुरियापार
पोखरी गॉव,Gola,2100,12100,4600000,1378,409,ग्रामीण क्षेत्र,कोंहरा/धुरियापार
फरसाड़,Gola,3100,17600,4000000,1379,410,ग्रामीण क्षेत्र,हवेली/धुरियापार
फत्तेपुर,Gola,1400,12100,3800000,1380,411,ग्रामीण क्षेत्र,बनकट/धुरियापार
फत्तेहपुर,Gola,1400,12100,3800000,1381,412,ग्रामीण क्षेत्र,चांदपार/धुरियापार
ब्रम्हस्थान,Gola,5100,28600,8300000,0021,413,अर्द्धनगरीय,वार्ड नं0–8 टा0ए0 गोला
ब्रम्हस्थान,Gola,5100,28600,8300000,0022,414,अर्द्धनगरीय,वार्ड नं0–10 टा0ए0 गोला
ब्रम्हस्थान,Gola,5100,28600,8300000,0023,415,अर्द्धनगरीय,वार्ड नं0–11 टा0ए0 गोला
बेनी बाबू का कुऑं,Gola,6200,33000,9700000,0040,416,अर्द्धनगरीय,वार्ड नं0–4 टा0ए0 बड़हलगंज
बधुईया,Gola,3100,15400,4400000,1382,417,ग्रामीण क्षेत्र,खुटहन/धुरियापार
बड़ैला,Gola,1400,12100,3800000,1383,418,ग्रामीण क्षेत्र,चांदपार/धुरियापार
बढ़या बुजुर्ग,Gola,1400,12100,3800000,1384,419,ग्रामीण क्षेत्र,चांदपार/धुरियापार
बढ़या खुर्द,Gola,1400,12100,3800000,1385,420,ग्रामीण क्षेत्र,चांदपार/धुरियापार
बथुआ बुजुर्ग,Gola,1850,13200,4700000,1386,421,ग्रामीण क्षेत्र,कुरमौर/धुरियापार
बन्दुआरी पाठक,Gola,1400,12100,3800000,1387,422,ग्रामीण क्षेत्र,चांदपार/धुरियापार
बन्दुआरी सूर्यभान,Gola,1400,12100,3800000,1388,423,ग्रामीण क्षेत्र,चांदपार/धुरियापार
बनरही,Gola,2700,13200,5900000,1389,424,ग्रामीण क्षेत्र,चांदपार/धुरियापार
बभनपुरा,Gola,1400,12100,3800000,1390,425,ग्रामीण क्षेत्र,मजुरी/धुरियापार
बनकटी,Gola,2100,13200,4600000,1391,426,ग्रामीण क्षेत्र,बेलघाट/धुरियापार
बरईपुरा उर्फ पड़ौली,Gola,1400,12100,3800000,1392,427,ग्रामीण क्षेत्र,चांदपार/धुरियापार
बरईपार,Gola,1400,12100,3800000,1393,428,ग्रामीण क्षेत्र,अठैसी/धुरियापार
बरईपार,Gola,1400,12100,3800000,1394,429,ग्रामीण क्षेत्र,खुटहन/धुरियापार
बरईपार,Gola,1400,12100,3800000,1395,430,ग्रामीण क्षेत्र,हवेली/धुरियापार
विसरा,Gola,2500,15400,4600000,1396,431,ग्रामीण क्षेत्र,बरहज/धुरियापार
ब्यौरी,Gola,3600,28600,11800000,1397,432,ग्रामीण क्षेत्र,बरहज/धुरियापार
बनकटा,Gola,3600,15400,5700000,1398,433,ग्रामीण क्षेत्र,बरहज/धुरियापार
बांहपुर,Gola,3600,15400,6600000,1399,434,ग्रामीण क्षेत्र,बरहज/धुरियापार
बरईपार दूबे,Gola,1400,12100,3800000,1400,435,ग्रामीण क्षेत्र,चांदपार/धुरियापार
बरईपार रामरूप,Gola,1400,12100,3800000,1401,436,ग्रामीण क्षेत्र,चांदपार/धुरियापार
बरपरवा,Gola,1400,12100,3800000,1402,437,ग्रामीण क्षेत्र,चांदपार/धुरियापार
बरपार,Gola,1400,12100,3800000,1403,438,ग्रामीण क्षेत्र,खुटहन/धुरियापार
बरवल दीगर,Gola,1400,12100,3800000,1404,439,ग्रामीण क्षेत्र,खुटहन/धुरियापार
बरहज मु0,Gola,1400,12100,3800000,1405,440,ग्रामीण क्षेत्र,बरहज/धुरियापार
बरहज पार,Gola,2100,12100,4600000,1406,441,ग्रामीण क्षेत्र,नर्रे/धुरियापार
बर्राह,Gola,2100,13200,4600000,1407,442,ग्रामीण क्षेत्र,चांदपार/धुरियापार
बरियार,Gola,1800,13200,4600000,1408,443,ग्रामीण क्षेत्र,गौर/धुरियापार
बुलाकी चक,Gola,1400,12100,3800000,1409,444,ग्रामीण क्षेत्र,चांदपार/धुरियापार
बहदुराबाद,Gola,1400,12100,3800000,1410,445,ग्रामीण क्षेत्र,खुटहन/धुरियापार
बसन्तपुर,Gola,1400,12100,3800000,1411,446,ग्रामीण क्षेत्र,चांदपार/धुरियापार
बेलनापार,Gola,1400,12100,3800000,1412,447,ग्रामीण क्षेत्र,चांदपार/धुरियापार
बेलपार,Gola,1400,12100,3800000,1413,448,ग्रामीण क्षेत्र,नर्रे/धुरियापार
बेलपार,Gola,1400,12100,3800000,1414,449,ग्रामीण क्षेत्र,खुटहन/धुरियापार
बेलही,Gola,1400,12100,3800000,1415,450,ग्रामीण क्षेत्र,गौर/धुरियापार
बनवारपार,Gola,1850,13200,4400000,1416,451,ग्रामीण क्षेत्र,चांदपार/धुरियापार
बरपार माफी,Gola,2500,13200,4600000,1417,452,ग्रामीण क्षेत्र,चांदपार/धुरियापार
बरवल ईश्वरी प्रसाद,Gola,1850,13200,4400000,1418,453,ग्रामीण क्षेत्र,अठैसी/धुरियापार
बरवल शंकर प्रसाद,Gola,1400,12100,3800000,1419,454,ग्रामीण क्षेत्र,अठैसी/धुरियापार
बेलपार पाठक,Gola,1400,12100,3800000,1420,455,ग्रामीण क्षेत्र,रतनपुर/धुरियापार
बेलासपुर,Gola,3600,28600,6900000,1421,456,ग्रामीण क्षेत्र,कुरमौट/धुरियापार
बैरवा काजी,Gola,2100,13200,4600000,1422,457,ग्रामीण क्षेत्र,हवेली/धुरियापार
बाड़ेपार,Gola,2100,13200,4600000,1423,458,ग्रामीण क्षेत्र,डाड़ी/धुरियापार
बाड़ीतरया,Gola,1400,12100,3800000,1424,459,ग्रामीण क्षेत्र,चांदपार/धुरियापार
बाथ बुजुर्ग,Gola,1800,13200,4600000,1425,460,ग्रामीण क्षेत्र,चांदपार/धुरियापार
बाथ खुर्द,Gola,1400,12100,3800000,1426,461,ग्रामीण क्षेत्र,चांदपार/धुरियापार
बीबीपुर,Gola,1400,12100,3800000,1427,462,ग्रामीण क्षेत्र,हवेली/धुरियापार
बिजुलिया डांड,Gola,2100,13200,4600000,1428,463,ग्रामीण क्षेत्र,रतनपुर/धुरियापार
बिरई बु0,Gola,2600,17600,4800000,1429,464,ग्रामीण क्षेत्र,कुरमौट/धुरियापार
विमटी,Gola,1850,13200,4000000,1430,465,ग्रामीण क्षेत्र,चांदपार/धुरियापार
बिरई खुर्द,Gola,2700,17600,4800000,1431,466,ग्रामीण क्षेत्र,कुरमौट/धुरियापार
विजई उर्फ भीरपुर,Gola,1400,12100,3800000,1432,467,ग्रामीण क्षेत्र,चांदपार/धुरियापार
बगहीं,Gola,1400,12100,3800000,1433,468,ग्रामीण क्षेत्र,बेलघाट/धुरियापार
बगहीं,Gola,1400,12100,3800000,1434,469,ग्रामीण क्षेत्र,रतनपुर/धुरियापार
बड़गो,Gola,1850,13200,4400000,1435,470,ग्रामीण क्षेत्र,नर्रे/धुरियापार
बनकट,Gola,1600,12100,3800000,1436,471,ग्रामीण क्षेत्र,हवेली/धुरियापार
विशुनपुर राजा,Gola,1400,12100,3800000,1437,472,ग्रामीण क्षेत्र,चांदपार/धुरियापार
विशुनपुर पाण्डेय,Gola,1400,12100,3800000,1438,473,ग्रामीण क्षेत्र,चांदपार/धुरियापार
बेलसड़,Gola,1400,12100,3800000,1439,474,ग्रामीण क्षेत्र,हवेली/धुरियापार
बेलसड़ा,Gola,1850,13200,4400000,1440,475,ग्रामीण क्षेत्र,खुटहन/धुरियापार
बैकुण्ठपुर,Gola,1850,13200,4400000,1441,476,ग्रामीण क्षेत्र,गौर/धुरियापार
बैदौली,Gola,1400,12100,3800000,1442,477,ग्रामीण क्षेत्र,गौर/धुरियापार
बैरवा खातून,Gola,2100,13200,4600000,1443,478,ग्रामीण क्षेत्र,हवेली/धुरियापार
बैरिया,Gola,1400,12100,3800000,1444,479,ग्रामीण क्षेत्र,मजुरी/धुरियापार
बाघागाड़ा,Gola,1400,12100,3800000,1445,480,ग्रामीण क्षेत्र,खुटहन/धुरियापार
बासदेवपुर,Gola,2100,13200,4600000,1446,481,ग्रामीण क्षेत्र,हवेली/धुरियापार
बौरडीह खुर्द,Gola,1400,12100,3800000,1447,482,ग्रामीण क्षेत्र,बेलघाट/धुरियापार
बौरडीह बुजुर्ग,Gola,1400,12100,3800000,1448,483,ग्रामीण क्षेत्र,बेलघाट/धुरियापार
बांहपुर मु0,Gola,3600,15400,4600000,1449,484,ग्रामीण क्षेत्र,बरहज/धुरियापार
बांहपुर एह0,Gola,3600,15400,4600000,1450,485,ग्रामीण क्षेत्र,बरहज/धुरियापार
बस्तिया मुगल,Gola,1400,12100,3800000,1451,486,ग्रामीण क्षेत्र,हवेली/धुरियापार
बस्तिया महमूद,Gola,1400,12100,3800000,1452,487,ग्रामीण क्षेत्र,हवेली/धुरियापार
बस्तिया याकूब,Gola,1850,13200,4400000,1453,488,ग्रामीण क्षेत्र,हवेली/धुरियापार
बस्तिया रामचरन,Gola,1400,12100,3800000,1454,489,ग्रामीण क्षेत्र,कुरमौट/धुरियापार
बढ़या,Gola,3100,13200,4600000,1455,490,ग्रामीण क्षेत्र,हवेली/चिल्लुपार
बढ़या टीकुर,Gola,1400,12100,3800000,1456,491,ग्रामीण क्षेत्र,हवेली/चिल्लुपार
बेइली,Gola,5500,28600,9700000,1457,492,ग्रामीण क्षेत्र,हवेली/चिल्लुपार
बांछेपार,Gola,5500,28600,9700000,1458,493,ग्रामीण क्षेत्र,हवेली/चिल्लुपार
बन्हैती,Gola,1400,12100,3800000,1459,494,ग्रामीण क्षेत्र,हवेली/चिल्लुपार
बनकट,Gola,3100,17600,4600000,1460,495,ग्रामीण क्षेत्र,हवेली/चिल्लुपार
बुढ़नपुरा,Gola,5500,28600,9700000,1461,496,ग्रामीण क्षेत्र,कस्बा/चिल्लूपार
बभनौली,Gola,3100,17600,4000000,1462,497,ग्रामीण क्षेत्र,हवेली/चिल्लुपार
बसावनपुर,Gola,4800,28600,7600000,1463,498,ग्रामीण क्षेत्र,हवेली/चिल्लुपार
बरडीहा,Gola,1500,13200,3800000,1464,499,ग्रामीण क्षेत्र,सिकन्दरपुर/चिल्लुपार
बरहता,Gola,1500,13200,3800000,1465,500,ग्रामीण क्षेत्र,हवेली/चिल्लुपार
बेलवा गुलाब सिंह,Gola,400,1000,1000000,1466,501,ग्रामीण क्षेत्र,सिकन्दरपुर/चिल्लुपार
बेलवा दाखिली,Gola,1400,12100,3800000,1467,502,ग्रामीण क्षेत्र,सिकन्दरमुर/चिल्लुपार
बेलसड़ी,Gola,2100,13200,4400000,1468,503,ग्रामीण क्षेत्र,हवेली/चिल्लुपार
बेसहनी,Gola,1400,12100,3800000,1469,504,ग्रामीण क्षेत्र,सिकन्दरपुर/चिल्लुपार
बैरियाडीह,Gola,1400,12100,3800000,1470,505,ग्रामीण क्षेत्र,मझवलिया/चिल्लुपार
वहसुआ,Gola,1400,12100,3800000,1471,506,ग्रामीण क्षेत्र,सेमरा/चिल्लुपार
बैसुखिया खुर्द एहतमाली,Gola,1400,1000,1000000,1472,507,ग्रामीण क्षेत्र,हवेली/चिल्लुपार
बैसुखिया बुजुर्ग,Gola,1400,1000,1000000,1473,508,ग्रामीण क्षेत्र,हवेली/चिल्लुपार
बेलवा तुरन्त सिंह,Gola,400,1000,1000000,1474,509,ग्रामीण क्षेत्र,सिकन्दरपुर/चिल्लुपार
बैदौली,Gola,3200,17600,4500000,1475,510,ग्रामीण क्षेत्र,हवेली/चिल्लुपार
बिहुआ ए0,Gola,400,1000,1000000,1476,511,ग्रामीण क्षेत्र,सिकन्दरपुर/चिल्लुपार
बिहुआ मु0,Gola,1400,12100,3800000,1477,512,ग्रामीण क्षेत्र,सिकन्दपुर/चिल्लुपार
विमटी,Gola,1600,12100,3800000,1478,513,ग्रामीण क्षेत्र,हवेली/चिल्लुपार
विरहुआ,Gola,1400,12100,3800000,1479,514,ग्रामीण क्षेत्र,सिकन्दपुर/चिल्लुपार
विशुनपुरा,Gola,1400,12100,3800000,1480,515,ग्रामीण क्षेत्र,हवेली/चिल्लुपार
बल्थर,Gola,400,1000,1000000,1481,516,ग्रामीण क्षेत्र,सिकन्दरपुर/चिल्लुपार
बड़हलगंज,Gola,6200,33000,9700000,1482,517,ग्रामीण क्षेत्र,हवेली/चिल्लुपार
बैरिया खास मु0,Gola,1400,12100,3800000,1483,518,ग्रामीण क्षेत्र,सिकन्दरपुर/चिल्लुपार
बैरिया खास ए0,Gola,1400,12100,3800000,1484,519,ग्रामीण क्षेत्र,सिकन्दरपुर/चिल्लुपार
बगहॉ,Gola,400,1000,1000000,1485,520,ग्रामीण क्षेत्र,सिकन्दरपुर/चिल्लुपार
बन्जरहॉ,Gola,1400,12100,3800000,1486,521,ग्रामीण क्षेत्र,हवेली/चिल्लुपार
बारीडीहा,Gola,1900,13200,3800000,1487,522,ग्रामीण क्षेत्र,हवेली/चिल्लुपार
भीखीगंज,Gola,5100,28600,8300000,0024,523,अर्द्धनगरीय,वार्ड नं0–7 टा0ए0 गोला
भीखीगंज,Gola,5100,28600,8300000,0025,524,अर्द्धनगरीय,वार्ड नं0–9 टा0ए0 गोला
भेंड़ीडीह,Gola,1400,12100,3800000,1488,525,ग्रामीण क्षेत्र,सिकन्दरपुर/चिल्लुपार
भैंसहट,Gola,1400,12100,3800000,1489,526,ग्रामीण क्षेत्र,सेमरा/चिल्लुपार
भाटपार,Gola,3200,17600,4300000,1490,527,ग्रामीण क्षेत्र,हवेली/चिल्लुपार
भैसौली,Gola,4600,28600,8500000,1491,528,ग्रामीण क्षेत्र,हवेली/चिल्लुपार
भिंसवा,Gola,1400,12100,3800000,1492,529,ग्रामीण क्षेत्र,हवेली/चिल्लुपार
भिंटी दूबे,Gola,1400,12100,3800000,1493,530,ग्रामीण क्षेत्र,हवेली/चिल्लुपार
भिंटी वाल,Gola,1600,12100,3800000,1494,531,ग्रामीण क्षेत्र,हवेली/चिल्लुपार
भटनीपार खुर्द,Gola,3800,15400,3800000,1495,532,ग्रामीण क्षेत्र,खुटहन/धुरियापार
भटनीपार बुजुर्ग,Gola,3400,15400,4600000,1496,533,ग्रामीण क्षेत्र,खुटहन/धुरियापार
भिटहॉ,Gola,1400,12100,3800000,1497,534,ग्रामीण क्षेत्र,चांदपार/धुरियापार
भताड़ी पदारथ दास,Gola,1400,12100,3800000,1498,535,ग्रामीण क्षेत्र,चांदपार/धुरियापार
भताड़ी मन्नूलाल,Gola,1400,12100,3800000,1499,536,ग्रामीण क्षेत्र,चांदपार/धुरियापार
भदौरा,Gola,1400,12100,3800000,1500,537,ग्रामीण क्षेत्र,चांदपार/धुरियापार
भरवलिया बु0,Gola,1400,12100,3800000,1501,538,ग्रामीण क्षेत्र,कुरमौट/धुरियापार
भरहुपुर,Gola,1400,12100,3800000,1502,539,ग्रामीण क्षेत्र,बनकट/धुरियापार
भरसी खुर्द,Gola,1400,12100,3800000,1503,540,ग्रामीण क्षेत्र,नर्रे/धुरियापार
भरसी बुजुर्ग,Gola,1400,12100,3800000,1504,541,ग्रामीण क्षेत्र,नर्रे/धुरियापार
भरौली,Gola,1800,13200,4400000,1505,542,ग्रामीण क्षेत्र,बरहज/धुरियापार
भर्रोह,Gola,3100,15400,4700000,1506,543,ग्रामीण क्षेत्र,बरहज/धुरियापार
भीटी,Gola,3300,15400,5500000,1507,544,ग्रामीण क्षेत्र,बरहज/धुरियापार
भलुअनी,Gola,1400,12100,3800000,1508,545,ग्रामीण क्षेत्र,कुरमौट/धुरियापार
भलुअनी,Gola,1400,12100,3800000,1509,546,ग्रामीण क्षेत्र,चांदपार/धुरियापार
भवनपुर,Gola,1400,12100,3800000,1510,547,ग्रामीण क्षेत्र,बेलघाट/धुरियापार
भवानीपुर,Gola,1400,12100,3800000,1511,548,ग्रामीण क्षेत्र,चांदपार/धुरियापार
भवसी,Gola,1400,12100,3800000,1512,549,ग्रामीण क्षेत्र,हवेली/धुरियापार
भवाजितपुर,Gola,2100,12100,4400000,1513,550,ग्रामीण क्षेत्र,चांदपार/धुरियापार
भवानीपुर,Gola,1400,12100,3800000,1514,551,ग्रामीण क्षेत्र,बनकट/धुरियापार
भुईधरा खुर्द,Gola,1400,12100,3800000,1515,552,ग्रामीण क्षेत्र,हवेली/धुरियापार
भूपगढ़,Gola,1800,13200,4400000,1516,553,ग्रामीण क्षेत्र,गौर/धुरियापार
भैंसाव,Gola,1400,12100,3800000,1517,554,ग्रामीण क्षेत्र,चांदपार/धुरियापार
भाटचक,Gola,1400,12100,3800000,1518,555,ग्रामीण क्षेत्र,हवेली/धुरियापार
भीखाभार खुर्द,Gola,1400,12100,3800000,1519,556,ग्रामीण क्षेत्र,रतनपुर/धुरियापार
भीखाभार बुजुर्ग,Gola,1400,12100,3800000,1520,557,ग्रामीण क्षेत्र,रतनपुर/धुरियापार
भड़सरा,Gola,3600,17600,7100000,1521,558,ग्रामीण क्षेत्र,बरहज/धुरियापार
भीटी,Gola,1800,13200,4000000,1522,559,ग्रामीण क्षेत्र,खुटहन/धुरियापार
भुईधरा बुजुर्ग,Gola,1400,12100,3800000,1523,560,ग्रामीण क्षेत्र,हवेली/धुरियापार
भीटी,Gola,3100,17600,6000000,1524,561,ग्रामीण क्षेत्र,मजुरी/धुरियापार
भीखमपट्टी,Gola,1400,12100,3800000,1525,562,ग्रामीण क्षेत्र,गौर/धुरियापार
मल्लाह टोली,Gola,5100,28600,8300000,0026,563,अर्द्धनगरीय,वार्ड नं0–07 टा0ए0 गोला
मुल्लाह चौधराना,Gola,6200,33000,9700000,0041,564,अर्द्धनगरीय,वार्ड नं0–03 टा0ए0 बड़हलगंज
मुहल्ला लालगंज,Gola,6200,33000,9700000,0042,565,अर्द्धनगरीय,वार्ड नं0–09 टा0ए0 बड़हलगंज
महदेवा मु0,Gola,6200,33000,9700000,0043,566,अर्द्धनगरीय,वार्ड नं0–12 टा0ए0 बड़हलगंज
मधुपुर,Gola,1800,13200,4600000,1526,567,ग्रामीण क्षेत्र,सेमरा/चिल्लुपार
मंझरिया,Gola,1600,12100,3800000,1527,568,ग्रामीण क्षेत्र,हवेली/चिल्लुपार
मरकड़ी,Gola,1400,12100,3800000,1528,569,ग्रामीण क्षेत्र,सिकन्दरपुर/चिल्लुपार
मरवट,Gola,1400,12100,3800000,1529,570,ग्रामीण क्षेत्र,हवेली/चिल्लुपार
मरवटिया,Gola,1400,12100,3800000,1530,571,ग्रामीण क्षेत्र,सिकन्दरपुर/चिल्लुपार
मुन्ड़ाडीह,Gola,400,1000,1000000,1531,572,ग्रामीण क्षेत्र,सिकन्दरपुर/चिल्लुपार
मझिलावन,Gola,1400,12100,3800000,1532,573,ग्रामीण क्षेत्र,हवेली/चिल्लुपार
मठिया,Gola,1400,12100,3800000,1533,574,ग्रामीण क्षेत्र,सेमरा/चिल्लुपार
मुजौना,Gola,1800,13200,4600000,1534,575,ग्रामीण क्षेत्र,सिकन्दरपुर/चिल्लुपार
मुड़ेरा बेनी प्रसाद,Gola,1400,12100,3800000,1535,576,ग्रामीण क्षेत्र,सिकन्दरपुर/चिल्लुपार
मुड़ेरा बाबू,Gola,1400,12100,3800000,1536,577,ग्रामीण क्षेत्र,सिकन्दरपुर/चिल्लुपार
मोहन पौहरिया,Gola,1400,12100,3800000,1537,578,ग्रामीण क्षेत्र,सिकन्दरपुर/चिल्लुपार
मोहन पौहरिया एहतमाली,Gola,400,1000,1000000,1538,579,ग्रामीण क्षेत्र,सिकन्दरपुर/चिल्लुपार
मुरलीपुर,Gola,1400,12100,3800000,1539,580,ग्रामीण क्षेत्र,सेमरा/चिल्लुपार
मुहाल जलकर मु0,Gola,1800,12100,3800000,1540,581,ग्रामीण क्षेत्र,सिकन्दरपुर/चिल्लुपार
मुहाल जलकर एह0,Gola,1400,12100,3800000,1541,582,ग्रामीण क्षेत्र,सिकन्दरपुर/चिल्लुपार
महुआपार,Gola,2500,15400,4600000,1542,583,ग्रामीण क्षेत्र,हवेली/चिल्लुपार
महुलिया खजुहा,Gola,1400,12100,3800000,1543,584,ग्रामीण क्षेत्र,हवेली/चिल्लुपार
महुलिया खुर्द,Gola,1400,12100,3800000,1544,585,ग्रामीण क्षेत्र,हवेली/चिल्लुपार
महुलिया पोयल,Gola,3100,13200,4600000,1545,586,ग्रामीण क्षेत्र,हवेली/चिल्लुपार
मेदुआपार,Gola,1900,12100,3800000,1546,587,ग्रामीण क्षेत्र,हवेली/चिल्लुपार
मैभरा,Gola,1800,13200,4600000,1547,588,ग्रामीण क्षेत्र,सिकन्दरपुर/चिल्लुपार
माझा उर्फ सूबेदारनगर,Gola,1400,12100,3800000,1548,589,ग्रामीण क्षेत्र,सिकन्दरपुर/चिल्लुपार
मिश्रौली,Gola,1400,12100,3800000,1549,590,ग्रामीण क्षेत्र,सेमरा/चिल्लुपार
मझवलिया,Gola,1400,12100,3800000,1550,591,ग्रामीण क्षेत्र,मझवलिया/चिल्लुपार
मिश्रौली,Gola,5500,28600,9700000,1551,592,ग्रामीण क्षेत्र,हवेली/चिल्लूपार
मन्नीपुर,Gola,3600,28600,7000000,1552,593,ग्रामीण क्षेत्र,बरहज/धुरियापार
मऊ बुजुर्ग,Gola,1400,12100,3800000,1553,594,ग्रामीण क्षेत्र,खुटहन/धुरियापार
मकरन्दपुर,Gola,1400,12100,3800000,1554,595,ग्रामीण क्षेत्र,हवेली/धुरियापार
मझगॉवा,Gola,1400,12100,3800000,1555,596,ग्रामीण क्षेत्र,कुरमौट/धुरियापार
मझौरा,Gola,1400,12100,3800000,1556,597,ग्रामीण क्षेत्र,अठैसी/धुरियापार
मठअयोध्या,Gola,1400,12100,3800000,1557,598,ग्रामीण क्षेत्र,कोंहरा/धुरियापार
मठपरशुराम,Gola,1800,12100,4700000,1558,599,ग्रामीण क्षेत्र,कुरमौट/धुरियापार
मठसहदेवापार,Gola,1400,12100,3800000,1559,600,ग्रामीण क्षेत्र,कुरमौट/धुरियापार
मठ आदम,Gola,1400,12100,3800000,1560,601,ग्रामीण क्षेत्र,कुरमौट/धुरियापार
मठ केशव,Gola,1400,12100,3800000,1561,602,ग्रामीण क्षेत्र,चांदपार/धुरियापार
मठ जयराम,Gola,1400,12100,3800000,1562,603,ग्रामीण क्षेत्र,चांदपार/धुरियापार
मठ दुर्वाशा,Gola,1400,12100,3800000,1563,604,ग्रामीण क्षेत्र,गौर/धुरियापार
मठपुरी,Gola,1400,12100,3800000,1564,605,ग्रामीण क्षेत्र,बेलघाट/धुरियापार
मठ भताड़ी,Gola,1400,12100,3800000,1565,606,ग्रामीण क्षेत्र,चांदपार/धुरियापार
मठ माधव,Gola,1400,12100,3800000,1566,607,ग्रामीण क्षेत्र,चांदपार/धुरियापार
मठ शोभा,Gola,1400,12100,3800000,1567,608,ग्रामीण क्षेत्र,कुरमौट/धुरियापार
मठ सुरेमन,Gola,2500,15400,4600000,1568,609,ग्रामीण क्षेत्र,चांदपार/धुरियापार
मठ श्रीराम,Gola,1400,12100,3800000,1569,610,ग्रामीण क्षेत्र,कुरमौट/धुरियापार
मदरहा,Gola,1400,12100,3800000,1570,611,ग्रामीण क्षेत्र,चांदपार/धुरियापार
मदरहा मु0,Gola,1400,12100,3800000,1571,612,ग्रामीण क्षेत्र,खुटहन/धुरियापार
मदरहा एह0,Gola,1400,12100,3800000,1572,613,ग्रामीण क्षेत्र,खुटहन/धुरियापार
मदरिया,Gola,3100,13200,4700000,1573,614,ग्रामीण क्षेत्र,खुटहन/धुरियापार
मधुपट्टी,Gola,1400,12100,3800000,1574,615,ग्रामीण क्षेत्र,बनकट/धुरियापार
मधुपुर,Gola,2100,13200,4600000,1575,616,ग्रामीण क्षेत्र,खुटहन/धुरियापार
मंझरिया,Gola,1400,12100,3800000,1576,617,ग्रामीण क्षेत्र,कुरमौट/धुरियापार
मंसूरचक,Gola,1400,12100,3800000,1577,618,ग्रामीण क्षेत्र,चांदपार/धुरियापार
महुआड़ाड,Gola,1400,12100,3800000,1578,619,ग्रामीण क्षेत्र,बनकट/धुरियापार
मुकुन्दवार,Gola,1400,12100,3800000,1579,620,ग्रामीण क्षेत्र,खुटहन/धुरियापार
मन्नीपुर,Gola,2100,13200,4600000,1580,621,ग्रामीण क्षेत्र,रतनपुर/धुरियापार
मरचा,Gola,1800,13200,4700000,1581,622,ग्रामीण क्षेत्र,कुरमौट/धुरियापार
मरची,Gola,1800,13200,4700000,1582,623,ग्रामीण क्षेत्र,उसरी/धुरियापार
मरचीपार खुर्द,Gola,1800,12100,4400000,1583,624,ग्रामीण क्षेत्र,खुटहन/धुरियापार
मरचीपार बुजुर्ग,Gola,1800,13200,4700000,1584,625,ग्रामीण क्षेत्र,खुटहन/धुरियापार
मरवटिया,Gola,1400,12100,3800000,1585,626,ग्रामीण क्षेत्र,चांदपार/धुरियापार
मरवटिया,Gola,1400,12100,3800000,1586,627,ग्रामीण क्षेत्र,रतनपुर/धुरियापार
मलौली,Gola,1400,12100,3800000,1587,628,ग्रामीण क्षेत्र,रतनपुर/धुरियापार
मटिहानी,Gola,3100,15400,4600000,1588,629,ग्रामीण क्षेत्र,खुटहन/धुरियापार
मठिया,Gola,1400,12100,3800000,1589,630,ग्रामीण क्षेत्र,चांदपार/धुरियापार
महीउद्दीनपुर,Gola,1400,12100,3800000,1590,631,ग्रामीण क्षेत्र,चांदपार/धुरियापार
मुड़ेरी,Gola,1400,12100,3800000,1591,632,ग्रामीण क्षेत्र,नर्रे/धुरियापार
मुरारपुर,Gola,1400,12100,3800000,1592,633,ग्रामीण क्षेत्र,चोंडर/धुरियापार
मुरारपुर,Gola,1400,12100,3800000,1593,634,ग्रामीण क्षेत्र,बनकट/धुरियापार
मुबारकपुर,Gola,1400,12100,3800000,1594,635,ग्रामीण क्षेत्र,बनकट/धुरियापार
मुहम्मदपुर,Gola,3100,15400,4600000,1595,636,ग्रामीण क्षेत्र,खुटहन/धुरियापार
मुहम्मदपुर,Gola,1400,12100,3800000,1596,637,ग्रामीण क्षेत्र,बनकट/धुरियापार
महुआड़ाड,Gola,1400,12100,3800000,1597,638,ग्रामीण क्षेत्र,चांदपार/धुरियापार
महुनिया,Gola,1400,12100,3800000,1598,639,ग्रामीण क्षेत्र,मजुरी/धुरियापार
मुंगवार,Gola,1400,12100,3800000,1599,640,ग्रामीण क्षेत्र,चांदपार/धुरियापार
महतोपार,Gola,1400,12100,3800000,1600,641,ग्रामीण क्षेत्र,मजुरी/धुरियापार
महसनपटटी,Gola,1400,12100,3800000,1601,642,ग्रामीण क्षेत्र,हवेली/धुरियापार
मिश्रौलिया,Gola,1400,12100,3800000,1602,643,ग्रामीण क्षेत्र,कोहरा/धुरियापार
मोहनपुर,Gola,1400,12100,3800000,1603,644,ग्रामीण क्षेत्र,चांदपार/धुरियापार
मेड़री,Gola,2500,15400,4600000,1604,645,ग्रामीण क्षेत्र,चांदपार/धुरियापार
मेहदरॉव,Gola,1400,12100,3800000,1605,646,ग्रामीण क्षेत्र,बरहज/धुरियापार
मैदानचक,Gola,1400,12100,3800000,1606,647,ग्रामीण क्षेत्र,हवेली/धुरियापार
मंगलपुर,Gola,1800,12100,4400000,1607,648,ग्रामीण क्षेत्र,खुटहन/धुरियापार
मंझरिया,Gola,1400,12100,3800000,1608,649,ग्रामीण क्षेत्र,अठैसी/धुरियापार
मांडर,Gola,1400,12100,3800000,1609,650,ग्रामीण क्षेत्र,बेलघाट/धुरियापार
मामखोर,Gola,1850,13200,4400000,1610,651,ग्रामीण क्षेत्र,मजुरी/धुरियापार
मालपुर,Gola,1400,12100,3800000,1611,652,ग्रामीण क्षेत्र,बनकट/धुरियापार
मोहनपुर,Gola,1400,12100,3800000,1612,653,ग्रामीण क्षेत्र,बेलघाट/धुरियापार
मिश्रौली,Gola,2100,13200,4600000,1613,654,ग्रामीण क्षेत्र,चांदपार/धुरियापार
मिश्रौलिया,Gola,1400,12100,3800000,1614,655,ग्रामीण क्षेत्र,कुरमौट/धुरियापार
मेहड़ा,Gola,2500,13200,4600000,1615,656,ग्रामीण क्षेत्र,बरहज/धुरियापार
मदरिया उर्फ गोला,Gola,5100,28600,8300000,1616,657,ग्रामीण क्षेत्र,बरहज/धुरियापार
रामगढ़,Gola,1400,12100,3800000,1617,658,ग्रामीण क्षेत्र,सिकन्दरपुर/चिल्लुपार
रामपुर गनेसी,Gola,1400,12100,3800000,1618,659,ग्रामीण क्षेत्र,हवेली/चिल्लुपार
रोहुआ उर्फ मछरगॉवा,Gola,1400,12100,3800000,1619,660,ग्रामीण क्षेत्र,सिकन्दरपुर/चिल्लुपार
रेमा,Gola,1400,12100,3800000,1620,661,ग्रामीण क्षेत्र,चांदपार/धुरियापार
रकौली,Gola,2100,12100,3800000,1621,662,ग्रामीण क्षेत्र,चांदपार/धुरियापार
रघुनाथपुर,Gola,1800,13200,4600000,1622,663,ग्रामीण क्षेत्र,चांदपार/धुरियापार
रज्जूपुर,Gola,1400,12100,3800000,1623,664,ग्रामीण क्षेत्र,बेलघाट/धुरियापार
रजहटा,Gola,1400,12100,3800000,1624,665,ग्रामीण क्षेत्र,खुटहन/धुरियापार
रजौली खुर्द,Gola,1400,12100,3800000,1625,666,ग्रामीण क्षेत्र,खुटहन/धुरियापार
रजौली बुजुर्ग,Gola,1400,12100,3800000,1626,667,ग्रामीण क्षेत्र,खुटहन/धुरियापार
रूदौली,Gola,1400,12100,3800000,1627,668,ग्रामीण क्षेत्र,मझवलिया/चिल्लुपार
रतनपुर,Gola,2100,13200,4600000,1628,669,ग्रामीण क्षेत्र,रतनपुर/धुरियापार
रतला,Gola,2300,13200,4600000,1629,670,ग्रामीण क्षेत्र,खुटहन/धुरियापार
रहदौली,Gola,1850,13200,4400000,1630,671,ग्रामीण क्षेत्र,चोड़र/धुरियापार
रसूलपुर माफी,Gola,1400,12100,3800000,1631,672,ग्रामीण क्षेत्र,बेलघाट/धुरियापार
राईपुर,Gola,1400,12100,3800000,1632,673,ग्रामीण क्षेत्र,हवेली/धुरियापार
राउतपार,Gola,1400,12100,3800000,1633,674,ग्रामीण क्षेत्र,बेलघाट/धुरियापार
रानीपुर,Gola,2100,13200,4400000,1634,675,ग्रामीण क्षेत्र,चांदपार/धुरियापार
रानीपुर,Gola,1400,12100,3800000,1635,676,ग्रामीण क्षेत्र,उसरी/धुरियापार
रामकोला,Gola,3100,17600,4100000,1636,677,ग्रामीण क्षेत्र,मजुरी/धुरियापार
रामपुर,Gola,1400,12100,3800000,1637,678,ग्रामीण क्षेत्र,हवेली/धुरियापार
रामपुर गड़री,Gola,1400,12100,3800000,1638,679,ग्रामीण क्षेत्र,नर्रे/धुरियापार
रामपुर पाण्डेय,Gola,1400,12100,3800000,1639,680,ग्रामीण क्षेत्र,नर्रे/धुरियापार
रामपुर बघौरा,Gola,2100,13200,4600000,1640,681,ग्रामीण क्षेत्र,नर्रे/धुरियापार
रामपुर सनाथ,Gola,2500,15400,4600000,1641,682,ग्रामीण क्षेत्र,चांदपार/धुरियापार
रामपुर सहडेरवा,Gola,1400,12100,3800000,1642,683,ग्रामीण क्षेत्र,नर्रे/धुरियापार
रामामऊ,Gola,1400,12100,3800000,1643,684,ग्रामीण क्षेत्र,बरहज/धुरियापार
रामालखना,Gola,1400,12100,3800000,1644,685,ग्रामीण क्षेत्र,बेलघाट/धुरियापार
रामाबारी,Gola,1400,12100,3800000,1645,686,ग्रामीण क्षेत्र,बरहज/धुरियापार
रोईनीडीह,Gola,1400,12100,3800000,1646,687,ग्रामीण क्षेत्र,चांदपार/धुरियापार
रौजादरगाह,Gola,2100,13200,4600000,1647,688,ग्रामीण क्षेत्र,हवेली/धुरियापार
रूकुनपुर,Gola,1400,12100,3800000,1648,689,ग्रामीण क्षेत्र,बेलघाट/धुरियापार
लेटाघाट,Gola,6200,33000,9700000,0044,690,अर्द्धनगरीय,वार्ड नं0–14 बडहलगंज
लक्ष्मीपुर,Gola,1400,12100,3800000,1649,691,ग्रामीण क्षेत्र,खुटहन/धुरियापार
लदरॉव,Gola,1400,12100,3800000,1650,692,ग्रामीण क्षेत्र,हवेली/धुरियापार
लुगरापार,Gola,1400,12100,3800000,1651,693,ग्रामीण क्षेत्र,मजुरी/धुरियापार
लोन्दरा,Gola,1400,12100,3800000,1652,694,ग्रामीण क्षेत्र,कुरमौट/धुरियापार
लोहरापार,Gola,1400,12100,3800000,1653,695,ग्रामीण क्षेत्र,अठैसी/धुरियापार
लोहरा जमाल,Gola,2500,15400,4600000,1654,696,ग्रामीण क्षेत्र,कुरमौट/धुरियापार
लोहरा मीरा,Gola,1400,12100,3800000,1655,697,ग्रामीण क्षेत्र,हवेली/धुरियापार
लोहरा तारा,Gola,1400,12100,3800000,1656,698,ग्रामीण क्षेत्र,हवेली/धुरियापार
लोहरा फत्तू,Gola,1400,12100,3800000,1657,699,ग्रामीण क्षेत्र,हवेली/धुरियापार
लखनापार,Gola,2800,15400,4300000,1658,700,ग्रामीण क्षेत्र,हवेली/चिल्लूपार
लक्ष्मीपुर,Gola,4500,28600,7600000,1659,701,ग्रामीण क्षेत्र,हवेली/धुरियापार
लखनौरा,Gola,1400,12100,3800000,1660,702,ग्रामीण क्षेत्र,सिकन्दरपुर/चिल्लुपार
लखनौरी,Gola,1400,12100,3800000,1661,703,ग्रामीण क्षेत्र,सिकन्दरपुर/चिल्लुपार
शनिचरा पट्टी दूबे,Gola,1400,12100,3800000,1662,704,ग्रामीण क्षेत्र,सेमरा/चिल्लुपार
शनिचरा पट्टी बाबू,Gola,1400,12100,3800000,1663,705,ग्रामीण क्षेत्र,सेमरा/चिल्लुपार
शेरपुर,Gola,400,1000,1000000,1664,706,ग्रामीण क्षेत्र,सिकन्दरपुर/चिल्लुपार
सियरहॉ,Gola,1400,12100,3800000,1665,707,ग्रामीण क्षेत्र,हवेली/चिल्लुपार
सरया खास,Gola,1800,13200,4600000,1666,708,ग्रामीण क्षेत्र,सिकन्दरपुर/चिल्लुपार
सिधुआपार,Gola,5500,28600,8400000,1667,709,ग्रामीण क्षेत्र,हवेली/चिल्लुपार
संसारपार,Gola,5500,28600,9700000,1668,710,ग्रामीण क्षेत्र,हवेली/चिल्लुपार
सरया चक,Gola,1400,12100,3800000,1669,711,ग्रामीण क्षेत्र,सिकन्दरपुर/चिल्लुपार
सरस्वती,Gola,1400,12100,3800000,1670,712,ग्रामीण क्षेत्र,हवेली/चिल्लुपार
सुरदहॉ,Gola,1700,12100,3800000,1671,713,ग्रामीण क्षेत्र,हवेली/चिल्लुपार
सहड़ौली,Gola,1800,12100,4400000,1672,714,ग्रामीण क्षेत्र,हवेली/चिल्लुपार
सेमरा बुजुर्ग,Gola,1400,12100,3800000,1673,715,ग्रामीण क्षेत्र,सेमरा/चिल्लुपार
सेमरा खुर्द,Gola,1400,12100,3800000,1674,716,ग्रामीण क्षेत्र,सेमरा/चिल्लुपार
सोनसथा,Gola,1400,12100,3800000,1675,717,ग्रामीण क्षेत्र,सेमरा/चिल्लुपार
सोमगड़हा,Gola,1400,12100,3800000,1676,718,ग्रामीण क्षेत्र,हवेली/चिल्लुपार
सोहराभार बुजुर्ग,Gola,2100,12100,4000000,1677,719,ग्रामीण क्षेत्र,हवेली/चिल्लुपार
सोहराभार एहतमाली,Gola,400,1000,1000000,1678,720,ग्रामीण क्षेत्र,हवेली/चिल्लुपार
साउखोर,Gola,2100,15400,4600000,1679,721,ग्रामीण क्षेत्र,हवेली/चिल्लुपार
सीधेगौर,Gola,1800,13200,4600000,1680,722,ग्रामीण क्षेत्र,सिकन्दरपुर/चिल्लुपार
शुक्लपुरी,Gola,3100,16500,4600000,1681,723,ग्रामीण क्षेत्र,हवेली/चिल्लुपार
सरया,Gola,1400,12100,3800000,1682,724,ग्रामीण क्षेत्र,बरहज/धुरियापार
सरया,Gola,1400,12100,3800000,1683,725,ग्रामीण क्षेत्र,मजुरी/धुरियापार
सरवरपार,Gola,1400,12100,3800000,1684,726,ग्रामीण क्षेत्र,खुटहन/धुरियापार
सरहरा,Gola,1400,12100,3800000,1685,727,ग्रामीण क्षेत्र,चांदपार/धुरियापार
शनिचरा,Gola,1400,12100,3800000,1686,728,ग्रामीण क्षेत्र,चांदपार/धुरियापार
सुअरज खुर्द,Gola,1400,12100,3800000,1687,729,ग्रामीण क्षेत्र,चांदपार/धुरियापार
सुअरज बुजुर्ग,Gola,2100,13200,4600000,1688,730,ग्रामीण क्षेत्र,चांदपार/धुरियापार
सिसई,Gola,2500,15400,4600000,1689,731,ग्रामीण क्षेत्र,चांदपार/धुरियापार
सुकरौली,Gola,1400,12100,3800000,1690,732,ग्रामीण क्षेत्र,बेलघाट/धुरियापार
सुकरौली,Gola,3100,17600,4700000,1691,733,ग्रामीण क्षेत्र,मजुरी/धुरियापार
सुथनी,Gola,2100,13200,4600000,1692,734,ग्रामीण क्षेत्र,चांदपार/धुरियापार
सुरदापार राजा,Gola,1400,12100,3800000,1693,735,ग्रामीण क्षेत्र,बरहज/धुरियापार
सिधवाना,Gola,1400,12100,3800000,1694,736,ग्रामीण क्षेत्र,बेलघाट/धुरियापार
सुरदापार शुक्ल,Gola,1400,12100,3800000,1695,737,ग्रामीण क्षेत्र,बरहज/धुरियापार
सुल्तानपुर,Gola,1400,12100,3800000,1696,738,ग्रामीण क्षेत्र,कुरमौट/धुरियापार
शाहपुर बुजुर्ग,Gola,1400,12100,3800000,1697,739,ग्रामीण क्षेत्र,हवेली/धुरियापार
सिसवा,Gola,1400,12100,3800000,1698,740,ग्रामीण क्षेत्र,खुटहन/धुरियापार
सहड़ौली,Gola,2100,13200,4600000,1699,741,ग्रामीण क्षेत्र,रतनपुर/धुरियापार
सहदेवापार,Gola,1800,13200,4400000,1700,742,ग्रामीण क्षेत्र,कुरमौट/धुरियापार
सहसरॉव,Gola,1400,12100,3800000,1701,743,ग्रामीण क्षेत्र,रतनपुर/धुरियापार
सिधारी,Gola,1800,13200,4400000,1702,744,ग्रामीण क्षेत्र,ड़ाड़ी/धुरियापार
सेमरी,Gola,1400,12100,3800000,1703,745,ग्रामीण क्षेत्र,चांदपार/धुरियापार
सैदाबाद,Gola,1400,12100,3800000,1704,746,ग्रामीण क्षेत्र,रतनपुर/धुरियापार
संग्राम पट्टी,Gola,1400,12100,3800000,1705,747,ग्रामीण क्षेत्र,रतनपुर/धुरियापार
सोढ़ावीर,Gola,1400,12100,3800000,1706,748,ग्रामीण क्षेत्र,चांदपार/धुरियापार
सोनबरसा,Gola,1400,12100,3800000,1707,749,ग्रामीण क्षेत्र,मजुरी/धुरियापार
सोठिया,Gola,1400,12100,3800000,1708,750,ग्रामीण क्षेत्र,हवेली/धुरियापार
सकतपुरा,Gola,1400,12100,3800000,1709,751,ग्रामीण क्षेत्र,हवेली/धुरियापार
सकरदेईया,Gola,1850,13200,4400000,1710,752,ग्रामीण क्षेत्र,गौर/धुरियापार
शिवपुर,Gola,2500,17600,4600000,1711,753,ग्रामीण क्षेत्र,मजुरी/धुरियापार
शाहपुर आईमा,Gola,1400,12100,3800000,1712,754,ग्रामीण क्षेत्र,हवेली/धुरियापार
सकराखोर,Gola,1400,12100,3800000,1713,755,ग्रामीण क्षेत्र,हवेली/धुरियापार
सरया,Gola,1500,12100,3800000,1714,756,ग्रामीण क्षेत्र,रतनपुर/धुरियापार
सखरूआ खुर्द,Gola,1850,13200,4400000,1715,757,ग्रामीण क्षेत्र,मजुरी/धुरियापार
सखरूआ बुजुर्ग,Gola,1850,13200,4400000,1716,758,ग्रामीण क्षेत्र,मजुरी/धुरियापार
सड़सड़ा खुर्द,Gola,1400,12100,3800000,1717,759,ग्रामीण क्षेत्र,चांदपार/धुरियापार
सड़सड़ा बुजुर्ग,Gola,1400,12100,3800000,1718,760,ग्रामीण क्षेत्र,चांदपार/धुरियापार
सतौरा,Gola,1400,12100,3800000,1719,761,ग्रामीण क्षेत्र,मजुरी/धुरियापार
समदपुर,Gola,1800,13200,4000000,1720,762,ग्रामीण क्षेत्र,बनकट/धुरियापार
शिवपुर मु0,Gola,1400,12100,3800000,1721,763,ग्रामीण क्षेत्र,बरहज/धुरियापार
शिवपुर एह0,Gola,1400,12100,3800000,1722,764,ग्रामीण क्षेत्र,बरहज/धुरियापार
समसपट्टी,Gola,1400,12100,3800000,1723,765,ग्रामीण क्षेत्र,बेलघाट/धुरियापार
सरदह,Gola,2500,16500,4600000,1724,766,ग्रामीण क्षेत्र,खुटहन/धुरियापार
सरम,Gola,1800,13200,4600000,1725,767,ग्रामीण क्षेत्र,चांदपार/धुरियापार
शिवपुर,Gola,2500,15400,4600000,1726,768,ग्रामीण क्षेत्र,चांदपार/धुरियापार
हरिजन बस्ती,Gola,5100,28600,8300000,0027,769,अर्द्धनगरीय,वार्ड नं0–4 टा0ए0 गोला
हरिजन बस्ती,Gola,5100,28600,8300000,0028,770,अर्द्धनगरीय,वार्ड नं0–1 टा0ए0 गोला
हुसैनपुर,Gola,1400,12100,3800000,1727,771,ग्रामीण क्षेत्र,हवेली/धुरियापार
हेमपुर,Gola,1400,12100,3800000,1728,772,ग्रामीण क्षेत्र,मजुरी/धुरियापार
हटवा,Gola,1400,12100,3800000,1729,773,ग्रामीण क्षेत्र,चांदपार/धुरियापार
हटवा,Gola,1400,12100,3800000,1730,774,ग्रामीण क्षेत्र,ड़ाड़ी/धुरियापार
हमीदपुर,Gola,2100,13200,4600000,1731,775,ग्रामीण क्षेत्र,हवेली/धुरियापार
हरिहरपुर मु0,Gola,1400,12100,3800000,1732,776,ग्रामीण क्षेत्र,रतनपुर/धुरियापार
हरपुर,Gola,1400,12100,3800000,1733,777,ग्रामीण क्षेत्र,चोंडर/धुरियापार
हरपुर,Gola,1800,13200,4600000,1734,778,ग्रामीण क्षेत्र,चांदपार/धुरियापार
हरलालपुरा,Gola,1400,12100,3800000,1735,779,ग्रामीण क्षेत्र,कुरमौट/धुरियापार
हरबंशपुर,Gola,1400,12100,3800000,1736,780,ग्रामीण क्षेत्र,चांदपार/धुरियापार
हरिहरपुर,Gola,2100,13200,4600000,1737,781,ग्रामीण क्षेत्र,कुरमौट/धुरियापार
हादीचक,Gola,1400,12100,3800000,1738,782,ग्रामीण क्षेत्र,बनकट/धुरियापार
हींगुहार,Gola,1400,12100,3800000,1739,783,ग्रामीण क्षेत्र,सिकन्दरपुर/चिल्लुपार
ज्ञानकोल,Gola,1400,,3800000,1740,784,ग्रामीण क्षेत्र,सिकन्दरपुर/चिल्लुपार
"अम्मरपुर, तप्पा—महसिन",Bansgaon,1200,22000,5000000,1001,1,ग्रामीण,उनवल
"आसेखोर, तप्पा—महसिन",Bansgaon,4000,22000,5300000,1002,2,ग्रामीण,उनवल
"अतरौली, तप्पा—महसिन",Bansgaon,4000,22000,5300000,1003,3,ग्रामीण,उनवल
"आबगीर, तप्पा—महसिन",Bansgaon,500,18700,3800000,1004,4,ग्रामीण,उनवल
"असवनपार मुस्तकील, तप्पा—मझवलिया",Bansgaon,1200,18700,4500000,1005,5,ग्रामीण,चिल्लूपार
"असवनपार एहतमाली, तप्पा—मझवलिया",Bansgaon,1200,18700,3400000,1006,6,ग्रामीण,चिल्लूपार
"अहिरौली, तप्पा—मझवलिया",Bansgaon,1200,18700,4500000,1007,7,ग्रामीण,चिल्लूपार
"अडरौली, तप्पा—पाली",Bansgaon,1200,18700,4500000,1008,8,ग्रामीण,धुरियापार
"अधारीपुर, तप्पा— नर्रे",Bansgaon,1200,18700,4500000,1009,9,ग्रामीण,धुरियापार
"अरईडीह, तप्पा— नर्रे",Bansgaon,1200,18700,4500000,1010,10,ग्रामीण,धुरियापार
"अस्थौला, तप्पा— नर्रे",Bansgaon,3000,22000,5300000,1011,11,ग्रामीण,धुरियापार
"अहिरौली, तप्पा— नर्रे",Bansgaon,1200,18700,4500000,1012,12,ग्रामीण,धुरियापार
"आशापार, तप्पा— नर्रे",Bansgaon,3000,22000,5300000,1013,13,ग्रामीण,धुरियापार
"अतायर, तप्प—अठैसी",Bansgaon,4000,28600,6600000,1014,14,ग्रामीण,धुरियापार
"ओझौली, तप्पा— पचीसी",Bansgaon,4000,22000,5300000,1015,15,ग्रामीण,भौवापार
"अरनी, तप्पा—कुसवासी",Bansgaon,3000,18700,5000000,1016,16,ग्रामीण,भौवापार
"अमवा, तप्पा—गुरम्ही",Bansgaon,1200,18700,4500000,1017,17,ग्रामीण,भौवापार
"अनन्दीपुर, तप्पा—गुरम्ही",Bansgaon,1200,22000,5000000,1018,18,ग्रामीण,भौवापार
"अहिरौली, तप्पा—गुरम्ही",Bansgaon,1200,18700,4500000,1019,19,ग्रामीण,भौवापार
"अकुसी, तप्पा— गगहा",Bansgaon,1200,22000,5000000,1020,20,ग्रामीण,भौवापार
"ओडियानपुर, तप्पा— गगहा",Bansgaon,1200,18700,4500000,1021,21,ग्रामीण,भौवापार
"असान पाकड, तप्पा—रामपुर कोठा",Bansgaon,1200,18700,4500000,1022,22,ग्रामीण,भौवापार
"अहिरौली खु0, तप्पा—गुरम्ही",Bansgaon,1200,18700,4500000,1023,23,ग्रामीण,भौवापार
"अहिरौली बु0, तप्पा—गुरम्ही",Bansgaon,1200,18700,4500000,1024,24,ग्रामीण,भौवापार
"अकोल्ही, तप्पा— गगहा",Bansgaon,4000,28600,5300000,1025,25,ग्रामीण,भौवापार
"अराजी मुडियार, तप्पा— गगहा",Bansgaon,1200,18700,4500000,1026,26,ग्रामीण,भौवापार
"अईमा मु0, तप्पा—कुसवासी",Bansgaon,1200,18700,4500000,1027,27,ग्रामीण,भौवापार
"अईमा ए0, तप्पा—कुसवासी",Bansgaon,1200,18700,3400000,1028,28,ग्रामीण,भौवापार
"अटकरिया, तप्पा— गगहा",Bansgaon,1200,18700,4500000,1029,29,ग्रामीण,भौवापार
"आराजी पडपुरवा, तप्पा—गुरम्ही",Bansgaon,3000,22000,5300000,1030,30,ग्रामीण,भौवापार
"इस्माईलपुर, तप्पा—पाली",Bansgaon,1200,18700,4500000,1031,31,ग्रामीण,धुरियापार
"इमिलियहवा, तप्प—अठैसी",Bansgaon,4000,28600,6600000,1032,32,ग्रामीण,धुरियापार
"इटकौली, तप्पा—गुरम्ही",Bansgaon,4000,28600,6600000,1033,33,ग्रामीण,भौवापार
"उस्का, तप्पा—महसिन",Bansgaon,1200,18700,4500000,1034,34,ग्रामीण,उनवल
"उज्जरपार, तप्पा— नर्रे",Bansgaon,3000,22000,5800000,1035,35,ग्रामीण,धुरियापार
"उटम्हा, तप्पा— गगहा",Bansgaon,1200,18700,4500000,1036,36,ग्रामीण,भौवापार
"उदयपुर, तप्पा—रामपुर कोठा",Bansgaon,1200,18700,4500000,1037,37,ग्रामीण,भौवापार
"ऊँचेर, तप्पा—गुरम्ही",Bansgaon,4000,18700,5800000,1038,38,ग्रामीण,भौवापार
"एकौना बुजुर्ग, तप्पा— नर्रे",Bansgaon,500,18700,3800000,1039,39,ग्रामीण,धुरियापार
"करहल, तप्पा—महसिन",Bansgaon,1200,18700,4500000,1040,40,ग्रामीण,उनवल
"कल्यानपुर, तप्पा—महसिन",Bansgaon,4000,18700,5300000,1041,41,ग्रामीण,उनवल
"कुचैटा, तप्पा—महसिन",Bansgaon,4000,18700,5300000,1042,42,ग्रामीण,उनवल
"किशुनपुर उर्फ बगही, तप्पा—महसिन",Bansgaon,1200,18700,4500000,1043,43,ग्रामीण,उनवल
"कांटा, तप्पा—महसिन",Bansgaon,1200,18700,4600000,1044,44,ग्रामीण,उनवल
"कन्हला, तप्पा—बभनौली",Bansgaon,1200,18700,4500000,1045,45,ग्रामीण,धुरियापार
"कोटिया तिवारी, तप्पा—बभनौली",Bansgaon,3000,22000,5300000,1046,46,ग्रामीण,धुरियापार
"कांटा, तप्पा—पाली",Bansgaon,1200,18700,4500000,1047,47,ग्रामीण,धुरियापार
"कलेचक, तप्पा—तीयर",Bansgaon,1200,18700,4500000,1048,48,ग्रामीण,धुरियापार
"कन्जरपार, तप्पा—तीयर",Bansgaon,1200,18700,4500000,1049,49,ग्रामीण,धुरियापार
"कनईल, तप्पा—पाली",Bansgaon,1200,22000,4500000,1050,50,ग्रामीण,धुरियापार
"कोटिया बाबू, तप्पा— नर्रे",Bansgaon,1200,18700,4500000,1051,51,ग्रामीण,धुरियापार
"कोपवा, तप्पा— नर्रे",Bansgaon,3000,18700,5300000,1052,52,ग्रामीण,धुरियापार
"कलौरा, तप्पा—पाली",Bansgaon,1200,18700,4500000,1053,53,ग्रामीण,धुरियापार
"कोटियाअमान सिंह, तप्पा—पाली",Bansgaon,3000,18700,5300000,1054,54,ग्रामीण,धुरियापार
"कनईचा, तप्पा—पाली",Bansgaon,3000,22000,5300000,1055,55,ग्रामीण,धुरियापार
"कानापार, तप्पा—पाली",Bansgaon,3000,22000,5300000,1056,56,ग्रामीण,धुरियापार
"कलानी उर्फ टड़वा, तप्पा— नर्रे",Bansgaon,1200,18700,4500000,1057,57,ग्रामीण,धुरियापार
"कोपवा, तप्पा—पाली",Bansgaon,1200,18700,4500000,1058,58,ग्रामीण,धुरियापार
"कहला, तप्प—अठैसी",Bansgaon,5000,28600,6600000,1059,59,ग्रामीण,धुरियापार
"करनौती, तप्प—अठैसी",Bansgaon,1200,22000,5000000,1060,60,ग्रामीण,धुरियापार
"करवल उर्फ मंझगांवा, तप्प—अठैसी",Bansgaon,5000,28600,6600000,1061,61,ग्रामीण,धुरियापार
"कठदेउर, तप्पा—मजुरी",Bansgaon,1200,18700,4500000,1062,62,ग्रामीण,धुरियापार
"कुशहा, तप्पा— पचीसी",Bansgaon,1200,18700,3400000,1063,63,ग्रामीण,भौवापार
"कुशमौल, तप्पा—कुशवासी",Bansgaon,1200,18700,4500000,1064,64,ग्रामीण,भौवापार
"कोलहट, तप्पा—कुशवासी",Bansgaon,1200,18700,4500000,1065,65,ग्रामीण,भौवापार
"करपैया, तप्पा—कुशवासी",Bansgaon,500,18700,3800000,1066,66,ग्रामीण,भौवापार
"कुसवासी खास, तप्पा—कुशवासी",Bansgaon,4000,28600,5300000,1067,67,ग्रामीण,भौवापार
"कटया, तप्पा—कुशवासी",Bansgaon,4000,28600,5300000,1068,68,ग्रामीण,भौवापार
"कसिहार, तप्पा—कुशवासी",Bansgaon,5000,28600,6600000,1069,69,ग्रामीण,भौवापार
"कतरारी मु0, तप्पा—कुशवासी",Bansgaon,1200,18700,3400000,1070,70,ग्रामीण,भौवापार
"कतरारी एहतमाली, तप्पा—कुशवासी",Bansgaon,1200,18700,3400000,1071,71,ग्रामीण,भौवापार
"करंजही मु0, तप्पा—कुशवासी",Bansgaon,1200,18700,3400000,1072,72,ग्रामीण,भौवापार
"कनईल मु0, तप्पा—कुशवासी",Bansgaon,1200,18700,4500000,1073,73,ग्रामीण,भौवापार
"कनईल ए0, तप्पा—कुशवासी",Bansgaon,1200,18700,3400000,1074,74,ग्रामीण,भौवापार
"कुसम्हा, तप्पा—कुशवासी",Bansgaon,1200,18700,4500000,1075,75,ग्रामीण,भौवापार
"कैथवलिया, तप्पा—गुरम्ही",Bansgaon,1200,18700,4500000,1076,76,ग्रामीण,भौवापार
"कोहड़ा, तप्पा—रामपुर कोठा",Bansgaon,1200,18700,5000000,1077,77,ग्रामीण,भौवापार
"कलानी, तप्पा—गुरम्ही",Bansgaon,1200,18700,4500000,1078,78,ग्रामीण,भौवापार
"करपैया एहतमाली, तप्पा—कुशवासी",Bansgaon,1200,18700,3400000,1079,79,ग्रामीण,भौवापार
"कुदरिया, तप्पा—गुरम्ही",Bansgaon,1200,18700,4500000,1080,80,ग्रामीण,भौवापार
"कौवाराम खु0, तप्पा—गुरम्ही",Bansgaon,4000,18700,5300000,1081,81,ग्रामीण,भौवापार
"कौवाराम बु0, तप्पा—गुरम्ही",Bansgaon,4000,18700,5300000,1082,82,ग्रामीण,भौवापार
"कौडीराम, तप्पा— पचीसी",Bansgaon,5000,28600,6600000,1083,83,ग्रामीण,भौवापार
"कैदहा बु0, तप्पा—गुरम्ही",Bansgaon,4000,28600,5300000,1084,84,ग्रामीण,भौवापार
"कैदहा खु0, तप्पा—गुरम्ही",Bansgaon,4000,28600,5300000,1085,85,ग्रामीण,भौवापार
"कौवाडील, तप्पा—गगहा",Bansgaon,1200,18700,4500000,1086,86,ग्रामीण,भौवापार
"कडहा चक, तप्पा—गगहा",Bansgaon,3000,22000,5300000,1087,87,ग्रामीण,भौवापार
"कोठा मुस्तकिल, तप्पा— रामपुरकोठा",Bansgaon,3000,18700,5300000,1088,88,ग्रामीण,भौवापार
"कोठा एहतमाली, तप्पा— रामपुरकोठा",Bansgaon,500,18700,3800000,1089,89,ग्रामीण,भौवापार
"करनराय, तप्पा—गगहा",Bansgaon,1200,18700,4500000,1090,90,ग्रामीण,भौवापार
"कुसमौरा खुर्द, तप्पा—गगहा",Bansgaon,4000,22000,5300000,1091,91,ग्रामीण,भौवापार
"कुसमौरा बुजुर्ग, तप्पा—गगहा",Bansgaon,4000,22000,5300000,1092,92,ग्रामीण,भौवापार
"कतकौली, तप्पा—गगहा",Bansgaon,1200,18700,4500000,1093,93,ग्रामीण,भौवापार
"कोड़रा मु0, तप्पा—गुरम्ही",Bansgaon,1200,18700,4500000,1094,94,ग्रामीण,भौवापार
"कोड़रा एह0, तप्पा—गुरम्ही",Bansgaon,1200,18700,3400000,1095,95,ग्रामीण,भौवापार
"करंजही एह0, तप्पा—कुशवासी",Bansgaon,1200,18700,3400000,1096,96,ग्रामीण,भौवापार
"खडहादेउर, तप्पा—महसिन",Bansgaon,1200,18700,4500000,1097,97,ग्रामीण,उनवल
"खजुरिया, तप्पा—महसिन",Bansgaon,1200,18700,4500000,1098,98,ग्रामीण,उनवल
"खजुरी बाबू, तप्पा— नर्रे",Bansgaon,3000,18700,5300000,1099,99,ग्रामीण,धुरियापार
"खखरी, तप्पा—तीयर",Bansgaon,1200,18700,4500000,1100,100,ग्रामीण,धुरियापार
"खम्भुआ भट्ट, तप्पा— पचीसी",Bansgaon,3000,22000,5300000,1101,101,ग्रामीण,भौवापार
"खम्भुआ पदुम, तप्पा— पचीसी",Bansgaon,1200,18700,4500000,1102,102,ग्रामीण,भौवापार
"खभरा, तप्पा—गगहा",Bansgaon,1200,22000,4500000,1103,103,ग्रामीण,भौवापार
"खदियापार, तप्पा—कुशवासी",Bansgaon,3000,18700,5300000,1104,104,ग्रामीण,भौवापार
"खेसुहा, तप्पा—गुरम्ही",Bansgaon,1200,18700,4500000,1105,105,ग्रामीण,भौवापार
"गोईठी, तप्पा—महसिन",Bansgaon,500,18700,3800000,1106,106,ग्रामीण,उनवल
"गेरुआ बाबू , तप्पा—महसिन",Bansgaon,4000,18700,5300000,1107,107,ग्रामीण,उनवल
"गौरी खुर्द, तप्पा—महसिन",Bansgaon,1200,18700,4500000,1108,108,ग्रामीण,उनवल
"गेरुआ उर्फ परसौना, तप्पा—महसिन",Bansgaon,4000,18700,5300000,1109,109,ग्रामीण,उनवल
"गोछरन, तप्पा—महसिन",Bansgaon,1200,18700,4500000,1110,110,ग्रामीण,उनवल
"गोडारी, तप्पा—महसिन",Bansgaon,500,18700,3800000,1111,111,ग्रामीण,उनवल
"गोछवल, तप्पा—महसिन",Bansgaon,4000,22000,5300000,1112,112,ग्रामीण,उनवल
"गरयाकोल, तप्पा—मझवलिया",Bansgaon,1200,18700,3400000,1113,113,ग्रामीण,चिल्लूपार
"गोहलिया, तप्पा—बभनौली",Bansgaon,1200,18700,4500000,1114,114,ग्रामीण,धुरियापार
"गोबडौर, तप्पा—पाली",Bansgaon,1200,18700,4500000,1115,115,ग्रामीण,धुरियापार
"गौरजीतपुर, तप्पा—बभनौली",Bansgaon,1200,18700,4500000,1116,116,ग्रामीण,धुरियापार
"गुआर, तप्पा—पाली",Bansgaon,1200,18700,4500000,1117,117,ग्रामीण,धुरियापार
"गजारी, तप्पा—तीयर",Bansgaon,1200,18700,4500000,1118,118,ग्रामीण,धुरियापार
"गेरुआखोर, तप्पा— नर्रे",Bansgaon,1200,18700,4500000,1119,119,ग्रामीण,धुरियापार
"गांगूपार, तप्पा— नर्रे",Bansgaon,1200,18700,4500000,1120,120,ग्रामीण,धुरियापार
"गौरपार, तप्पा— नर्रे",Bansgaon,3000,22000,5300000,1121,121,ग्रामीण,धुरियापार
"गोडसरी, तप्पा— पचीसी",Bansgaon,4000,22000,5300000,1122,122,ग्रामीण,भौवापार
"गंगापार, तप्पा—कुशवासी",Bansgaon,500,18700,3800000,1123,123,ग्रामीण,भौवापार
"गौरा, तप्पा—कुशवासी",Bansgaon,1200,18700,4500000,1124,124,ग्रामीण,भौवापार
"गुरम्ही, तप्पा—गुरम्ही",Bansgaon,1200,18700,4500000,1125,125,ग्रामीण,भौवापार
"गिरधरपुर दुबौलिया, तप्पा—गुरम्ही",Bansgaon,4000,18700,5300000,1126,126,ग्रामीण,भौवापार
"गिरधरपुर चौबे, तप्पा—गुरम्ही",Bansgaon,4000,18700,5300000,1127,127,ग्रामीण,भौवापार
"गिरधरपुर सोलंकी, तप्पा—गुरम्ही",Bansgaon,1200,18700,4500000,1128,128,ग्रामीण,भौवापार
"गुआर, तप्पा—गगहा",Bansgaon,4000,18700,5300000,1129,129,ग्रामीण,भौवापार
"गजपुर मुस्तकिल, तप्पा—रामपुर कोठा",Bansgaon,4000,18700,5300000,1130,130,ग्रामीण,भौवापार
"गजपुर एहतमाली, तप्पा—रामपुर कोठा",Bansgaon,1200,18700,3400000,1131,131,ग्रामीण,भौवापार
"गोबरईया, तप्पा—गगहा",Bansgaon,3000,22000,5300000,1132,132,ग्रामीण,भौवापार
"गंगा चक, तप्पा—गगहा",Bansgaon,1200,18700,4500000,1133,133,ग्रामीण,भौवापार
"गडही मुस्तकिल, तप्पा—गगहा",Bansgaon,1200,22000,5000000,1134,134,ग्रामीण,भौवापार
"गडही एहतमाली, तप्पा—गगहा",Bansgaon,500,18700,3800000,1135,135,ग्रामीण,भौवापार
"गोरखपुरवा, तप्पा—गगहा",Bansgaon,1200,18700,4500000,1136,136,ग्रामीण,भौवापार
"घेवरपार मुस्तकिल, तप्पा—मझवलिया",Bansgaon,1200,18700,4500000,1137,137,ग्रामीण,चिल्लूपार
"घेवरपार एहतमाली, तप्पा—मझवलिया",Bansgaon,1200,18700,3400000,1138,138,ग्रामीण,चिल्लूपार
"घोडसॉव, तप्पा— नर्रे",Bansgaon,1200,18700,4500000,1139,139,ग्रामीण,धुरियापार
"घनसही, तप्पा—कुशवासी",Bansgaon,3000,22000,5300000,1140,140,ग्रामीण,भौवापार
"घिसडी, तप्पा—रामपुर कोठा",Bansgaon,500,18700,3800000,1141,141,ग्रामीण,भौवापार
"चांडी, तप्पा—महसिन",Bansgaon,4000,22000,5500000,1142,142,ग्रामीण,उनवल
"चकमाली उर्फ विठुवा, तप्पा— नर्रे",Bansgaon,3000,22000,5500000,1143,143,ग्रामीण,धुरियापार
"चिमचा, तप्प—अठैसी",Bansgaon,1200,22000,5000000,1144,144,ग्रामीण,धुरियापार
"चकरामचन्दर, तप्पा—मजुरी",Bansgaon,1200,18700,4500000,1145,145,ग्रामीण,धुरियापार
"चकसुल्तानी, तप्पा—मजुरी",Bansgaon,5000,28600,6600000,1146,146,ग्रामीण,धुरियापार
"चकदनियाल, तप्पा— पचीसी",Bansgaon,1200,18700,4500000,1147,147,ग्रामीण,भौवापार
"चरपान खुद, तप्पा—कुशवार्सी",Bansgaon,1200,18700,4500000,1148,148,ग्रामीण,भौवापार
"चरपान बुजुर्ग, तप्पा—कुशवासी",Bansgaon,1200,18700,4500000,1149,149,ग्रामीण,भौवापार
"चन्दौली खुर्द, तप्पा—कुशवासी",Bansgaon,1200,18700,4500000,1150,150,ग्रामीण,भौवापार
"चेतनचक डोमरवार, तप्पा—कुशवासी",Bansgaon,500,18700,3800000,1151,151,ग्रामीण,भौवापार
"चन्दौली बुजुर्ग, तप्पा—कुशवासी",Bansgaon,1200,18700,5000000,1152,152,ग्रामीण,भौवापार
"चांदा, तप्पा—कुशवासी",Bansgaon,500,18700,3800000,1153,153,ग्रामीण,भौवापार
"चिउटहा मु0, तप्पा—गुरम्ही",Bansgaon,1200,18700,4500000,1154,154,ग्रामीण,भौवापार
"चिउटहा एह0, तप्पा—गुरम्ही",Bansgaon,1200,18700,3400000,1155,155,ग्रामीण,भौवापार
"चंवरिया बुजुर्ग, तप्पा—गुरम्ही",Bansgaon,4000,28600,5300000,1156,156,ग्रामीण,भौवापार
"चंवरिया खुर्द, तप्पा—गुरम्ही",Bansgaon,4000,28600,5300000,1157,157,ग्रामीण,भौवापार
"चेतरी, तप्पा—रामपुर कोठा",Bansgaon,500,18700,3800000,1158,158,ग्रामीण,भौवापार
"चरवटा, तप्पा—रामपुर कोठा",Bansgaon,500,18700,3800000,1159,159,ग्रामीण,भौवापार
"चांदा, तप्पा—गुरम्ही",Bansgaon,1200,18700,4500000,1160,160,ग्रामीण,भौवापार
"चांडी, तप्पा—गुरम्ही",Bansgaon,1200,22000,4500000,1161,161,ग्रामीण,भौवापार
चौखण्डी बॉसगॉव,Bansgaon,4500,28600,5300000,0001,162,अर्द्धनगरीय,वार्ड नं0—10
"जोतगुटकी, तप्पा—महसिन",Bansgaon,500,18700,3800000,1162,163,ग्रामीण,उनवल
"जिगिना भियांव, तप्पा—महसिन",Bansgaon,3000,22000,5300000,1163,164,ग्रामीण,उनवल
"जारी, तप्पा—महसिन",Bansgaon,1200,18700,4500000,1164,165,ग्रामीण,उनवल
"जादोपाली, तप्पा—पाली",Bansgaon,1200,18700,4500000,1165,166,ग्रामीण,धुरियापार
"जंगल सरया बेलवरिया, तप्पा— गौर",Bansgaon,1200,18700,4500000,1166,167,ग्रामीण,धुरियापार
"जानीपुर, तप्पा—तीयर",Bansgaon,4000,22000,6600000,1167,168,ग्रामीण,धुरियापार
"जमदरा, तप्प—अठैसी",Bansgaon,3000,22000,5500000,1168,169,ग्रामीण,धुरियापार
"जमीन लौहरपुर, तप्पा—मजुरी",Bansgaon,4000,22000,5800000,1169,170,ग्रामीण,धुरियापार
"जगदीशपुर, तप्पा— पचीसी",Bansgaon,4000,22000,6600000,1170,171,ग्रामीण,भौवापार
"जयन्तीपुर, तप्पा— पचीसी",Bansgaon,4000,22000,5500000,1171,172,ग्रामीण,भौवापार
"जमुनीजोत, तप्पा— पचीसी",Bansgaon,3000,22000,5500000,1172,173,ग्रामीण,भौवापार
"जगरनाथपुर, तप्पा—गुरम्ही",Bansgaon,3000,22000,5500000,1173,174,ग्रामीण,भौवापार
"जयापार, तप्पा—रामपुर कोठा",Bansgaon,1200,18700,4500000,1174,175,ग्रामीण,भौवापार
"जीवकर, तप्पा—गगहा",Bansgaon,1200,18700,4500000,1175,176,ग्रामीण,भौवापार
"जगदीशपुर, तप्पा—रामपुर कोठा",Bansgaon,5000,28600,6600000,1176,177,ग्रामीण,भौवापार
"जगदीशपुर, तप्पा— तीयर",Bansgaon,1200,18700,5000000,1177,178,ग्रामीण,भौवापार
"जगदीशपुर, तप्पा—गगहा",Bansgaon,4000,22000,5300000,1178,179,ग्रामीण,भौवापार
"झौहारी, तप्पा—रामपुर कोठा",Bansgaon,500,18700,3800000,1179,180,ग्रामीण,भौवापार
"झरना, तप्पा—रामपुर कोठा",Bansgaon,3000,22000,5300000,1180,181,ग्रामीण,भौवापार
"टेंगरी, तप्पा—तीयर",Bansgaon,1200,18700,5000000,1181,182,ग्रामीण,धुरियापार
"टड़वा, तप्पा—तीयर",Bansgaon,1200,18700,4500000,1182,183,ग्रामीण,धुरियापार
"टेंगरी, तप्पा—पाली",Bansgaon,3000,18700,5300000,1183,184,ग्रामीण,धुरियापार
"टेढतिघरा, तप्पा—पाली",Bansgaon,1200,18700,4500000,1184,185,ग्रामीण,धुरियापार
"टिकरी, तप्प—अठैसी",Bansgaon,4000,28600,5300000,1185,186,ग्रामीण,धुरियापार
"टेंगरखांवा, तप्पा—कुशवासी",Bansgaon,500,18700,3800000,1186,187,ग्रामीण,भौवापार
"टेम्हा, तप्पा—कुशवासी",Bansgaon,3000,22000,4500000,1187,188,ग्रामीण,भौवापार
"टीकर, तप्पा—गुरम्ही",Bansgaon,1200,18700,4500000,1188,189,ग्रामीण,भौवापार
"टेकुआमाधो, तप्पा—गगहा",Bansgaon,1200,18700,4500000,1189,190,ग्रामीण,भौवापार
"टेकुआ दर्जी, तप्पा—गगहा",Bansgaon,3000,18700,5300000,1190,191,ग्रामीण,भौवापार
टेकुआ चतुर,Bansgaon,3000,18700,5300000,1191,192,ग्रामीण,भौवापार
"टेम्हा, तप्पा—गगहा",Bansgaon,4000,18700,5300000,1192,193,ग्रामीण,भौवापार
"टेकुआवीर शाह, तप्पा—गगहा",Bansgaon,1200,18700,4500000,1193,194,ग्रामीण,भौवापार
"टिकुली बनारस, तप्पा—रामपुर कोठा",Bansgaon,3000,18700,5300000,1194,195,ग्रामीण,भौवापार
"ठठौली, तप्पा—गगहा",Bansgaon,4000,22000,5300000,1195,196,ग्रामीण,भौवापार
"डुमरडॉड, तप्पा—महसिन",Bansgaon,500,18700,3800000,1196,197,ग्रामीण,उनवल
"डॉडी रावत, तप्पा—महसिन",Bansgaon,1200,18700,4500000,1197,198,ग्रामीण,उनवल
"डडवा मनोहर, तप्पा—महसिन",Bansgaon,3000,18700,5300000,1198,199,ग्रामीण,उनवल
"डुमरी मु0शाहपुर, तप्पा—महसिन",Bansgaon,3000,18700,5300000,1199,200,ग्रामीण,उनवल
"डुमरी बाबू, तप्पा—महसिन",Bansgaon,4000,22000,5300000,1200,201,ग्रामीण,उनवल
"डेढुई कमालचक, तप्पा—पाली",Bansgaon,1200,18700,5000000,1201,202,ग्रामीण,धुरियापार
"डुमरी, तप्पा—तीयर",Bansgaon,4000,22000,5300000,1202,203,ग्रामीण,धुरियापार
"डेमुसा, तप्पा— नर्रे",Bansgaon,3000,18700,5300000,1203,204,ग्रामीण,धुरियापार
"डुमरी मंझरिया, तप्पा— नर्रे",Bansgaon,1200,18700,4500000,1204,205,ग्रामीण,धुरियापार
"डिहुलपार, तप्पा— नर्रे",Bansgaon,1200,22000,5000000,1205,206,ग्रामीण,धुरियापार
"डौसिहा, तप्पा—कुशवासी",Bansgaon,1200,18700,4500000,1206,207,ग्रामीण,भौवापार
"डवरपार, तप्पा—कुशवासी",Bansgaon,6000,28600,6600000,1207,208,ग्रामीण,भौवापार
"डोमडांड, तप्पा—कुशवासी",Bansgaon,1200,18700,3400000,1208,209,ग्रामीण,भौवापार
"डढिया खुर्द, तप्पा— पचीसी",Bansgaon,4000,22000,5300000,1209,210,ग्रामीण,भौवापार
"डढिया बुजुर्ग, तप्पा— पचीसी",Bansgaon,4000,22000,5300000,1210,211,ग्रामीण,भौवापार
"डुमरी, तप्पा—गगहा",Bansgaon,4000,22000,5300000,1211,212,ग्रामीण,भौवापार
"डांगीपार, तप्पा—रामपुर कोठा",Bansgaon,3000,18700,5300000,1212,213,ग्रामीण,भौवापार
"ढरसी, तप्प—अठैसी",Bansgaon,4000,28600,5300000,1213,214,ग्रामीण,धुरियापार
"ढखवा, तप्पा—गगहा",Bansgaon,1200,18700,4500000,1214,215,ग्रामीण,भौवापार
"ढेलहरा, तप्पा—कुशवासी",Bansgaon,500,18700,3800000,1215,216,ग्रामीण,भौवापार
"ढौली, तप्पा—गुरम्ही",Bansgaon,500,18700,3800000,1216,217,ग्रामीण,भौवापार
"ताल बडैला, तप्पा—महसिन",Bansgaon,1200,18700,3400000,1217,218,ग्रामीण,उनवल
"तीयर, तप्पा—तीयर",Bansgaon,4000,22000,5300000,1218,219,ग्रामीण,धुरियापार
"तिघरा पटवारी, तप्पा—पाली",Bansgaon,3000,18700,5300000,1219,220,ग्रामीण,धुरियापार
"तिघरा रुद्रमन, तप्पा—पाली",Bansgaon,3000,18700,5300000,1220,221,ग्रामीण,धुरियापार
"तेन्दुहानी, तप्पा— नर्रे",Bansgaon,1200,18700,4500000,1221,222,ग्रामीण,धुरियापार
"तेजुआपार, तप्पा— नर्रे",Bansgaon,1200,18700,4500000,1222,223,ग्रामीण,धुरियापार
"तालदेवेन्दा, तप्पा–मजुरी",Bansgaon,1200,18700,3400000,1223,224,ग्रामीण,धुरियापार
"ताल विजरा, तप्पा–कुशवासी",Bansgaon,1200,18700,3400000,1224,225,ग्रामीण,भौवापार
"ताल अभियार, तप्पा–कुशवासी",Bansgaon,1200,18700,3400000,1225,226,ग्रामीण,भौवापार
"ताल झिउरा, तप्पा–कुशवासी",Bansgaon,1200,18700,3400000,1226,227,ग्रामीण,भौवापार
"तिघरा खुर्द मु0, तप्पा– पचीसी",Bansgaon,1200,18700,4500000,1227,228,ग्रामीण,भौवापार
"तिघरा खु0एहतमाली, तप्पा– पचीसी",Bansgaon,1200,18700,3400000,1228,229,ग्रामीण,भौवापार
"तालदोहर, तप्पा–गुरम्ही",Bansgaon,1200,18700,3400000,1229,230,ग्रामीण,भौवापार
"तेनुआ, तप्पा–गुरम्ही",Bansgaon,1200,18700,5000000,1230,231,ग्रामीण,भौवापार
"तेवना, तप्पा–गुरम्ही",Bansgaon,1200,18700,4500000,1231,232,ग्रामीण,भौवापार
"तिघरा बुजुर्ग, तप्पा–गुरम्ही",Bansgaon,1200,18700,4500000,1232,233,ग्रामीण,भौवापार
"तालबरवे, तप्पा–गुरम्ही",Bansgaon,1200,18700,3400000,1233,234,ग्रामीण,भौवापार
"तालबडोही, तप्पा–गगहा",Bansgaon,1200,18700,3400000,1234,235,ग्रामीण,भौवापार
"तेजपुर, तप्पा–गगहा",Bansgaon,1200,18700,4500000,1235,236,ग्रामीण,भौवापार
"देवडार बाबू, तप्पा–महसिन",Bansgaon,4000,18700,5800000,1236,237,ग्रामीण,उनवल
"दोनखर, तप्पा–महसिन",Bansgaon,4500,22000,5500000,1237,238,ग्रामीण,उनवल
"देवडार खु0, तप्पा–महसिन",Bansgaon,4000,18700,5800000,1238,239,ग्रामीण,उनवल
"देवकली, तप्पा–तीयर",Bansgaon,3000,22000,5300000,1239,240,ग्रामीण,धुरियापार
"दुबौली, तप्पा–तीयर",Bansgaon,3000,22000,5800000,1240,241,ग्रामीण,धुरियापार
"दरसपुर, तप्पा–पाली",Bansgaon,1200,18700,4500000,1241,242,ग्रामीण,धुरियापार
"देवरिया, तप्पा–पाली",Bansgaon,1200,18700,4500000,1242,243,ग्रामीण,धुरियापार
"देवरिया, तप्पा–रामपुर कोठा",Bansgaon,1200,18700,4500000,1243,244,ग्रामीण,भौवापार
"देवकली बुजुर्ग, तप्पा–कुशवासी",Bansgaon,1200,18700,4500000,1244,245,ग्रामीण,भौवापार
"देवकली खुद, तप्पा–कुशवार्सी",Bansgaon,1200,18700,4500000,1245,246,ग्रामीण,भौवापार
"दार्हा खुर्द, तप्पा–कुशवासी",Bansgaon,1200,22000,5000000,1246,247,ग्रामीण,भौवापार
"दार्हा बुजुर्ग, तप्पा–कुशवासी",Bansgaon,3000,22000,5300000,1247,248,ग्रामीण,भौवापार
"देवडाड गोपालपुर, तप्पा–गुरम्ही",Bansgaon,1200,18700,4500000,1248,249,ग्रामीण,भौवापार
"देउरवीर, तप्पा–गुरम्ही",Bansgaon,3000,22000,5300000,1249,250,ग्रामीण,भौवापार
"दूदापार, तप्पा–गगहा",Bansgaon,1200,18700,4500000,1250,251,ग्रामीण,भौवापार
"देवकली, तप्पा–गगहा",Bansgaon,3000,22000,5300000,1251,252,ग्रामीण,भौवापार
"देवरिया, तप्पा–कुशवासी",Bansgaon,4000,28600,5300000,1252,253,ग्रामीण,भौवापार
दोनखर पूर्वी,Bansgaon,4500,28600,5500000,0002,254,अर्द्धनगरीय,वार्ड नं0 6
दोनखर पश्चिमी,Bansgaon,4500,28600,5500000,0003,255,अर्द्धनगरीय,वार्ड नं0 5
दक्षिणी टोला बॉसगॉव,Bansgaon,4500,28600,5500000,0004,256,अर्द्धनगरीय,वार्ड नं0 11
"धैबौली गहरवार, तप्पा–महसिन",Bansgaon,3000,18700,5500000,1253,257,ग्रामीण,उनवल
"धौसा, तप्पा–तीयर",Bansgaon,4000,22000,5300000,1254,258,ग्रामीण,धुरियापार
"धमक्कापुर, तप्पा–तीयर",Bansgaon,1200,18700,4500000,1255,259,ग्रामीण,धुरियापार
"धुसुना, तप्पा–पाली",Bansgaon,1200,18700,4500000,1256,260,ग्रामीण,धुरियापार
"धनौडा बुजुर्ग, तप्पा– पचीसी",Bansgaon,3000,22000,5800000,1257,261,ग्रामीण,भौवापार
"धनौडा खुर्द, तप्पा– पचीसी",Bansgaon,3000,22000,5800000,1258,262,ग्रामीण,भौवापार
"धस्का, तप्पा– पचीसी",Bansgaon,4000,22000,5300000,1259,263,ग्रामीण,भौवापार
"धस्की, तप्पा– पचीसी",Bansgaon,4000,22000,5300000,1260,264,ग्रामीण,भौवापार
"धस्की, तप्पा–कुशवासी",Bansgaon,1200,18700,4500000,1261,265,ग्रामीण,भौवापार
"नेंवास, तप्पा–महसिन",Bansgaon,4000,18700,5800000,1262,266,ग्रामीण,उनवल
"नेवरा, तप्पा–तीयर",Bansgaon,3000,18700,5300000,1263,267,ग्रामीण,धुरियापार
"नसीरपुर, तप्पा–पाली",Bansgaon,1200,18700,4500000,1264,268,ग्रामीण,धुरियापार
"नौवाडीह खुर्द, तप्पा–तीयर",Bansgaon,3000,18700,5800000,1265,269,ग्रामीण,धुरियापार
"नौवाडीह बुजुर्ग, तप्पा–तीयर",Bansgaon,3000,18700,5800000,1266,270,ग्रामीण,धुरियापार
"नर्रे बुजुर्ग, तप्पा– नर्रे",Bansgaon,3000,22000,5800000,1267,271,ग्रामीण,धुरियापार
"नर्रे खुर्द, तप्पा– नर्रे",Bansgaon,3000,22000,5800000,1268,272,ग्रामीण,धुरियापार
"नाहा, तप्प–अठैसी",Bansgaon,3000,22000,5800000,1269,273,ग्रामीण,धुरियापार
"नगवा, तप्पा–रामपुर कोठा",Bansgaon,3000,22000,5800000,1270,274,ग्रामीण,भौवापार
"नाउरदेउर, तप्पा–कुशवासी",Bansgaon,1200,18700,5000000,1271,275,ग्रामीण,भौवापार
"नवापार, तप्पा–कुशवासी",Bansgaon,1200,18700,4500000,1272,276,ग्रामीण,भौवापार
"नैनिया, तप्पा–गुरम्ही",Bansgaon,1200,18700,4500000,1273,277,ग्रामीण,भौवापार
"नीमडाड, तप्पा–गुरम्ही",Bansgaon,1200,18700,4500000,1274,278,ग्रामीण,भौवापार
"नगवा, तप्पा–गगहा",Bansgaon,3000,22000,5300000,1275,279,ग्रामीण,भौवापार
"नगवा, तप्पा–कुशवासी",Bansgaon,1200,18700,4500000,1276,280,ग्रामीण,भौवापार
"नटकौली, तप्पा–गगहा",Bansgaon,1200,18700,4500000,1277,281,ग्रामीण,भौवापार
"नेवादा, तप्पा–गगहा",Bansgaon,1200,18700,4500000,1278,282,ग्रामीण,भौवापार
"नरसिंह डीह, तप्पा–गगहा",Bansgaon,1200,18700,4500000,1279,283,ग्रामीण,भौवापार
"नवाचक, तप्पा–गगहा",Bansgaon,1200,22000,5000000,1280,284,ग्रामीण,भौवापार
"नरौहा, तप्पा–गगहा",Bansgaon,1200,18700,4500000,1281,285,ग्रामीण,भौवापार
"पक्खनपुर, तप्पा–महसिन",Bansgaon,1200,18700,4500000,1282,286,ग्रामीण,उनवल
"पूर मुस्तकील, तप्पा–मझवलिया",Bansgaon,1200,18700,4500000,1283,287,ग्रामीण,चिल्लूपार
"पूर एहतमाली, तप्पा–मझवलिया",Bansgaon,1200,18700,3400000,1284,288,ग्रामीण,चिल्लूपार
"पकडी, तप्पा–बभनौली",Bansgaon,1200,18700,4500000,1285,289,ग्रामीण,धुरियापार
"पतरैठा, तप्पा–बभनौली",Bansgaon,1200,18700,4500000,1286,290,ग्रामीण,धुरियापार
"पिपरहठा, तप्पा–बभनौली",Bansgaon,1200,18700,4500000,1287,291,ग्रामीण,धुरियापार
"पचपेडवा, तप्पा–बभनौली",Bansgaon,1200,18700,4500000,1288,292,ग्रामीण,धुरियापार
"पिन्डूपार, तप्पा–पाली",Bansgaon,1200,18700,4500000,1289,293,ग्रामीण,धुरियापार
"परसिया , तप्पा–तीयर",Bansgaon,4000,22000,5300000,1290,294,ग्रामीण,धुरियापार
"पिपराडाडी, तप्पा– नर्रे",Bansgaon,1200,18700,4500000,1291,295,ग्रामीण,धुरियापार
"पालीखास, तप्पा–पाली",Bansgaon,3000,22000,5300000,1292,296,ग्रामीण,धुरियापार
"परसादीपुर उर्फ मिश्रौली, तप्पा–तीयर",Bansgaon,1200,18700,4500000,1293,297,ग्रामीण,धुरियापार
"पाल्हींपार, तप्पा–तीयर",Bansgaon,3000,22000,5300000,1294,298,ग्रामीण,धुरियापार
"पिपरपाती, तप्पा–पाली",Bansgaon,3000,22000,5300000,1295,299,ग्रामीण,धुरियापार
"पकडी दूबे, तप्पा–तीयर",Bansgaon,4000,22000,5800000,1296,300,ग्रामीण,धुरियापार
"परिहस्थी, तप्पा– नर्रे",Bansgaon,1200,22000,5000000,1297,301,ग्रामीण,धुरियापार
"पाण्डेयपार उर्फ डड़वा, तप्पा– नर्रे",Bansgaon,4000,22000,5300000,1298,302,ग्रामीण,धुरियापार
"पिछौरा, तप्प–अठैसी",Bansgaon,3000,220000,5300000,1299,303,ग्रामीण,धुरियापार
"पाजूपार, तप्पा–मजुरी",Bansgaon,5000,28600,6600000,1300,304,ग्रामीण,धुरियापार
"पचीसी खास, तप्पा– पचीसी",Bansgaon,3000,22000,5300000,1301,305,ग्रामीण,भौवापार
"पैकौली, तप्पा–कुशवासी",Bansgaon,3000,22000,5300000,1302,306,ग्रामीण,भौवापार
"पिपरा मु0, तप्पा–गुरम्ही",Bansgaon,1200,18700,4500000,1303,307,ग्रामीण,भौवापार
"पलहपुर, तप्पा–गुरम्ही",Bansgaon,4000,22000,5300000,1304,308,ग्रामीण,भौवापार
"पडपुरवा, तप्पा–गुरम्ही",Bansgaon,1200,18700,4500000,1305,309,ग्रामीण,भौवापार
"पाण्डेयपार, तप्पा–गुरम्ही",Bansgaon,5000,28600,6600000,1306,310,ग्रामीण,भौवापार
"परेसापार, तप्पा–गुरम्ही",Bansgaon,1200,18700,4500000,1307,311,ग्रामीण,भौवापार
"पंचमा, तप्पा–गगहा",Bansgaon,1200,18700,4500000,1308,312,ग्रामीण,भौवापार
"पुरसौली, तप्पा–गगहा",Bansgaon,3000,18700,5300000,1309,313,ग्रामीण,भौवापार
"पसपुरवा, तप्पा–गगहा",Bansgaon,4000,28600,5800000,1310,314,ग्रामीण,भौवापार
"पिपरपाती, तप्पा–गगहा",Bansgaon,1200,18700,4500000,1311,315,ग्रामीण,भौवापार
"पकडी, तप्पा–गुरम्ही",Bansgaon,1200,18700,4500000,1312,316,ग्रामीण,भौवापार
"पकडपुरा, तप्पा–गगहा",Bansgaon,1200,18700,4500000,1313,317,ग्रामीण,भौवापार
"परासी, तप्पा–गगहा",Bansgaon,3000,22000,5300000,1314,318,ग्रामीण,भौवापार
"पिड़रही, तप्पा– नर्रे",Bansgaon,1200,18700,4500000,1315,319,ग्रामीण,धुरियापार
"फुलहर खुर्द, तप्पा–महसिन",Bansgaon,1200,22000,5000000,1316,320,ग्रामीण,उनवल
"फुलहर बु0, तप्पा–महसिन",Bansgaon,1200,22000,5000000,1317,321,ग्रामीण,उनवल
"फुलपुर, तप्पा– गौर",Bansgaon,1200,18700,4500000,1318,322,ग्रामीण,धुरियापार
"बैदौली बाबु, तप्पा–महसिन",Bansgaon,4000,22000,5800000,1319,323,ग्रामीण,उनवल
"बरपार पाण्डेय, तप्पा–महसिन",Bansgaon,1200,18700,4500000,1320,324,ग्रामीण,उनवल
"बसौली खु0, तप्पा–महसिन",Bansgaon,3000,18700,5800000,1321,325,ग्रामीण,उनवल
"बसौली बुजुर्ग, तप्पा–महसिन",Bansgaon,3000,18700,5800000,1322,326,ग्रामीण,उनवल
"बघराई, तप्पा–महसिन",Bansgaon,4000,22000,5300000,1323,327,ग्रामीण,उनवल
"बेदौली पल्टन सिंह, तप्पा–महसिन",Bansgaon,4000,22000,5500000,1324,328,ग्रामीण,उनवल
"बहीडाडी, तप्पा–महसिन",Bansgaon,4500,22000,5500000,1325,329,ग्रामीण,उनवल
"बैदौली मोहन सिंह, तप्पा–महसिन",Bansgaon,3000,18700,5300000,1326,330,ग्रामीण,उनवल
"बेनवापार, तप्पा–महसिन",Bansgaon,1200,18700,4500000,1327,331,ग्रामीण,उनवल
"बरडीहा, तप्पा–महसिन",Bansgaon,3000,22000,5500000,1328,332,ग्रामीण,उनवल
"बडावन, तप्पा–महसिन",Bansgaon,4500,22000,5500000,1329,333,ग्रामीण,उनवल
"बकुलहा, तप्पा–महसिन",Bansgaon,4000,18700,5800000,1330,334,ग्रामीण,उनवल
"बलुआ उर्फ गोपालपुर, तप्पा–महसिन",Bansgaon,4500,22000,5500000,1331,335,ग्रामीण,उनवल
"बिजुलिया, तप्पा–महसिन",Bansgaon,500,18700,3800000,1332,336,ग्रामीण,उनवल
"बरपरवा, तप्पा–बभनौली",Bansgaon,1200,18700,4500000,1333,337,ग्रामीण,धुरियापार
"बलिया, तप्पा–तीयर",Bansgaon,1200,18700,4500000,1334,338,ग्रामीण,धुरियापार
"बाढा बुजुर्ग, तप्पा– गौर",Bansgaon,1200,18700,4500000,1335,339,ग्रामीण,धुरियापार
"बासीपार, तप्पा–तीयर",Bansgaon,4000,22000,5300000,1336,340,ग्रामीण,धुरियापार
"बहोरवा, तप्पा–पाली",Bansgaon,1200,18700,4500000,1337,341,ग्रामीण,धुरियापार
"बरडीहा, तप्पा–तीयर",Bansgaon,1200,22000,5000000,1338,342,ग्रामीण,धुरियापार
"बनियापार, तप्पा–तीयर",Bansgaon,3000,22000,5300000,1339,343,ग्रामीण,धुरियापार
"बनपुरवा, तप्पा– नर्रे",Bansgaon,3000,18700,5300000,1340,344,ग्रामीण,धुरियापार
"विशुनपुरा, तप्पा– नर्रे",Bansgaon,3000,18700,5300000,1341,345,ग्रामीण,धुरियापार
"वेला, तप्पा– नर्रे",Bansgaon,1200,18700,5000000,1342,346,ग्रामीण,धुरियापार
"बेलावीरभान, तप्पा– नर्रे",Bansgaon,3000,22000,5800000,1343,347,ग्रामीण,धुरियापार
"बाउपार, तप्पा– गगहा",Bansgaon,1200,18700,4500000,1344,348,ग्रामीण,धुरियापार
"बेलादार, तप्प–अठैसी",Bansgaon,3000,22000,5300000,1345,349,ग्रामीण,धुरियापार
"बिरुआ, तप्पा– पचीसी",Bansgaon,1200,22000,5000000,1346,350,ग्रामीण,भौवापार
"बैदौली, तप्पा– पचीसी",Bansgaon,1200,18700,4500000,1347,351,ग्रामीण,भौवापार
"विशुनपुर, तप्पा– पचीसी",Bansgaon,3000,22000,5300000,1348,352,ग्रामीण,भौवापार
"विनयकटारी, तप्पा–कुशवासी",Bansgaon,3000,18700,4500000,1349,353,ग्रामीण,भौवापार
"बेनुआ टीकर, तप्पा–कुशवासी",Bansgaon,1200,18700,4500000,1350,354,ग्रामीण,भौवापार
"बरईपार नं0 48, तप्पा–कुशवासी",Bansgaon,1200,18700,4500000,1351,355,ग्रामीण,भौवापार
"वारीडीहा, तप्पा–कुशवासी",Bansgaon,1200,22000,4500000,1352,356,ग्रामीण,भौवापार
"बेलीपार, तप्पा–कुशवासी",Bansgaon,6000,28600,5500000,1353,357,ग्रामीण,भौवापार
"बरईपार नं0 44, तप्पा–कुशवासी",Bansgaon,6000,28600,6600000,1354,358,ग्रामीण,भौवापार
"विस्टौली बुजुर्ग, तप्पा–कुशवासी",Bansgaon,4000,28600,6600000,1355,359,ग्रामीण,भौवापार
"विस्टौली खुर्द, तप्पा–कुशवासी",Bansgaon,4000,28600,6600000,1356,360,ग्रामीण,भौवापार
"बेला मुस्तकील, तप्पा–कुशवासी",Bansgaon,3000,22000,5300000,1357,361,ग्रामीण,भौवापार
"वेला एहतमाली, तप्पा–कुशवासी",Bansgaon,1200,18700,4500000,1358,362,ग्रामीण,भौवापार
"बारीगांव, तप्पा–गुरम्ही",Bansgaon,1200,18700,4500000,1359,363,ग्रामीण,भौवापार
"वस्तुपार, तप्पा–गुरम्ही",Bansgaon,4000,18700,5800000,1360,364,ग्रामीण,भौवापार
"बलुआ बुजुर्ग, तप्पा– पचीसी",Bansgaon,5000,28600,6600000,1361,365,ग्रामीण,भौवापार
"बलुआ खुर्द, तप्पा– पचीसी",Bansgaon,5000,28600,6600000,1362,366,ग्रामीण,भौवापार
"बैदौली, तप्पा–गुरम्ही",Bansgaon,4000,28600,5300000,1363,367,ग्रामीण,भौवापार
"वडिहारी, तप्पा–गगहा",Bansgaon,3000,18700,5300000,1364,368,ग्रामीण,भौवापार
"बासगगहा, तप्पा–गगहा",Bansgaon,1200,18700,4500000,1365,369,ग्रामीण,भौवापार
"बनकटी, तप्पा–गगहा",Bansgaon,4000,22000,5300000,1366,370,ग्रामीण,भौवापार
"वधमौवा, तप्पा–गगहा",Bansgaon,4000,22000,5300000,1367,371,ग्रामीण,भौवापार
"विस्करपुर, तप्पा–गगहा",Bansgaon,1200,18700,4500000,1368,372,ग्रामीण,भौवापार
"वासूडीहा, तप्पा–रामपुर कोठा",Bansgaon,3000,18700,5300000,1369,373,ग्रामीण,भौवापार
"बन्धवा, तप्पा–रामपुर कोठा",Bansgaon,3000,18700,5300000,1370,374,ग्रामीण,भौवापार
"वांसपार, तप्पा–रामपुर कोठा",Bansgaon,3000,18700,5300000,1371,375,ग्रामीण,भौवापार
"बनकटी, तप्पा–रामपुर कोठा",Bansgaon,1200,18700,4500000,1372,376,ग्रामीण,भौवापार
"बेलवा सहाय, तप्पा–रामपुर कोठा",Bansgaon,1200,18700,4500000,1373,377,ग्रामीण,भौवापार
"बेलकुर, तप्पा–गगहा",Bansgaon,1200,18700,4500000,1374,378,ग्रामीण,भौवापार
"विछिया, तप्पा–गगहा",Bansgaon,1200,18700,4500000,1375,379,ग्रामीण,भौवापार
"वभनौली, तप्पा–गगहा",Bansgaon,1200,18700,4500000,1376,380,ग्रामीण,भौवापार
"बरैनी, तप्पा–गगहा",Bansgaon,1200,18700,4500000,1377,381,ग्रामीण,भौवापार
"बोड़ारी, तप्पा–गगहा",Bansgaon,1200,18700,4500000,1378,382,ग्रामीण,भौवापार
बहीडांड़ी बैलरी,Bansgaon,4500,28600,5500000,0005,383,अर्द्धनगरीय,वार्ड नं0 1
बड़ावन लमोहिया,Bansgaon,4500,28600,5500000,0006,384,अर्द्धनगरीय,वार्ड नं0 2
बड़ावन पश्चिमी,Bansgaon,4500,28600,5500000,0007,385,अर्द्धनगरीय,वार्ड नं0 4
बॉसगॉव उत्तरी,Bansgaon,4500,28600,5300000,0008,386,अर्द्धनगरीय,वार्ड नं0 8
बयालिस पट्टी बॉसगॉव,Bansgaon,4500,28600,5300000,0009,387,अर्द्धनगरीय,वार्ड नं0 12
"भुसवल बु0, तप्पा–महसिन",Bansgaon,1200,18700,4500000,1379,388,ग्रामीण,उनवल
"भुसवल खु0, तप्पा–महसिन",Bansgaon,1200,18700,4500000,1380,389,ग्रामीण,उनवल
"भैरोपुर, तप्पा–महसिन",Bansgaon,3000,22000,5800000,1381,390,ग्रामीण,उनवल
"भैसा हरिहर, तप्पा–महसिन",Bansgaon,3000,18700,5300000,1382,391,ग्रामीण,उनवल
"भिटखोरी, तप्पा–महसिन",Bansgaon,3000,28600,5300000,1383,392,ग्रामीण,उनवल
"भरवलिया बाबु, तप्पा–महसिन",Bansgaon,1200,18700,4500000,1384,393,ग्रामीण,उनवल
"भभौरा, तप्पा–बभनौली",Bansgaon,1200,18700,4500000,1385,394,ग्रामीण,धुरियापार
"भीटी, तप्पा–बभनौली",Bansgaon,1200,18700,4500000,1386,395,ग्रामीण,धुरियापार
"भीटी तिवारी, तप्पा–पाली",Bansgaon,3000,18700,5300000,1387,396,ग्रामीण,धुरियापार
"भीता, तप्पा–पाली",Bansgaon,1200,18700,4500000,1388,397,ग्रामीण,धुरियापार
"भैसा रानी, तप्पा–पाली",Bansgaon,3000,18700,5300000,1389,398,ग्रामीण,धुरियापार
"भगता, तप्पा– गौर",Bansgaon,1200,18700,4500000,1390,399,ग्रामीण,धुरियापार
"भरवलिया, तप्पा–तीयर",Bansgaon,1200,18700,4500000,1391,400,ग्रामीण,धुरियापार
"भितरी, तप्पा–तीयर",Bansgaon,3000,22000,5300000,1392,401,ग्रामीण,धुरियापार
"भैसही बुजुर्ग, तप्पा–पाली",Bansgaon,3000,22000,5300000,1393,402,ग्रामीण,धुरियापार
"भैसही खुर्द, तप्पा–पाली",Bansgaon,3000,22000,5300000,1394,403,ग्रामीण,धुरियापार
"भवन पोखर, तप्पा–तीयर",Bansgaon,4000,22000,5300000,1395,404,ग्रामीण,धुरियापार
"भिटहा, तप्पा– पचीसी",Bansgaon,4000,22000,5300000,1396,405,ग्रामीण,भौवापार
"भरवल, तप्पा–कुशवासी",Bansgaon,4000,28600,5300000,1397,406,ग्रामीण,भौवापार
"भस्मा, तप्पा–कुशवासी",Bansgaon,1200,18700,4500000,1398,407,ग्रामीण,भौवापार
"भिटहा, तप्पा–कुशवासी",Bansgaon,4000,28600,5300000,1399,408,ग्रामीण,भौवापार
"भीटी, तप्पा–कुशवासी",Bansgaon,4000,28600,5300000,1400,409,ग्रामीण,भौवापार
"भटास, तप्पा– पचीसी",Bansgaon,4000,22000,6600000,1401,410,ग्रामीण,भौवापार
"भटकौली, तप्पा–गगहा",Bansgaon,1200,18700,4500000,1402,411,ग्रामीण,भौवापार
"भलुआन, तप्पा–रामपुर कोठा",Bansgaon,5000,28600,5300000,1403,412,ग्रामीण,भौवापार
"भाटपार, तप्पा–रामपुर कोठा",Bansgaon,1200,18700,4500000,1404,413,ग्रामीण,भौवापार
"भगडा, तप्पा–गुरम्ही",Bansgaon,1200,18700,4500000,1405,414,ग्रामीण,भौवापार
"भैसहा बुजुर्ग, तप्पा–गगहा",Bansgaon,1200,18700,4500000,1406,415,ग्रामीण,भौवापार
"भैसहा खुर्द, तप्पा–गगहा",Bansgaon,1200,18700,4500000,1407,416,ग्रामीण,भौवापार
"भेडी, तप्पा–गगहा",Bansgaon,1200,18700,4500000,1408,417,ग्रामीण,भौवापार
"भरवलिया, तप्पा–गगहा",Bansgaon,4000,28600,5300000,1409,418,ग्रामीण,भौवापार
"भटौरा, तप्पा– नर्रे",Bansgaon,1200,18700,4500000,1410,419,ग्रामीण,धुरियापार
"महसिन खास, तप्पा–महसिन",Bansgaon,4000,18700,5800000,1411,420,ग्रामीण,उनवल
"मसहापार, तप्पा–महसिन",Bansgaon,1200,18700,4500000,1412,421,ग्रामीण,उनवल
"महुआपार, तप्पा–महसिन",Bansgaon,4000,22000,5300000,1413,422,ग्रामीण,उनवल
"मिश्रौलिया, तप्पा–महसिन",Bansgaon,3000,18700,5300000,1414,423,ग्रामीण,उनवल
"मंझगांवा, तप्पा–महसिन",Bansgaon,3000,18700,5300000,1415,424,ग्रामीण,उनवल
"मरवटिया, तप्पा–महसिन",Bansgaon,4000,22000,5500000,1416,425,ग्रामीण,उनवल
"मितानपुर खुर्द, तप्पा– नर्रे",Bansgaon,1200,18700,4500000,1417,426,ग्रामीण,धुरियापार
"मठिया, तप्पा–बभनौली",Bansgaon,1200,18700,4500000,1418,427,ग्रामीण,धुरियापार
"महिलवार, तप्पा–पाली",Bansgaon,1200,18700,4500000,1419,428,ग्रामीण,धुरियापार
"मठिया, तप्पा–तीयर",Bansgaon,1200,18700,4500000,1420,429,ग्रामीण,धुरियापार
"मुसैला, तप्पा– नर्रे",Bansgaon,3000,18700,5300000,1421,430,ग्रामीण,धुरियापार
"मुसैली, तप्पा– नर्रे",Bansgaon,3000,18700,5300000,1422,431,ग्रामीण,धुरियापार
"मटिहनिया, तप्पा–तीयर",Bansgaon,1200,18700,4500000,1423,432,ग्रामीण,धुरियापार
"मंझरिया, तप्पा–पाली",Bansgaon,1200,18700,4500000,1424,433,ग्रामीण,धुरियापार
"मउ खुर्द, तप्पा–पाली",Bansgaon,1200,18700,4500000,1425,434,ग्रामीण,धुरियापार
"मउ बुजुर्ग, तप्पा–पाली",Bansgaon,1200,18700,4500000,1426,435,ग्रामीण,धुरियापार
"महथा, तप्पा–पाली",Bansgaon,3000,22000,5300000,1427,436,ग्रामीण,धुरियापार
"महुजा, तप्पा–तीयर",Bansgaon,3000,22000,5300000,1428,437,ग्रामीण,धुरियापार
"मितानपुर बुजुर्ग, तप्पा– नर्रे",Bansgaon,1200,18700,4500000,1429,438,ग्रामीण,धुरियापार
"मानोकिशुनपुर, तप्पा– नर्रे",Bansgaon,3000,18700,5300000,1430,439,ग्रामीण,धुरियापार
"मेहदरॉव, तप्पा– नर्रे",Bansgaon,3000,18700,5300000,1431,440,ग्रामीण,धुरियापार
"मलउन, तप्पा– नर्रे",Bansgaon,1200,18700,4500000,1432,441,ग्रामीण,धुरियापार
"मठधर्मसेन, तप्पा– नर्रे",Bansgaon,1200,18700,4500000,1433,442,ग्रामीण,धुरियापार
"महुराई, तप्प–अठैसी",Bansgaon,4000,28600,5300000,1434,443,ग्रामीण,धुरियापार
"मजुरीखास, तप्पा–मजुरी",Bansgaon,4000,18700,5300000,1435,444,ग्रामीण,धुरियापार
"मिश्रौली, तप्पा–मजुरी",Bansgaon,1200,22000,5000000,1436,445,ग्रामीण,धुरियापार
"महाडीह, तप्पा– पचीसी",Bansgaon,4000,22000,5300000,1437,446,ग्रामीण,भौवापार
"मेहरौली, तप्पा–कुशवासी",Bansgaon,4000,28600,5300000,1438,447,ग्रामीण,भौवापार
"मलांव मुस्तकील, तप्पा–कुशवासी",Bansgaon,3000,22000,5800000,1439,448,ग्रामीण,भौवापार
"मलाव एहतमाली , तप्पा–कुशवासी",Bansgaon,1200,18700,3400000,1440,449,ग्रामीण,भौवापार
"मलौली मु0, तप्पा–गुरम्ही",Bansgaon,1200,18700,4500000,1441,450,ग्रामीण,भौवापार
"मलौली एहतमाली, तप्पा–गुरम्ही",Bansgaon,1200,18700,3400000,1442,451,ग्रामीण,भौवापार
"माहोपार, तप्पा–गुरम्ही",Bansgaon,4000,18700,5300000,1443,452,ग्रामीण,भौवापार
"मराछी, तप्पा–गुरम्ही",Bansgaon,1200,18700,4500000,1444,453,ग्रामीण,भौवापार
"मिश्रौली, तप्पा– पचीसी",Bansgaon,5000,28600,6600000,1445,454,ग्रामीण,भौवापार
"महुजा, तप्पा– पचीसी",Bansgaon,4000,22000,6600000,1446,455,ग्रामीण,भौवापार
"मोहनापार, तप्पा–गगहा",Bansgaon,1200,18700,4500000,1447,456,ग्रामीण,भौवापार
"मेहदिया, तप्पा–गगहा",Bansgaon,4000,18700,5300000,1448,457,ग्रामीण,भौवापार
"मसान पाकड, तप्पा–रामपुर कोठा",Bansgaon,3000,18700,5300000,1449,458,ग्रामीण,भौवापार
"माहोपार, तप्पा–रामपुर कोठा",Bansgaon,4000,18700,5300000,1450,459,ग्रामीण,भौवापार
"मंझवा, तप्पा–गुरम्ही",Bansgaon,1200,18700,5000000,1451,460,ग्रामीण,भौवापार
"महराजपुर खुर्द, तप्पा–गगहा",Bansgaon,1200,18700,4500000,1452,461,ग्रामीण,भौवापार
"मैनसीर, तप्पा–गगहा",Bansgaon,1200,18700,4500000,1453,462,ग्रामीण,भौवापार
"महाराजपुर खानमल, तप्पा–गगहा",Bansgaon,1200,18700,4500000,1454,463,ग्रामीण,भौवापार
"महराजपुर बुजुर्ग, तप्पा–गगहा",Bansgaon,1200,18700,4500000,1455,464,ग्रामीण,भौवापार
"मैनपट्टी, तप्पा–गगहा",Bansgaon,1200,18700,4500000,1456,465,ग्रामीण,भौवापार
"महालजलकर, तप्पा–कुशवासी",Bansgaon,1200,18700,4500000,1457,466,ग्रामीण,भौवापार
मरवटिया उत्तरी,Bansgaon,4500,28600,5500000,0010,467,अर्द्धनगरीय,वार्ड नं0 7
मरवटिया मध्य,Bansgaon,4500,28600,5500000,0011,468,अर्द्धनगरीय,वार्ड नं0 3
मरवटिया दक्षिणी,Bansgaon,4500,28600,5500000,0012,469,अर्द्धनगरीय,वार्ड नं0 9
"रतनपुर राजा, तप्पा–महसिन",Bansgaon,1200,18700,4500000,1458,470,ग्रामीण,उनवल
"रियाँव मुस्तकील, तप्पा–मझवलियां",Bansgaon,1200,18700,4500000,1459,471,ग्रामीण,चिल्लूपार
"रियाँव एहतमाली, तप्पा–मझवलिया",Bansgaon,1200,18700,3400000,1460,472,ग्रामीण,चिल्लूपार
"रानीपुर, तप्पा–मझवलिया",Bansgaon,1200,18700,4500000,1461,473,ग्रामीण,चिल्लूपार
"रामपुर, तप्पा– नर्रे",Bansgaon,1200,18700,4500000,1462,474,ग्रामीण,धुरियापार
"राजगढ, तप्पा– नर्रे",Bansgaon,3000,22000,5800000,1463,475,ग्रामीण,धुरियापार
"राउतपार, तप्प–अठैसी",Bansgaon,5000,28600,6600000,1464,476,ग्रामीण,धुरियापार
"रामनगर, तप्पा– नर्रे",Bansgaon,1200,18700,6600000,1465,477,ग्रामीण,धुरियापार
"रानीपुर, तप्पा– पचीसी",Bansgaon,4500,28600,4500000,1466,478,ग्रामीण,भौवापार
"रुद्राईनपुर उफ मझगाँवा, तप्पा–कुशवासी",Bansgaon,1200,18700,6600000,1467,479,ग्रामीण,भौवापार
"रेवडाडीह, तप्पा–गुरम्ही",Bansgaon,500,18700,3800000,1468,480,ग्रामीण,भौवापार
"राजगढ, तप्पा–गुरम्ही",Bansgaon,1200,18700,4500000,1469,481,ग्रामीण,भौवापार
"रानीपार, तप्पा–गगहा",Bansgaon,1200,18700,4500000,1470,482,ग्रामीण,भौवापार
"रजनौली, तप्पा–गगहा",Bansgaon,1200,18700,4500000,1471,483,ग्रामीण,भौवापार
"रघुनाथपुर, तप्पा–गगहा",Bansgaon,1200,18700,4500000,1472,484,ग्रामीण,भौवापार
"राजपुर, तप्पा–गगहा",Bansgaon,3000,18700,4500000,1473,485,ग्रामीण,भौवापार
"राउतपार, तप्पा–रामपुर कोठा",Bansgaon,500,18700,3800000,1474,486,ग्रामीण,भौवापार
"रामपुर, तप्पा–रामपुर कोठा",Bansgaon,1200,18700,3400000,1475,487,ग्रामीण,भौवापार
"राईपुर मुस्तकील, तप्पा–गगहा",Bansgaon,1200,18700,4500000,1476,488,ग्रामीण,भौवापार
"रामनगर तप्पा तियर, तप्पा– नर्रे",Bansgaon,4000,18700,4500000,1477,489,ग्रामीण,धुरियापार
"राईपुर एहतमाली, तप्पा–गगहा",Bansgaon,1200,18700,3400000,1478,490,ग्रामीण,भौवापार
"रकहट मुस्तकिल, तप्पा–गगहा",Bansgaon,3000,18700,5300000,1479,491,ग्रामीण,भौवापार
"रकहट एहतमाली, तप्पा–गगहा",Bansgaon,1200,18700,3400000,1480,492,ग्रामीण,भौवापार
"रामपुर, तप्पा– पचीसी",Bansgaon,1200,18700,4500000,1481,493,ग्रामीण,भौवापार
"रामतारा, तप्पा– पचीसी",Bansgaon,1200,18700,4500000,1482,494,ग्रामीण,भौवापार
"लालपुर, तप्पा–महसिन",Bansgaon,1200,18700,4500000,1483,495,ग्रामीण,उनवल
"लाहीडाडी, तप्पा–महसिन",Bansgaon,4000,22000,5300000,1484,496,ग्रामीण,उनवल
"लक्ष्मीपुर, तप्पा–बभनौली",Bansgaon,1200,18700,4500000,1485,497,ग्रामीण,धुरियापार
"लंकुडी निस्फी बाबु, तप्पा–तीयर",Bansgaon,1200,18700,4500000,1486,498,ग्रामीण,धुरियापार
"लकुडी निस्फी राय, तप्पा–तीयर",Bansgaon,1200,18700,4500000,1487,499,ग्रामीण,धुरियापार
"लेडूआवारी बुजुर्ग, तप्पा–पाली",Bansgaon,3000,22000,5300000,1488,500,ग्रामीण,धुरियापार
"लेडुआवारी खुर्द, तप्पा–पाली",Bansgaon,3000,22000,5300000,1489,501,ग्रामीण,धुरियापार
"लाहीडाडी खुर्द, तप्पा–तीयर",Bansgaon,1200,18700,4500000,1490,502,ग्रामीण,धुरियापार
"लाहीडाडी बुजुर्ग, तप्पा–तीयर",Bansgaon,1200,18700,4500000,1491,503,ग्रामीण,धुरियापार
"लगुनही, तप्पा– नर्रे",Bansgaon,1200,18700,4500000,1492,504,ग्रामीण,धुरियापार
"लखईडीह खुर्द, तप्पा–गगहा",Bansgaon,1200,18700,4500000,1493,505,ग्रामीण,भौवापार
"लखईडीह बुजुर्ग, तप्पा–गगहा",Bansgaon,1200,18700,4500000,1494,506,ग्रामीण,भौवापार
"लखनापार, तप्पा–गगहा",Bansgaon,1200,18700,4500000,1495,507,ग्रामीण,भौवापार
"लखनौरा, तप्पा–गगहा",Bansgaon,1200,18700,4500000,1496,508,ग्रामीण,भौवापार
"सरसोपार, तप्पा–महसिन",Bansgaon,1200,18700,4500000,1497,509,ग्रामीण,उनवल
"शहरीडाँड, तप्पा–महसिन",Bansgaon,4000,18700,5300000,1498,510,ग्रामीण,उनवल
"साँवर, तप्पा–महसिन",Bansgaon,1200,18700,4500000,1499,511,ग्रामीण,उनवल
"साईताल, तप्पा–महसिन",Bansgaon,4000,22000,5300000,1500,512,ग्रामीण,उनवल
"शाहपुर कवरा उर्फ बांसगांव,",Bansgaon,4500,22000,5300000,1501,513,ग्रामीण,उनवल
"सियरहा, तप्पा–महसिन",Bansgaon,1200,18700,4500000,1502,514,ग्रामीण,उनवल
"सहुआकोल मुस्तकिल, तप्पा–मझवलिया",Bansgaon,1200,18700,4500000,1503,515,ग्रामीण,चिल्लूपार
"सहुआकोल एहतमाली, तप्पा–मझवलिया",Bansgaon,1200,18700,3400000,1504,516,ग्रामीण,चिल्लूपार
"सिसवा उर्फ शिउवा, तप्पा–बभनौली",Bansgaon,1200,18700,4500000,1505,517,ग्रामीण,धुरियापार
"सुअरहा, तप्पा–बभनौली",Bansgaon,1200,18700,4500000,1506,518,ग्रामीण,धुरियापार
"सखरुआ, तप्पा–बभनौली",Bansgaon,1200,18700,4500000,1507,519,ग्रामीण,धुरियापार
"सजीवन, तप्पा–पाली",Bansgaon,1200,18700,4500000,1508,520,ग्रामीण,धुरियापार
"सिंगहा, तप्पा–तीयर",Bansgaon,3000,22000,5300000,1509,521,ग्रामीण,धुरियापार
"सहदोडाड, तप्पा–तीयर",Bansgaon,3000,22000,5300000,1510,522,ग्रामीण,धुरियापार
"सिरसिया, तप्पा–पाली",Bansgaon,1200,18700,4500000,1511,523,ग्रामीण,धुरियापार
"सोहराडीह, तप्पा–तीयर",Bansgaon,1200,18700,4500000,1512,524,ग्रामीण,धुरियापार
"सलारपुर, तप्पा– नर्रे",Bansgaon,3000,22000,5300000,1513,525,ग्रामीण,धुरियापार
"शिवराजपुर, तप्पा– नर्रे",Bansgaon,3000,22000,5800000,1514,526,ग्रामीण,धुरियापार
"सीयर बुजुर्ग, तप्पा– नर्रे",Bansgaon,1200,22000,5000000,1515,527,ग्रामीण,धुरियापार
"सीयर खुर्द, तप्पा– नर्रे",Bansgaon,1200,22000,5000000,1516,528,ग्रामीण,धुरियापार
"ससना, तप्पा– नर्रे",Bansgaon,1200,18700,4500000,1517,529,ग्रामीण,धुरियापार
"सकरी, तप्पा– नर्रे",Bansgaon,3000,22000,5300000,1518,530,ग्रामीण,धुरियापार
"सोनईचा, तप्पा– नर्रे",Bansgaon,3000,22000,5800000,1519,531,ग्रामीण,धुरियापार
"सरदहा, तप्पा– नर्रे",Bansgaon,1200,18700,4500000,1520,532,ग्रामीण,धुरियापार
"सिहाईजपार, तप्पा– नर्रे",Bansgaon,3000,22000,5800000,1521,533,ग्रामीण,धुरियापार
"सियरी गहना, तप्पा– पचीसी",Bansgaon,4000,22000,5300000,1522,534,ग्रामीण,भौवापार
"सोनाई खुर्द एह0, तप्पा–गुरम्ही",Bansgaon,500,18700,3800000,1523,535,ग्रामीण,भौवापार
"सीयर, तप्पा–कुशवासी",Bansgaon,4000,28600,5300000,1524,536,ग्रामीण,भौवापार
"सुअडडा, तप्पा–कुशवासी",Bansgaon,1200,18700,4500000,1525,537,ग्रामीण,भौवापार
"सोकहना, तप्पा–कुशवासी",Bansgaon,1200,18700,4500000,1526,538,ग्रामीण,भौवापार
"सीयर, तप्पा–रामपुर कोठा",Bansgaon,1200,18700,5000000,1527,539,ग्रामीण,भौवापार
"सेनुआपार, तप्पा–गगहा",Bansgaon,4000,28600,5300000,1528,540,ग्रामीण,भौवापार
"सोनाई बुजुग, तप्पा–गुरम्ही",Bansgaon,500,18700,3800000,1529,541,ग्रामीण,भौवापार
"शहरिया, तप्पा–गुरम्ही",Bansgaon,1200,18700,3400000,1530,542,ग्रामीण,भौवापार
"सोहगौरा, तप्पा–गुरम्ही",Bansgaon,1200,18700,3400000,1531,543,ग्रामीण,भौवापार
"सोनवरसा, तप्पा–गुरम्ही",Bansgaon,1200,18700,4500000,1532,544,ग्रामीण,भौवापार
"सुमही, तप्पा–गुरम्ही",Bansgaon,1200,18700,4500000,1533,545,ग्रामीण,भौवापार
"साँड, तप्पा–गुरम्ही",Bansgaon,1200,18700,3400000,1534,546,ग्रामीण,भौवापार
"सेहरुआ, तप्पा–गगहा",Bansgaon,1200,18700,4500000,1535,547,ग्रामीण,भौवापार
"सिसायल, तप्पा–रामपुर कोठा",Bansgaon,1200,18700,4500000,1536,548,ग्रामीण,भौवापार
"सीयर मु0, तप्पा–रामपुर कोठा",Bansgaon,1200,18700,4500000,1537,549,ग्रामीण,भौवापार
"सीयर एह0, तप्पा–रामपुर कोठा",Bansgaon,1200,18700,3400000,1538,550,ग्रामीण,भौवापार
"सेनुआपार, तप्पा–कुशवासी",Bansgaon,1200,18700,4500000,1539,551,ग्रामीण,भौवापार
"हटवार, तप्पा–महसिन",Bansgaon,4000,18700,5800000,1540,552,ग्रामीण,उनवल
"हरिजनपुर, तप्पा–बभनौली",Bansgaon,1200,18700,4500000,1541,553,ग्रामीण,धुरियापार
"हरौली, तप्पा–तीयर",Bansgaon,1200,18700,4500000,1542,554,ग्रामीण,धुरियापार
"हरिगना, तप्पा–पाली",Bansgaon,1200,22000,5000000,1543,555,ग्रामीण,धुरियापार
"हरिखोरा, तप्पा– नर्रे",Bansgaon,3000,22000,5300000,1544,556,ग्रामीण,धुरियापार
"हडहाभार, तप्पा– नर्रे",Bansgaon,1200,18700,4500000,1545,557,ग्रामीण,धुरियापार
"हाटा बुजुर्ग, तप्पा–मजुरी",Bansgaon,5000,28600,6600000,1546,558,ग्रामीण,धुरियापार
"हाटा, तप्पा–कुशवासी",Bansgaon,4000,28600,5300000,1547,559,ग्रामीण,भौवापार
"हरदिया, तप्पा–कुशवासी",Bansgaon,4000,28600,5300000,1548,560,ग्रामीण,भौवापार
"हरैया, तप्पा–गुरम्ही",Bansgaon,1200,18700,4500000,1549,561,ग्रामीण,भौवापार
"हरपुर, तप्पा–गुरम्ही",Bansgaon,1200,18700,4500000,1550,562,ग्रामीण,भौवापार
"हटवा, तप्पा–गगहा",Bansgaon,4000,22000,5300000,1551,563,ग्रामीण,भौवापार
"हरीयर सीयर खुर्द, तप्पा–गगहा",Bansgaon,4000,22000,5300000,1552,564,ग्रामीण,भौवापार
"हरियर सीयर खुर्द किता–2, तप्पा–गगहा",Bansgaon,4000,22000,5300000,1553,565,ग्रामीण,भौवापार
"हरियर सीयर किता कला, तप्पा–गगहा",Bansgaon,4000,22000,5300000,1554,566,ग्रामीण,भौवापार
"हरियर सीयर बुजुर्ग, तप्पा–गगहा",Bansgaon,4000,22000,5300000,1555,567,ग्रामीण,भौवापार
"पिपरा एहतमाली, तप्पा–गुरम्ही",Bansgaon,1200,22000,3400000,1556,568,ग्रामीण,भौवापार
"कुसहा, तप्पा– गुरम्ही",Bansgaon,1200,22000,4500000,1557,569,ग्रामीण,भौवापार
"भरवलिया, तप्पा– गुरम्ही",Bansgaon,1200,18700,5000000,1558,570,ग्रामीण,भौवापार
"चन्दर ए0, तप्पा– गुरम्ही",Bansgaon,500,18700,4500000,1559,571,ग्रामीण,भौवापार
"सुरवनिया, तप्पा– महसिन",Bansgaon,1200,18700,4500000,1560,572,ग्रामीण,उनवल
अकोलही,Khajni,1500,20000,3800000,1001,1,ग्रामीण,उनवल
अतर सिंगरी,Khajni,1500,20000,3800000,1002,2,ग्रामीण,उनवल
अतरौरा,Khajni,1500,20000,3800000,1003,3,ग्रामीण,उनवल
अमरइया,Khajni,1500,20000,3800000,1004,4,ग्रामीण,उनवल
अमवा उर्फ कपारपोखर,Khajni,1500,20000,3800000,1005,5,ग्रामीण,उनवल
अवरारूप,Khajni,1500,20000,3800000,1006,6,ग्रामीण,उनवल
अछिअहवा,Khajni,1500,20000,3800000,1007,7,ग्रामीण,उनवल
अहिरौली,Khajni,1500,20000,3800000,1008,8,ग्रामीण,उनवल
अहमदपुर,Khajni,1500,20000,3800000,1009,9,ग्रामीण,उनवल
आराजी महुआपार,Khajni,1500,20000,3800000,1010,10,ग्रामीण,उनवल
आलापार,Khajni,1500,20000,3800000,1011,11,ग्रामीण,उनवल
आशापार,Khajni,2600,20000,4200000,1012,12,ग्रामीण,उनवल
औजी,Khajni,3300,26000,4200000,1013,13,ग्रामीण,उनवल
औराई,Khajni,1500,20000,3800000,1014,14,ग्रामीण,उनवल
अजमत,Khajni,4500,26000,4200000,1015,15,ग्रामीण,धुरियापार
अनरूदपुर,Khajni,1500,20000,3800000,1016,16,ग्रामीण,धुरियापार
अभौली,Khajni,1500,20000,3800000,1017,17,ग्रामीण,धुरियापार
अमानाबाद तप्पा–बेलघाट,Khajni,1500,20000,3800000,1018,18,ग्रामीण,धुरियापार
अलावलपुर,Khajni,1500,20000,3800000,1019,19,ग्रामीण,धुरियापार
अलावलपुर तप्पा–नकौड़ी,Khajni,1500,20000,3800000,1020,20,ग्रामीण,धुरियापार
अटिसा,Khajni,1500,20000,3800000,1021,21,ग्रामीण,धुरियापार
अहिरौली खुर्द,Khajni,3100,26000,4200000,1022,22,ग्रामीण,धुरियापार
अहिरौली बुजुर्ग,Khajni,3100,26000,4200000,1023,23,ग्रामीण,धुरियापार
असिलाभार,Khajni,3100,26000,4200000,1024,24,ग्रामीण,धुरियापार
असौजी,Khajni,3100,26000,4200000,1025,25,ग्रामीण,धुरियापार
आराजी हर्रैडाड खुर्द,Khajni,1500,20000,3800000,1026,26,ग्रामीण,धुरियापार
आराजी हर्रैडाड बुजुर्ग,Khajni,1500,20000,3800000,1027,27,ग्रामीण,धुरियापार
ओनापार,Khajni,3100,26000,4200000,1028,28,ग्रामीण,धुरियापार
अलीपकड़ी,Khajni,1500,20000,3800000,1029,29,ग्रामीण,हसनपुर मगहर
इटौरा,Khajni,1500,20000,3800000,1030,30,ग्रामीण,उनवल
इन्नाडीह,Khajni,1500,20000,3800000,1031,31,ग्रामीण,उनवल
इसरौली,Khajni,4500,26000,4200000,1032,32,ग्रामीण,उनवल
इन्दुपुर खुर्द,Khajni,1500,20000,3800000,1033,33,ग्रामीण,धुरियापार
इन्दुपुर बुजुर्ग,Khajni,1500,20000,3800000,1034,34,ग्रामीण,धुरियापार
इन्द्रापार खुर्द,Khajni,3100,26000,4200000,1035,35,ग्रामीण,धुरियापार
इन्द्रापार बुजुर्ग,Khajni,3100,26000,4200000,1036,36,ग्रामीण,धुरियापार
इनायतचक,Khajni,1500,20000,3800000,1037,37,ग्रामीण,धुरियापार
इन्नाडीह,Khajni,4500,26000,4200000,1038,38,ग्रामीण,धुरियापार
इमलीडीह,Khajni,1500,20000,3800000,1039,39,ग्रामीण,धुरियापार
इमलीडीह खुर्द,Khajni,7900,26000,4800000,1040,40,ग्रामीण,धुरियापार
इमलीडीह बुजुर्ग,Khajni,7900,26000,4800000,1041,41,ग्रामीण,धुरियापार
उनौला खास,Khajni,1500,20000,3800000,1042,42,ग्रामीण,उनवल
उफरौली,Khajni,1500,20000,3800000,1043,43,ग्रामीण,उनवल
उरूवा,Khajni,3100,20000,4200000,1044,44,ग्रामीण,उनवल
उसरापार,Khajni,3100,20000,4200000,1045,45,ग्रामीण,उनवल
उसवा,Khajni,3100,20000,4200000,1046,46,ग्रामीण,उनवल
उल्था खुर्द,Khajni,3100,20000,4200000,1047,47,ग्रामीण,धुरियापार
उल्था बुजुर्ग,Khajni,3100,20000,4200000,1048,48,ग्रामीण,धुरियापार
उसड़ी उर्फ रघुनाथपुर,Khajni,1500,20000,3800000,1049,49,ग्रामीण,धुरियापार
उसरैन,Khajni,6300,26000,4200000,1050,50,ग्रामीण,धुरियापार
उसरीखास,Khajni,1500,20000,3800000,1051,51,ग्रामीण,धुरियापार
एकमा,Khajni,3100,20000,4200000,1052,52,ग्रामीण,उनवल
एकडंगा,Khajni,1500,20000,3800000,1053,53,ग्रामीण,धुरियापार
एकौना खुर्द,Khajni,2600,26000,4200000,1054,54,ग्रामीण,धुरियापार
एकौना बुजुर्ग,Khajni,2600,20000,4200000,1055,55,ग्रामीण,धुरियापार
ऐनवा,Khajni,1500,26000,3800000,1056,56,ग्रामीण,हसनपुर मगहर
कुवरपार,Khajni,1500,20000,3800000,1057,57,ग्रामीण,उनवल
कुआ बुजुर्ग,Khajni,2600,20000,4200000,1058,58,ग्रामीण,उनवल
कुई कोल,Khajni,1500,20000,3800000,1059,59,ग्रामीण,उनवल
कुड़वा,Khajni,1500,20000,3800000,1060,60,ग्रामीण,उनवल
कुडा बुजुर्ग,Khajni,1500,20000,3800000,1061,61,ग्रामीण,उनवल
कुड़ाभरत,Khajni,1500,20000,3800000,1062,62,ग्रामीण,उनवल
कुआ खुर्द,Khajni,2600,20000,4200000,1063,63,ग्रामीण,उनवल
केवटली,Khajni,2600,20000,4200000,1064,64,ग्रामीण,उनवल
कैथवलिया शुक्ल,Khajni,2600,20000,4200000,1065,65,ग्रामीण,उनवल
कैथवलिया हरख सिंह,Khajni,2600,20000,4200000,1066,66,ग्रामीण,उनवल
कैराडीह,Khajni,1400,20000,3800000,1067,67,ग्रामीण,उनवल
कटघर,Khajni,7900,20000,4800000,1068,68,ग्रामीण,उनवल
कटया तप्पा–बनकटा,Khajni,1500,20000,3800000,1069,69,ग्रामीण,उनवल
कटया तप्पा–हवेली,Khajni,3100,20000,4200000,1070,70,ग्रामीण,उनवल
कटवर,Khajni,1500,24000,4200000,1071,71,ग्रामीण,उनवल
कठैचा विन्दन,Khajni,1500,20000,4200000,1072,72,ग्रामीण,उनवल
कठैची,Khajni,1500,20000,3800000,1073,73,ग्रामीण,उनवल
कठौता,Khajni,1500,20000,3800000,1074,74,ग्रामीण,उनवल
कन्हौली,Khajni,3300,20000,4200000,1075,75,ग्रामीण,उनवल
करैला बारी,Khajni,1500,20000,3800000,1076,76,ग्रामीण,उनवल
करनपुरा,Khajni,1500,20000,3800000,1077,77,ग्रामीण,उनवल
करमदेवा खुर्द,Khajni,3100,20000,4200000,1078,78,ग्रामीण,उनवल
करमदेवा बुजुर्ग,Khajni,3100,20000,4200000,1079,79,ग्रामीण,उनवल
करमाखोर,Khajni,4400,20000,4200000,1080,80,ग्रामीण,उनवल
कलवारी माफी,Khajni,1400,20000,3800000,1081,81,ग्रामीण,उनवल
कसिहरा,Khajni,3100,20000,4200000,1082,82,ग्रामीण,उनवल
कसबा संग्रामपुर,Khajni,6300,26000,4200000,1083,83,ग्रामीण,उनवल
कासिमपुर जिगनी,Khajni,1500,20000,3800000,1084,84,ग्रामीण,उनवल
कोठा,Khajni,1500,20000,3800000,1085,85,ग्रामीण,उनवल
कोल,Khajni,1500,20000,3800000,1086,86,ग्रामीण,उनवल
कोढ़ियाडाड़,Khajni,1500,20000,3800000,1087,87,ग्रामीण,उनवल
कोहटा घुरहू,Khajni,3100,20000,4200000,1088,88,ग्रामीण,उनवल
कोहटा रूप,Khajni,3100,20000,4200000,1089,89,ग्रामीण,उनवल
किठिउरी,Khajni,1500,20000,3800000,1090,90,ग्रामीण,उनवल
कुआं तप्पा–बेलघाट,Khajni,1500,20000,3800000,1091,91,ग्रामीण,धुरियापार
कुई खुर्द,Khajni,6300,26000,4200000,1092,92,ग्रामीण,धुरियापार
कुई बुजुर्ग,Khajni,6300,26000,4200000,1093,93,ग्रामीण,धुरियापार
कुड़हा,Khajni,1500,20000,3800000,1094,94,ग्रामीण,धुरियापार
कुरहरी,Khajni,1500,20000,3800000,1095,95,ग्रामीण,धुरियापार
कुरी बाजार,Khajni,6300,26000,4200000,1096,96,ग्रामीण,धुरियापार
कुसमौली,Khajni,1500,20000,3800000,1097,97,ग्रामीण,धुरियापार
केराडीह,Khajni,1500,20000,1900000,1098,98,ग्रामीण,धुरियापार
केवलाचक,Khajni,1500,20000,3800000,1099,99,ग्रामीण,धुरियापार
केशोपुर,Khajni,1500,20000,3800000,1100,100,ग्रामीण,धुरियापार
कैथी बुजुर्ग,Khajni,1500,20000,3800000,1101,101,ग्रामीण,धुरियापार
कटका,Khajni,3100,20000,4200000,1102,102,ग्रामीण,धुरियापार
कटघरा,Khajni,1500,20000,3800000,1103,103,ग्रामीण,धुरियापार
कटया एहतमाली,Khajni,1500,20000,1900000,1104,104,ग्रामीण,धुरियापार
कटया मुस्तकिल,Khajni,3100,20000,4200000,1105,105,ग्रामीण,धुरियापार
कटहा बाबू,Khajni,1500,20000,3800000,1106,106,ग्रामीण,धुरियापार
करमेहटा,Khajni,3100,20000,4200000,1107,107,ग्रामीण,धुरियापार
कविलासपुर,Khajni,1500,20000,3800000,1108,108,ग्रामीण,धुरियापार
कास्त त्रिफला,Khajni,1500,20000,3800000,1109,109,ग्रामीण,धुरियापार
कास्त सुखदेव,Khajni,1500,20000,3800000,1110,110,ग्रामीण,धुरियापार
कास्तदेउर,Khajni,1500,20000,3800000,1111,111,ग्रामीण,धुरियापार
कास्तनेवरा,Khajni,1500,20000,3800000,1112,112,ग्रामीण,धुरियापार
कास्तभोज जोखन,Khajni,1500,20000,3800000,1113,113,ग्रामीण,धुरियापार
कास्तमितई तिवारी,Khajni,1400,20000,3800000,1114,114,ग्रामीण,धुरियापार
कोटवा,Khajni,1500,20000,4200000,1115,115,ग्रामीण,धुरियापार
कोनी खुर्द,Khajni,3300,20000,4200000,1116,116,ग्रामीण,धुरियापार
कोनी बुजुर्ग,Khajni,3100,20000,4200000,1117,117,ग्रामीण,धुरियापार
कोटिया उर्फ गिरधरपुर,Khajni,1500,20000,3800000,1118,118,ग्रामीण,धुरियापार
कोटिया विशुनी,Khajni,1500,20000,3800000,1119,119,ग्रामीण,धुरियापार
कोटिया कोलाहल,Khajni,1500,20000,3800000,1120,120,ग्रामीण,धुरियापार
कोटिया पटटी,Khajni,1500,20000,3800000,1121,121,ग्रामीण,धुरियापार
किन्नूभार,Khajni,1500,20000,3800000,1122,122,ग्रामीण,धुरियापार
खड़ौहा,Khajni,1500,20000,3800000,1123,123,ग्रामीण,उनवल
खड़हादेउर,Khajni,1500,20000,3800000,1124,124,ग्रामीण,उनवल
खरकोन,Khajni,1500,20000,3800000,1125,125,ग्रामीण,उनवल
खरफर,Khajni,1500,20000,3800000,1126,126,ग्रामीण,उनवल
खरहरी तप्पा–महसीन,Khajni,1500,20000,3800000,1127,127,ग्रामीण,उनवल
खरहरी तप्पा–हवेली,Khajni,1500,20000,3800000,1128,128,ग्रामीण,उनवल
खुटभार,Khajni,7900,26000,4800000,1129,129,ग्रामीण,उनवल
खुटहना,Khajni,3300,20000,4200000,1130,130,ग्रामीण,उनवल
खैराटी,Khajni,1500,20000,3800000,1131,131,ग्रामीण,उनवल
खैरी,Khajni,1500,20000,3800000,1132,132,ग्रामीण,उनवल
खरसरदेउर,Khajni,1500,20000,3800000,1133,133,ग्रामीण,धुरियापार
खलिया,Khajni,1500,20000,1900000,1134,134,ग्रामीण,धुरियापार
खैराटी तप्पा–बेलघाट,Khajni,1500,20000,1900000,1135,135,ग्रामीण,धुरियापार
खाखर,Khajni,1500,20000,3800000,1136,136,ग्रामीण,धुरियापार
खान्सेचक,Khajni,1500,20000,1900000,1137,137,ग्रामीण,धुरियापार
खजुरी,Khajni,1500,26000,3800000,1138,138,ग्रामीण,हसनपुर मगहर
गजारी,Khajni,4500,20000,4200000,1139,139,ग्रामीण,उनवल
गठुआखोर,Khajni,3100,20000,3800000,1140,140,ग्रामीण,उनवल
गडैना,Khajni,1500,20000,3800000,1141,141,ग्रामीण,उनवल
गुलउर,Khajni,1500,20000,3800000,1142,142,ग्रामीण,उनवल
गहना,Khajni,3300,20000,4200000,1143,143,ग्रामीण,उनवल
गाजर जगदीश,Khajni,3100,20000,4200000,1144,144,ग्रामीण,उनवल
गाजर वंशमन,Khajni,1500,20000,3800000,1145,145,ग्रामीण,उनवल
गाजर नरसिंह,Khajni,1500,20000,3800000,1146,146,ग्रामीण,उनवल
गाहीपार,Khajni,1500,20000,3800000,1147,147,ग्रामीण,उनवल
गोन्दा,Khajni,1500,20000,3800000,1148,148,ग्रामीण,उनवल
गोनहा,Khajni,1500,20000,3800000,1149,149,ग्रामीण,उनवल
गोपालपुर,Khajni,1500,20000,3800000,1150,150,ग्रामीण,उनवल
गोपीपुर,Khajni,1500,20000,3800000,1151,151,ग्रामीण,उनवल
गोरसैरा,Khajni,1500,20000,3800000,1152,152,ग्रामीण,उनवल
गौर्रा,Khajni,1500,20000,3800000,1153,153,ग्रामीण,उनवल
गोविन्द चक उर्फ नकहा,Khajni,1500,20000,3800000,1154,154,ग्रामीण,उनवल
गोहली बसन्त,Khajni,1500,20000,3800000,1155,155,ग्रामीण,उनवल
गोहली सीतल,Khajni,3100,20000,4200000,1156,156,ग्रामीण,उनवल
गोसाईपुर तप्पा–बनकटा,Khajni,1500,20000,3800000,1157,157,ग्रामीण,उनवल
गौरापार,Khajni,4500,20000,4200000,1158,158,ग्रामीण,उनवल
गौरी खुर्द/बुजुर्ग,Khajni,3100,20000,4200000,1159,159,ग्रामीण,उनवल
गनेशपुर तप्पा–नकौड़ी,Khajni,1500,20000,3800000,1160,160,ग्रामीण,धुरियापार
गनेशपुर तप्पा–भदार,Khajni,1500,20000,3800000,1161,161,ग्रामीण,धुरियापार
गुलरहा,Khajni,1500,20000,3800000,1162,162,ग्रामीण,धुरियापार
गुवारी,Khajni,4400,20000,3800000,1163,163,ग्रामीण,धुरियापार
गाइबेला,Khajni,1500,20000,3800000,1164,164,ग्रामीण,धुरियापार
गोधना,Khajni,1500,20000,3800000,1165,165,ग्रामीण,धुरियापार
गोपलापुर,Khajni,3100,20000,4200000,1166,166,ग्रामीण,धुरियापार
गेपलापुर तप्पा परसी,Khajni,3100,20000,4200000,1167,167,ग्रामीण,धुरियापार
गोबडौर,Khajni,1500,20000,3800000,1168,168,ग्रामीण,धुरियापार
गोविन्दपुर,Khajni,3100,20000,4200000,1169,169,ग्रामीण,धुरियापार
गोसाईपुर तप्पा वेलघाट,Khajni,1500,20000,3800000,1170,170,ग्रामीण,धुरियापार
गौरगंज,Khajni,3100,20000,4200000,1171,171,ग्रामीण,धुरियापार
गंगटही,Khajni,1500,20000,3800000,1172,172,ग्रामीण,हसनपुर मगहर
गेपाल देवरियर,Khajni,1500,20000,3800000,1173,173,ग्रामीण,हसनपुर मगहर
गिदहा,Khajni,2600,20000,4200000,1174,174,ग्रामीण,हसनपुर मगहर
घइसरा,Khajni,1500,20000,3800000,1175,175,ग्रामीण,उनवल
धमउर,Khajni,3100,20000,4200000,1176,176,ग्रामीण,उनवल
घरसरिया,Khajni,1500,20000,3800000,1177,177,ग्रामीण,उनवल
घोडसारी,Khajni,3100,20000,4200000,1178,178,ग्रामीण,उनवल
घेरवा,Khajni,1500,20000,1900000,1179,179,ग्रामीण,धुरियापार
घुरमुलही,Khajni,1500,20000,3800000,1180,180,ग्रामीण,हसनपुर मगहर
चइतरा,Khajni,1500,20000,3800000,1181,181,ग्रामीण,उनवल
चकनकदह,Khajni,3100,20000,4200000,1182,182,ग्रामीण,उनवल
चकबैदपुरवा उर्फ मठिया,Khajni,1500,20000,3800000,1183,183,ग्रामीण,उनवल
चकबन्गला,Khajni,1500,20000,3800000,1184,184,ग्रामीण,उनवल
चकराजपुर,Khajni,1500,20000,3800000,1185,185,ग्रामीण,उनवल
चचउली,Khajni,1500,20000,3800000,1186,186,ग्रामीण,उनवल
चतुरबन्दुआरी,Khajni,3300,20000,4200000,1187,187,ग्रामीण,उनवल
चन्दलहा,Khajni,3100,20000,4200000,1188,188,ग्रामीण,उनवल
चनहर,Khajni,3100,20000,4200000,1189,189,ग्रामीण,उनवल
चरकहा,Khajni,1500,20000,3800000,1190,190,ग्रामीण,उनवल
चरनाद,Khajni,1500,20000,3800000,1191,191,ग्रामीण,उनवल
चौबरिया,Khajni,1500,20000,3800000,1192,192,ग्रामीण,उनवल
चॉचपार,Khajni,1500,20000,3800000,1193,193,ग्रामीण,उनवल
चिलौना,Khajni,1500,20000,3800000,1194,194,ग्रामीण,उनवल
चिहारी उर्फ काछी,Khajni,1500,20000,3800000,1195,195,ग्रामीण,उनवल
चक इनायत,Khajni,1500,20000,3800000,1196,196,ग्रामीण,धुरियापार
चकखानजहॉ,Khajni,1500,20000,3800000,1197,197,ग्रामीण,धुरियापार
चकखानमोहम्मद,Khajni,1500,20000,3800000,1198,198,ग्रामीण,धुरियापार
चकनूरवाफ,Khajni,1500,20000,3800000,1199,199,ग्रामीण,धुरियापार
चकफरीद,Khajni,1500,20000,3800000,1200,200,ग्रामीण,धुरियापार
चकभोला,Khajni,1500,20000,3800000,1201,201,ग्रामीण,धुरियापार
चकराधवदास,Khajni,1500,20000,3800000,1202,202,ग्रामीण,धुरियापार
चपरहट,Khajni,1500,20000,3800000,1203,203,ग्रामीण,धुरियापार
चकिया,Khajni,1500,20000,4200000,1204,204,ग्रामीण,धुरियापार
चोरभारी,Khajni,1500,20000,3800000,1205,205,ग्रामीण,धुरियापार
चौकडी,Khajni,1500,20000,3800000,1206,206,ग्रामीण,धुरियापार
चौतरापटटी तप्पा बेलघाट,Khajni,1500,20000,3800000,1207,207,ग्रामीण,धुरियापार
चौतरा बाबू,Khajni,1500,20000,1900000,1208,208,ग्रामीण,धुरियापार
चौतरा तिवारी,Khajni,1500,20000,3800000,1209,209,ग्रामीण,धुरियापार
चौडिया मसांन,Khajni,1500,20000,3800000,1210,210,ग्रामीण,धुरियापार
चॉदपार तप्पा भदार,Khajni,1500,20000,3800000,1211,211,ग्रामीण,धुरियापार
चौतरवा,Khajni,1500,20000,3800000,1212,212,ग्रामीण,हसनपुर मगहर
छेंदी डडवा,Khajni,3100,20000,4200000,1213,213,ग्रामीण,उनवल
छताई,Khajni,1500,20000,3800000,1214,214,ग्रामीण,उनवल
छपिया,Khajni,1500,20000,3800000,1215,215,ग्रामीण,उनवल
छातापार,Khajni,1500,20000,3800000,1216,216,ग्रामीण,उनवल
छपरा,Khajni,1500,20000,3800000,1217,217,ग्रामीण,धुरियापार
छतियारी,Khajni,1500,20000,3800000,1218,218,ग्रामीण,धुरियापार
छितौना,Khajni,1500,20000,3800000,1219,219,ग्रामीण,धुरियापार
छितौनी खुर्द,Khajni,1500,20000,4200000,1220,220,ग्रामीण,धुरियापार
छितौनी बुजुर्ग,Khajni,1500,20000,4200000,1221,221,ग्रामीण,धुरियापार
छितौनीभीम,Khajni,1500,20000,3800000,1222,222,ग्रामीण,धुरियापार
छपिया तप्पा खजुरी,Khajni,1500,20000,3800000,1223,223,ग्रामीण,हसनपुर मगहर
जगदीषपुर तप्पा महसीन,Khajni,1500,20000,3800000,1224,224,ग्रामीण,उनवल
जगन्नाथपुर,Khajni,1500,20000,3800000,1225,225,ग्रामीण,उनवल
जमौली खुर्द,Khajni,1500,20000,3800000,1226,226,ग्रामीण,उनवल
जमौली बुजुर्ग,Khajni,1500,20000,3800000,1227,227,ग्रामीण,उनवल
जैपालपार,Khajni,3100,20000,4200000,1228,228,ग्रामीण,उनवल
जैसर,Khajni,1500,20000,3800000,1229,229,ग्रामीण,उनवल
जाखा,Khajni,1500,20000,3800000,1230,230,ग्रामीण,उनवल
जिगिना बाबू,Khajni,1500,20000,3800000,1231,231,ग्रामीण,उनवल
जिगिना तिवारी,Khajni,1500,20000,3800000,1232,232,ग्रामीण,उनवल
जग्गाकोल,Khajni,1500,20000,3800000,1233,233,ग्रामीण,धुरियापार
जगदीशपुर उर्फ पाण्डेयपुर,Khajni,3100,20000,4200000,1234,234,ग्रामीण,धुरियापार
जगरन्नाथपुर तप्पा नकौडी,Khajni,3300,20000,4200000,1235,235,ग्रामीण,धुरियापार
जगरन्नाथपुर तप्पा शाहपुर,Khajni,1500,20000,3800000,1236,236,ग्रामीण,धुरियापार
जदवापुर,Khajni,1500,20000,3800000,1237,237,ग्रामीण,धुरियापार
जददूपटटी,Khajni,7900,20000,4800000,1238,238,ग्रामीण,धुरियापार
जमीन कैथी,Khajni,1500,20000,3800000,1239,239,ग्रामीण,धुरियापार
जमीनगोडौर,Khajni,1500,20000,3800000,1240,240,ग्रामीण,धुरियापार
जमीनविशुनपुर,Khajni,1500,20000,3800000,1241,241,ग्रामीण,धुरियापार
जूटीपुर,Khajni,1500,20000,3800000,1242,242,ग्रामीण,धुरियापार
जहोराबाद,Khajni,1500,20000,3800000,1243,243,ग्रामीण,धुरियापार
जैती तप्पा बेलघाट,Khajni,3100,20000,4200000,1244,244,ग्रामीण,धुरियापार
जैती तप्पा भदार,Khajni,1500,20000,3800000,1245,245,ग्रामीण,धुरियापार
जितवारपुर एहतमाली,Khajni,1500,20000,1900000,1246,246,ग्रामीण,धुरियापार
जितवारपुर मुस्तकिल,Khajni,1500,20000,3800000,1247,247,ग्रामीण,धुरियापार
जिगनिया मुस्तकिल,Khajni,3100,20000,4200000,1248,248,ग्रामीण,धुरियापार
जिगिनियाडाड,Khajni,1500,20000,3800000,1249,249,ग्रामीण,धुरियापार
जलालाबाद,Khajni,1500,20000,3800000,1250,250,ग्रामीण,हसनपुर मगहर
जिगिना,Khajni,1500,20000,3800000,1251,251,ग्रामीण,हसनपुर मगहर
झरकटहा,Khajni,4400,20000,4200000,1252,252,ग्रामीण,उनवल
झुडिया तप्पा बनकटा,Khajni,1500,20000,3800000,1253,253,ग्रामीण,उनवल
झुडिया तप्पा हवेली,Khajni,3100,20000,4200000,1254,254,ग्रामीण,उनवल
झई,Khajni,1500,20000,3800000,1255,255,ग्रामीण,धुरियापार
झझवा,Khajni,1500,26000,4200000,1256,256,ग्रामीण,धुरियापार
झौवा खुर्द,Khajni,1500,20000,3800000,1257,257,ग्रामीण,धुरियापार
झौवा बुजुर्ग,Khajni,1500,20000,3800000,1258,258,ग्रामीण,धुरियापार
झिनखिनी,Khajni,1500,20000,3800000,1259,259,ग्रामीण,धुरियापार
झकही,Khajni,1500,20000,3800000,1260,260,ग्रामीण,हसनपुर मगहर
टेकवार,Khajni,6300,20000,4200000,1261,261,ग्रामीण,उनवल
टेगंरी,Khajni,1500,20000,3800000,1262,262,ग्रामीण,उनवल
टिकरिया दिगर,Khajni,1500,20000,3800000,1263,263,ग्रामीण,उनवल
टिकरियानाथ सिंह,Khajni,1500,20000,3800000,1264,264,ग्रामीण,उनवल
ठिकापुर,Khajni,1500,20000,1900000,1265,265,ग्रामीण,धुरियापार
टिकुलियाडाड,Khajni,3300,26000,4200000,1266,266,ग्रामीण,धुरियापार
टिकरी खुर्द,Khajni,1500,20000,3800000,1267,267,ग्रामीण,धुरियापार
टिकरी बुजुर्ग,Khajni,1500,20000,3800000,1268,268,ग्रामीण,धुरियापार
टडवा,Khajni,1500,20000,3800000,1269,269,ग्रामीण,हसनपुर मगहर
ठेगंहा,Khajni,1500,20000,3800000,1270,270,ग्रामीण,उनवल
ठठउर,Khajni,1500,20000,3800000,1271,271,ग्रामीण,उनवल
ठाती,Khajni,1500,20000,3800000,1272,272,ग्रामीण,धुरियापार
डुमरैला,Khajni,1500,20000,3800000,1273,273,ग्रामीण,उनवल
डडवा,Khajni,1500,20000,3800000,1274,274,ग्रामीण,उनवल
डडवा तप्पा बनकटा,Khajni,1500,20000,3800000,1275,275,ग्रामीण,उनवल
डडवा रामचन्दर,Khajni,3100,20000,4200000,1276,276,ग्रामीण,उनवल
डडवा चतुर,Khajni,1500,20000,3800000,1277,277,ग्रामीण,उनवल
डोडो,Khajni,4500,26000,4200000,1278,278,ग्रामीण,उनवल
डोमरघाट,Khajni,1500,20000,3800000,1279,279,ग्रामीण,उनवल
डोहरिया प्राणनाथ,Khajni,3300,20000,4200000,1280,280,ग्रामीण,उनवल
डोहरिया बरगाह,Khajni,1500,20000,3800000,1281,281,ग्रामीण,उनवल
डोहरिया बास देव,Khajni,1500,20000,3800000,1282,282,ग्रामीण,उनवल
डिग्गा,Khajni,1500,20000,3800000,1283,283,ग्रामीण,उनवल
डिग्घी,Khajni,1500,20000,3800000,1284,284,ग्रामीण,उनवल
डागीपार,Khajni,1500,20000,3800000,1285,285,ग्रामीण,उनवल
डेहराटिकर,Khajni,3100,26000,4200000,1286,286,ग्रामीण,धुरियापार
डकही,Khajni,1500,20000,3800000,1287,287,ग्रामीण,धुरियापार
डडिहत,Khajni,1500,20000,3800000,1288,288,ग्रामीण,धुरियापार
डोमरिया,Khajni,1500,20000,3800000,1289,289,ग्रामीण,धुरियापार
डोहरिया,Khajni,1500,20000,3800000,1290,290,ग्रामीण,धुरियापार
डिगुरपुर,Khajni,1500,20000,3800000,1291,291,ग्रामीण,धुरियापार
ढढौना,Khajni,1500,20000,3800000,1292,292,ग्रामीण,उनवल
ढंढिया डीह,Khajni,1500,20000,3800000,1293,293,ग्रामीण,उनवल
ढोढई,Khajni,1500,20000,3800000,1294,294,ग्रामीण,उनवल
ढेकुनाथ,Khajni,1500,20000,4200000,1295,295,ग्रामीण,धुरियापार
ढेबरा बुजुर्ग,Khajni,3100,26000,4200000,1296,296,ग्रामीण,धुरियापार
ढेबराखुर्द,Khajni,3100,26000,4200000,1297,297,ग्रामीण,धुरियापार
ढखवा,Khajni,2600,20000,4200000,1298,298,ग्रामीण,धुरियापार
ढबिया,Khajni,2600,20000,4200000,1299,299,ग्रामीण,धुरियापार
ढोढईपार,Khajni,1500,20000,3800000,1300,300,ग्रामीण,धुरियापार
तडसर,Khajni,1500,20000,3800000,1301,301,ग्रामीण,उनवल
तुर्कवलिया तप्पा हवेली,Khajni,1500,20000,3800000,1302,302,ग्रामीण,उनवल
तुलसी ओझा,Khajni,1500,20000,3800000,1303,303,ग्रामीण,उनवल
तुलसी पाण्डेय,Khajni,1500,20000,3800000,1304,304,ग्रामीण,उनवल
तुलसी रतन,Khajni,1500,20000,3800000,1305,305,ग्रामीण,उनवल
तेतरिया,Khajni,1500,20000,3800000,1306,306,ग्रामीण,उनवल
तेनुआ उर्फ तुलसी,Khajni,1500,20000,3800000,1307,307,ग्रामीण,उनवल
तमा,Khajni,1500,20000,3800000,1308,308,ग्रामीण,उनवल
तफलकपुर,Khajni,1500,20000,3800000,1309,309,ग्रामीण,धुरियापार
तुर्कवलिया,Khajni,1500,20000,3800000,1310,310,ग्रामीण,धुरियापार
तेलिया भार,Khajni,4500,20000,4200000,1311,311,ग्रामीण,धुरियापार
तेलियाभार उर्फ विशुनपुर,Khajni,1500,20000,3800000,1312,312,ग्रामीण,धुरियापार
तारखोप,Khajni,1500,20000,3800000,1313,313,ग्रामीण,धुरियापार
तिघरा,Khajni,1500,20000,3800000,1314,314,ग्रामीण,धुरियापार
तिवारीपुर,Khajni,1500,20000,3800000,1315,315,ग्रामीण,धुरियापार
तिवारीपुर तप्पा बेलघाट,Khajni,1500,20000,3800000,1316,316,ग्रामीण,धुरियापार
त्रिलोकपुर,Khajni,1500,20000,3800000,1317,317,ग्रामीण,धुरियापार
तुर्कवलिया,Khajni,1500,20000,4200000,1318,318,ग्रामीण,हसनपुर मगहर
दुघरा,Khajni,3100,26000,4800000,1319,319,ग्रामीण,उनवल
देवघटा,Khajni,7900,20000,3800000,1320,320,ग्रामीण,उनवल
देवनाथपुर,Khajni,1500,20000,3800000,1321,321,ग्रामीण,उनवल
देवराडतुला,Khajni,1500,20000,3800000,1322,322,ग्रामीण,उनवल
देवरिया,Khajni,1500,20000,3800000,1323,323,ग्रामीण,उनवल
दिलमनपुर,Khajni,1500,20000,3800000,1324,324,ग्रामीण,धुरियापार
दुधकुन्डा,Khajni,1500,20000,3800000,1325,325,ग्रामीण,धुरियापार
दुबौली,Khajni,1500,20000,3800000,1326,326,ग्रामीण,धुरियापार
देवडार,Khajni,7900,26000,4800000,1327,327,ग्रामीण,धुरियापार
ददौरा,Khajni,1500,20000,3800000,1328,328,ग्रामीण,धुरियापार
दाउदचक,Khajni,1500,20000,3800000,1329,329,ग्रामीण,धुरियापार
देवकली,Khajni,1500,20000,3800000,1330,330,ग्रामीण,हसनपुर मगहर
धनईपुर,Khajni,1500,20000,3800000,1331,331,ग्रामीण,उनवल
धनौजी,Khajni,1500,20000,3800000,1332,332,ग्रामीण,उनवल
धुवहॉ,Khajni,3300,20000,4200000,1333,333,ग्रामीण,उनवल
धाधूपार,Khajni,1500,20000,3800000,1334,334,ग्रामीण,उनवल
धोबौली,Khajni,2600,20000,4200000,1335,335,ग्रामीण,उनवल
धोबौली उर्फ धकरौली,Khajni,1500,20000,3800000,1336,336,ग्रामीण,उनवल
धन्नूजोत,Khajni,1500,20000,3800000,1337,337,ग्रामीण,धुरियापार
धनौजी तप्पा उसरी,Khajni,3300,26000,4200000,1338,338,ग्रामीण,धुरियापार
धमचिया,Khajni,1500,20000,3800000,1339,339,ग्रामीण,धुरियापार
धुनियापार,Khajni,1500,20000,3800000,1340,340,ग्रामीण,धुरियापार
धुरियाडीह,Khajni,1500,20000,3800000,1341,341,ग्रामीण,धुरियापार
धोबौली,Khajni,1500,20000,3800000,1342,342,ग्रामीण,धुरियापार
नटिनी,Khajni,1500,20000,3800000,1343,343,ग्रामीण,उनवल
नहरदेवा,Khajni,1500,20000,3800000,1344,344,ग्रामीण,उनवल
नेउसा,Khajni,1500,20000,3800000,1345,345,ग्रामीण,उनवल
नैपुरा,Khajni,1500,20000,3800000,1346,346,ग्रामीण,उनवल
नकौडी तप्पा नकौडी,Khajni,1500,20000,3800000,1347,347,ग्रामीण,धुरियापार
नकौडी तप्पा बेलघाट,Khajni,1500,20000,3800000,1348,348,ग्रामीण,धुरियापार
नगवा,Khajni,1500,20000,3800000,1349,349,ग्रामीण,धुरियापार
नगहरा,Khajni,1500,20000,3800000,1350,350,ग्रामीण,धुरियापार
नरगडा जग्गासिंह,Khajni,1500,20000,1900000,1351,351,ग्रामीण,धुरियापार
नरगडा शिवदत्त सिंह,Khajni,1500,20000,1900000,1352,352,ग्रामीण,धुरियापार
नराइचपार,Khajni,3300,20000,4200000,1353,353,ग्रामीण,धुरियापार
नरायनपुरभटट,Khajni,1500,20000,3800000,1354,354,ग्रामीण,धुरियापार
नरायनपुर मुस्तकील,Khajni,1500,20000,4200000,1355,355,ग्रामीण,धुरियापार
नरायनपुर तप्पा शाहपुर,Khajni,1500,20000,4200000,1356,356,ग्रामीण,धुरियापार
नरायनपुर एहतमाली,Khajni,1500,20000,3800000,1357,357,ग्रामीण,धुरियापार
नेवराखास,Khajni,1500,20000,4200000,1358,358,ग्रामीण,धुरियापार
नैठी,Khajni,1500,20000,3800000,1359,359,ग्रामीण,धुरियापार
नेउसा उर्फ नेवासमाफी,Khajni,2600,20000,4200000,1360,360,ग्रामीण,हसनपुर मगहर
पकडी दामोदर,Khajni,1500,20000,3800000,1361,361,ग्रामीण,उनवल
पगार,Khajni,3100,20000,4200000,1362,362,ग्रामीण,उनवल
परईडाड,Khajni,1500,20000,3800000,1363,363,ग्रामीण,उनवल
परसिया,Khajni,3100,20000,4200000,1364,364,ग्रामीण,उनवल
परसौनी,Khajni,1500,20000,3800000,1365,365,ग्रामीण,उनवल
पल्हईपार बाबू,Khajni,3300,20000,4200000,1366,366,ग्रामीण,उनवल
पल्हईपार हरनहियॉ,Khajni,4500,20000,4200000,1367,367,ग्रामीण,उनवल
पडियापार,Khajni,4500,20000,4200000,1368,368,ग्रामीण,उनवल
पुरासपार,Khajni,1500,20000,3800000,1369,369,ग्रामीण,उनवल
पैसा,Khajni,4500,20000,4200000,1370,370,ग्रामीण,उनवल
पाकडघाट,Khajni,1500,20000,3800000,1371,371,ग्रामीण,उनवल
पानापार,Khajni,3300,26000,4200000,1372,372,ग्रामीण,उनवल
पिपरा,Khajni,3300,20000,4200000,1373,373,ग्रामीण,उनवल
पिपरागंगा,Khajni,1500,20000,3800000,1374,374,ग्रामीण,उनवल
पिपराबनवारी,Khajni,1500,20000,3800000,1375,375,ग्रामीण,उनवल
पिडिया,Khajni,4500,20000,4200000,1376,376,ग्रामीण,उनवल
पचहॉ,Khajni,1500,20000,3800000,1377,377,ग्रामीण,धुरियापार
पटखौली तप्पा परसी,Khajni,3100,20000,4200000,1378,378,ग्रामीण,धुरियापार
पटखौली तप्पा शाहपुर,Khajni,1500,20000,3800000,1379,379,ग्रामीण,धुरियापार
पडरी,Khajni,1500,20000,3800000,1380,380,ग्रामीण,धुरियापार
पडौली,Khajni,1500,20000,3800000,1381,381,ग्रामीण,धुरियापार
पथरहा मिश्र,Khajni,1500,20000,1900000,1382,382,ग्रामीण,धुरियापार
पथरहा बाबू,Khajni,1500,20000,3800000,1383,383,ग्रामीण,धुरियापार
परसादीपुर,Khajni,1500,20000,3800000,1384,384,ग्रामीण,धुरियापार
परसीखास,Khajni,1500,20000,3800000,1385,385,ग्रामीण,धुरियापार
पल्टूपुर,Khajni,1500,20000,3800000,1386,386,ग्रामीण,धुरियापार
पतिसा,Khajni,1500,20000,3800000,1387,387,ग्रामीण,धुरियापार
पुरनहा तप्पा बेलघाट,Khajni,1500,20000,3800000,1388,388,ग्रामीण,धुरियापार
पुरवा तप्पा कुरमौट,Khajni,1500,20000,3800000,1389,389,ग्रामीण,धुरियापार
पुरवा तप्पा बेलघाट,Khajni,1500,20000,3800000,1390,390,ग्रामीण,धुरियापार
पिडरा,Khajni,1500,20000,3800000,1391,391,ग्रामीण,धुरियापार
पिडरी,Khajni,1500,20000,4200000,1392,392,ग्रामीण,धुरियापार
पिताम्बरपुर,Khajni,1500,20000,3800000,1393,393,ग्रामीण,धुरियापार
पिपरहा,Khajni,1500,20000,3800000,1394,394,ग्रामीण,धुरियापार
पिपरसण्डी,Khajni,4500,26000,4200000,1395,395,ग्रामीण,धुरियापार
पिपरा खुर्द बुजुर्ग,Khajni,3300,26000,4200000,1396,396,ग्रामीण,धुरियापार
पिपरानेम,Khajni,2600,20000,4200000,1397,397,ग्रामीण,धुरियापार
पिपरी,Khajni,2600,20000,4200000,1398,398,ग्रामीण,धुरियापार
पचौरी,Khajni,3300,20000,4200000,1399,399,ग्रामीण,हसनपुर मगहर
पोखरा,Khajni,1500,20000,3800000,1400,400,ग्रामीण,हसनपुर मगहर
पिपराहेमा,Khajni,1500,20000,3800000,1401,401,ग्रामीण,हसनपुर मगहर
फरसाडाड,Khajni,1500,20000,3800000,1402,402,ग्रामीण,उनवल
फत्तेहपुर,Khajni,1500,20000,3800000,1403,403,ग्रामीण,धुरियापार
फरेन्दिया खुर्द,Khajni,3300,20000,4200000,1404,404,ग्रामीण,धुरियापार
फरेन्दिया बुजुर्ग,Khajni,3300,20000,4200000,1405,405,ग्रामीण,धुरियापार
बकुची,Khajni,1500,20000,3800000,1406,406,ग्रामीण,उनवल
बघैला तप्पा महसीन,Khajni,3100,20000,4200000,1407,407,ग्रामीण,उनवल
बघौडा,Khajni,1500,20000,3800000,1408,408,ग्रामीण,उनवल
वढनी,Khajni,6300,20000,4200000,1409,409,ग्रामीण,उनवल
बढैपुरवा,Khajni,3300,20000,4200000,1410,410,ग्रामीण,उनवल
बदरा,Khajni,1500,20000,3800000,1411,411,ग्रामीण,उनवल
बदरा तप्पा बनकटा,Khajni,1500,20000,3800000,1412,412,ग्रामीण,उनवल
बनहैता,Khajni,1500,20000,3800000,1413,413,ग्रामीण,उनवल
बभना,Khajni,3100,20000,4200000,1414,414,ग्रामीण,उनवल
बरईपार,Khajni,1500,20000,3800000,1415,415,ग्रामीण,उनवल
बरगदवा,Khajni,1500,20000,3800000,1416,416,ग्रामीण,उनवल
बरपारबरगाह,Khajni,1500,20000,3800000,1417,417,ग्रामीण,उनवल
बरी,Khajni,3300,20000,4200000,1418,418,ग्रामीण,उनवल
बरी बन्दुआरी,Khajni,7900,20000,4800000,1419,419,ग्रामीण,उनवल
बल्लोचक,Khajni,1500,20000,3800000,1420,420,ग्रामीण,उनवल
बनियापार,Khajni,1500,20000,3800000,1421,421,ग्रामीण,उनवल
बसियाखोर,Khajni,3300,20000,4200000,1422,422,ग्रामीण,उनवल
बुढौरा,Khajni,1500,20000,3800000,1423,423,ग्रामीण,उनवल
बहुरीपार खुर्द,Khajni,4500,26000,4200000,1424,424,ग्रामीण,उनवल
बहुरीपार बुजुर्ग,Khajni,4500,26000,4200000,1425,425,ग्रामीण,उनवल
बसडीला,Khajni,3300,20000,4200000,1426,426,ग्रामीण,उनवल
बसडिलिया,Khajni,1500,20000,3800000,1427,427,ग्रामीण,उनवल
बेनी,Khajni,1500,20000,3800000,1428,428,ग्रामीण,उनवल
वरूकागाड,Khajni,1500,20000,3800000,1429,429,ग्रामीण,उनवल
बेलडाड,Khajni,1500,20000,3800000,1430,430,ग्रामीण,उनवल
बेलभदराचक,Khajni,1500,20000,3800000,1431,431,ग्रामीण,उनवल
बेलूडीहा,Khajni,2600,20000,4200000,1432,432,ग्रामीण,उनवल
बगंलापाण्डेय,Khajni,1500,20000,3800000,1433,433,ग्रामीण,उनवल
बागेवाह,Khajni,2600,20000,4200000,1434,434,ग्रामीण,उनवल
बाभनभैसा,Khajni,1500,20000,3800000,1435,435,ग्रामीण,उनवल
बारीगाव,Khajni,3300,20000,3800000,1436,436,ग्रामीण,उनवल
वासपार,Khajni,1500,20000,3800000,1437,437,ग्रामीण,उनवल
बीकूभैसा,Khajni,1500,20000,3800000,1438,438,ग्रामीण,उनवल
बस्तिया,Khajni,7900,26000,4800000,1439,439,ग्रामीण,उनवल
बिनौका,Khajni,1500,20000,3800000,1440,440,ग्रामीण,उनवल
बिहारी खुर्द,Khajni,1500,20000,3800000,1441,441,ग्रामीण,उनवल
बिहारी बुजुर्ग,Khajni,1500,20000,3800000,1442,442,ग्रामीण,उनवल
बघउर,Khajni,1500,20000,3800000,1443,443,ग्रामीण,धुरियापार
बघैला तप्पा बेलघाट,Khajni,1500,20000,3800000,1444,444,ग्रामीण,धुरियापार
बघाड,Khajni,1500,20000,3800000,1445,445,ग्रामीण,धुरियापार
बढैपुरवा,Khajni,3300,20000,4200000,1446,446,ग्रामीण,धुरियापार
बढयाडाड तप्पा बेलघाट,Khajni,1500,20000,3800000,1447,447,ग्रामीण,धुरियापार
बरीबन्दुआरी,Khajni,1500,20000,3800000,1448,448,ग्रामीण,धुरियापार
बनकट,Khajni,1500,20000,3800000,1449,449,ग्रामीण,धुरियापार
बनकटी खुर्द,Khajni,6300,26000,4200000,1450,450,ग्रामीण,धुरियापार
बनकटी बुजुर्ग,Khajni,6300,26000,4200000,1451,451,ग्रामीण,धुरियापार
बभनपुरा,Khajni,1500,20000,3800000,1452,452,ग्रामीण,धुरियापार
बभनपुरा तप्पा उसरी,Khajni,1500,20000,3800000,1453,453,ग्रामीण,धुरियापार
बभनौली तप्पा बभनौली,Khajni,3100,26000,4200000,1454,454,ग्रामीण,धुरियापार
बभनौली तप्पा बेलघाट,Khajni,2600,20000,4200000,1455,455,ग्रामीण,धुरियापार
बरपरवा,Khajni,2600,20000,4200000,1456,456,ग्रामीण,धुरियापार
बरपरवाबाबू एहतमाली,Khajni,1500,20000,3800000,1457,457,ग्रामीण,धुरियापार
बरपरवा बाबू मुस्तकिल,Khajni,1500,20000,3800000,1458,458,ग्रामीण,धुरियापार
बरपार,Khajni,1500,20000,3800000,1459,459,ग्रामीण,धुरियापार
बरला,Khajni,1500,20000,3800000,1460,460,ग्रामीण,धुरियापार
बरोली,Khajni,1500,20000,3800000,1461,461,ग्रामीण,धुरियापार
बलुआ उर्फ बलुसड,Khajni,3300,20000,4200000,1462,462,ग्रामीण,धुरियापार
बलुआ उर्फ कुरमौठ,Khajni,1500,20000,3800000,1463,463,ग्रामीण,धुरियापार
बलुआ भवानी बक्स सिंह,Khajni,3300,26000,4200000,1464,464,ग्रामीण,धुरियापार
बडिहारी,Khajni,1500,20000,3800000,1465,465,ग्रामीण,धुरियापार
बुधनापार खुर्द,Khajni,1500,20000,3800000,1466,466,ग्रामीण,धुरियापार
बुधनापार बुजुर्ग,Khajni,1500,20000,3800000,1467,467,ग्रामीण,धुरियापार
बुलाकीचक,Khajni,1500,20000,3800000,1468,468,ग्रामीण,धुरियापार
बहादुरपुर खुर्द,Khajni,2600,20000,4200000,1469,469,ग्रामीण,धुरियापार
बहादुरपुर बुजुर्ग,Khajni,2600,20000,4200000,1470,470,ग्रामीण,धुरियापार
बसन्तपुर,Khajni,1500,20000,3800000,1471,471,ग्रामीण,धुरियापार
बसही एहतमाली,Khajni,1500,20000,1900000,1472,472,ग्रामीण,धुरियापार
बसही मुस्तकिल,Khajni,1500,20000,3800000,1473,473,ग्रामीण,धुरियापार
बेलीकुण्ड,Khajni,1500,20000,3800000,1474,474,ग्रामीण,धुरियापार
बेलीखुर्द एहतमाली,Khajni,1500,20000,1900000,1475,475,ग्रामीण,धुरियापार
बेलीखुर्द मुस्तकिल,Khajni,3100,20000,4200000,1476,476,ग्रामीण,धुरियापार
बेनी उर्फ विशुनपुर,Khajni,1500,20000,3800000,1477,477,ग्रामीण,धुरियापार
बेलदारीपुर तप्पा शाहपुर,Khajni,1500,20000,3800000,1478,478,ग्रामीण,धुरियापार
बेलदारीपुर तप्पा बभनौली,Khajni,1500,20000,3800000,1479,479,ग्रामीण,धुरियापार
बेलघाट,Khajni,6300,26000,4200000,1480,480,ग्रामीण,धुरियापार
बेलपार,Khajni,1500,20000,3800000,1481,481,ग्रामीण,धुरियापार
बलवा तिलकराम,Khajni,1500,20000,3800000,1482,482,ग्रामीण,धुरियापार
बेलवाडाडी तप्पा बेलघाट,Khajni,1500,20000,3800000,1483,483,ग्रामीण,धुरियापार
बेलसडी खुर्द,Khajni,1500,20000,3800000,1484,484,ग्रामीण,धुरियापार
बेलसडी बुजुर्ग,Khajni,1500,20000,3800000,1485,485,ग्रामीण,धुरियापार
बेला,Khajni,2600,20000,4200000,1486,486,ग्रामीण,धुरियापार
बेलाखुद्र,Khajni,2600,20000,4200000,1487,487,ग्रामीण,धुरियापार
बेला बुजुर्ग,Khajni,2600,20000,4200000,1488,488,ग्रामीण,धुरियापार
बेसहनी,Khajni,3300,26000,4200000,1489,489,ग्रामीण,धुरियापार
बैजन्था,Khajni,3300,20000,4200000,1490,490,ग्रामीण,धुरियापार
ब्रम्हदेवा,Khajni,1500,20000,3800000,1491,491,ग्रामीण,धुरियापार
बैरिया,Khajni,1500,20000,3800000,1492,492,ग्रामीण,धुरियापार
ब्रहमसारी,Khajni,1500,20000,3800000,1493,493,ग्रामीण,धुरियापार
बाघाकुण्डा,Khajni,1500,20000,1900000,1494,494,ग्रामीण,धुरियापार
बंजरिया,Khajni,3300,20000,4200000,1495,495,ग्रामीण,धुरियापार
बारीपुर खुर्द/बुजुर्ग,Khajni,3100,20000,4200000,1496,496,ग्रामीण,धुरियापार
बालाचक,Khajni,1500,20000,3800000,1497,497,ग्रामीण,धुरियापार
बौरडीह,Khajni,1500,20000,4200000,1498,498,ग्रामीण,धुरियापार
बकुलही,Khajni,1500,20000,3800000,1499,499,ग्रामीण,हसनपुर मगहर
बडहरा,Khajni,1500,20000,3800000,1500,500,ग्रामीण,हसनपुर मगहर
भटौली,Khajni,6300,26000,4200000,1501,501,ग्रामीण,उनवल
भरवलिया,Khajni,1500,20000,3800000,1502,502,ग्रामीण,उनवल
भरोहिया चौबे,Khajni,1500,20000,3800000,1503,503,ग्रामीण,उनवल
भरोहिया,Khajni,6300,26000,4200000,1504,504,ग्रामीण,उनवल
भलुआन,Khajni,1500,20000,3800000,1505,505,ग्रामीण,उनवल
भटियारी,Khajni,3100,20000,4200000,1506,506,ग्रामीण,उनवल
भेउसा उर्फ बनकटा,Khajni,3300,20000,4200000,1507,507,ग्रामीण,उनवल
भैसानाथू,Khajni,6300,26000,4200000,1508,508,ग्रामीण,उनवल
भाटपार,Khajni,3100,20000,4200000,1509,509,ग्रामीण,उनवल
भिउरा खरगराम,Khajni,3300,20000,4200000,1510,510,ग्रामीण,उनवल
भिउरी,Khajni,3300,20000,4200000,1511,511,ग्रामीण,उनवल
भिटनी,Khajni,6300,20000,4200000,1512,512,ग्रामीण,उनवल
भिटहा,Khajni,2600,20000,4200000,1513,513,ग्रामीण,उनवल
भिटहा कुँवर,Khajni,1500,20000,3800000,1514,514,ग्रामीण,उनवल
भिटहा पाण्डेय,Khajni,1500,20000,3800000,1515,515,ग्रामीण,उनवल
भगवानचक,Khajni,1500,20000,3800000,1516,516,ग्रामीण,धुरियापार
भटपुरवा,Khajni,3100,20000,4200000,1517,517,ग्रामीण,धुरियापार
भटपुरवा तप्पा–उसरी,Khajni,3100,20000,4200000,1518,518,ग्रामीण,धुरियापार
भटौली खुर्द,Khajni,1500,20000,3800000,1519,519,ग्रामीण,धुरियापार
भटौली बुजुर्ग,Khajni,1500,20000,3800000,1520,520,ग्रामीण,धुरियापार
भदारखास,Khajni,7900,26000,4800000,1521,521,ग्रामीण,धुरियापार
भभया,Khajni,2600,20000,4200000,1522,522,ग्रामीण,धुरियापार
भरथरी,Khajni,1500,20000,3800000,1523,523,ग्रामीण,धुरियापार
भरवलीकरन,Khajni,1500,20000,3800000,1524,524,ग्रामीण,धुरियापार
भरवलिया खुर्द,Khajni,1500,20000,3800000,1525,525,ग्रामीण,धुरियापार
भरवलिया बुजुर्ग,Khajni,1500,20000,3800000,1526,526,ग्रामीण,धुरियापार
भरसी,Khajni,1500,20000,3800000,1527,527,ग्रामीण,धुरियापार
भरौली,Khajni,1500,20000,3800000,1528,528,ग्रामीण,धुरियापार
भवानीगढ़,Khajni,3300,20000,4200000,1529,529,ग्रामीण,धुरियापार
भूलनचक,Khajni,1500,20000,1900000,1530,530,ग्रामीण,धुरियापार
भेड़ाचक,Khajni,1500,20000,3800000,1531,531,ग्रामीण,धुरियापार
भाट मंझरिया,Khajni,1500,20000,3800000,1532,532,ग्रामीण,धुरियापार
भाटाडीहा,Khajni,3100,20000,4200000,1533,533,ग्रामीण,धुरियापार
भीटी तप्पा–भदार,Khajni,1500,20000,3800000,1534,534,ग्रामीण,धुरियापार
भिटहा,Khajni,1500,20000,3800000,1535,535,ग्रामीण,धुरियापार
भिटहा तप्पा–भदार,Khajni,1500,20000,3800000,1536,536,ग्रामीण,धुरियापार
भिसिया बुजुर्ग,Khajni,1500,20000,3800000,1537,537,ग्रामीण,धुरियापार
भिसिया खुर्द,Khajni,1500,20000,3800000,1538,538,ग्रामीण,धुरियापार
भदरखी,Khajni,1500,20000,3800000,1539,539,ग्रामीण,हसनपुर मगहर
भलुआ,Khajni,1500,20000,3800000,1540,540,ग्रामीण,हसनपुर मगहर
भलुही,Khajni,1500,20000,3800000,1541,541,ग्रामीण,हसनपुर मगहर
भेउसा,Khajni,3100,20000,4200000,1542,542,ग्रामीण,हसनपुर मगहर
भेलाखरगराम,Khajni,1500,20000,3800000,1543,543,ग्रामीण,हसनपुर मगहर
भेलाभार,Khajni,1500,20000,3800000,1544,544,ग्रामीण,हसनपुर मगहर
भिटहा तप्पा–खजुरी,Khajni,1500,20000,3800000,1545,545,ग्रामीण,हसनपुर मगहर
मउधरमंगल,Khajni,2600,26000,4200000,1546,546,ग्रामीण,उनवल
मउमुक्तामन,Khajni,1500,20000,3800000,1547,547,ग्रामीण,उनवल
मखानी,Khajni,1500,20000,3800000,1548,548,ग्रामीण,उनवल
मचौली,Khajni,3300,20000,4200000,1549,549,ग्रामीण,उनवल
मझगांवा तप्पा–हवेली,Khajni,3300,20000,4200000,1550,550,ग्रामीण,उनवल
मझौवा,Khajni,1500,20000,3800000,1551,551,ग्रामीण,उनवल
मथौली,Khajni,3100,20000,4200000,1552,552,ग्रामीण,उनवल
मदनपुरा,Khajni,3100,20000,4200000,1553,553,ग्रामीण,उनवल
मरवटिया,Khajni,1500,20000,3800000,1554,554,ग्रामीण,उनवल
मल्हीपुर,Khajni,1500,20000,3800000,1555,555,ग्रामीण,उनवल
महिलवार,Khajni,2600,20000,4200000,1556,556,ग्रामीण,उनवल
मुड़देवाचक,Khajni,1500,20000,3800000,1557,557,ग्रामीण,उनवल
मुडदेवा बुजुर्ग,Khajni,1500,20000,3800000,1558,558,ग्रामीण,उनवल
मुडियारी,Khajni,1500,20000,3800000,1559,559,ग्रामीण,उनवल
मुहआडाड,Khajni,1500,20000,3800000,1560,560,ग्रामीण,उनवल
महुआपार,Khajni,3100,20000,4200000,1561,561,ग्रामीण,उनवल
महुलाखोर,Khajni,1500,20000,3800000,1562,562,ग्रामीण,उनवल
महमूदपुर,Khajni,1500,20000,3800000,1563,563,ग्रामीण,उनवल
मेउड़ी,Khajni,1500,20000,3800000,1564,564,ग्रामीण,उनवल
मंझरिया खुर्द,Khajni,1500,20000,3800000,1565,565,ग्रामीण,उनवल
मंझरिया बुजुर्ग,Khajni,1500,20000,3800000,1566,566,ग्रामीण,उनवल
माल्हनपार खुर्द,Khajni,4500,20000,4200000,1567,567,ग्रामीण,उनवल
मउर,Khajni,1500,20000,3800000,1568,568,ग्रामीण,धुरियापार
मकरहा,Khajni,2600,20000,4200000,1569,569,ग्रामीण,धुरियापार
मझगांवा तप्पा–बेलघाट,Khajni,3100,20000,4200000,1570,570,ग्रामीण,धुरियापार
मठखेमकरन,Khajni,1500,20000,3800000,1571,571,ग्रामीण,धुरियापार
मठयादव,Khajni,1500,20000,3800000,1572,572,ग्रामीण,धुरियापार
मठरामगिरि एह0,Khajni,1500,20000,1900000,1573,573,ग्रामीण,धुरियापार
मठरामगिरि मुस्तकिल,Khajni,1500,20000,3800000,1574,574,ग्रामीण,धुरियापार
मठविक्रम,Khajni,1500,20000,3800000,1575,575,ग्रामीण,धुरियापार
मठविहारीदासा,Khajni,1500,20000,3800000,1576,576,ग्रामीण,धुरियापार
मड़हा,Khajni,1500,20000,3800000,1577,577,ग्रामीण,धुरियापार
मथौली,Khajni,1500,20000,3800000,1578,578,ग्रामीण,धुरियापार
मलॉव,Khajni,4500,26000,4200000,1579,579,ग्रामीण,धुरियापार
मझिली,Khajni,1500,20000,3800000,1580,580,ग्रामीण,धुरियापार
मटियरिया,Khajni,1500,20000,3800000,1581,581,ग्रामीण,धुरियापार
मठिया तप्पा–कुरमौट,Khajni,1500,20000,3800000,1582,582,ग्रामीण,धुरियापार
मठिया तप्पा–भदार,Khajni,1500,20000,3800000,1583,583,ग्रामीण,धुरियापार
मठिया तप्पा–शाहपुर,Khajni,1500,20000,3800000,1584,584,ग्रामीण,धुरियापार
मनिकापार,Khajni,4500,20000,4200000,1585,585,ग्रामीण,धुरियापार
मसिदिया,Khajni,1500,20000,3800000,1586,586,ग्रामीण,धुरियापार
मसिदिया तप्पा–शाहपुर,Khajni,1500,20000,3800000,1587,587,ग्रामीण,धुरियापार
मुकारिमपुर,Khajni,2600,20000,4200000,1588,588,ग्रामीण,धुरियापार
मुसरद,Khajni,1500,20000,3800000,1589,589,ग्रामीण,धुरियापार
महुई खुर्द,Khajni,6300,26000,4200000,1590,590,ग्रामीण,धुरियापार
महुई बुजुर्ग,Khajni,6300,26000,4200000,1591,591,ग्रामीण,धुरियापार
महुलिया,Khajni,2600,20000,4200000,1592,592,ग्रामीण,धुरियापार
मसुरिया,Khajni,6300,20000,4200000,1593,593,ग्रामीण,धुरियापार
मसी,Khajni,3100,20000,4200000,1594,594,ग्रामीण,धुरियापार
मंझरिया,Khajni,3300,20000,4200000,1595,595,ग्रामीण,धुरियापार
मंझरिया तप्पा–बेलघाट,Khajni,1500,20000,3800000,1596,596,ग्रामीण,धुरियापार
मंझरिया दीगर,Khajni,1500,20000,3800000,1597,597,ग्रामीण,धुरियापार
मंझरिया तालुक ध्यानपुर,Khajni,1500,20000,3800000,1598,598,ग्रामीण,धुरियापार
माझा कम्हरिया,Khajni,1500,20000,3800000,1599,599,ग्रामीण,धुरियापार
माधोपुर,Khajni,1500,20000,3800000,1600,600,ग्रामीण,धुरियापार
माधोपुर तप्पा–चोड़र,Khajni,1500,20000,3800000,1601,601,ग्रामीण,धुरियापार
माल्हनपार,Khajni,7900,26000,4200000,1602,602,ग्रामीण,धुरियापार
मालपुर,Khajni,1500,20000,3800000,1603,603,ग्रामीण,धुरियापार
मोहनचक,Khajni,1500,20000,3800000,1604,604,ग्रामीण,धुरियापार
मीरपुर,Khajni,2600,20000,4200000,1605,605,ग्रामीण,धुरियापार
मझौवा,Khajni,1500,20000,3800000,1606,606,ग्रामीण,हसनपुर मगहर
मदरिया,Khajni,1500,20000,3800000,1607,607,ग्रामीण,हसनपुर मगहर
महैता,Khajni,1500,20000,3800000,1608,608,ग्रामीण,हसनपुर मगहर
मियां पकड़ी,Khajni,1500,20000,3800000,1609,609,ग्रामीण,हसनपुर मगहर
यसवन्तपुर,Khajni,3300,26000,4200000,1610,610,ग्रामीण,धुरियापार
रेकुआ,Khajni,1500,20000,3800000,1611,611,ग्रामीण,उनवल
रक्सानार,Khajni,1500,20000,3800000,1612,612,ग्रामीण,उनवल
रक्साबाबू,Khajni,1500,20000,3800000,1613,613,ग्रामीण,उनवल
रक्सौरा,Khajni,1500,20000,3800000,1614,614,ग्रामीण,उनवल
रघुवाडीहा खुर्द,Khajni,3300,20000,4200000,1615,615,ग्रामीण,उनवल
रघुवाडीहा बुजुर्ग,Khajni,3300,20000,4200000,1616,616,ग्रामीण,उनवल
रजवल,Khajni,1500,20000,3800000,1617,617,ग्रामीण,उनवल
रतनपुरा बाबू,Khajni,1500,20000,3800000,1618,618,ग्रामीण,उनवल
रतसही,Khajni,1500,20000,3800000,1619,619,ग्रामीण,उनवल
रमपुरवा,Khajni,1500,20000,3800000,1620,620,ग्रामीण,उनवल
राजपुर,Khajni,1500,20000,3800000,1621,621,ग्रामीण,उनवल
रामपुर खुर्द,Khajni,1500,20000,3800000,1622,622,ग्रामीण,उनवल
रामपुर पाण्डेय,Khajni,3300,20000,4200000,1623,623,ग्रामीण,उनवल
रावत डाडी,Khajni,1500,20000,3800000,1624,624,ग्रामीण,उनवल
रोहुआ तप्पा–हवेली,Khajni,1500,20000,3800000,1625,625,ग्रामीण,उनवल
रूद्रपुर,Khajni,7900,26000,4800000,1626,626,ग्रामीण,उनवल
रूपनारी,Khajni,1500,20000,3800000,1627,627,ग्रामीण,उनवल
रग्घूपुर,Khajni,1500,20000,4200000,1628,628,ग्रामीण,उनवल
रंजीतगढ,Khajni,1500,20000,3800000,1629,629,ग्रामीण,धुरियापार
रतनपुरा तप्पा–बेलघाट,Khajni,1500,20000,3800000,1630,630,ग्रामीण,धुरियापार
रसूलपुर बाबू,Khajni,1500,20000,3800000,1631,631,ग्रामीण,धुरियापार
रसेत,Khajni,1500,20000,3800000,1632,632,ग्रामीण,धुरियापार
राईपुर एहतमाली,Khajni,3100,20000,4200000,1633,633,ग्रामीण,धुरियापार
राईपुर मुस्तकिल,Khajni,3100,20000,4200000,1634,634,ग्रामीण,धुरियापार
राउतपार,Khajni,1500,20000,3800000,1635,635,ग्रामीण,धुरियापार
रापतपुर,Khajni,1500,20000,3800000,1636,636,ग्रामीण,धुरियापार
रामडीह,Khajni,1500,20000,3800000,1637,637,ग्रामीण,धुरियापार
रामपुर तप्पा–बेलघाट,Khajni,1500,20000,3800000,1638,638,ग्रामीण,धुरियापार
रामपुर गोसाई,Khajni,1500,20000,3800000,1639,639,ग्रामीण,धुरियापार
रामपुर तप्पा–नकौड़ी,Khajni,1500,20000,3800000,1640,640,ग्रामीण,धुरियापार
रोहुआ,Khajni,1500,20000,3800000,1641,641,ग्रामीण,धुरियापार
रोहारी,Khajni,1500,20000,3800000,1642,642,ग्रामीण,धुरियापार
रिहिलपार,Khajni,1500,20000,4200000,1643,643,ग्रामीण,धुरियापार
रकौली,Khajni,3100,26000,4200000,1644,644,ग्रामीण,हसनपुर मगहर
रानीडीह,Khajni,3300,26000,4200000,1645,645,ग्रामीण,हसनपुर मगहर
रानीपुर,Khajni,3300,26000,3800000,1646,646,ग्रामीण,हसनपुर मगहर
लक्ष्मीपुर,Khajni,1500,20000,3800000,1647,647,ग्रामीण,उनवल
लमती,Khajni,1500,20000,3800000,1648,648,ग्रामीण,उनवल
लोनॉव,Khajni,3100,20000,4200000,1649,649,ग्रामीण,उनवल
लखुआपाकड़,Khajni,4500,20000,4200000,1650,650,ग्रामीण,धुरियापार
लच्छीचक,Khajni,1500,20000,3800000,1651,651,ग्रामीण,धुरियापार
लाखुन खुर्द,Khajni,3100,20000,4200000,1652,652,ग्रामीण,धुरियापार
लाखुन बुजुर्ग,Khajni,3100,20000,4200000,1653,653,ग्रामीण,धुरियापार
लालचक,Khajni,1500,20000,3800000,1654,654,ग्रामीण,धुरियापार
लालपुर,Khajni,1500,20000,3800000,1655,655,ग्रामीण,धुरियापार
लालमनपुरा,Khajni,6300,26000,4200000,1656,656,ग्रामीण,धुरियापार
लोनानागर,Khajni,1500,20000,3800000,1657,657,ग्रामीण,धुरियापार
लाँनिया कोडर,Khajni,1500,20000,3800000,1658,658,ग्रामीण,धुरियापार
लौखरा,Khajni,1500,20000,3800000,1659,659,ग्रामीण,धुरियापार
लौहरपुर,Khajni,1500,20000,3800000,1660,660,ग्रामीण,धुरियापार
लटकना,Khajni,1500,20000,3800000,1661,661,ग्रामीण,उनवल
विगही,Khajni,3100,20000,4200000,1662,662,ग्रामीण,उनवल
विनवल,Khajni,1500,20000,3800000,1663,663,ग्रामीण,उनवल
विशुनपुरा,Khajni,1500,20000,3800000,1664,664,ग्रामीण,उनवल
विश्वनाथपुर,Khajni,1500,20000,3800000,1665,665,ग्रामीण,धुरियापार
बरपरवा काजी,Khajni,1500,20000,3800000,1666,666,ग्रामीण,धुरियापार
बलवा डाडी,Khajni,1500,20000,3800000,1667,667,ग्रामीण,धुरियापार
बेलाव उर्फ शाहपुर,Khajni,3100,20000,4200000,1668,668,ग्रामीण,धुरियापार
बेलाव उर्फ मुस्तकिल,Khajni,3100,20000,4200000,1669,669,ग्रामीण,धुरियापार
वंशीपुर उर्फ काछा,Khajni,1500,20000,3800000,1670,670,ग्रामीण,धुरियापार
विजौरा,Khajni,1500,20000,3800000,1671,671,ग्रामीण,धुरियापार
विधनापार,Khajni,1500,20000,3800000,1672,672,ग्रामीण,धुरियापार
विशुनपुर उर्फ शाहपुर,Khajni,1500,20000,3800000,1673,673,ग्रामीण,धुरियापार
बिठ्ठलपुर,Khajni,1500,20000,3800000,1674,674,ग्रामीण,धुरियापार
विस्तुई,Khajni,1500,20000,3800000,1675,675,ग्रामीण,धुरियापार
विसम्हरा,Khajni,1500,20000,3800000,1676,676,ग्रामीण,धुरियापार
शनिचरा,Khajni,1500,20000,3800000,1677,677,ग्रामीण,उनवल
शहीदाबाद,Khajni,1500,20000,3800000,1678,678,ग्रामीण,उनवल
शेषपुरवा,Khajni,1500,20000,3800000,1679,679,ग्रामीण,उनवल
शेषभिउरा,Khajni,1500,20000,3800000,1680,680,ग्रामीण,उनवल
शम्भूपुर,Khajni,1500,20000,3800000,1681,681,ग्रामीण,धुरियापार
शुक्लपुरा,Khajni,1500,20000,3800000,1682,682,ग्रामीण,धुरियापार
शंकरपुर,Khajni,6300,26000,4200000,1683,683,ग्रामीण,धुरियापार
शिवपुर,Khajni,1500,20000,3800000,1684,684,ग्रामीण,धुरियापार
सखरूआं,Khajni,1500,20000,3800000,1685,685,ग्रामीण,उनवल
सजनापार,Khajni,1500,20000,3800000,1686,686,ग्रामीण,उनवल
सतुआभार,Khajni,4500,20000,4200000,1687,687,ग्रामीण,उनवल
सतहरा मोहन,Khajni,1500,20000,3800000,1688,688,ग्रामीण,उनवल
सरबसी,Khajni,4500,26000,4200000,1689,689,ग्रामीण,उनवल
सरया तिवारी,Khajni,3300,26000,4200000,1690,690,ग्रामीण,उनवल
सराय चांदपार,Khajni,1500,20000,3800000,1691,691,ग्रामीण,उनवल
सवरूपुर,Khajni,1500,20000,3800000,1692,692,ग्रामीण,उनवल
सहिजना,Khajni,1500,20000,3800000,1693,693,ग्रामीण,उनवल
सुजनीपुर,Khajni,1500,20000,3800000,1694,694,ग्रामीण,उनवल
सुरैनी,Khajni,1500,20000,3800000,1695,695,ग्रामीण,उनवल
सूहोपार,Khajni,6300,26000,4200000,1696,696,ग्रामीण,उनवल
सहुलाखोर,Khajni,1500,20000,3800000,1697,697,ग्रामीण,उनवल
सहसपुर,Khajni,1500,20000,3800000,1698,698,ग्रामीण,उनवल
सहसी,Khajni,4500,26000,4200000,1699,699,ग्रामीण,उनवल
सेमरडाड़ी,Khajni,1500,20000,3800000,1700,700,ग्रामीण,उनवल
सेमरा,Khajni,7900,26000,4800000,1701,701,ग्रामीण,उनवल
सेमरिया,Khajni,1500,20000,3800000,1702,702,ग्रामीण,उनवल
सेमा,Khajni,1500,20000,3800000,1703,703,ग्रामीण,उनवल
सैरा,Khajni,1500,20000,3800000,1704,704,ग्रामीण,उनवल
साखडाड़ बाबू,Khajni,1500,20000,3800000,1705,705,ग्रामीण,उनवल
साखडाड़ पाण्डेय,Khajni,1500,20000,3800000,1706,706,ग्रामीण,उनवल
सोडा,Khajni,1500,20000,3800000,1707,707,ग्रामीण,उनवल
सोनारी रामचन्दर,Khajni,1500,20000,3800000,1708,708,ग्रामीण,उनवल
सोनारी शंकर,Khajni,1500,20000,3800000,1709,709,ग्रामीण,उनवल
सोपरा,Khajni,1500,20000,3800000,1710,710,ग्रामीण,उनवल
सोहरा,Khajni,1500,20000,3800000,1711,711,ग्रामीण,उनवल
सिगरा चौबे,Khajni,1500,20000,3800000,1712,712,ग्रामीण,उनवल
सिगरा,Khajni,1500,20000,3800000,1713,713,ग्रामीण,उनवल
सिरूआपार,Khajni,1500,20000,3800000,1714,714,ग्रामीण,उनवल
सिसई तप्पा–हवेली,Khajni,1500,20000,3800000,1715,715,ग्रामीण,उनवल
सिकरीडीह खुर्द,Khajni,7900,26000,4800000,1716,716,ग्रामीण,धुरियापार
सिकरीडीहं बुजुर्ग,Khajni,7900,26000,4800000,1717,717,ग्रामीण,धुरियापार
सिघैरा,Khajni,4500,20000,3800000,1718,718,ग्रामीण,धुरियापार
सिसवॉ बाबू,Khajni,4500,20000,1900000,1719,719,ग्रामीण,धुरियापार
सई खुर्द,Khajni,1500,20000,4200000,1720,720,ग्रामीण,धुरियापार
सई बुजुर्ग,Khajni,1500,20000,4200000,1721,721,ग्रामीण,धुरियापार
सखौना,Khajni,1500,20000,3800000,1722,722,ग्रामीण,धुरियापार
सतौरा,Khajni,1500,20000,3800000,1723,723,ग्रामीण,धुरियापार
सनेहा,Khajni,1500,20000,1900000,1724,724,ग्रामीण,धुरियापार
समवापुर,Khajni,1500,20000,3800000,1725,725,ग्रामीण,धुरियापार
समहुतापुर,Khajni,1500,20000,3800000,1726,726,ग्रामीण,धुरियापार
सरसई कास्तपाठक,Khajni,1500,20000,3800000,1727,727,ग्रामीण,धुरियापार
सरसईकास्त उर्फ हरिप्रसाद,Khajni,1500,20000,3800000,1728,728,ग्रामीण,धुरियापार
सुअरहा,Khajni,1500,20000,3800000,1729,729,ग्रामीण,धुरियापार
सुकरौली,Khajni,1500,20000,3800000,1730,730,ग्रामीण,धुरियापार
सूती,Khajni,1500,20000,3800000,1731,731,ग्रामीण,धुरियापार
सुल्तानी,Khajni,1500,20000,3800000,1732,732,ग्रामीण,धुरियापार
सुगियापार,Khajni,1500,20000,3800000,1733,733,ग्रामीण,धुरियापार
सहुआ,Khajni,1500,20000,3800000,1734,734,ग्रामीण,धुरियापार
संहुआपार,Khajni,1500,20000,4200000,1735,735,ग्रामीण,धुरियापार
सहसपार खुर्द,Khajni,1500,20000,3800000,1736,736,ग्रामीण,धुरियापार
सहसपार बुजुर्ग,Khajni,1500,20000,3800000,1737,737,ग्रामीण,धुरियापार
साउडीह खुर्द,Khajni,1500,20000,3800000,1738,738,ग्रामीण,धुरियापार
सांउडीह बुजुर्ग,Khajni,1500,20000,3800000,1739,739,ग्रामीण,धुरियापार
साउखोर खुर्द,Khajni,1500,20000,3800000,1740,740,ग्रामीण,धुरियापार
साउखोर बुजुर्ग,Khajni,1500,20000,3800000,1741,741,ग्रामीण,धुरियापार
सोपाई,Khajni,1500,20000,3800000,1742,742,ग्रामीण,धुरियापार
सोनाग,Khajni,3300,20000,4200000,1743,743,ग्रामीण,धुरियापार
सियर,Khajni,1500,20000,3800000,1744,744,ग्रामीण,धुरियापार
सिहपुर,Khajni,1500,20000,1900000,1745,745,ग्रामीण,धुरियापार
शिवापार उर्फ सियरही,Khajni,1500,20000,3800000,1746,746,ग्रामीण,हसनपुर मगहर
सिसई,Khajni,1500,20000,3800000,1747,747,ग्रामीण,हसनपुर मगहर
सिसवा,Khajni,6300,26000,4200000,1748,748,ग्रामीण,हसनपुर मगहर
समुदा,Khajni,3100,20000,4200000,1749,749,ग्रामीण,हसनपुर मगहर
सहिजना,Khajni,1500,20000,3800000,1750,750,ग्रामीण,हसनपुर मगहर
सुरैना,Khajni,1500,20000,3800000,1751,751,ग्रामीण,हसनपुर मगहर
सुरसा,Khajni,1500,20000,3800000,1752,752,ग्रामीण,हसनपुर मगहर
सुरसी,Khajni,1500,20000,3800000,1753,753,ग्रामीण,हसनपुर मगहर
सेमरी,Khajni,1500,20000,3800000,1754,754,ग्रामीण,हसनपुर मगहर
सोनवरसा,Khajni,6300,26000,4200000,1755,755,ग्रामीण,हसनपुर मगहर
हुडरा तप्पा हवेली,Khajni,3100,20000,4200000,1756,756,ग्रामीण,उनवल
हरदीचक,Khajni,3300,20000,4200000,1757,757,ग्रामीण,उनवल
हरदीजोत उर्फ बनकट,Khajni,1500,20000,3800000,1758,758,ग्रामीण,उनवल
हरनही,Khajni,6300,26000,4200000,1759,759,ग्रामीण,उनवल
हरीहरभैसा,Khajni,1500,20000,3800000,1760,760,ग्रामीण,उनवल
हरीहरपुर,Khajni,3300,20000,4200000,1761,761,ग्रामीण,उनवल
हुडरा तप्पा भदार,Khajni,1500,20000,3800000,1762,762,ग्रामीण,धुरियापार
हुडरी,Khajni,1500,20000,3800000,1763,763,ग्रामीण,धुरियापार
हेमचउरा,Khajni,1500,20000,3800000,1764,764,ग्रामीण,धुरियापार
हराडाड खुर्द,Khajni,1500,20000,4200000,1765,765,ग्रामीण,धुरियापार
हराडाड बुजुर्ग,Khajni,1500,20000,4200000,1766,766,ग्रामीण,धुरियापार
हरेया उर्फ मथुरा,Khajni,1500,20000,4200000,1767,767,ग्रामीण,धुरियापार
हरदत्तपुर,Khajni,6300,26000,4200000,1768,768,ग्रामीण,धुरियापार
हरपुर,Khajni,3100,20000,3800000,1769,769,ग्रामीण,धुरियापार
हरलीलां,Khajni,1500,20000,3800000,1770,770,ग्रामीण,धुरियापार
हरिजनपुर,Khajni,2600,20000,4200000,1771,771,ग्रामीण,धुरियापार
हाटा खुर्द,Khajni,4500,26000,4200000,1772,772,ग्रामीण,धुरियापार
हाटा बुजुर्ग,Khajni,4500,26000,4200000,1773,773,ग्रामीण,धुरियापार
हरपुर उर्फ दुबरिया,Khajni,1500,20000,3800000,1774,774,ग्रामीण,हसनपुर मगहर
गायघाट,Khajni,1500,20000,1900000,1775,775,ग्रामीण,धुरियापार
जिगिनियॉ उर्फ शाहपुर एह0,Khajni,1500,20000,1900000,1776,776,ग्रामीण,धुरियापार
बेलाव खुर्द एहतमाली,Khajni,1500,20000,1900000,1777,777,ग्रामीण,धुरियापार
रसूलपुर मिश्र,Khajni,1500,20000,1900000,1778,778,ग्रामीण,धुरियापार
मझदीप,Khajni,1500,20000,1900000,1779,779,ग्रामीण,धुरियापार
अम्बेडकर नगर,Campierganj,6500,50000,12900000,0001,1,अर्ध नगरीय,वार्ड नं0 1
अब्दुल हमीद नगर,Campierganj,6500,50000,12900000,0002,2,अर्ध नगरीय,वार्ड नं0 10
आजाद नगर,Campierganj,6500,50000,12900000,0003,3,अर्ध नगरीय,वार्ड नं0 3
अमरहा,Campierganj,2600,20000,5000000,1001,4,ग्रामीण,101 हवेली
अलेनाबाद,Campierganj,2600,20000,5000000,1002,5,ग्रामीण,101 हवेली
आराजी ठकुरापार गैर आबाद,Campierganj,1200,11000,3300000,1003,6,ग्रामीण,101 हवेली
अहिरौली,Campierganj,1200,20000,4300000,1004,7,ग्रामीण,101 हवेली
अकटहवा,Campierganj,2300,20000,4000000,1005,8,ग्रामीण,101 हवेली
अलगटपुर,Campierganj,2100,20000,3500000,1006,9,ग्रामीण,101 हवेली
अमवा उर्फ आमघाट,Campierganj,1200,11000,3300000,1007,10,ग्रामीण,101 हवेली
अलीगढ,Campierganj,1200,11000,3300000,1008,11,ग्रामीण,101 हवेली
आलमचक,Campierganj,2300,20000,4000000,1009,12,ग्रामीण,101 हवेली
इटवा,Campierganj,1200,11000,3300000,1010,13,ग्रामीण,101 हवेली
इन्द्रवार,Campierganj,1200,11000,3300000,1011,14,ग्रामीण,101 हवेली
इन्दरपुर,Campierganj,2400,20000,4300000,1012,15,ग्रामीण,101 हवेली
उलरापार,Campierganj,2000,11000,3300000,1013,16,ग्रामीण,101 हवेली
करमहवा,Campierganj,2550,20000,5000000,1014,17,ग्रामीण,101 हवेली
कहरौली,Campierganj,2400,20000,4300000,1015,18,ग्रामीण,101 हवेली
कन्दरखाया गैर आबाद,Campierganj,1200,11000,3300000,1016,19,ग्रामीण,101 हवेली
कुई,Campierganj,2550,20000,5000000,1017,20,ग्रामीण,101 हवेली
कल्यानपुर,Campierganj,2100,20000,3500000,1018,21,ग्रामीण,101 हवेली
कुनवार,Campierganj,2100,20000,3500000,1019,22,ग्रामीण,101 हवेली
कुड़ी,Campierganj,2100,20000,3500000,1020,23,ग्रामीण,101 हवेली
कुन्जलगढ,Campierganj,2550,20000,5000000,1021,24,ग्रामीण,101 हवेली
करीमनगर,Campierganj,2400,20000,4200000,1022,25,ग्रामीण,101 हवेली
करतहरी,Campierganj,1200,11000,3300000,1023,26,ग्रामीण,101 हवेली
ककटही,Campierganj,1200,11000,3300000,1024,27,ग्रामीण,101 हवेली
कानाधार,Campierganj,2300,20000,4000000,1025,28,ग्रामीण,101 हवेली
कम्पियरनगर,Campierganj,3800,35000,4300000,1026,29,ग्रामीण,101 हवेली
कोनी,Campierganj,2100,20000,3500000,1027,30,ग्रामीण,101 हवेली
कोल्हुआ,Campierganj,2400,29000,5000000,1028,31,ग्रामीण,101 हवेली
कडजहवा,Campierganj,1200,11000,3300000,1029,32,ग्रामीण,101 हवेली
खिरिया,Campierganj,1200,11000,3300000,1030,33,ग्रामीण,101 हवेली
खोखरी,Campierganj,2100,20000,3500000,1031,34,ग्रामीण,101 हवेली
खैराट,Campierganj,1200,11000,3300000,1032,35,ग्रामीण,101 हवेली
खाटापार,Campierganj,1200,11000,3300000,1033,36,ग्रामीण,101 हवेली
खाझा,Campierganj,1200,11000,3300000,1034,37,ग्रामीण,101 हवेली
खडखडिया,Campierganj,1900,20000,3300000,1035,38,ग्रामीण,101 हवेली
खडवार,Campierganj,2000,20000,3500000,1036,39,ग्रामीण,101 हवेली
खजूरगांवा,Campierganj,2900,20000,5000000,1037,40,ग्रामीण,101 हवेली
खरकटवा,Campierganj,1200,11000,3300000,1038,41,ग्रामीण,101 हवेली
गौरैया,Campierganj,1200,20000,4500000,1039,42,ग्रामीण,101 हवेली
गोपालगंज उर्फ हरनामपुर,Campierganj,2400,20000,4300000,1040,43,ग्रामीण,101 हवेली
गौरा,Campierganj,1200,11000,3300000,1041,44,ग्रामीण,101 हवेली
गोपलापुर तप्पा--रिगौली,Campierganj,2300,20000,4000000,1042,45,ग्रामीण,101 हवेली
गांगपार,Campierganj,2300,20000,4000000,1043,46,ग्रामीण,101 हवेली
गोपलापुर तप्पा--पचवारा,Campierganj,2100,20000,3500000,1044,47,ग्रामीण,101 हवेली
गोपालपुर गैर आबाद तप्पा--रिगौली,Campierganj,1200,11000,3300000,1045,48,ग्रामीण,101 हवेली
गुलरिहा,Campierganj,2100,20000,3500000,1046,49,ग्रामीण,101 हवेली
गेरुई खुर्द,Campierganj,1200,11000,3300000,1047,50,ग्रामीण,101 हवेली
गेरुई बुजुर्ग,Campierganj,1200,11000,3300000,1048,51,ग्रामीण,101 हवेली
गायघाट,Campierganj,2100,20000,3500000,1049,52,ग्रामीण,101 हवेली
गूरम,Campierganj,1200,11000,3300000,1050,53,ग्रामीण,101 हवेली
घघवा,Campierganj,2100,20000,3500000,1051,54,ग्रामीण,101 हवेली
घरभरिया,Campierganj,1200,20000,4000000,1052,55,ग्रामीण,101 हवेली
चौरी,Campierganj,1200,11000,3300000,1053,56,ग्रामीण,101 हवेली
चन्दीपुर,Campierganj,1200,11000,3300000,1054,57,ग्रामीण,101 हवेली
चहोरी,Campierganj,2000,20000,3300000,1055,58,ग्रामीण,101 हवेली
चौमुखा,Campierganj,3800,35000,5700000,1056,59,ग्रामीण,101 हवेली
चेतरिया,Campierganj,1200,11000,3300000,1057,60,ग्रामीण,101 हवेली
चौकमाफी,Campierganj,2300,20000,4000000,1058,61,ग्रामीण,101 हवेली
चकदहा,Campierganj,1200,11000,3300000,1059,62,ग्रामीण,101 हवेली
चामटभूआ -- गैर आबाद,Campierganj,1200,11000,3300000,1060,63,ग्रामीण,101 हवेली
छितही खुर्द,Campierganj,2400,20000,4500000,1061,64,ग्रामीण,101 हवेली
जगदीशपुर,Campierganj,2100,20000,3500000,1062,65,ग्रामीण,101 हवेली
जंगल अगही,Campierganj,2300,11000,3300000,1063,66,ग्रामीण,101 हवेली
जंगल झझवा,Campierganj,3800,29000,7500000,1064,67,ग्रामीण,101 हवेली
जंगल बिहुली,Campierganj,3800,29000,7500000,1065,68,ग्रामीण,101 हवेली
जसवल,Campierganj,2300,20000,4000000,1066,69,ग्रामीण,101 हवेली
जवैनिहा,Campierganj,2100,20000,3500000,1067,70,ग्रामीण,101 हवेली
जरहद,Campierganj,2400,20000,4500000,1068,71,ग्रामीण,101 हवेली
जिवनरायनपुर गैर आबाद,Campierganj,1200,11000,3300000,1069,72,ग्रामीण,101 हवेली
जनकपुर,Campierganj,2100,20000,3500000,1070,73,ग्रामीण,101 हवेली
जोगी चक,Campierganj,2300,20000,4000000,1071,74,ग्रामीण,101 हवेली
टिकरिया -- गैर आबाद,Campierganj,1200,11000,3300000,1072,75,ग्रामीण,101 हवेली
टेढावीर,Campierganj,1200,11000,3300000,1073,76,ग्रामीण,101 हवेली
ठाकुरनगर,Campierganj,1200,20000,4500000,1074,77,ग्रामीण,101 हवेली
ठकुरापार,Campierganj,1200,11000,3300000,1075,78,ग्रामीण,101 हवेली
डिहवा बुजुर्ग,Campierganj,1200,11000,3300000,1076,79,ग्रामीण,101 हवेली
डाढाडीह,Campierganj,1200,11000,3300000,1077,80,ग्रामीण,101 हवेली
डुमरिया,Campierganj,1200,11000,3300000,1078,81,ग्रामीण,101 हवेली
ढेढना,Campierganj,2000,20000,3300000,1079,82,ग्रामीण,101 हवेली
ताल गडेला गैर आबाद,Campierganj,1200,11000,3300000,1080,83,ग्रामीण,101 हवेली
ताल सरूआ,Campierganj,1200,11000,3300000,1081,84,ग्रामीण,101 हवेली
ताल कोमर,Campierganj,1200,11000,3300000,1082,85,ग्रामीण,101 हवेली
तेन्दुआ विसम्भरपुर,Campierganj,2000,20000,3300000,1083,86,ग्रामीण,101 हवेली
ताल बंजरहा,Campierganj,1200,11000,3200000,1084,87,ग्रामीण,101 हवेली
तिघरा,Campierganj,2400,20000,4500000,1085,88,ग्रामीण,101 हवेली
ताल महुलानी,Campierganj,1200,11000,3300000,1086,89,ग्रामीण,101 हवेली
थवईपार,Campierganj,1200,11000,3300000,1087,90,ग्रामीण,101 हवेली
दुबौली,Campierganj,1200,11000,3300000,1088,91,ग्रामीण,101 हवेली
दोनफा गैर आबाद,Campierganj,1200,11000,3300000,1089,92,ग्रामीण,101 हवेली
धरमपुर,Campierganj,2300,20000,4000000,1090,93,ग्रामीण,101 हवेली
धर्माडीह,Campierganj,1200,11000,3300000,1091,94,ग्रामीण,101 हवेली
नेतवर,Campierganj,1200,11000,3300000,1092,95,ग्रामीण,101 हवेली
नेवास,Campierganj,1200,11000,3300000,1093,96,ग्रामीण,101 हवेली
नरही,Campierganj,1200,11000,3300000,1094,97,ग्रामीण,101 हवेली
नरायनपुर,Campierganj,1200,11000,3300000,1095,98,ग्रामीण,101 हवेली
नकेली,Campierganj,1200,11000,3300000,1096,99,ग्रामीण,101 हवेली
नीबा,Campierganj,2300,20000,4000000,1097,100,ग्रामीण,101 हवेली
नवापार,Campierganj,2400,20000,5000000,1098,101,ग्रामीण,101 हवेली
नूरूददीन चक,Campierganj,2300,20000,4000000,1099,102,ग्रामीण,101 हवेली
नयनसर,Campierganj,2400,20000,4500000,1100,103,ग्रामीण,101 हवेली
नवाडीह,Campierganj,1200,11000,3300000,1101,104,ग्रामीण,101 हवेली
नैनखोरी,Campierganj,1200,11000,3300000,1102,105,ग्रामीण,101 हवेली
नगरा,Campierganj,1200,11000,3300000,1103,106,ग्रामीण,101 हवेली
पडरी,Campierganj,2000,11000,3300000,1104,107,ग्रामीण,101 हवेली
परसौनी,Campierganj,1200,11000,3300000,1105,108,ग्रामीण,101 हवेली
पोवा,Campierganj,1100,20000,3900000,1106,109,ग्रामीण,101 हवेली
पचगांवा,Campierganj,2300,20000,4000000,1107,110,ग्रामीण,101 हवेली
परसा,Campierganj,1200,11000,3300000,1108,111,ग्रामीण,101 हवेली
पचमा,Campierganj,2300,20000,4000000,1109,112,ग्रामीण,101 हवेली
पडरहवा,Campierganj,1200,11000,3300000,1110,113,ग्रामीण,101 हवेली
पडौली,Campierganj,1200,11000,3300000,1111,114,ग्रामीण,101 हवेली
फरदहनी,Campierganj,2300,20000,4000000,1112,115,ग्रामीण,101 हवेली
फुलवरिया-- गैर आबाद,Campierganj,1200,11000,3300000,1113,116,ग्रामीण,101 हवेली
फाजिलपुर,Campierganj,2300,20000,4000000,1114,117,ग्रामीण,101 हवेली
बगहीभारी,Campierganj,2800,29000,5600000,1115,118,ग्रामीण,101 हवेली
बलुआ,Campierganj,2100,20000,3500000,1116,119,ग्रामीण,101 हवेली
बरहठा,Campierganj,1200,11000,3300000,1117,120,ग्रामीण,101 हवेली
बरईपार,Campierganj,1200,11000,3300000,1118,121,ग्रामीण,101 हवेली
बनकटा,Campierganj,2400,20000,4300000,1119,122,ग्रामीण,101 हवेली
बनभागलपुर,Campierganj,3300,20000,5000000,1120,123,ग्रामीण,101 हवेली
बसन्तपुर,Campierganj,3800,35000,5700000,1121,124,ग्रामीण,101 हवेली
बैजनाथपुर,Campierganj,2300,20000,4000000,1122,125,ग्रामीण,101 हवेली
बन्दोह,Campierganj,2100,20000,3300000,1123,126,ग्रामीण,101 हवेली
बड़ुआ,Campierganj,2000,11000,3300000,1124,127,ग्रामीण,101 हवेली
बढया तप्पा--भारीवैसी,Campierganj,2550,20000,5000000,1125,128,ग्रामीण,101 हवेली
बढया,Campierganj,2300,20000,4000000,1126,129,ग्रामीण,101 हवेली
बारहपाटी,Campierganj,1200,11000,3300000,1127,130,ग्रामीण,101 हवेली
बादशाहपुर,Campierganj,2550,20000,5000000,1128,131,ग्रामीण,101 हवेली
बापू नगर,Campierganj,6500,50000,12900000,0004,132,अर्ध नगरीय,वार्ड नं0 2
बुद्ध नगर,Campierganj,6500,50000,12900000,0005,133,अर्ध नगरीय,वार्ड नं0 4
बीर बहादुर नगर,Campierganj,6500,50000,12900000,0006,134,अर्ध नगरीय,वार्ड नं0 5
बजहा,Campierganj,2550,20000,5000000,1129,135,ग्रामीण,101 हवेली
बखरिया,Campierganj,2000,11000,3300000,1130,136,ग्रामीण,101 हवेली
बैरघटटा,Campierganj,2300,20000,4000000,1131,137,ग्रामीण,101 हवेली
बान,Campierganj,1200,11000,3300000,1132,138,ग्रामीण,101 हवेली
बिहारी,Campierganj,2100,20000,3500000,1133,139,ग्रामीण,101 हवेली
बहबोलिया,Campierganj,1200,11000,3300000,1134,140,ग्रामीण,101 हवेली
बेलघाट बुजुर्ग,Campierganj,2300,20000,4000000,1135,141,ग्रामीण,101 हवेली
बेलमा,Campierganj,1200,11000,3300000,1136,142,ग्रामीण,101 हवेली
बंजरहा,Campierganj,1200,11000,3300000,1137,143,ग्रामीण,101 हवेली
बिस्टौली,Campierganj,2300,20000,4000000,1138,144,ग्रामीण,101 हवेली
बरगदही,Campierganj,2400,20000,4500000,1139,145,ग्रामीण,101 हवेली
बजही,Campierganj,2100,20000,3500000,1140,146,ग्रामीण,101 हवेली
बूढेली,Campierganj,1200,11000,3300000,1141,147,ग्रामीण,101 हवेली
भरगाई,Campierganj,1200,20000,4300000,1142,148,ग्रामीण,101 हवेली
भीटी,Campierganj,1200,11000,3300000,1143,149,ग्रामीण,101 हवेली
भुजौली,Campierganj,1200,11000,3300000,1144,150,ग्रामीण,101 हवेली
भुवही,Campierganj,1200,11000,3300000,1145,151,ग्रामीण,101 हवेली
भमौर,Campierganj,2300,20000,4000000,1146,152,ग्रामीण,101 हवेली
भईयाराम,Campierganj,2400,20000,4500000,1147,153,ग्रामीण,101 हवेली
भरोहिया,Campierganj,2300,20000,4000000,1148,154,ग्रामीण,101 हवेली
भुईधरपुर,Campierganj,2300,20000,4000000,1149,155,ग्रामीण,101 हवेली
भौराबारी,Campierganj,2300,20000,4000000,1150,156,ग्रामीण,101 हवेली
भरवलिया,Campierganj,2100,20000,3500000,1151,157,ग्रामीण,101 हवेली
भैसला,Campierganj,2100,20000,3500000,1152,158,ग्रामीण,101 हवेली
भगवानपुर,Campierganj,2100,20000,3500000,1153,159,ग्रामीण,101 हवेली
मुहम्मदपुर उर्फ जंगल बब्बन,Campierganj,2300,20000,3800000,1154,160,ग्रामीण,101 हवेली
मुहम्मदपुर उर्फ हगना,Campierganj,1200,11000,3300000,1155,161,ग्रामीण,101 हवेली
मुहम्मदपुर,Campierganj,2600,20000,5000000,1156,162,ग्रामीण,101 हवेली
मंझरिया,Campierganj,1200,11000,3300000,1157,163,ग्रामीण,101 हवेली
मझगांवा,Campierganj,1200,20000,4500000,1158,164,ग्रामीण,101 हवेली
मरहरी,Campierganj,2000,11000,3300000,1159,165,ग्रामीण,101 हवेली
मोगलहा,Campierganj,2100,20000,3500000,1160,166,ग्रामीण,101 हवेली
मछलीगांव,Campierganj,2400,20000,4500000,1161,167,ग्रामीण,101 हवेली
मोहनाग,Campierganj,1200,11000,3300000,1162,168,ग्रामीण,101 हवेली
महावनखोर,Campierganj,2300,20000,4000000,1163,169,ग्रामीण,101 हवेली
मडहा,Campierganj,1200,11000,3300000,1164,170,ग्रामीण,101 हवेली
मिरहिरिया,Campierganj,1200,11000,3300000,1165,171,ग्रामीण,101 हवेली
मरहठा,Campierganj,2000,11000,3300000,1166,172,ग्रामीण,101 हवेली
माधोपुर,Campierganj,1200,11000,3200000,1167,173,ग्रामीण,101 हवेली
मूसावार,Campierganj,1200,11000,3300000,1168,174,ग्रामीण,101 हवेली
मदरा -- गैर आबाद,Campierganj,1200,11000,3300000,1169,175,ग्रामीण,101 हवेली
महदेवा,Campierganj,1200,11000,3300000,1170,176,ग्रामीण,101 हवेली
मखनहा,Campierganj,2400,20000,4500000,1171,177,ग्रामीण,101 हवेली
मझौना,Campierganj,1200,11000,3300000,1172,178,ग्रामीण,101 हवेली
मेथैली,Campierganj,1200,11000,3300000,1173,179,ग्रामीण,101 हवेली
मेझुका,Campierganj,2000,11000,3300000,1174,180,ग्रामीण,101 हवेली
राजपुर,Campierganj,2300,20000,4200000,1175,181,ग्रामीण,101 हवेली
राखूखोर,Campierganj,2100,20000,3500000,1176,182,ग्रामीण,101 हवेली
रघुनाथपुर,Campierganj,1200,11000,3300000,1177,183,ग्रामीण,101 हवेली
रामचौरा,Campierganj,2600,20000,4700000,1178,184,ग्रामीण,101 हवेली
रसूलपुर चकिया,Campierganj,2400,20000,4500000,1179,185,ग्रामीण,101 हवेली
रिगौली,Campierganj,2100,20000,3500000,1180,186,ग्रामीण,101 हवेली
रामूघाट,Campierganj,2100,20000,3500000,1181,187,ग्रामीण,101 हवेली
रायपुर,Campierganj,2400,20000,4400000,1182,188,ग्रामीण,101 हवेली
रमवापुर तप्पा--सुम्हाखोर,Campierganj,1200,11000,3300000,1183,189,ग्रामीण,101 हवेली
रमवापुर तप्पा--पचवारा,Campierganj,1200,11000,3300000,1184,190,ग्रामीण,101 हवेली
रामनगर केवटलिया,Campierganj,2100,20000,3500000,1185,191,ग्रामीण,101 हवेली
रमगढवा गैर आबाद,Campierganj,1200,11000,3300000,1186,192,ग्रामीण,101 हवेली
रामकोला,Campierganj,1200,11000,3300000,1187,193,ग्रामीण,101 हवेली
रानाडीह,Campierganj,2300,20000,4000000,1188,194,ग्रामीण,101 हवेली
रईकाबेल,Campierganj,1200,11000,3300000,1189,195,ग्रामीण,101 हवेली
रामपुर कैथवलिया,Campierganj,2300,20000,4000000,1190,196,ग्रामीण,101 हवेली
राजाबारी,Campierganj,1200,11000,3300000,1191,197,ग्रामीण,101 हवेली
लोहरपुरवा,Campierganj,2600,20000,5000000,1192,198,ग्रामीण,101 हवेली
लक्ष्मीपुर तप्पा--भारीवैसी,Campierganj,2100,20000,3500000,1193,199,ग्रामीण,101 हवेली
लक्ष्मीपुर तप्पा--सुम्हाखोर,Campierganj,2100,20000,3500000,1194,200,ग्रामीण,101 हवेली
लक्ष्मीपुर तप्पा--पचवारा,Campierganj,1200,,3300000,1195,201,ग्रामीण,101 हवेली
लक्ष्मीपुर तप्पा--मराछीचन्दौर,Campierganj,1200,11000,3300000,1196,202,ग्रामीण,101 हवेली
लोहिया नगर,Campierganj,6500,50000,12900000,0007,203,अर्ध नगरीय,वार्ड नं0 8
विशुनपुर तप्पा--रिगौली,Campierganj,2100,,3500000,1197,204,ग्रामीण,101 हवेली
विशुनपुर तप्पा--सुम्हाखोर,Campierganj,2100,20000,3500000,1198,205,ग्रामीण,101 हवेली
सरपतहा,Campierganj,2400,20000,4300000,1199,206,ग्रामीण,101 हवेली
सेमरा गैर आबाद,Campierganj,1200,11000,3300000,1200,207,ग्रामीण,101 हवेली
सरहरी,Campierganj,2300,20000,4000000,1201,208,ग्रामीण,101 हवेली
सेखुई,Campierganj,2300,20000,4000000,1202,209,ग्रामीण,101 हवेली
सिंगहा गैर आबाद,Campierganj,2100,20000,3500000,1203,210,ग्रामीण,101 हवेली
सूरस,Campierganj,1200,11000,3200000,1204,211,ग्रामीण,101 हवेली
सुहिला,Campierganj,1200,11000,3300000,1205,212,ग्रामीण,101 हवेली
साहबगंज,Campierganj,5300,50000,12900000,1206,213,ग्रामीण,101 हवेली
सांखी,Campierganj,2300,20000,4000000,1207,214,ग्रामीण,101 हवेली
सोनौरा बुजुर्ग,Campierganj,2100,20000,3500000,1208,215,ग्रामीण,101 हवेली
सोनौरा खुर्द,Campierganj,2100,20000,3500000,1209,216,ग्रामीण,101 हवेली
सोनाटीकर,Campierganj,1200,11000,3300000,1210,217,ग्रामीण,101 हवेली
सहसगाडा गैर आबाद,Campierganj,1200,11000,3300000,1211,218,ग्रामीण,101 हवेली
सनगद,Campierganj,1200,11000,3200000,1212,219,ग्रामीण,101 हवेली
सुबाष नगर,Campierganj,6500,50000,12900000,0008,220,अर्ध नगरीय,वार्ड नं0 7
शक्ति नगर,Campierganj,6500,50000,12900000,0009,221,अर्ध नगरीय,वार्ड नं0 11
शिवलहिया,Campierganj,2100,20000,3500000,1213,222,ग्रामीण,101 हवेली
शिवपुर करमहवा,Campierganj,2100,20000,3500000,1214,223,ग्रामीण,101 हवेली
हनुमत नगर,Campierganj,6500,50000,12900000,0010,224,अर्ध नगरीय,वार्ड नं0 6
हिरूआ,Campierganj,1200,11000,3300000,1215,225,ग्रामीण,101 हवेली
हडखोरी,Campierganj,2300,20000,4000000,1216,226,ग्रामीण,101 हवेली
हरपुर,Campierganj,2600,29000,5500000,1217,227,ग्रामीण,101 हवेली
ज्ञान चक्षुनगर,Campierganj,6500,50000,12900000,0011,228,अर्ध नगरीय,वार्ड नं0 9
लक्ष्मीपुर तप्पा– मराछीचन्दौर,Campierganj,,11000,,1196,203,ग्रामीण,
विशुनपुर तप्पा–सुम्हाखोर,Campierganj,,11000,,1198,207,ग्रामीण,
